Time,Force,Displacement,Velocity,Acceleration,Jerk
0.014225,0.0202792005942615,-402.3488421956279,0.8181910627563507,130.0005100416201,-580.6396435450189
0.014725,0.0181585134943521,-402.34877826016026,0.8831187378217178,129.7101902198476,-580.6396435450189
0.015225,0.0160516512639616,-402.3487037500969,0.9479012529761983,129.41987039807506,-580.6396435450189
0.0157250000000001,0.0139657088424042,-402.34861955139667,1.0125386082198058,129.1295505763025,-580.6396435450189
0.016225,0.011907781168994,-402.3485265500191,1.077030803552501,128.83923075453006,-580.6396435450189
0.0167250000000001,0.0098849631830453,-402.3484256319232,1.1413778389743354,128.5489109327575,-580.6396435450189
0.017225,0.0079043498238722,-402.3483176830684,1.2055797144852585,128.25859111098504,-580.6396435450189
0.017725,0.0059730360307888,-402.3482035894135,1.2696364300853078,127.96827128921255,-580.6396435450189
0.0182249999999999,0.0040981167431093,-402.34808423691817,1.3335479857744574,127.67795146744007,-580.6396435450189
0.0187250000000001,0.0022866869001479,-402.34796051154126,1.39731438155276,127.38763164566745,-580.6396435450189
0.019225,0.0005458414412189,-402.3478332992421,1.460935617420138,127.097311823895,-580.6396435450189
0.019725,-0.0006329964097968,-402.34770752216343,1.5244116933766425,126.80699200212247,-580.6396435450189
0.0202250000000001,-0.0007258633541104,-402.34780479692915,1.5877426094222735,126.51667218034994,-580.6396435450189
0.0207250000000001,-0.0003856023225352,-402.34778774563097,1.650928365557005,126.22635235857743,-580.6396435450189
0.021225,0.0002343933292804,-402.3481239515135,1.7139689617808382,125.93603253680497,-580.6396435450189
0.0217250000000001,0.0007927318183867,-402.34825909947426,1.7768643980938097,125.64571271503239,-580.6396435450189
0.022225,0.0017385967481291,-402.34848184143584,1.839614674495871,125.35539289325996,-580.6396435450189
0.022725,0.0022346318705034,-402.3479142359306,1.9022197909870573,125.06507307148746,-580.6396435450189
0.023225,0.0020873791752571,-402.3474147348327,1.9646797475673579,124.77475324971492,-580.6396435450189
0.0237250000000001,0.0023392240400205,-402.346808533063,2.026994544236785,124.48443342794239,-580.6396435450189
0.024225,0.0025189949684723,-402.3466575367117,2.0891641809953,124.1941136061699,-580.6396435450189
0.0247250000000001,0.0023076880501292,-402.34682066051323,2.1511886578429547,123.90379378439735,-580.6396435450189
0.025225,0.0020062104086027,-402.347036039197,2.2130679747796975,123.6134739626249,-580.6396435450189
0.025725,0.0019002094622477,-402.3467375487306,2.2748021318055667,123.32315414085238,-580.6396435450189
0.0262249999999999,0.0023019434860417,-402.34659492392507,2.336391128920538,123.03283431907994,-580.6396435450189
0.0267250000000001,0.0032832023553418,-402.3463873809443,2.397834966124659,122.7425144973073,-580.6396435450189
0.027225,0.0045839854235637,-402.3463939427443,2.459133643417857,122.45219467553487,-580.6396435450189
0.027725,0.005200931787476,-402.3460548439042,2.520287160800182,122.16187485376231,-580.6396435450189
0.0282250000000001,0.0053771133928448,-402.3456630028516,2.5812955182716317,121.87155503198979,-580.6396435450189
0.0287250000000001,0.0060571448377754,-402.3455028191718,2.642158715832184,121.58123521021727,-580.6396435450189
0.029225,0.0066143967724589,-402.34591710661545,2.702876753481837,121.29091538844482,-580.6396435450189
0.029725,0.0062886029951297,-402.34631596445223,2.7634496312206167,121.0005955666723,-580.6396435450189
0.030225,0.0048488924026064,-402.34634178675014,2.823877349048509,120.71027574489979,-580.6396435450189
0.030725,0.0034791692880364,-402.3464797336908,2.884159906965516,120.41995592312729,-580.6396435450189
0.031225,0.0031275730429249,-402.3468018513155,2.944297304971637,120.12963610135478,-580.6396435450189
0.0317250000000001,0.002872995280637,-402.347015681033,3.004289543066882,119.83931627958219,-580.6396435450189
0.032225,0.0014050007381551,-402.3469960484017,3.064136621251218,119.54899645780976,-580.6396435450189
0.032725,0.00064575627682,-402.3465142138492,3.12383853952468,119.25867663603726,-580.6396435450189
0.0332250000000001,0.0012341406677308,-402.34637428973883,3.1833952978872677,118.96835681426467,-580.6396435450189
0.033725,0.0002162065215445,-402.3463697334459,3.2428068963389447,118.67803699249221,-580.6396435450189
0.0342249999999999,-0.0016706451511259,-402.3467253180246,3.302073334879736,118.38771717071978,-580.6396435450189
0.0347250000000001,-0.0020564245966104,-402.34690032093175,3.361194613509677,118.09739734894717,-580.6396435450189
0.035225,-0.0030882242403675,-402.3469966024605,3.420170732228695,117.80707752717468,-580.6396435450189
0.0357249999999999,-0.0046957103920673,-402.3471239448769,3.4790016910368284,117.51675770540226,-580.6396435450189
0.0362250000000001,-0.0061206118685481,-402.3471870537673,3.537687489934109,117.22643788362961,-580.6396435450189
0.0367250000000001,-0.0079723715261522,-402.3472417575158,3.596228128920481,116.93611806185714,-580.6396435450189
0.037225,-0.0088189602812226,-402.347425915202,3.6546236079959544,116.64579824008467,-580.6396435450189
0.0377250000000001,-0.0098050296255573,-402.3477581213177,3.712873927160566,116.35547841831212,-580.6396435450189
0.038225,-0.0107538534617213,-402.3481039847107,3.770979086414267,116.06515859653966,-580.6396435450189
0.038725,-0.009757627305789,-402.34768936237924,3.828939085757094,115.7748387747671,-580.6396435450189
0.039225,-0.0090087710092254,-402.34754870927225,3.8867539251890344,115.4845189529946,-580.6396435450189
0.0397250000000001,-0.0095770944989622,-402.3474607218978,3.9444236047100993,115.19419913122205,-580.6396435450189
0.040225,-0.0090143703098586,-402.3474968228145,4.001948124320255,114.9038793094496,-580.6396435450189
0.040725,-0.0081505902372819,-402.3474242150767,4.059327484019537,114.61355948767708,-580.6396435450189
0.0412250000000001,-0.0085003933224177,-402.3474141717225,4.116561683807944,114.32323966590455,-580.6396435450189
0.0417250000000001,-0.009392053691437,-402.3477646244436,4.173650723685453,114.03291984413201,-580.6396435450189
0.042225,-0.0099373152586739,-402.3477039848853,4.230594603652065,113.74260002235955,-580.6396435450189
0.0427250000000001,-0.0108951070235168,-402.34808276480817,4.287393323707813,113.45228020058703,-580.6396435450189
0.043225,-0.0108311194915111,-402.3481435217492,4.344046883852652,113.16196037881456,-580.6396435450189
0.0437249999999999,-0.0106846623713914,-402.3482721990784,4.400555284086606,112.87164055704211,-580.6396435450189
0.0442250000000001,-0.0104836264256228,-402.3480372531389,4.456918524409706,112.58132073526946,-580.6396435450189
0.0447250000000001,-0.0094492506518508,-402.3477817960222,4.513136604821897,112.29100091349696,-580.6396435450189
0.045225,-0.0089777789344685,-402.34764892426614,4.569209525323192,112.00068109172449,-580.6396435450189
0.0457250000000001,-0.0084530194711705,-402.3477072024114,4.625137285913621,111.71036126995195,-580.6396435450189
0.046225,-0.0072542330311943,-402.34774705106827,4.680919886593143,111.42004144817948,-580.6396435450189
0.0467249999999999,-0.0069148683841004,-402.3478961393802,4.736557327361777,111.12972162640705,-580.6396435450189
0.047225,-0.006461091648327,-402.3480217706155,4.79204960821955,110.83940180463446,-580.6396435450189
0.0477250000000001,-0.0057194127093266,-402.34773105025005,4.847396729166435,110.54908198286192,-580.6396435450189
0.048225,-0.005685324901805,-402.3477123787512,4.902598690202412,110.25876216108945,-580.6396435450189
0.048725,-0.0055517489113102,-402.34804036772204,4.957655491327513,109.96844233931694,-580.6396435450189
0.0492250000000001,-0.0048479134908502,-402.3480824787815,5.012567132541742,109.67812251754438,-580.6396435450189
0.049725,-0.0036860439760228,-402.3478403202298,5.067333613845057,109.38780269577192,-580.6396435450189
0.050225,-0.0025877763250979,-402.3480075306672,5.1219549352375005,109.09748287399944,-580.6396435450189
0.0507250000000001,-0.0017527172747397,-402.3477764488089,5.176431096719068,108.80716305222684,-580.6396435450189
0.051225,-0.000416269566171,-402.3477207819267,5.230762098289727,108.51684323045443,-580.6396435450189
0.0517249999999999,0.0007299546835274,-402.34759915057583,5.2849479399495,108.22652340868196,-580.6396435450189
0.0522250000000001,0.002570114936714,-402.3475655867133,5.33898862169842,107.93620358690933,-580.6396435450189
0.0527250000000001,0.0040652892189854,-402.34776960106706,5.392884143536431,107.64588376513682,-580.6396435450189
0.053225,0.0043710362828959,-402.3475704358254,5.446634505463548,107.35556394336434,-580.6396435450189
0.0537250000000001,0.0050901717532846,-402.3473000699397,5.500239707479796,107.06524412159179,-580.6396435450189
0.0542250000000001,0.0066613092433793,-402.3466816776167,5.553699749585149,106.77492429981928,-580.6396435450189
0.054725,0.0083425615355248,-402.3464279550398,5.607014631779606,106.48460447804683,-580.6396435450189
0.055225,0.0101701214657317,-402.34591975955544,5.660184354063186,106.19428465627432,-580.6396435450189
0.0557250000000001,0.011717921581655,-402.34570503671216,5.71320891643589,105.90396483450176,-580.6396435450189
0.056225,0.0135873139637625,-402.345867424617,5.766088318897686,105.61364501272931,-580.6396435450189
0.056725,0.0167553035024707,-402.3461649947471,5.8188225614486075,105.32332519095681,-580.6396435450189
0.0572250000000001,0.0188645790457178,-402.34672558262224,5.871411644088654,105.03300536918422,-580.6396435450189
0.057725,0.0199685513388805,-402.3467642069455,5.923855566817792,104.74268554741178,-580.6396435450189
0.058225,0.0220637107795041,-402.34733238726443,5.976154329636055,104.45236572563927,-580.6396435450189
0.0587250000000001,0.024174152530732,-402.348238115175,6.028307932543443,104.16204590386671,-580.6396435450189
0.059225,0.025198716574525,-402.3488876646986,6.0803163755399225,103.87172608209426,-580.6396435450189
0.0597249999999999,0.0257354148025824,-402.34956253507784,6.1321796586255175,103.58140626032178,-580.6396435450189
0.0602250000000001,0.0263178974947525,-402.3502672852407,6.183897781800254,103.29108643854919,-580.6396435450189
0.060725,0.0278878662561544,-402.350860696526,6.235470745064075,103.00076661677672,-580.6396435450189
0.061225,0.0291100839784232,-402.3519054019575,6.28689854841702,102.71044679500422,-580.6396435450189
0.0617250000000001,0.0299947623846244,-402.35278079343675,6.338181191859091,102.42012697323165,-580.6396435450189
0.0622250000000001,0.0320691634183354,-402.3534556656633,6.389318675390262,102.12980715145915,-580.6396435450189
0.062725,0.0338885367121548,-402.35407440124084,6.440310999010539,101.83948732968668,-580.6396435450189
0.063225,0.0350145026534907,-402.3546887453845,6.491158162719938,101.54916750791418,-580.6396435450189
0.063725,0.0363264837349537,-402.3557908940693,6.541860166518453,101.25884768614166,-580.6396435450189
0.064225,0.0374569088748574,-402.3562658118151,6.592417010406082,100.96852786436915,-580.6396435450189
0.064725,0.0380831824648024,-402.35595839742075,6.642828694382823,100.67820804259664,-580.6396435450189
0.0652250000000001,0.0378509557463925,-402.3562524066502,6.693095218448688,100.3878882208241,-580.6396435450189
0.065725,0.0366908351709747,-402.35625602706483,6.7432165826036465,100.09756839905162,-580.6396435450189
0.066225,0.0361964861328348,-402.35594393517914,6.79319278684773,99.80724857727911,-580.6396435450189
0.0667250000000001,0.0349616328532252,-402.35484276796393,6.843023831180936,99.51692875550656,-580.6396435450189
0.067225,0.0331585542088055,-402.3544532621941,6.892709715603235,99.2266089337341,-580.6396435450189
0.067725,0.0322062162590492,-402.3539492376632,6.942250440114659,98.9362891119616,-580.6396435450189
0.0682250000000001,0.03150481079625,-402.35357052661686,6.991646004715208,98.64596929018903,-580.6396435450189
0.068725,0.0293064032893926,-402.3524471283241,7.040896409404849,98.35564946841659,-580.6396435450189
0.069225,0.0269839749411354,-402.3508967473334,7.090001654183614,98.06532964664407,-580.6396435450189
0.0697250000000001,0.02620983778685,-402.34961841265056,7.138961739051503,97.7750098248715,-580.6396435450189
0.0702250000000001,0.025229055843862,-402.3481465231964,7.187776664008496,97.48469000309899,-580.6396435450189
0.070725,0.0227248480156138,-402.34566512858703,7.236446429054592,97.19437018132655,-580.6396435450189
0.0712250000000001,0.0196045898425181,-402.34358882697836,7.28497103418982,96.90405035955398,-580.6396435450189
0.071725,0.017476023685028,-402.34102624074865,7.333350479414146,96.61373053778152,-580.6396435450189
0.072225,0.0151552318599674,-402.3386519298903,7.3815847647275925,96.32341071600902,-580.6396435450189
0.072725,0.0122150997431702,-402.3359404483766,7.4296738901301556,96.0330908942365,-580.6396435450189
0.0732250000000001,0.0092629393135889,-402.3328920224632,7.477617855621838,95.74277107246391,-580.6396435450189
0.073725,0.0065336984717414,-402.32870823531067,7.525416661202619,95.45245125069148,-580.6396435450189
0.074225,0.0036359136880703,-402.32498229297687,7.573070306872522,95.16213142891898,-580.6396435450189
0.0747250000000001,0.0012002007414373,-402.32105778812047,7.620578792631546,94.87181160714638,-580.6396435450189
0.0752250000000001,-0.0014181585126121,-402.3167221634534,7.667942118479678,94.58149178537388,-580.6396435450189
0.075725,-0.003687095733282,-402.3118317096361,7.7151602844169105,94.29117196360144,-580.6396435450189
0.0762250000000001,-0.0049421309293617,-402.3070035880383,7.762233290443278,94.00085214182889,-580.6396435450189
0.076725,-0.0065044666971469,-402.3020503684729,7.80916113655874,93.71053232005643,-580.6396435450189
0.077225,-0.0080294906420499,-402.2968139662962,7.855943822763327,93.42021249828392,-580.6396435450189
0.077725,-0.0095919273748122,-402.2914713038971,7.9025813490570265,93.1298926765114,-580.6396435450189
0.0782250000000001,-0.0115492717506663,-402.28552488973463,7.949073715439846,92.83957285473885,-580.6396435450189
0.078725,-0.0117204182667137,-402.2789482707797,7.995420921911764,92.54925303296639,-580.6396435450189
0.0792250000000001,-0.0114163481271418,-402.27193436737826,8.041622968472813,92.25893321119383,-580.6396435450189
0.079725,-0.0124136537428259,-402.26566206463195,8.087679855122955,91.96861338942138,-580.6396435450189
0.080225,-0.0125638748020874,-402.2590509418801,8.133591581862225,91.67829356764886,-580.6396435450189
0.0807249999999999,-0.0111250951700696,-402.25207870119317,8.179358148690596,91.38797374587641,-580.6396435450189
0.0812250000000001,-0.0093665311000036,-402.2446805884952,8.22497955560811,91.09765392410377,-580.6396435450189
0.081725,-0.0082449637902324,-402.23684387776336,8.270455802614709,90.80733410233132,-580.6396435450189
0.082225,-0.0073605138386684,-402.22907383658975,8.315786889710433,90.51701428055884,-580.6396435450189
0.0827250000000001,-0.0066256776499491,-402.22107104026276,8.360972816895277,90.22669445878626,-580.6396435450189
0.0832250000000001,-0.0058673766619641,-402.2130163896937,8.406013584169228,89.93637463701373,-580.6396435450189
0.083725,-0.005636335713602,-402.2048568586248,8.450909191532281,89.64605481524127,-580.6396435450189
0.0842250000000001,-0.0053927052664084,-402.1968020397942,8.49565963898447,89.35573499346872,-580.6396435450189
0.084725,-0.0045183086045814,-402.1883289249842,8.540264926525749,89.06541517169627,-580.6396435450189
0.085225,-0.0035368277438003,-402.1796006768865,8.584725054156156,88.77509534992377,-580.6396435450189
0.085725,-0.0031911544226693,-402.17037057120314,8.629040021875674,88.48477552815126,-580.6396435450189
0.0862250000000001,-0.0034453763960497,-402.16123981282,8.673209829684314,88.19445570637868,-580.6396435450189
0.086725,-0.0034802113307532,-402.15243555331466,8.717234477582052,87.90413588460625,-580.6396435450189
0.0872250000000001,-0.0028334052960743,-402.1435053036406,8.761113965568923,87.61381606283366,-580.6396435450189
0.0877250000000001,-0.0023443294298262,-402.1339552517696,8.804848293644897,87.32349624106114,-580.6396435450189
0.088225,-0.0024773121037096,-402.12416979073936,8.848437461809974,87.03317641928868,-580.6396435450189
0.0887249999999999,-0.0034983345154136,-402.11495694439276,8.891881470064167,86.74285659751627,-580.6396435450189
0.0892250000000001,-0.0048270250389685,-402.10580803907993,8.9351803184075,86.45253677574362,-580.6396435450189
0.089725,-0.0048088407376949,-402.0963802862579,8.978334006839921,86.1622169539712,-580.6396435450189
0.090225,-0.0056801292510833,-402.08666384451277,9.02134253536146,85.87189713219867,-580.6396435450189
0.0907250000000001,-0.008648052371732,-402.0764311770352,9.064205903972125,85.5815773104261,-580.6396435450189
0.0912250000000001,-0.0109121715507753,-402.06680547114877,9.106924112671894,85.29125748865357,-580.6396435450189
0.091725,-0.0115045988197225,-402.057893674913,9.149497161460772,85.00093766688114,-580.6396435450189
0.092225,-0.0123265499039698,-402.04914497099514,9.191925050338769,84.71061784510863,-580.6396435450189
0.092725,-0.014532703385424,-402.04054488010746,9.234207779305882,84.42029802333612,-580.6396435450189
0.093225,-0.0168837552006622,-402.0316835841164,9.276345348362106,84.1299782015636,-580.6396435450189
0.093725,-0.0176867900131056,-402.02265605925845,9.318337757507443,83.83965837979109,-580.6396435450189
0.0942250000000001,-0.0183892886290167,-402.0141055068616,9.360185006741904,83.54933855801852,-580.6396435450189
0.094725,-0.0213186957506126,-402.0057730157441,9.401887096065463,83.25901873624608,-580.6396435450189
0.095225,-0.0241679404591204,-401.99771141900055,9.443444025478144,82.96869891447358,-580.6396435450189
0.0957250000000001,-0.0257381367064477,-401.98991697861567,9.484855794979945,82.678379092701,-580.6396435450189
0.096225,-0.0269588752927732,-401.98167996652614,9.526122404570843,82.38805927092855,-580.6396435450189
0.0967249999999999,-0.0287030959834265,-401.97344951868564,9.567243854250856,82.0977394491561,-580.6396435450189
0.0972250000000001,-0.0307546032194116,-401.9663115968469,9.608220144020008,81.80741962738348,-580.6396435450189
0.097725,-0.0315696931091145,-401.9584202882187,9.64905127387825,81.51709980561102,-580.6396435450189
0.0982249999999999,-0.0315116332145688,-401.9505377919387,9.6897372438256,81.22677998383857,-580.6396435450189
0.0987250000000001,-0.0322020480314416,-401.94298515362243,9.730278053862095,80.93646016206593,-580.6396435450189
0.0992250000000001,-0.0324588556647738,-401.9361437481899,9.770673703987683,80.64614034029344,-580.6396435450189
0.099725,-0.0318368784588233,-401.92927383425877,9.810924194202377,80.35582051852099,-580.6396435450189
0.100225,-0.0312737033744349,-401.92198666199937,9.851029524506195,80.06550069674847,-580.6396435450189
0.100725,-0.0303873311447318,-401.91434847815873,9.890989694899126,79.77518087497596,-580.6396435450189
0.101225,-0.0296968073316024,-401.90683961923173,9.930804705381174,79.48486105320345,-580.6396435450189
0.101725,-0.0296629897084722,-401.8999008677194,9.970474555952334,79.19454123143095,-580.6396435450189
0.1022250000000001,-0.0297310636867822,-401.8926953182516,10.009999246612612,78.90422140965838,-580.6396435450189
0.102725,-0.0294379672072773,-401.8854483488187,10.049378777361989,78.61390158788593,-580.6396435450189
0.103225,-0.02870311995527,-401.87822436408374,10.088613148200489,78.3235817661134,-580.6396435450189
0.1037250000000001,-0.0283089931362103,-401.87163433045674,10.127702359128111,78.03326194434086,-580.6396435450189
0.1042250000000001,-0.0284066453962438,-401.86500504661836,10.166646410144839,77.74294212256834,-580.6396435450189
0.104725,-0.0276095621801962,-401.858491646055,10.205445301250668,77.45262230079588,-580.6396435450189
0.1052250000000001,-0.0262042998112235,-401.85189248625284,10.244099032445636,77.16230247902334,-580.6396435450189
0.105725,-0.0247977681967846,-401.8453767869364,10.282607603729696,76.87198265725085,-580.6396435450189
0.1062249999999999,-0.0233483540879156,-401.83901478306484,10.320971015102872,76.58166283547844,-580.6396435450189
0.1067250000000001,-0.0220595434879732,-401.83248267926723,10.359189266565181,76.29134301370578,-580.6396435450189
0.1072250000000001,-0.0209031924484493,-401.8257177658585,10.39726235811659,76.0010231919333,-580.6396435450189
0.107725,-0.0193073312822096,-401.8192046054958,10.435190289757108,75.71070337016083,-580.6396435450189
0.1082250000000001,-0.0172465523942987,-401.8131668353267,10.472973061486753,75.42038354838827,-580.6396435450189
0.1087250000000001,-0.0156691572487091,-401.8073597226555,10.510610673305504,75.13006372661575,-580.6396435450189
0.1092249999999999,-0.0147909921799987,-401.8009149939118,10.548103125213352,74.83974390484335,-580.6396435450189
0.109725,-0.0134958073251784,-401.79464975931603,10.585450417210339,74.54942408307079,-580.6396435450189
0.1102250000000001,-0.0118463769306008,-401.7883566950568,10.622652549296438,74.25910426129823,-580.6396435450189
0.110725,-0.0105145767284184,-401.782055570509,10.659709521471637,73.96878443952578,-580.6396435450189
0.111225,-0.009357782400722,-401.77612257667596,10.696621333735957,73.67846461775325,-580.6396435450189
0.1117250000000001,-0.0077585592781223,-401.7700114936915,10.7333879860894,73.38814479598071,-580.6396435450189
0.112225,-0.0060038882454131,-401.76409972523453,10.77000947853194,73.09782497420824,-580.6396435450189
0.112725,-0.0042348279973809,-401.7582329273588,10.806485811063597,72.80750515243574,-580.6396435450189
0.1132250000000001,-0.0028162424502615,-401.7526576950522,10.84281698368438,72.51718533066315,-580.6396435450189
0.113725,-0.001249623354838,-401.7467256025437,10.879002996394261,72.22686550889071,-580.6396435450189
0.1142249999999999,0.0001715742969617,-401.7411470348546,10.915043849193257,71.93654568711827,-580.6396435450189
0.1147250000000001,0.0012221001454273,-401.73607495912165,10.950939542081388,71.64622586534564,-580.6396435450189
0.1152250000000001,0.0020869765635098,-401.7309211952206,10.986690075058618,71.35590604357314,-580.6396435450189
0.115725,0.0034405955414806,-401.72555344714493,11.022295448124956,71.06558622180069,-580.6396435450189
0.1162250000000001,0.0051245324677615,-401.72036152423203,11.057755661280417,70.77526640002812,-580.6396435450189
0.1167250000000001,0.0064493423944571,-401.71525982809254,11.093070714524988,70.4849465782556,-580.6396435450189
0.117225,0.008680240652054,-401.7101243308355,11.128240607858665,70.19462675648316,-580.6396435450189
0.117725,0.010959574877016,-401.70506682740734,11.163265341281464,69.90430693471065,-580.6396435450189
0.1182250000000001,0.0129761377095188,-401.7003296038721,11.198144914793383,69.61398711293809,-580.6396435450189
0.118725,0.0144581726281775,-401.6952261327157,11.232879328394402,69.32366729116563,-580.6396435450189
0.119225,0.0156396418843806,-401.69055931287863,11.267468582084541,69.03334746939312,-580.6396435450189
0.1197250000000001,0.0173524016690905,-401.68565467470233,11.301912675863802,68.74302764762056,-580.6396435450189
0.120225,0.0186782470490359,-401.68105287480034,11.336211609732164,68.45270782584811,-580.6396435450189
0.120725,0.0186697749183906,-401.67633511282196,11.370365383689643,68.1623880040756,-580.6396435450189
0.1212250000000001,0.0189955108110648,-401.6715096123822,11.404373997736243,67.87206818230302,-580.6396435450189
0.121725,0.0200918935692429,-401.6663191116522,11.438237451871949,67.58174836053057,-580.6396435450189
0.1222249999999999,0.0213675315957642,-401.66148911415644,11.47195574609676,67.2914285387581,-580.6396435450189
0.1227250000000001,0.0217255397708359,-401.65647685882544,11.505528880410711,67.00110871698551,-580.6396435450189
0.123225,0.0219864197357552,-401.651608688112,11.538956854813751,66.71078889521303,-580.6396435450189
0.123725,0.022656511804262,-401.64656190055996,11.572239669305915,66.42046907344054,-580.6396435450189
0.1242250000000001,0.0239984711857654,-401.64160410361353,11.605377323887202,66.13014925166797,-580.6396435450189
0.1247250000000001,0.0248226501947978,-401.6369713565876,11.638369818557592,65.83982942989546,-580.6396435450189
0.125225,0.0253751006371633,-401.63175309860316,11.671217153317093,65.549509608123,-580.6396435450189
0.1257250000000001,0.0266255990695335,-401.6268168506265,11.703919328165716,65.25918978635045,-580.6396435450189
0.1262250000000001,0.0270128273596376,-401.62184441428974,11.736476343103448,64.96886996457793,-580.6396435450189
0.126725,0.0254894023664112,-401.6170837267126,11.768888198130288,64.67855014280546,-580.6396435450189
0.127225,0.0242654861931215,-401.6124405376303,11.801154893246247,64.38823032103296,-580.6396435450189
0.1277250000000001,0.0233905709678926,-401.60769158074305,11.833276428451327,64.09791049926041,-580.6396435450189
0.128225,0.0228828411508637,-401.6030767811295,11.865252803745506,63.80759067748795,-580.6396435450189
0.128725,0.0218138681279897,-401.59811887662,11.897084019128808,63.517270855715445,-580.6396435450189
0.1292250000000001,0.0195417431957008,-401.5938848821031,11.928770074601228,63.22695103394287,-580.6396435450189
0.1297250000000001,0.0191852904337688,-401.58956332386646,11.960310970162757,62.936631212170376,-580.6396435450189
0.1302249999999999,0.0204400919523533,-401.5854050666214,11.991706705813387,62.64631139039796,-580.6396435450189
0.1307250000000001,0.0194701149430064,-401.58132272492054,12.022957281553154,62.35599156862536,-580.6396435450189
0.131225,0.017105952631358,-401.5768364632913,12.054062697382017,62.06567174685289,-580.6396435450189
0.131725,0.0166468810278366,-401.5724536238778,12.085022953300001,61.77535192508037,-580.6396435450189
0.1322250000000001,0.0170103020676752,-401.56785008027725,12.115838049307104,61.48503210330781,-580.6396435450189
0.1327250000000001,0.0167187303406111,-401.5640159776985,12.146507985403316,61.19471228153531,-580.6396435450189
0.133225,0.0143427934215239,-401.56051888005686,12.177032761588634,60.90439245976286,-580.6396435450189
0.1337250000000001,0.0127071690885101,-401.55684318411505,12.207412377863077,60.61407263799028,-580.6396435450189
0.1342250000000001,0.0134788450953718,-401.5530912864641,12.237646834226629,60.323752816217784,-580.6396435450189
0.134725,0.0135591495738955,-401.54953914032455,12.267736130679292,60.03343299444531,-580.6396435450189
0.135225,0.0123377270808998,-401.54644696975515,12.297680267221072,59.743113172672814,-580.6396435450189
0.1357250000000001,0.0113908473624163,-401.54349629840544,12.327479243851968,59.45279335090025,-580.6396435450189
0.136225,0.0119620365723645,-401.5402366231332,12.357133060571972,59.162473529127794,-580.6396435450189
0.136725,0.0125784207506746,-401.53672096367904,12.38664171738109,58.87215370735528,-580.6396435450189
0.1372250000000001,0.0119678607127268,-401.5337767389261,12.416005214279334,58.581833885582725,-580.6396435450189
0.1377250000000001,0.0119644117997594,-401.53106381018665,12.445223551266679,58.291514063810205,-580.6396435450189
0.138225,0.0129404360827947,-401.5283577972467,12.474296728343134,58.00119424203777,-580.6396435450189
0.1387250000000001,0.0125057836578295,-401.52517841716485,12.503224745508719,57.71087442026519,-580.6396435450189
0.139225,0.0115953287947579,-401.52229781100397,12.532007602763397,57.42055459849276,-580.6396435450189
0.139725,0.0113695958219979,-401.51963735261324,12.560645300107202,57.13023477672024,-580.6396435450189
0.140225,0.0108399673119791,-401.5175223599357,12.58913783754012,56.83991495494774,-580.6396435450189
0.1407250000000001,0.0108665764531004,-401.5151375667672,12.617485215062157,56.54959513317515,-580.6396435450189
0.141225,0.0110558122471333,-401.5122519465957,12.645687432673295,56.25927531140271,-580.6396435450189
0.1417250000000001,0.0115073128774796,-401.509664838806,12.67374449037356,55.96895548963013,-580.6396435450189
0.1422250000000001,0.0122526285886758,-401.5068708861649,12.701656388162935,55.678635667857634,-580.6396435450189
0.142725,0.0114095661674398,-401.504812880173,12.729423126041413,55.38831584608518,-580.6396435450189
0.143225,0.0114198636799278,-401.5021547819332,12.757044704009013,55.09799602431266,-580.6396435450189
0.1437250000000001,0.0127300419674571,-401.49979275824614,12.78452112206573,54.807676202540094,-580.6396435450189
0.144225,0.012396737010461,-401.49717859678606,12.81185238021155,54.517356380767644,-580.6396435450189
0.144725,0.0113371367447804,-401.49443031562924,12.839038478446492,54.22703655899514,-580.6396435450189
0.1452250000000001,0.0104559271740871,-401.49151349125543,12.866079416770553,53.93671673722256,-580.6396435450189
0.1457250000000001,0.0106328513987247,-401.48881694456713,12.89297519518372,53.646396915450055,-580.6396435450189
0.146225,0.0109666250016535,-401.4866530118734,12.919725813685996,53.35607709367762,-580.6396435450189
0.1467250000000001,0.0093547800470827,-401.48449917488006,12.946331272277401,53.065757271905035,-580.6396435450189
0.147225,0.0077021449702598,-401.4816096916894,12.972791570957906,52.77543745013259,-580.6396435450189
0.147725,0.0074522107867572,-401.4786942938607,12.999106709727526,52.48511762836008,-580.6396435450189
0.148225,0.0066277229842418,-401.4755326110893,13.025276688586263,52.19479780658757,-580.6396435450189
0.1487250000000001,0.0050985283273308,-401.4722656690591,13.05130150753412,51.904477984815,-580.6396435450189
0.149225,0.0033167637067818,-401.4694444518795,13.077181166571078,51.614158163042546,-580.6396435450189
0.1497250000000001,0.0013946637937184,-401.46616670854655,13.102915665697163,51.32383834126997,-580.6396435450189
0.1502250000000001,-0.0007475009027475,-401.4630928794665,13.128505004912356,51.03351851949746,-580.6396435450189
0.150725,-0.0039175037381586,-401.45982727550023,13.153949184216653,50.74319869772503,-580.6396435450189
0.151225,-0.0071684347709175,-401.4566977118707,13.179248203610074,50.45287887595252,-580.6396435450189
0.1517250000000001,-0.0102931966805578,-401.4533132939461,13.204402063092612,50.162559054179944,-580.6396435450189
0.152225,-0.0134723322191075,-401.44992794162147,13.229410762664253,49.872239232407495,-580.6396435450189
0.152725,-0.0166307393687491,-401.4459980432599,13.254274302325014,49.58191941063498,-580.6396435450189
0.1532250000000001,-0.0196109241321038,-401.4417608681214,13.278992682074891,49.29159958886241,-580.6396435450189
0.1537250000000001,-0.0217141524189891,-401.43764551564647,13.303565901913881,49.001279767089905,-580.6396435450189
0.154225,-0.0239086910446785,-401.4334463163685,13.327993961841978,48.71095994531745,-580.6396435450189
0.154725,-0.0269177309816476,-401.4291841695786,13.352276861859194,48.42064012354495,-580.6396435450189
0.155225,-0.0292725893126408,-401.4244441064624,13.376414601965523,48.13032030177244,-580.6396435450189
0.155725,-0.0315071922959217,-401.4189109559343,13.400407182160968,47.84000047999992,-580.6396435450189
0.156225,-0.0338914513842528,-401.413434090643,13.424254602445524,47.54968065822743,-580.6396435450189
0.1567250000000001,-0.0360901592351738,-401.4077741132506,13.4479568628192,47.25936083645486,-580.6396435450189
0.157225,-0.0386775482899645,-401.4022151673054,13.47151396328198,46.9690410146824,-580.6396435450189
0.157725,-0.0411275359822265,-401.3963971732024,13.494925903833877,46.67872119290989,-580.6396435450189
0.1582250000000001,-0.0418006783580028,-401.39002195411365,13.518192684474894,46.388401371137334,-580.6396435450189
0.1587250000000001,-0.0425656086466035,-401.3831850783824,13.541314305205017,46.09808154936482,-580.6396435450189
0.159225,-0.0438793516902544,-401.376573275032,13.56429076602425,45.80776172759236,-580.6396435450189
0.1597250000000001,-0.0446815125668623,-401.3696593428048,13.587122066932608,45.5174419058198,-580.6396435450189
0.160225,-0.0448125315799417,-401.3623278367513,13.60980820793007,45.227122084047345,-580.6396435450189
0.1607249999999999,-0.0441472719500816,-401.35497441474735,13.632349189016649,44.9368022622749,-580.6396435450189
0.1612250000000001,-0.0437750435857105,-401.34698807523256,13.654745010192354,44.646482440502275,-580.6396435450189
0.1617250000000001,-0.0435915650523026,-401.3391007240185,13.676995671457158,44.35616261872976,-580.6396435450189
0.162225,-0.0423349775422146,-401.33071824358234,13.699101172811078,44.0658427969573,-580.6396435450189
0.1627250000000001,-0.0404981639710362,-401.32251214460064,13.721061514254114,43.77552297518474,-580.6396435450189
0.1632250000000001,-0.0393881406866702,-401.314265749753,13.742876695786265,43.48520315341223,-580.6396435450189
0.163725,-0.0390978741069454,-401.30550562364886,13.764546717407525,43.19488333163977,-580.6396435450189
0.164225,-0.0380542670288005,-401.2967192129069,13.786071579117902,42.90456350986726,-580.6396435450189
0.1647250000000001,-0.0365348689531806,-401.28730614692256,13.807451280917396,42.6142436880947,-580.6396435450189
0.165225,-0.035449676553842,-401.27762642233773,13.828685822805996,42.32392386632225,-580.6396435450189
0.165725,-0.0341103986987523,-401.2677629934267,13.849775204783715,42.03360404454973,-580.6396435450189
0.1662250000000001,-0.0319652701451217,-401.2584342017415,13.870719426850554,41.74328422277718,-580.6396435450189
0.1667250000000001,-0.0298472649862054,-401.2487236532212,13.891518489006495,41.452964401004664,-580.6396435450189
0.167225,-0.0279026902640553,-401.2390509610655,13.912172391251548,41.16264457923221,-580.6396435450189
0.1677250000000001,-0.0267210023960454,-401.22827472540695,13.932681133585728,40.87232475745965,-580.6396435450189
0.168225,-0.0244390466206724,-401.2176716946102,13.95304471600901,40.58200493568719,-580.6396435450189
0.1687249999999999,-0.0216663810163757,-401.20685028601196,13.973263138521407,40.291685113914745,-580.6396435450189
0.1692250000000001,-0.0202728688995298,-401.19603630738175,13.993336401122932,40.00136529214211,-580.6396435450189
0.1697250000000001,-0.0183821176293953,-401.18491433066725,14.013264503813556,39.711045470369605,-580.6396435450189
0.170225,-0.0159125366358563,-401.17404221881185,14.033047446593296,39.42072564859716,-580.6396435450189
0.1707250000000001,-0.013621732290321,-401.1629041576688,14.052685229462154,39.13040582682459,-580.6396435450189
0.1712250000000001,-0.0112370706445268,-401.15126901109164,14.072177852420127,38.840086005052086,-580.6396435450189
0.171725,-0.0102352243035519,-401.1399040215116,14.091525315467202,38.54976618327964,-580.6396435450189
0.172225,-0.0093150026493646,-401.1280554226043,14.1107276186034,38.25944636150712,-580.6396435450189
0.1727250000000001,-0.0067379880140945,-401.1158560605315,14.129784761828711,37.96912653973456,-580.6396435450189
0.173225,-0.0049001850661865,-401.10350449553647,14.148696745143134,37.678806717962104,-580.6396435450189
0.173725,-0.0033865592752516,-401.091486377527,14.16746356854667,37.38848689618959,-580.6396435450189
0.1742250000000001,-0.0022465951228673,-401.0792862282233,14.186085232039327,37.09816707441701,-580.6396435450189
0.174725,-0.001385155982721,-401.0667788904015,14.20456173562109,36.807847252644585,-580.6396435450189
0.175225,0.0003896309881238,-401.0543178035364,14.222893079291971,36.517527430872065,-580.6396435450189
0.1757250000000002,0.0020731228905052,-401.0416056789261,14.241079263051967,36.227207609099445,-580.6396435450189
0.176225,0.0032133895536641,-401.02887856822156,14.259120286901068,35.936887787327045,-580.6396435450189
0.1767249999999999,0.003816369322004,-401.0156714823227,14.277016150839282,35.64656796555459,-580.6396435450189
0.1772250000000001,0.0046309795821438,-401.0026150356382,14.294766854866625,35.35624814378197,-580.6396435450189
0.1777250000000001,0.0067381098921773,-400.9895901094475,14.312372398983072,35.06592832200945,-580.6396435450189
0.178225,0.0083334933728524,-400.9765233048937,14.32983278318863,34.775608500237006,-580.6396435450189
0.1787250000000001,0.0088549127291576,-400.96317267045833,14.347148007483309,34.48528867846443,-580.6396435450189
0.1792250000000001,0.0096062413527554,-400.9492422567254,14.3643180718671,34.19496885669192,-580.6396435450189
0.179725,0.0104966534022235,-400.9355981845582,14.381342976339997,33.90464903491949,-580.6396435450189
0.180225,0.011297393151298,-400.9222229557237,14.39822272090202,33.614329213146966,-580.6396435450189
0.1807250000000001,0.0121742710221896,-400.9089966246528,14.41495730555315,33.324009391374396,-580.6396435450189
0.181225,0.0127663287000852,-400.89583445575863,14.431546730293391,33.033689569601954,-580.6396435450189
0.181725,0.0136277327473469,-400.8825884588915,14.447990995122746,32.74336974782943,-580.6396435450189
0.1822250000000001,0.015379164682368,-400.8691000007242,14.464290100041227,32.45304992605687,-580.6396435450189
0.182725,0.0161462595088024,-400.8558917679346,14.480444045048806,32.162730104284414,-580.6396435450189
0.183225,0.0169565427865277,-400.84220394578574,14.496452830145502,31.872410282511908,-580.6396435450189
0.1837250000000002,0.0186572274660166,-400.8287800179222,14.512316455331323,31.58209046073929,-580.6396435450189
0.184225,0.0204515299178754,-400.814652629059,14.528034920606245,31.291770638966895,-580.6396435450189
0.1847249999999999,0.0214925865182127,-400.80117672657093,14.543608225970281,31.001450817194442,-580.6396435450189
0.1852250000000001,0.0218314789384343,-400.787910619065,14.55903637142344,30.71113099542181,-580.6396435450189
0.185725,0.0228670432910175,-400.7743851741035,14.574319356965704,30.42081117364936,-580.6396435450189
0.186225,0.0247766517443991,-400.7614749222383,14.589457182597087,30.130491351876852,-580.6396435450189
0.1867250000000001,0.026106226429906,-400.74817351353903,14.604449848317586,29.84017153010428,-580.6396435450189
0.1872250000000001,0.02659816490138,-400.7352207219443,14.619297354127196,29.549851708331765,-580.6396435450189
0.187725,0.0269467227493865,-400.72239190905424,14.63399970002591,29.25953188655932,-580.6396435450189
0.1882250000000001,0.027166620995739,-400.70976808674527,14.64855688601375,28.96921206478676,-580.6396435450189
0.1887250000000001,0.0282539114807465,-400.6972633485017,14.662968912090703,28.67889224301425,-580.6396435450189
0.189225,0.0288273184079683,-400.68518265756074,14.677235778256767,28.388572421241793,-580.6396435450189
0.189725,0.0290311475053624,-400.6728039082639,14.691357484511943,28.098252599469287,-580.6396435450189
0.1902250000000001,0.0295272960972008,-400.6609183727555,14.705334030856237,27.807932777696724,-580.6396435450189
0.190725,0.0297982945934548,-400.648634651594,14.719165417289638,27.517612955924264,-580.6396435450189
0.191225,0.0296451555819346,-400.63658528177257,14.732851643812158,27.227293134151754,-580.6396435450189
0.1917250000000001,0.0286170136402583,-400.62521033926913,14.746392710423793,26.936973312379198,-580.6396435450189
0.1922250000000001,0.0274864505531915,-400.61385496771004,14.75978861712454,26.64665349060669,-580.6396435450189
0.1927249999999999,0.0261326691849609,-400.60294427414556,14.773039363914394,26.356333668834296,-580.6396435450189
0.1932250000000001,0.0242933045743522,-400.59185030594966,14.786144950793377,26.066013847061665,-580.6396435450189
0.193725,0.0234268800763422,-400.58125615606014,14.79910537776146,25.775694025289212,-580.6396435450189
0.194225,0.0224466248272247,-400.5705668622487,14.81192064481866,25.485374203516695,-580.6396435450189
0.1947250000000001,0.0205853444921396,-400.56011864545155,14.82459075196498,25.195054381744146,-580.6396435450189
0.1952250000000001,0.0194902853032189,-400.55016446029543,14.837115699200407,24.904734559971637,-580.6396435450189
0.195725,0.0182050411091507,-400.54027255814935,14.849495486524948,24.614414738199166,-580.6396435450189
0.1962250000000001,0.0172823145772542,-400.5302568638965,14.861730113938608,24.32409491642661,-580.6396435450189
0.1967250000000001,0.0163313673401274,-400.52122065943433,14.87381958144138,24.033775094654096,-580.6396435450189
0.197225,0.0145531902340524,-400.5121342189536,14.885763889033258,23.74345527288164,-580.6396435450189
0.197725,0.0133026526353277,-400.5038083080111,14.897563036714253,23.453135451109134,-580.6396435450189
0.1982250000000001,0.0131168877081899,-400.4953904391407,14.90921702448437,23.16281562933657,-580.6396435450189
0.198725,0.0124757424292416,-400.48681145911644,14.920725852343592,22.87249580756411,-580.6396435450189
0.199225,0.0114789812537624,-400.4781237051738,14.932089520291935,22.582175985791608,-580.6396435450189
0.1997250000000001,0.0109245064620071,-400.469571953051,14.943308028329385,22.29185616401904,-580.6396435450189
0.2002250000000001,0.010460893964279,-400.46179912713967,14.954381376455954,22.001536342246535,-580.6396435450189
0.200725,0.009760773027096,-400.45471048936395,14.965309564671628,21.711216520474082,-580.6396435450189
0.2012250000000001,0.0092882943751837,-400.4480325895612,14.976092592976428,21.420896698701515,-580.6396435450189
0.201725,0.0091843992398367,-400.4409304023123,14.986730461370332,21.13057687692907,-580.6396435450189
0.202225,0.008943846174838,-400.43411700564275,14.997223169853353,20.84025705515656,-580.6396435450189
0.202725,0.0087358611858064,-400.4270706729544,15.007570718425493,20.549937233384043,-580.6396435450189
0.2032250000000001,0.0079588863520268,-400.4204053228465,15.01777310708674,20.259617411611476,-580.6396435450189
0.203725,0.0072468796765766,-400.41383998909254,15.027830335837102,19.969297589839027,-580.6396435450189
0.2042250000000001,0.0071199964223052,-400.4080091730324,15.03774240467658,19.67897776806645,-580.6396435450189
0.2047250000000001,0.0066660272128499,-400.40187240636334,15.04750931360517,19.388657946293947,-580.6396435450189
0.205225,0.0057711016805225,-400.3956550690995,15.05713106262287,19.0983381245215,-580.6396435450189
0.205725,0.0048905146348689,-400.3897896909734,15.066607651729692,18.808018302748994,-580.6396435450189
0.2062250000000001,0.0039959213915842,-400.3836351109651,15.075939080925624,18.517698480976417,-580.6396435450189
0.206725,0.0036184648719603,-400.3774986813849,15.085125350210665,18.227378659203975,-580.6396435450189
0.207225,0.002718203950399,-400.37181136097655,15.094166459584827,17.937058837431465,-580.6396435450189
0.2077250000000001,0.0009610734489895,-400.36607534841653,15.103062409048098,17.646739015658888,-580.6396435450189
0.2082250000000001,-0.0003755848287621,-400.36119370367925,15.111813198600485,17.356419193886374,-580.6396435450189
0.208725,-0.0020550276698176,-400.3561003769673,15.120418828241984,17.066099372113936,-580.6396435450189
0.2092250000000001,-0.0044996604084222,-400.3506124150501,15.128879297972603,16.775779550341362,-580.6396435450189
0.209725,-0.0066964299795712,-400.34560774753925,15.137194607792324,16.485459728568916,-580.6396435450189
0.210225,-0.00867371484345,-400.3405720055944,15.145364757701168,16.195139906796403,-580.6396435450189
0.210725,-0.0106898942567163,-400.335384192117,15.15338974769912,15.904820085023895,-580.6396435450189
0.2112250000000001,-0.0127075795742929,-400.3298617188068,15.16126957778619,15.614500263251319,-580.6396435450189
0.211725,-0.0151834544302575,-400.32430156446884,15.169004247962375,15.324180441478877,-580.6396435450189
0.2122250000000001,-0.0171169887786359,-400.3192499850609,15.176593758227671,15.033860619706303,-580.6396435450189
0.2127250000000001,-0.0192757101771095,-400.3142669111736,15.18403810858208,14.743540797933791,-580.6396435450189
0.213225,-0.0218661322068579,-400.30937839402134,15.191337299025601,14.453220976161344,-580.6396435450189
0.213725,-0.0233316005097122,-400.3038945198583,15.19849132955824,14.16290115438884,-580.6396435450189
0.2142250000000001,-0.024800982551277,-400.29861748431665,15.205500200179992,13.872581332616262,-580.6396435450189
0.214725,-0.0263797085022636,-400.2939386027673,15.212363910890856,13.582261510843816,-580.6396435450189
0.215225,-0.0277451328960225,-400.2888142281595,15.219082461690833,13.291941689071306,-580.6396435450189
0.2157250000000001,-0.0293454191272521,-400.28382260376793,15.22565585257993,13.001621867298734,-580.6396435450189
0.2162250000000001,-0.0304325106934629,-400.2790170775827,15.232084083558135,12.711302045526223,-580.6396435450189
0.216725,-0.0320087809712643,-400.27415182303724,15.238367154625454,12.42098222375378,-580.6396435450189
0.217225,-0.0336568172316334,-400.26957451249325,15.244505065781889,12.130662401981267,-580.6396435450189
0.217725,-0.0345610999898223,-400.2650030597494,15.250497817027437,11.840342580208757,-580.6396435450189
0.218225,-0.035125124290993,-400.2600468319218,15.2563454083621,11.550022758436247,-580.6396435450189
0.218725,-0.0353582414453196,-400.255310704133,15.262047839785872,11.259702936663741,-580.6396435450189
0.2192250000000001,-0.0349582668891708,-400.25087160418997,15.26760511129876,10.969383114891182,-580.6396435450189
0.219725,-0.0342861899367594,-400.24605758909786,15.273017222900764,10.67906329311872,-580.6396435450189
0.220225,-0.0333826363674991,-400.2417009144166,15.278284174591878,10.388743471346206,-580.6396435450189
0.2207250000000001,-0.0321291776846606,-400.2371998012849,15.28340596637211,10.09842364957365,-580.6396435450189
0.2212250000000001,-0.0299712317688356,-400.23245497128283,15.288382598241451,9.80810382780114,-580.6396435450189
0.221725,-0.0281738294399977,-400.22754284912384,15.29321407019991,9.51778400602868,-580.6396435450189
0.2222250000000001,-0.0264572732477697,-400.2227547532218,15.29790038224748,9.227464184256124,-580.6396435450189
0.222725,-0.0241059010227228,-400.2181768347309,15.302441534384167,8.93714436248366,-580.6396435450189
0.2232249999999999,-0.0219429784817768,-400.2138115173077,15.306837526609964,8.646824540711219,-580.6396435450189
0.2237250000000001,-0.0197479399575079,-400.21007245032865,15.311088358924879,8.356504718938591,-580.6396435450189
0.2242250000000001,-0.0172819913634749,-400.20586334452827,15.315194031328902,8.066184897166089,-580.6396435450189
0.224725,-0.0153363468005926,-400.2016392287013,15.319154543822043,7.775865075393621,-580.6396435450189
0.2252250000000001,-0.0129120600228532,-400.19739547940264,15.322969896404299,7.485545253621066,-580.6396435450189
0.2257250000000001,-0.0098606736600071,-400.1930636154571,15.326640089075667,7.195225431848554,-580.6396435450189
0.226225,-0.0075245254418762,-400.18859255687715,15.330165121836147,6.904905610076095,-580.6396435450189
0.226725,-0.0053651345740373,-400.18423141609424,15.333544994685742,6.614585788303584,-580.6396435450189
0.2272250000000001,-0.0022902123675478,-400.18016016045874,15.33677970762445,6.324265966531028,-580.6396435450189
0.227725,0.0001834530404824,-400.1765551034521,15.33986926065227,6.0339461447585645,-580.6396435450189
0.228225,0.0013087387363671,-400.1725846133878,15.342813653769207,5.7436263229860565,-580.6396435450189
0.2287250000000001,0.0024619986641843,-400.1689321912954,15.345612886975259,5.453306501213498,-580.6396435450189
0.2292250000000001,0.0031643796521085,-400.16486574119557,15.348266960270424,5.162986679440986,-580.6396435450189
0.229725,0.0041893168789559,-400.1613985319269,15.3507758736547,4.872666857668527,-580.6396435450189
0.2302250000000001,0.0049919490654461,-400.15817500294287,15.35313962712809,4.5823470358959675,-580.6396435450189
0.230725,0.0046231012954416,-400.1550021342872,15.355358220690594,4.292027214123506,-580.6396435450189
0.2312249999999999,0.0049096872215092,-400.150927315516,15.357431654342212,4.0017073923510615,-580.6396435450189
0.2317250000000001,0.0059852976853912,-400.1472339490287,15.359359928082947,3.711387570578441,-580.6396435450189
0.2322250000000001,0.006529814168555,-400.14400854318296,15.36114304191279,3.4210677488059305,-580.6396435450189
0.232725,0.0062878922457077,-400.14091197129653,15.362780995831752,3.1307479270334846,-580.6396435450189
0.2332250000000001,0.005322453746032,-400.1375629754463,15.364273789839825,2.8404281052609117,-580.6396435450189
0.2337250000000001,0.0052263179091011,-400.13445864097486,15.36562142393701,2.5501082834883992,-580.6396435450189
0.234225,0.0062305349596393,-400.1309086007494,15.366823898123315,2.259788461715955,-580.6396435450189
0.234725,0.0059809432634437,-400.12709696419444,15.367881212398729,1.969468639943445,-580.6396435450189
0.2352250000000001,0.0052246695233784,-400.1238228147969,15.368793366763255,1.6791488181708716,-580.6396435450189
0.235725,0.0053163191162541,-400.1209165220518,15.369560361216898,1.3888289963984275,-580.6396435450189
0.236225,0.0062120253662056,-400.11776336879046,15.370182195759652,1.0985091746259172,-580.6396435450189
0.2367250000000001,0.0074052299621076,-400.11467957832616,15.370658870391528,0.8081893528533438,-580.6396435450189
0.237225,0.0079648323521584,-400.1108484700576,15.37099038511251,0.5178695310808981,-580.6396435450189
0.237725,0.0079713655591255,-400.1070579032844,15.371176739922607,0.22754970930838764,-580.6396435450189
0.2382250000000002,0.0097985198295404,-400.1035617322008,15.371217934821818,-0.06277011246423493,-580.6396435450189
0.238725,0.0114725691170953,-400.09993573645016,15.371113969810146,-0.3530899342366313,-580.6396435450189
0.2392249999999999,0.0123607967999239,-400.09678729308706,15.370864844887583,-0.6434097560090942,-580.6396435450189
0.2397250000000001,0.0136149396554915,-400.0929400093168,15.370470560054136,-0.9337295777817151,-580.6396435450189
0.2402250000000001,0.0151346527024885,-400.0887784984049,15.3699311153098,-1.2240493995542254,-580.6396435450189
0.240725,0.0161278124052743,-400.0845727956801,15.369246510654579,-1.5143692213266695,-580.6396435450189
0.2412250000000001,0.0172821917509859,-400.08057993217096,15.36841674608847,-1.8046890430992446,-580.6396435450189
0.2417250000000001,0.017937221190243,-400.07631415549054,15.367441821611486,-2.0950088648717533,-580.6396435450189
0.242225,0.0192245042325687,-400.0716740781933,15.3663217372236,-2.385328686644199,-580.6396435450189
0.242725,0.0215708839267168,-400.0669013697394,15.365056492924836,-2.675648508416711,-580.6396435450189
0.2432250000000001,0.0226713588293501,-400.06161721644514,15.363646088715182,-2.9659683301892827,-580.6396435450189
0.243725,0.0239830897435407,-400.056645303273,15.362090524594649,-3.256288151961731,-580.6396435450189
0.244225,0.0260817786971792,-400.0517453339653,15.360389800563224,-3.546607973734239,-580.6396435450189
0.2447250000000001,0.0277684671036466,-400.04659834982505,15.358543916620915,-3.836927795506813,-580.6396435450189
0.245225,0.0296908243228513,-400.0409623738487,15.356552872767715,-4.127247617279258,-580.6396435450189
0.245725,0.0315273052470323,-400.03525522858473,15.354416669003633,-4.4175674390517665,-580.6396435450189
0.2462250000000002,0.0325143046998075,-400.0294661880903,15.352135305328664,-4.707887260824389,-580.6396435450189
0.246725,0.0334732297976039,-400.02363001930894,15.349708781742807,-4.998207082596787,-580.6396435450189
0.2472249999999999,0.0345570027059191,-400.0172456840657,15.347137098246069,-5.288526904369232,-580.6396435450189
0.2477250000000001,0.0361188867190894,-400.01063711032424,15.344420254838438,-5.578846726141871,-580.6396435450189
0.248225,0.036601447601181,-400.0041837717638,15.341558251519926,-5.869166547914317,-580.6396435450189
0.248725,0.037172215485639,-399.9976401481111,15.338551088290524,-6.159486369686825,-580.6396435450189
0.2492250000000001,0.0383776894656144,-399.9898966588554,15.335398765150238,-6.449806191459401,-580.6396435450189
0.2497250000000001,0.0384676843490846,-399.9820584184242,15.332101282099066,-6.740126013231909,-580.6396435450189
0.250225,0.0387079245106042,-399.97424338665707,15.328658639137007,-7.030445835004338,-580.6396435450189
0.2507250000000001,0.0397736670623245,-399.96653664389333,15.325070836264063,-7.320765656776913,-580.6396435450189
0.2512250000000001,0.0404507118307682,-399.9588533628949,15.32133787348023,-7.6110854785494215,-580.6396435450189
0.2517250000000001,0.0408367695121918,-399.95083003848964,15.317459750785511,-7.901405300321932,-580.6396435450189
0.252225,0.0405001640594336,-399.9426750235771,15.313436468179908,-8.191725122094375,-580.6396435450189
0.2527250000000001,0.0398826497037941,-399.9343104863948,15.309268025663416,-8.482044943866951,-580.6396435450189
0.253225,0.0389742482185731,-399.92641965191467,15.304954423236039,-8.772364765639397,-580.6396435450189
0.253725,0.0389945416772835,-399.91771842715366,15.30049566089778,-9.062684587411907,-580.6396435450189
0.2542250000000001,0.0378724483045155,-399.9084651955836,15.295891738648628,-9.35300440918448,-580.6396435450189
0.2547250000000001,0.0357327679484027,-399.89953829432284,15.291142656488592,-9.643324230956992,-580.6396435450189
0.255225,0.0352410459696326,-399.8909317305931,15.286248414417672,-9.933644052729436,-580.6396435450189
0.2557250000000001,0.0354062693468427,-399.8818438899713,15.281209012435863,-10.223963874502008,-580.6396435450189
0.256225,0.0350333388474257,-399.8728718064797,15.27602445054317,-10.514283696274456,-580.6396435450189
0.256725,0.0336100634517952,-399.8632232615947,15.27069472873959,-10.804603518046967,-580.6396435450189
0.2572250000000001,0.0314202246601774,-399.85370749454734,15.265219847025122,-11.094923339819541,-580.6396435450189
0.2577250000000001,0.0317449119101517,-399.84422621385613,15.259599805399768,-11.385243161592047,-580.6396435450189
0.258225,0.032173070510291,-399.8348601563007,15.253834603863536,-11.675562983364495,-580.6396435450189
0.2587250000000001,0.0297099646338927,-399.8252948261796,15.247924242416403,-11.965882805137067,67.82968963894481
0.2592250000000001,0.0278172048798569,-399.81512847714515,15.24194977972504,-11.931967960317593,67.82968963894481
0.2597250000000001,0.0283644855447123,-399.80511706465535,15.235992274456088,-11.898053115498124,67.82968963894481
0.260225,0.0281905433394596,-399.7952525412334,15.230051726609547,-11.864138270678655,67.82968963894481
0.2607250000000001,0.0263297556304564,-399.78542978824737,15.224128136185408,-11.830223425859176,67.82968963894481
0.261225,0.025588337787465,-399.77521599716033,15.218221503183683,-11.796308581039712,67.82968963894481
0.261725,0.0250814510438699,-399.7646975616969,15.21233182760437,-11.762393736220242,67.82968963894481
0.2622250000000001,0.024857093644301,-399.7546857736641,15.206459109447463,-11.728478891400762,67.82968963894481
0.2627250000000001,0.0248872772861193,-399.74461715998564,15.200603348712969,-11.694564046581288,67.82968963894481
0.263225,0.0238342675254444,-399.7344205996923,15.194764545400881,-11.660649201761823,67.82968963894481
0.2637250000000001,0.0239233786352802,-399.7245169428914,15.188942699511204,-11.626734356942343,67.82968963894481
0.264225,0.024963935883751,-399.7146453493663,15.18313781104394,-11.59281951212288,67.82968963894481
0.264725,0.0227890876098334,-399.7047181990007,15.177349879999083,-11.558904667303404,67.82968963894481
0.265225,0.0205729828269261,-399.69476097662584,15.171578906376638,-11.524989822483931,67.82968963894481
0.2657250000000001,0.0207958581476787,-399.68516579031416,15.165824890176596,-11.491074977664454,67.82968963894481
0.266225,0.0202207710664937,-399.67522711367513,15.160087831398975,-11.457160132844987,67.82968963894481
0.2667250000000001,0.0179733142895572,-399.66590514772116,15.154367730043758,-11.423245288025509,67.82968963894481
0.2672250000000001,0.0152883482509438,-399.6561244967112,15.148664586110945,-11.389330443206036,67.82968963894481
0.2677250000000001,0.0134862743765882,-399.64693836174393,15.142978399600548,-11.355415598386564,67.82968963894481
0.268225,0.0126619324260298,-399.6376735940134,15.13730917051256,-11.321500753567099,67.82968963894481
0.2687250000000001,0.011433214768931,-399.62853392346597,15.131656898846979,-11.28758590874762,67.82968963894481
0.269225,0.0074572123157043,-399.6188657487729,15.12602158460381,-11.253671063928154,67.82968963894481
0.269725,0.0042984793615351,-399.6093898655646,15.120403227783052,-11.219756219108682,67.82968963894481
0.2702250000000001,0.0034619824635446,-399.60038930239614,15.114801828384703,-11.1858413742892,67.82968963894481
0.2707250000000001,0.0007597835280516,-399.59144340616547,15.109217386408764,-11.151926529469726,67.82968963894481
0.271225,-0.0029636419090752,-399.58301652188874,15.103649901855237,-11.118011684650263,67.82968963894481
0.2717250000000001,-0.0060064772005744,-399.5739574473009,15.098099374724114,-11.084096839830783,67.82968963894481
0.272225,-0.0080057212530205,-399.5652631774529,15.092565805015404,-11.05018199501132,67.82968963894481
0.272725,-0.0086252830928688,-399.55605513225817,15.087049192729102,-11.01626715019185,67.82968963894481
0.273225,-0.0113954447104945,-399.54735515601396,15.081549537865214,-10.982352305372375,67.82968963894481
0.2737250000000001,-0.0145880011831569,-399.5391872996905,15.07606684042373,-10.948437460552894,67.82968963894481
0.274225,-0.0152445187743845,-399.5310586029662,15.070601100404659,-10.91452261573343,67.82968963894481
0.2747250000000001,-0.0157850164855097,-399.5226825247014,15.065152317807996,-10.88060777091395,67.82968963894481
0.2752250000000001,-0.0174943362149894,-399.5147962102204,15.059720492633742,-10.846692926094477,67.82968963894481
0.2757250000000001,-0.0194449196461267,-399.5066320181717,15.054305624881898,-10.812778081275004,67.82968963894481
0.276225,-0.0204560725174332,-399.4987322710406,15.048907714552472,-10.778863236455539,67.82968963894481
0.2767250000000001,-0.0204857686851402,-399.49160693460817,15.043526761645447,-10.74494839163606,67.82968963894481
0.277225,-0.021450738916742,-399.4841031095965,15.038162766160834,-10.711033546816596,67.82968963894481
0.277725,-0.0227869952555909,-399.4765044875976,15.03281572809863,-10.67711870199712,67.82968963894481
0.2782250000000001,-0.023474842484819,-399.46890325745784,15.027485647458834,-10.64320385717764,67.82968963894481
0.2787250000000001,-0.024486479411337,-399.4609899961772,15.02217252424145,-10.60928901235817,67.82968963894481
0.279225,-0.0244544229296682,-399.4537835109749,15.01687635844648,-10.575374167538705,67.82968963894481
0.2797250000000001,-0.0244000095585627,-399.44665203428576,15.01159715007391,-10.541459322719227,67.82968963894481
0.280225,-0.0244384843280403,-399.4389398373023,15.00633489912376,-10.507544477899758,67.82968963894481
0.280725,-0.0240773120115761,-399.43115874452894,15.001089605596018,-10.47362963308029,67.82968963894481
0.281225,-0.0230910983491987,-399.42367480151574,14.995861269490677,-10.439714788260815,67.82968963894481
0.2817250000000001,-0.0214248846161523,-399.416551974963,14.990649890807754,-10.405799943441336,67.82968963894481
0.282225,-0.0208031384845812,-399.4093474736916,14.985455469547237,-10.37188509862187,67.82968963894481
0.282725,-0.0202845767929958,-399.40217593949194,14.980278005709133,-10.337970253802396,67.82968963894481
0.2832250000000001,-0.0186116218847299,-399.3950970943633,14.975117499293434,-10.304055408982917,67.82968963894481
0.2837250000000001,-0.0158262725916044,-399.3877134077112,14.969973950300146,-10.270140564163446,67.82968963894481
0.284225,-0.0148488382084056,-399.3801955468178,14.964847358729271,-10.236225719343983,67.82968963894481
0.2847250000000002,-0.0153720610739182,-399.37350061369585,14.959737724580803,-10.202310874524498,67.82968963894481
0.285225,-0.0137384238177602,-399.3662231431693,14.954645047854749,-10.168396029705034,67.82968963894481
0.2857249999999999,-0.0114504158138388,-399.3588482012318,14.949569328551101,-10.134481184885571,67.82968963894481
0.2862250000000001,-0.0106899756962943,-399.3516573539664,14.944510566669864,-10.100566340066084,67.82968963894481
0.2867250000000001,-0.0107957977495278,-399.3443790427508,14.939468762211032,-10.06665149524661,67.82968963894481
0.287225,-0.0103583819712454,-399.33710183866145,14.934443915174615,-10.032736650427147,67.82968963894481
0.2877250000000001,-0.0081114794172334,-399.3294986735119,14.929436025560607,-9.998821805607667,67.82968963894481
0.288225,-0.007476876852095,-399.3223454462442,14.924445093369007,-9.9649069607882,67.82968963894481
0.288725,-0.0078487055222039,-399.3150095980176,14.919471118599818,-9.930992115968728,67.82968963894481
0.289225,-0.0055781625426634,-399.3078347857093,14.91451410125304,-9.897077271149255,67.82968963894481
0.2897250000000001,-0.0041710194515364,-399.30018139202116,14.909574041328666,-9.863162426329778,67.82968963894481
0.290225,-0.0040047731854061,-399.29275752244877,14.904650938826709,-9.829247581510312,67.82968963894481
0.290725,-0.0029867633599545,-399.2854169843255,14.899744793747159,-9.795332736690838,67.82968963894481
0.2912250000000001,-0.0026267318461735,-399.27830761010557,14.894855606090017,-9.76141789187136,67.82968963894481
0.2917250000000001,-0.0019834490244182,-399.271197554809,14.889983375855287,-9.727503047051888,67.82968963894481
0.292225,-0.0010100663180513,-399.26341676994014,14.885128103042966,-9.693588202232423,67.82968963894481
0.2927250000000002,-0.0010691005565882,-399.25593030223297,14.880289787653053,-9.65967335741294,67.82968963894481
0.293225,-0.0016834766267519,-399.24869487703955,14.875468429685553,-9.625758512593476,67.82968963894481
0.2937249999999999,-0.0004758232067497,-399.24131515299916,14.870664029140464,-9.591843667774011,67.82968963894481
0.2942250000000001,7.133567499736475e-05,-399.2340449593181,14.865876586017777,-9.557928822954525,67.82968963894481
0.2947250000000001,-0.0005121332729869,-399.22686275170287,14.861106100317507,-9.524013978135054,67.82968963894481
0.295225,-0.0004799407320868,-399.2193206896117,14.856352572039643,-9.490099133315585,67.82968963894481
0.2957250000000001,-0.000638100130015,-399.212187951498,14.851616001184194,-9.456184288496106,67.82968963894481
0.296225,0.0015111419620666,-399.2048027328594,14.846896387751148,-9.422269443676642,67.82968963894481
0.296725,0.0040254312675705,-399.19767966827584,14.842193731740515,-9.388354598857171,67.82968963894481
0.2972250000000001,0.0031681106045434,-399.19008263491213,14.83750803315229,-9.354439754037694,67.82968963894481
0.2977250000000001,0.0043384738623938,-399.1824267488617,14.832839291986476,-9.320524909218221,67.82968963894481
0.2982250000000001,0.0080458836893207,-399.17557241016317,14.82818750824307,-9.286610064398749,67.82968963894481
0.298725,0.0093728452435494,-399.16874897772266,14.823552681922079,-9.25269521957928,67.82968963894481
0.2992250000000001,0.0110106993139765,-399.1615915407554,14.818934813023493,-9.218780374759804,67.82968963894481
0.299725,0.0133459065419806,-399.1540487692842,14.81433390154732,-9.184865529940334,67.82968963894481
0.300225,0.0153729526152141,-399.1470304794631,14.809749947493552,-9.150950685120861,67.82968963894481
0.3007250000000002,0.0184436642884649,-399.14001284564466,14.805182950862198,-9.117035840301378,67.82968963894481
0.3012250000000001,0.0203649724147502,-399.13286639270086,14.800632911653254,-9.083120995481915,67.82968963894481
0.3017249999999999,0.0223156492907816,-399.12535417880474,14.796099829866714,-9.049206150662451,67.82968963894481
0.3022250000000001,0.0253251988888603,-399.11794908027827,14.791583705502585,-9.01529130584297,67.82968963894481
0.3027250000000001,0.0266901060656509,-399.11110178276783,14.787084538560869,-8.981376461023496,67.82968963894481
0.303225,0.0267919907822561,-399.1041006912476,14.782602329041566,-8.947461616204027,67.82968963894481
0.3037250000000001,0.0289202716695406,-399.09745559099787,14.77813707694467,-8.913546771384553,67.82968963894481
0.3042250000000001,0.0311445820208541,-399.0901622970356,14.773688782270181,-8.879631926565077,67.82968963894481
0.304725,0.0317789970528495,-399.08294299640744,14.769257445018106,-8.84571708174561,67.82968963894481
0.3052250000000001,0.0324999347032547,-399.0758860313308,14.764843065188437,-8.811802236926134,67.82968963894481
0.3057250000000001,0.0334162544676253,-399.06879597127255,14.760445642781178,-8.777887392106663,67.82968963894481
0.3062250000000001,0.0348910794270435,-399.0618568423169,14.756065177796328,-8.74397254728719,67.82968963894481
0.306725,0.0376001516283077,-399.0555801700558,14.751701670233889,-8.71005770246772,67.82968963894481
0.3072250000000001,0.0381685908949958,-399.04896180789075,14.74735512009386,-8.676142857648244,67.82968963894481
0.307725,0.0375088836527894,-399.04182456490196,14.743025527376242,-8.642228012828776,67.82968963894481
0.308225,0.0383416415366092,-399.03521103944945,14.73871289208103,-8.608313168009301,67.82968963894481
0.3087250000000002,0.039985792620461,-399.0284207831007,14.734417214208229,-8.57439832318982,67.82968963894481
0.3092250000000001,0.040782971184931,-399.02177477312824,14.73013849375784,-8.540483478370353,67.82968963894481
0.309725,0.0409420651496312,-399.0158187672905,14.72587673072986,-8.50656863355089,67.82968963894481
0.3102250000000001,0.0403276563068323,-399.00917989581814,14.72163192512429,-8.47265378873141,67.82968963894481
0.310725,0.0409554789797875,-399.0027062441839,14.71740407694113,-8.438738943911945,67.82968963894481
0.311225,0.0421480230428036,-398.99629208729397,14.713193186180378,-8.404824099092473,67.82968963894481
0.3117250000000001,0.0410617391772516,-398.9899649135712,14.708999252842037,-8.370909254272991,67.82968963894481
0.3122250000000001,0.0400205864126912,-398.9839310727285,14.704822276926107,-8.33699440945352,67.82968963894481
0.312725,0.0409297563770128,-398.9779753917447,14.700662258432587,-8.303079564634054,67.82968963894481
0.3132250000000001,0.0410038551880814,-398.97181746685555,14.696519197361475,-8.269164719814576,67.82968963894481
0.3137250000000001,0.0400387179199651,-398.9659526495652,14.69239309371277,-8.235249874995104,67.82968963894481
0.3142250000000001,0.0397754692524742,-398.95942554647905,14.688283947486477,-8.201335030175631,67.82968963894481
0.314725,0.0396734155324752,-398.9531884105889,14.684191758682593,-8.167420185356164,67.82968963894481
0.3152250000000001,0.0397242909783696,-398.9475860243984,14.68011652730112,-8.133505340536686,67.82968963894481
0.315725,0.0386074238766349,-398.9414481045177,14.676058253342058,-8.099590495717221,67.82968963894481
0.316225,0.0370942293613033,-398.93467284077934,14.672016936805402,-8.065675650897747,67.82968963894481
0.3167250000000001,0.0377786701759078,-398.92842813057746,14.66799257769116,-8.03176080607827,67.82968963894481
0.3172250000000001,0.0375372531910305,-398.9224639909454,14.663985175999324,-7.997845961258796,67.82968963894481
0.317725,0.0363734362893723,-398.91629907299426,14.659994731729903,-7.963931116439331,67.82968963894481
0.3182250000000001,0.0366048454671302,-398.91032762952483,14.656021244882886,-7.9300162716198495,67.82968963894481
0.318725,0.036313506418534,-398.90421046976684,14.652064715458284,-7.896101426800386,67.82968963894481
0.319225,0.036269118331677,-398.8982052096157,14.648125143456088,-7.862186581980912,67.82968963894481
0.3197250000000001,0.036365107754537,-398.8921506516367,14.644202528876303,-7.828271737161435,67.82968963894481
0.3202250000000001,0.0349960017587837,-398.88586354919477,14.640296871718924,-7.794356892341961,67.82968963894481
0.320725,0.0336177376551824,-398.8794006174299,14.636408171983959,-7.7604420475224964,67.82968963894481
0.3212250000000001,0.0331966812552654,-398.8726896841116,14.632536429671399,-7.726527202703016,67.82968963894481
0.3217250000000001,0.0336796978461951,-398.86658075607943,14.628681644781256,-7.692612357883544,67.82968963894481
0.3222250000000001,0.0325665497014171,-398.8604088737744,14.624843817313517,-7.658697513064071,67.82968963894481
0.322725,0.0300949621167182,-398.85415702857074,14.621022947268193,-7.624782668244605,67.82968963894481
0.3232250000000001,0.0284128335659759,-398.84767440053747,14.617219034645275,-7.5908678234251274,67.82968963894481
0.323725,0.0284840087412344,-398.8409136637288,14.613432079444769,-7.556952978605661,67.82968963894481
0.324225,0.0283534750259762,-398.8344407997898,14.60966208166667,-7.52303813378619,67.82968963894481
0.3247250000000001,0.0255446484349688,-398.8280255486301,14.605909041310982,-7.489123288966708,67.82968963894481
0.3252250000000001,0.0229153929607773,-398.821433552043,14.602172958377702,-7.455208444147237,67.82968963894481
0.325725,0.0222709092408935,-398.81480443650105,14.598453832866833,-7.421293599327771,67.82968963894481
0.3262250000000001,0.0211961419709387,-398.8083233977397,14.594751664778373,-7.387378754508292,67.82968963894481
0.326725,0.0194048838580469,-398.8017337166605,14.591066454112326,-7.353463909688828,67.82968963894481
0.327225,0.0173714957117494,-398.79524121392734,14.587398200868686,-7.319549064869354,67.82968963894481
0.327725,0.0160593865764427,-398.78808261374536,14.583746905047455,-7.285634220049882,67.82968963894481
0.3282250000000001,0.0141899267593129,-398.7808962318806,14.580112566648635,-7.251719375230401,67.82968963894481
0.328725,0.0110312767556717,-398.77377883908673,14.576495185672227,-7.2178045304109375,67.82968963894481
0.3292250000000001,0.0091133148333813,-398.76708641067324,14.572894762118223,-7.183889685591456,67.82968963894481
0.3297250000000001,0.0074136744124756,-398.7607716160253,14.569311295986633,-7.149974840771985,67.82968963894481
0.3302250000000001,0.0046111652777303,-398.7538577225191,14.565744787277453,-7.1160599959525115,67.82968963894481
0.330725,0.002497937902419,-398.74686056644543,14.56219523599068,-7.082145151133047,67.82968963894481
0.3312250000000001,-0.0002372989252062,-398.74014007792516,14.55866264212632,-7.048230306313568,67.82968963894481
0.331725,-0.0026483286282334,-398.73309416995085,14.555147005684368,-7.014315461494102,67.82968963894481
0.332225,-0.0046418735241095,-398.72590540458344,14.551648326664829,-6.980400616674631,67.82968963894481
0.3327250000000001,-0.0075043673457036,-398.7190103063405,14.548166605067694,-6.9464857718551505,67.82968963894481
0.3332250000000001,-0.010290592173318,-398.71220007943407,14.544701840892971,-6.912570927035678,67.82968963894481
0.333725,-0.0131529985317969,-398.70471401373425,14.541254034140657,-6.878656082216214,67.82968963894481
0.3342250000000001,-0.0157503875841505,-398.6973360770199,14.537823184810755,-6.844741237396733,67.82968963894481
0.334725,-0.0172530734064924,-398.6902479674893,14.53440929290326,-6.810826392577268,67.82968963894481
0.335225,-0.0187225304551452,-398.68268686877025,14.53101235841818,-6.776911547757797,67.82968963894481
0.335725,-0.0206769604864597,-398.67523593745653,14.527632381355502,-6.742996702938323,67.82968963894481
0.3362250000000001,-0.0224988723189896,-398.6679308957661,14.524269361715238,-6.709081858118843,67.82968963894481
0.336725,-0.0231386222760325,-398.66102228149697,14.520923299497381,-6.675167013299379,67.82968963894481
0.3372250000000001,-0.024183421198497,-398.65385358056557,14.51759419470194,-6.641252168479898,67.82968963894481
0.3377250000000001,-0.0257865641622688,-398.64612934592753,14.514282047328903,-6.607337323660427,67.82968963894481
0.3382250000000001,-0.027134939975799,-398.63892542668987,14.510986857378278,-6.573422478840954,67.82968963894481
0.338725,-0.0293339812578663,-398.6316028125171,14.507708624850064,-6.539507634021489,67.82968963894481
0.3392250000000001,-0.0298625672501829,-398.6238522631327,14.504447349744257,-6.50559278920201,67.82968963894481
0.339725,-0.0308660359251225,-398.61583212449676,14.50120303206086,-6.471677944382543,67.82968963894481
0.340225,-0.0325035116767084,-398.6079718313992,14.497975671799875,-6.437763099563072,67.82968963894481
0.3407250000000001,-0.0327590398465805,-398.6004012878631,14.494765268961297,-6.403848254743591,67.82968963894481
0.3412250000000001,-0.0336401610586168,-398.5931961494415,14.491571823545131,-6.369933409924119,67.82968963894481
0.341725,-0.0336668413788648,-398.58607544649453,14.488395335551374,-6.336018565104655,67.82968963894481
0.3422250000000001,-0.0323243499806936,-398.57823707292374,14.485235804980025,-6.3021037202851735,67.82968963894481
0.342725,-0.0325807932423223,-398.5701830309598,14.48209323183109,-6.26818887546571,67.82968963894481
0.343225,-0.0320647304283948,-398.56224916684477,14.47896761610456,-6.234274030646237,67.82968963894481
0.343725,-0.0306665325323988,-398.5546289462854,14.475858957800442,-6.200359185826765,67.82968963894481
0.3442250000000001,-0.0306297111893953,-398.54712874267835,14.472767256918731,-6.166444341007285,67.82968963894481
0.344725,-0.0291850624061794,-398.53994953836315,14.469692513459435,-6.13252949618782,67.82968963894481
0.345225,-0.0272569915300189,-398.53273255946937,14.466634727422546,-6.098614651368346,67.82968963894481
0.3457250000000001,-0.0265441757798261,-398.5249222438525,14.463593898808064,-6.064699806548868,67.82968963894481
0.3462250000000001,-0.0253476093650645,-398.5171554394881,14.460570027615997,-6.0307849617293945,67.82968963894481
0.346725,-0.0234085084160325,-398.5105405090887,14.457563113846337,-5.996870116909929,67.82968963894481
0.3472250000000002,-0.0215546351226078,-398.50342482771254,14.454573157499084,-5.962955272090445,67.82968963894481
0.347725,-0.0194488402231802,-398.4960781974635,14.451600158574246,-5.9290404272709845,67.82968963894481
0.3482249999999999,-0.0181892663644357,-398.48844651338743,14.448644117071813,-5.89512558245152,67.82968963894481
0.3487250000000001,-0.0179717375905298,-398.48073539856034,14.445705032991794,-5.861210737632033,67.82968963894481
0.3492250000000001,-0.0162542753335619,-398.4729698944197,14.442782906334182,-5.827295892812561,67.82968963894481
0.349725,-0.0139024678115829,-398.4655715308987,14.439877737098982,-5.793381047993095,67.82968963894481
0.3502250000000001,-0.0135431226040606,-398.45849196873195,14.436989525286192,-5.759466203173617,67.82968963894481
0.350725,-0.012029467565372,-398.4516614580619,14.434118270895812,-5.725551358354149,67.82968963894481
0.351225,-0.0102957169755398,-398.4446127598466,14.431263973927837,-5.691636513534678,67.82968963894481
0.351725,-0.0091480781271568,-398.43723580065546,14.428426634382275,-5.6577216687152045,67.82968963894481
0.3522250000000001,-0.0071542067593527,-398.4300768570454,14.425606252259122,-5.623806823895725,67.82968963894481
0.352725,-0.0055171415944316,-398.4233428271421,14.422802827558376,-5.58989197907626,67.82968963894481
0.353225,-0.0039284271365953,-398.4167183908342,14.420016360280046,-5.555977134256787,67.82968963894481
0.3537250000000001,-0.0028838654560803,-398.40987850410846,14.417246850424117,-5.522062289437307,67.82968963894481
0.3542250000000001,-0.0022094078487148,-398.4027763927894,14.414494297990606,-5.4881474446178355,67.82968963894481
0.354725,-0.0016378915554353,-398.39571457991843,14.411758702979505,-5.454232599798371,67.82968963894481
0.3552250000000002,-0.0001652584247502,-398.3889713971263,14.409040065390805,-5.420317754978887,67.82968963894481
0.355725,-6.917088690018891e-05,-398.38198711241125,14.406338385224524,-5.3864029101594255,67.82968963894481
0.3562249999999999,-0.0012573262863171,-398.37516731694,14.403653662480652,-5.352488065339961,67.82968963894481
0.3567250000000001,-0.0001470218870344,-398.368463802478,14.400985897159185,-5.3185732205204745,67.82968963894481
0.3572250000000001,0.0017520735176291,-398.3616596723068,14.398335089260128,-5.284658375701,67.82968963894481
0.357725,0.001638495980381,-398.3548066988759,14.395701238783484,-5.250743530881536,67.82968963894481
0.3582250000000001,0.0025927428734718,-398.34733137786145,14.393084345729248,-5.216828686062056,67.82968963894481
0.358725,0.0034339525455599,-398.3402257722716,14.390484410097418,-5.18291384124259,67.82968963894481
0.359225,0.0049231598546898,-398.33325990766946,14.387901431888004,-5.148998996423118,67.82968963894481
0.3597250000000001,0.0072580513530311,-398.326042487168,14.385335411100995,-5.115084151603642,67.82968963894481
0.3602250000000001,0.0077434642388251,-398.31925858888053,14.382786347736404,-5.081169306784171,67.82968963894481
0.3607250000000001,0.0082361437123062,-398.3123653004909,14.380254241794217,-5.047254461964697,67.82968963894481
0.361225,0.0095631502658148,-398.30486462697974,14.377739093274435,-5.013339617145229,67.82968963894481
0.3617250000000001,0.011251875345424,-398.29755789368977,14.375240902177067,-4.979424772325753,67.82968963894481
0.362225,0.0127483841499046,-398.2900027572048,14.372759668502113,-4.9455099275062855,67.82968963894481
0.362725,0.0140098066213823,-398.28267350040045,14.370295392249563,-4.911595082686811,67.82968963894481
0.3632250000000002,0.0148014439608595,-398.27488383479636,14.367848073419422,-4.877680237867328,67.82968963894481
0.3637250000000001,0.016045294277008,-398.26712359244317,14.365417712011695,-4.843765393047863,67.82968963894481
0.3642249999999999,0.0183510405424731,-398.25950103376897,14.36300430802638,-4.809850548228401,67.82968963894481
0.3647250000000001,0.020417206682566,-398.25155584390575,14.360607861463468,-4.775935703408918,67.82968963894481
0.3652250000000001,0.022235732876683,-398.2438801907242,14.358228372322968,-4.742020858589446,67.82968963894481
0.365725,0.0241826758942013,-398.2356096533104,14.355865840604878,-4.708106013769978,67.82968963894481
0.3662250000000001,0.0251735715355613,-398.22742904376946,14.353520266309198,-4.674191168950501,67.82968963894481
0.3667250000000001,0.0263192119603336,-398.2185822182243,14.351191649435929,-4.640276324131029,67.82968963894481
0.367225,0.0280831301951713,-398.21023880932756,14.348879989985068,-4.606361479311561,67.82968963894481
0.3677250000000001,0.0296838737684734,-398.20188371708764,14.346585287956616,-4.572446634492084,67.82968963894481
0.3682250000000001,0.0310371525879239,-398.1933880648104,14.344307543350574,-4.538531789672611,67.82968963894481
0.3687250000000001,0.0314391114583771,-398.1851487042326,14.342046756166944,-4.504616944853139,67.82968963894481
0.369225,0.0316107492174111,-398.1761847762201,14.33980292640572,-4.470702100033668,67.82968963894481
0.3697250000000001,0.032907437666444,-398.1672279634482,14.337576054066908,-4.4367872552141945,67.82968963894481
0.370225,0.0336905353947733,-398.1582925684337,14.335366139150509,-4.402872410394724,67.82968963894481
0.370725,0.0344604108260596,-398.1490289994268,14.333173181656514,-4.368957565575252,67.82968963894481
0.3712250000000002,0.0349319456670253,-398.1398246078296,14.33099718158493,-4.3350427207557685,67.82968963894481
0.3717250000000001,0.03549949165287,-398.13017599907295,14.328838138935762,-4.301127875936304,67.82968963894481
0.372225,0.0361509111011484,-398.11998137951906,14.326696053708995,-4.26721303111684,67.82968963894481
0.3727250000000001,0.0366804877299077,-398.1102465337493,14.324570925904643,-4.233298186297359,67.82968963894481
0.373225,0.0377390031034465,-398.10137131327235,14.322462755522698,-4.199383341477895,67.82968963894481
0.373725,0.0381881808814725,-398.0919027982719,14.320371542563167,-4.165468496658421,67.82968963894481
0.3742250000000001,0.0382555696884835,-398.08212174257795,14.318297287026041,-4.131553651838942,67.82968963894481
0.3747250000000001,0.0382540353091222,-398.07234887518564,14.316239988911326,-4.097638807019469,67.82968963894481
0.375225,0.0380402490747993,-398.0622943691394,14.314199648219024,-4.0637239622000045,67.82968963894481
0.3757250000000001,0.0382561612581563,-398.0518574470332,14.312176264949127,-4.029809117380523,67.82968963894481
0.3762250000000001,0.0381492806282168,-398.04175644328393,14.310169839101642,-3.9958942725610536,67.82968963894481
0.3767250000000001,0.0378319008888062,-398.0312733877594,14.308180370676563,-3.9619794277415785,67.82968963894481
0.377225,0.0369105709806689,-398.0210865841556,14.306207859673899,-3.928064582922115,67.82968963894481
0.3777250000000001,0.0361914577156722,-398.0102032490569,14.30425230609364,-3.8941497381026338,67.82968963894481
0.378225,0.0358467295233376,-397.9992368920177,14.302313709935797,-3.8602348932831703,67.82968963894481
0.378725,0.0350100514270659,-397.9888091928771,14.30039207120036,-3.8263200484636974,67.82968963894481
0.3792250000000001,0.0341861610363338,-397.97876017238195,14.298487389887331,-3.792405203644217,67.82968963894481
0.3797250000000001,0.033722803416789,-397.9685370295102,14.296599665996716,-3.7584903588247456,67.82968963894481
0.380225,0.0332716602260873,-397.9578490980364,14.294728899528508,-3.7245755140052808,67.82968963894481
0.3807250000000001,0.0331238227460383,-397.9472405483299,14.292875090482712,-3.6906606691858004,67.82968963894481
0.381225,0.0322714353601937,-397.9361086293496,14.29103823885932,-3.6567458243663356,67.82968963894481
0.381725,0.0311729616039426,-397.92505039385986,14.289218344658341,-3.6228309795468627,67.82968963894481
0.3822250000000001,0.0306349467770616,-397.91415957341087,14.287415407879775,-3.588916134727383,67.82968963894481
0.3827250000000001,0.0296292006780012,-397.9036258902148,14.285629428523615,-3.5550012899079095,67.82968963894481
0.383225,0.0293316859797438,-397.89283464244136,14.283860406589865,-3.5210864450884456,67.82968963894481
0.3837250000000001,0.0284176265269663,-397.88205408801764,14.282108342078528,-3.4871716002689657,67.82968963894481
0.3842250000000001,0.026639805537814,-397.8710860630758,14.280373234989597,-3.4532567554494933,67.82968963894481
0.3847250000000001,0.0257951368430413,-397.8605516626242,14.27865508532308,-3.419341910630021,67.82968963894481
0.385225,0.0249725592808768,-397.84995969087163,14.276953893078966,-3.3854270658105556,67.82968963894481
0.3857250000000001,0.0236203377037987,-397.83915001233805,14.275269658257267,-3.351512220991076,67.82968963894481
0.386225,0.022187812463969,-397.82783803683355,14.273602380857975,-3.317597376171611,67.82968963894481
0.386725,0.0199547392707303,-397.8166705321243,14.271952060881095,-3.2836825313521376,67.82968963894481
0.3872250000000001,0.0180389706163691,-397.80598419043713,14.270318698326625,-3.2497676865326586,67.82968963894481
0.3877250000000001,0.0161469575014015,-397.7953559448222,14.268702293194567,-3.2158528417131858,67.82968963894481
0.388225,0.0139337286333584,-397.78516113074863,14.267102845484912,-3.1819379968937214,67.82968963894481
0.3887250000000001,0.0110279436424313,-397.7745438169299,14.265520355197673,-3.1480231520742414,67.82968963894481
0.389225,0.0080067299569236,-397.76429478540996,14.263954822332837,-3.1141083072547766,67.82968963894481
0.389725,0.0051060995283496,-397.7537524983467,14.262406246890414,-3.0801934624353042,67.82968963894481
0.390225,0.0021567351124002,-397.74290615904175,14.260874628870404,-3.0462786176158314,67.82968963894481
0.3907250000000001,-0.0007275076538861,-397.731921152772,14.259359968272799,-3.0123637727963515,67.82968963894481
0.391225,-0.0038127277600364,-397.72143390483376,14.257862265097607,-2.978448927976886,67.82968963894481
0.3917250000000001,-0.0068458223919363,-397.7111260854758,14.25638151934482,-2.9445340831574067,67.82968963894481
0.3922250000000001,-0.0095372676580353,-397.7008652334834,14.254917731014448,-2.910619238337934,67.82968963894481
0.3927250000000001,-0.0130881379516809,-397.69038611358314,14.253470900106482,-2.8767043935184615,67.82968963894481
0.393225,-0.0158265138208563,-397.6805211630752,14.25204102662093,-2.842789548698996,67.82968963894481
0.3937250000000001,-0.0174993362886762,-397.6701718285379,14.250628110557784,-2.8088747038795163,67.82968963894481
0.394225,-0.0196825064843571,-397.65927181087847,14.24923215191705,-2.7749598590600515,67.82968963894481
0.394725,-0.022239609865252,-397.6488309738727,14.247853150698726,-2.741045014240579,67.82968963894481
0.3952250000000001,-0.0241420635815451,-397.63865865143845,14.246491106902809,-2.707130169421099,67.82968963894481
0.3957250000000001,-0.0256067083109287,-397.62884661448794,14.245146020529301,-2.673215324601627,67.82968963894481
0.396225,-0.027247794353513,-397.6193835349815,14.243817891578209,-2.639300479782162,67.82968963894481
0.3967250000000001,-0.0293424578740083,-397.60961673011354,14.242506720049525,-2.605385634962682,67.82968963894481
0.397225,-0.0312928928993708,-397.6001703009153,14.241212505943244,-2.5714707901432177,67.82968963894481
0.397725,-0.032311407260085,-397.5905606037189,14.239935249259378,-2.5375559453237453,67.82968963894481
0.398225,-0.0332905172775039,-397.58099124324224,14.23867494999792,-2.5036411005042725,67.82968963894481
0.3987250000000001,-0.0346903572725982,-397.571418024054,14.237431608158873,-2.4697262556847916,67.82968963894481
0.399225,-0.0361944468979352,-397.56225911898423,14.23620522374224,-2.4358114108653273,67.82968963894481
0.3997250000000001,-0.0365699014478569,-397.5528953056731,14.23499579674801,-2.4018965660458473,67.82968963894481
0.4002250000000001,-0.0362928207475354,-397.5442180296937,14.233803327176188,-2.367981721226376,67.82968963894481
0.4007250000000001,-0.0361486816402065,-397.53546353791165,14.232627815026781,-2.3340668764069026,67.82968963894481
0.401225,-0.0364419264963364,-397.52735898896236,14.23146926029978,-2.300152031587438,67.82968963894481
0.4017250000000001,-0.0358781190205929,-397.51852399464013,14.230327662995197,-2.2662371867679574,67.82968963894481
0.402225,-0.0347509532892133,-397.5101400347874,14.229203023113016,-2.2323223419484934,67.82968963894481
0.402725,-0.0331030414703239,-397.50176286858175,14.228095340653246,-2.198407497129021,67.82968963894481
0.4032250000000001,-0.0321681916601168,-397.49358516903175,14.227004615615886,-2.164492652309541,67.82968963894481
0.4037250000000001,-0.0308847246390863,-397.48596781465614,14.225930848000935,-2.1305778074900688,67.82968963894481
0.404225,-0.0293056906229661,-397.47852295456653,14.224874037808396,-2.096662962670603,67.82968963894481
0.4047250000000001,-0.0288237362323003,-397.47146052259035,14.223834185038264,-2.0627481178511236,67.82968963894481
0.405225,-0.0278460730908335,-397.4637939653506,14.222811289690547,-2.028833273031658,67.82968963894481
0.405725,-0.0264072707023517,-397.45632696208924,14.221805351765234,-1.9949184282121857,67.82968963894481
0.406225,-0.0245080454820741,-397.4492731116696,14.220816371262336,-1.9610035833927137,67.82968963894481
0.4067250000000001,-0.022973419636169,-397.442797734342,14.21984434818184,-1.9270887385732332,67.82968963894481
0.407225,-0.0225248333449485,-397.4367004178151,14.218889282523762,-1.8931738937537683,67.82968963894481
0.407725,-0.0213779831833847,-397.43014077804804,14.217951174288087,-1.859259048934296,67.82968963894481
0.4082250000000001,-0.0190078752685451,-397.42390489422655,14.217030023474827,-1.8253442041148162,67.82968963894481
0.4087250000000001,-0.0177829929035945,-397.41816997644554,14.216125830083975,-1.7914293592953436,67.82968963894481
0.409225,-0.0169601390104213,-397.41280834600946,14.215238594115528,-1.7575145144758788,67.82968963894481
0.4097250000000002,-0.0160919003338023,-397.4074693323354,14.214368315569498,-1.723599669656395,67.82968963894481
0.410225,-0.0146015690263847,-397.4023640495666,14.213514994445875,-1.6896848248369336,67.82968963894481
0.4107249999999999,-0.0135391910990251,-397.3978772359767,14.21267863074466,-1.6557699800174681,67.82968963894481
0.4112250000000001,-0.0138312626647171,-397.3935174448909,14.21185922446586,-1.6218551351979813,67.82968963894481
0.4117250000000001,-0.0142608402106781,-397.3896154439648,14.211056775609462,-1.5879402903785085,67.82968963894481
0.412225,-0.0132283431747682,-397.3857927840149,14.21027128417548,-1.5540254455590436,67.82968963894481
0.4127250000000001,-0.012663622920896,-397.38202504377927,14.209502750163901,-1.5201106007395635,67.82968963894481
0.413225,-0.0135962290638453,-397.37815461942057,14.208751173574738,-1.4861957559200991,67.82968963894481
0.413725,-0.0140517585196134,-397.37414246309623,14.208016554407983,-1.4522809111006263,67.82968963894481
0.414225,-0.0131240115830928,-397.3705378532816,14.20729889266364,-1.418366066281154,67.82968963894481
0.4147250000000001,-0.0130504157903948,-397.3678642425924,14.206598188341705,-1.3844512214616744,67.82968963894481
0.415225,-0.014187365967692,-397.36485186233926,14.205914441442175,-1.350536376642209,67.82968963894481
0.415725,-0.0150723901082346,-397.36249902967154,14.205247651965058,-1.316621531822737,67.82968963894481
0.4162250000000001,-0.0144773779248446,-397.3600816299481,14.204597819910354,-1.282706687003257,67.82968963894481
0.4167250000000001,-0.0139188120661718,-397.3575048190173,14.203964945278058,-1.2487918421837847,67.82968963894481
0.417225,-0.0144869864236071,-397.35528698764716,14.20334902806817,-1.2148769973643199,67.82968963894481
0.4177250000000002,-0.0150604692779789,-397.3529074336646,14.202750068280691,-1.1809621525448355,67.82968963894481
0.418225,-0.014181718618543,-397.3503360000569,14.202168065915629,-1.1470473077253749,67.82968963894481
0.4187249999999999,-0.0128978577769131,-397.3488235466213,14.20160302097297,-1.1131324629059103,67.82968963894481
0.4192250000000001,-0.0122159732787191,-397.34656634335056,14.201054933452719,-1.0792176180864226,67.82968963894481
0.4197250000000001,-0.0117824149891556,-397.34494337357444,14.20052380335488,-1.0453027732669502,67.82968963894481
0.420225,-0.0103435751807661,-397.3429419609713,14.200009630679451,-1.0113879284474854,67.82968963894481
0.4207250000000001,-0.0083539934040256,-397.3410710188542,14.199512415426433,-0.977473083628005,67.82968963894481
0.421225,-0.0067351173018835,-397.33989157324066,14.199032157595822,-0.9435582388085407,67.82968963894481
0.421725,-0.004741615075719,-397.33822045765226,14.198568857187626,-0.909643393989068,67.82968963894481
0.4222250000000001,-0.0025389974585455,-397.3363515638061,14.198122514201831,-0.8757285491695922,67.82968963894481
0.4227250000000001,-0.0007667000421667,-397.33447076903695,14.197693128638456,-0.8418137043501195,67.82968963894481
0.4232250000000001,0.0010303524310653,-397.33285488525166,14.197280700497485,-0.8078988595306471,67.82968963894481
0.423725,0.0035077623317715,-397.33159670024077,14.196885229778925,-0.7739840147111777,67.82968963894481
0.4242250000000001,0.0045269306170575,-397.3305908245832,14.196506716482773,-0.740069169891702,67.82968963894481
0.424725,0.0053749657301382,-397.3285070148482,14.196145160609035,-0.7061543250722326,67.82968963894481
0.425225,0.0076252893618716,-397.32603362838466,14.195800562157702,-0.6722394802527611,67.82968963894481
0.4257250000000002,0.0100971627916916,-397.3237099644484,14.195472921128777,-0.6383246354332764,67.82968963894481
0.4262250000000001,0.0124140786316951,-397.32147455641336,14.195162237522267,-0.6044097906138126,67.82968963894481
0.4267249999999999,0.014266703534289,-397.319290693433,14.194868511338166,-0.5704949457943509,67.82968963894481
0.4272250000000001,0.0167537040560508,-397.31712863959564,14.194591742576474,-0.5365801009748675,67.82968963894481
0.4277250000000001,0.0192230554459017,-397.3145294263314,14.194331931237189,-0.5026652561553951,67.82968963894481
0.428225,0.0214956460737871,-397.31200334765254,14.194089077320323,-0.4687504113359257,67.82968963894481
0.4287250000000001,0.0233839161777754,-397.3092968722302,14.193863180825854,-0.43483556651645006,67.82968963894481
0.4292250000000001,0.024404007278977,-397.3064159467328,14.193654241753803,-0.40092072169697723,67.82968963894481
0.429725,0.0262679773220479,-397.30360257685805,14.193462260104159,-0.36700587687750874,67.82968963894481
0.4302250000000001,0.0286912352757654,-397.30046750653145,14.193287235876925,-0.3330910320580321,67.82968963894481
0.4307250000000001,0.0292944947285397,-397.2966159453786,14.193129169072101,-0.29917618723855977,67.82968963894481
0.4312250000000001,0.029418752191088,-397.2928855482722,14.192988059689686,-0.26526134241908705,67.82968963894481
0.431725,0.0303409117545608,-397.28906505454466,14.192863907729683,-0.23134649759961928,67.82968963894481
0.4322250000000001,0.0324455740908908,-397.2851025235517,14.192756713192088,-0.19743165278014274,67.82968963894481
0.432725,0.0332367927710574,-397.2811403017948,14.192666476076903,-0.1635168079606746,67.82968963894481
0.433225,0.0326479851825811,-397.27680501423276,14.192593196384125,-0.12960196314120226,67.82968963894481
0.4337250000000002,0.0336091607395777,-397.27271606648543,14.192536874113758,-0.09568711832171846,67.82968963894481
0.4342250000000001,0.0348889784874888,-397.26823845812146,14.1924975092658,-0.061772273502253304,67.82968963894481
0.434725,0.0356449827053255,-397.26306919582555,14.192475101840257,-0.027857428682787767,67.82968963894481
0.4352250000000001,0.0350511002598811,-397.2582510358894,14.192469651837122,0.00605741613669127,67.82968963894481
0.435725,0.0337905800769793,-397.2529678351797,14.192481159256394,0.03997226095615719,67.82968963894481
0.436225,0.0353333806207468,-397.24768490926306,14.192509624098076,0.07388710577562962,67.82968963894481
0.4367250000000001,0.0351863595980653,-397.24197089306443,14.192555046362168,0.10780195059510914,67.82968963894481
0.4372250000000001,0.0333729037932051,-397.2363417847753,14.19261742604867,0.14171679541458146,67.82968963894481
0.437725,0.0336603987852556,-397.23056001621484,14.192696763157585,0.17563164023404665,67.82968963894481
0.4382250000000001,0.0336074322513624,-397.2243876561961,14.192793057688906,0.20954648505352574,67.82968963894481
0.4387250000000001,0.0335552561967532,-397.2186252553074,14.192906309642634,0.2434613298729986,67.82968963894481
0.4392250000000001,0.0332110080436079,-397.21268653454365,14.19303651901878,0.27737617469247094,67.82968963894481
0.439725,0.0318553681722742,-397.2064429839191,14.19318368581733,0.31129101951193555,67.82968963894481
0.4402250000000001,0.0315280576877491,-397.1999995566103,14.19334781003829,0.34520586433141603,67.82968963894481
0.440725,0.0315954145569401,-397.19339343620686,14.193528891681664,0.37912070915088075,67.82968963894481
0.441225,0.0305625647714271,-397.18698602046794,14.193726930747443,0.41303555397035346,67.82968963894481
0.4417250000000001,0.0290621012349753,-397.18052318397275,14.193941927235631,0.44695039878983345,67.82968963894481
0.4422250000000001,0.0285149354190908,-397.1740476267137,14.194173881146234,0.48086524360930627,67.82968963894481
0.442725,0.0283667236709629,-397.16747561969447,14.194422792479243,0.5147800884287705,67.82968963894481
0.4432250000000001,0.0271780765673217,-397.16108327124675,14.194688661234663,0.5486949332482509,67.82968963894481
0.443725,0.0271268022948691,-397.15401809083744,14.194971487412486,0.5826097780677156,67.82968963894481
0.444225,0.0266116447162049,-397.147076138175,14.195271271012729,0.6165246228871885,67.82968963894481
0.4447250000000001,0.0258943898095258,-397.14014991964865,14.195588012035376,0.650439467706668,67.82968963894481
0.4452250000000001,0.0260432668699918,-397.13363922726904,14.195921710480434,0.6843543125261408,67.82968963894481
0.445725,0.0239961179914513,-397.12681593101786,14.1962723663479,0.7182691573456055,67.82968963894481
0.4462250000000001,0.0221319636000678,-397.120075120583,14.196639979637782,0.7521840021650855,67.82968963894481
0.4467250000000001,0.0212178444046491,-397.11361841908985,14.197024550350068,0.7860988469845578,67.82968963894481
0.4472250000000001,0.0197453668695226,-397.10760514576776,14.197426078484767,0.8200136918040302,67.82968963894481
0.447725,0.0180428626550806,-397.1010284755749,14.197844564041867,0.8539285366234957,67.82968963894481
0.4482250000000001,0.0161092990609156,-397.0944696948586,14.198280007021387,0.8878433814429753,67.82968963894481
0.448725,0.0138376035993417,-397.0876358279525,14.198732407423316,0.9217582262624404,67.82968963894481
0.449225,0.0120161380755838,-397.0808158227398,14.199201765247652,0.9556730710819127,67.82968963894481
0.4497250000000001,0.0111584578137686,-397.07455484887146,14.199688080494399,0.9895879159013927,67.82968963894481
0.4502250000000001,0.0095890195528283,-397.06804553637147,14.200191353163554,1.0235027607208647,67.82968963894481
0.450725,0.0070554642054702,-397.06239614011355,14.200711583255119,1.0574176055403302,67.82968963894481
0.4512250000000001,0.0061909032578551,-397.056396553788,14.201248770769093,1.0913324503598099,67.82968963894481
0.451725,0.0043718282108368,-397.0501441386801,14.201802915705477,1.125247295179274,67.82968963894481
0.452225,0.002646253560293,-397.0438626874085,14.202374018064273,1.159162139998747,67.82968963894481
0.452725,0.0008411292163428,-397.03793818728366,14.202962077845475,1.1930769848182192,67.82968963894481
0.4532250000000001,-0.0027442054864886,-397.03231249601686,14.203567095049092,1.2269918296376996,67.82968963894481
0.453725,-0.0048708611525204,-397.02666429757284,14.204189069675113,1.2609066744571642,67.82968963894481
0.4542250000000001,-0.0060816253259992,-397.02059316635166,14.204828001723547,1.2948215192766444,67.82968963894481
0.4547250000000001,-0.0095295790713123,-397.0145282034198,14.20548389119439,1.3287363640961165,67.82968963894481
0.4552250000000001,-0.0126136142018052,-397.0087026690313,14.206156738087646,1.3626512089155893,67.82968963894481
0.455725,-0.0141181907713706,-397.00321863774576,14.206846542403303,1.3965660537350544,67.82968963894481
0.4562250000000001,-0.015050950073094,-396.9975198656938,14.207553304141378,1.4304808985545343,67.82968963894481
0.456725,-0.0165276774572862,-396.9920050147333,14.208277023301862,1.4643957433739991,67.82968963894481
0.457225,-0.0180711151816994,-396.98736274354826,14.209017699884752,1.498310588193472,67.82968963894481
0.4577250000000001,-0.0184218013385663,-396.98210305881327,14.209775333890054,1.5322254330129514,67.82968963894481
0.4582250000000001,-0.0176229334649322,-396.9769720616706,14.210549925317764,1.5661402778324243,67.82968963894481
0.458725,-0.0174108355245911,-396.97144354591944,14.211341474167888,1.600055122651889,67.82968963894481
0.4592250000000001,-0.0189982862810361,-396.96659331225584,14.212149980440417,1.6339699674713686,67.82968963894481
0.459725,-0.019267665921715,-396.96174872421466,14.212975444135356,1.6678848122908336,67.82968963894481
0.460225,-0.018251570627129,-396.95653955199134,14.213817865252707,1.701799657110306,67.82968963894481
0.460725,-0.0188331960898246,-396.95065599172216,14.214677243792472,1.7357145019297784,67.82968963894481
0.4612250000000001,-0.0205180546409839,-396.9453751254154,14.215553579754639,1.769629346749259,67.82968963894481
0.461725,-0.0215380227974527,-396.9397991372684,14.216446873139217,1.8035441915687231,67.82968963894481
0.4622250000000001,-0.0217700604868638,-396.9344869068165,14.217357123946208,1.8374590363882033,67.82968963894481
0.4627250000000001,-0.0216055905681424,-396.9287939130418,14.218284332175605,1.8713738812076757,67.82968963894481
0.4632250000000001,-0.0224148447163497,-396.92275445485734,14.219228497827414,1.9052887260271478,67.82968963894481
0.463725,-0.0223229667824319,-396.9170336922005,14.220189620901634,1.9392035708466133,67.82968963894481
0.4642250000000001,-0.0211395855871173,-396.9115375015131,14.221167701398262,1.9731184156660933,67.82968963894481
0.464725,-0.0204784475572969,-396.9057899406663,14.2221627393173,2.0070332604855574,67.82968963894481
0.465225,-0.020397326460094,-396.89988500558206,14.223174734658748,2.0409481053050307,67.82968963894481
0.4657250000000001,-0.0204535182325834,-396.89377583712076,14.224203687422603,2.0748629501245097,67.82968963894481
0.4662250000000001,-0.0202907502350279,-396.88726214659766,14.225249597608872,2.108777794943983,67.82968963894481
0.466725,-0.0202153370433314,-396.8809442833353,14.226312465217548,2.1426926397634474,67.82968963894481
0.4672250000000001,-0.0205853607097817,-396.87474621154985,14.227392290248636,2.1766074845829277,67.82968963894481
0.467725,-0.0211197366589715,-396.8683345991434,14.22848907270213,2.2105223294023926,67.82968963894481
0.468225,-0.0219438456110881,-396.8609158044937,14.22960281257804,2.244437174221865,67.82968963894481
0.468725,-0.0216790001821833,-396.85383437674943,14.230733509876355,2.2783520190413373,67.82968963894481
0.4692250000000001,-0.0225497773823467,-396.8468219338866,14.23188116459708,2.3122668638608177,67.82968963894481
0.469725,-0.0237429085541131,-396.8397219517824,14.233045776740214,2.346181708680283,67.82968963894481
0.470225,-0.0224211759313399,-396.83262098551734,14.23422734630576,2.380096553499755,67.82968963894481
0.4707250000000001,-0.021840420835928,-396.8254063616883,14.235425873293712,2.4140113983192353,67.82968963894481
0.4712250000000001,-0.021895897762167,-396.8180732557646,14.236641357704078,2.447926243138707,67.82968963894481
0.471725,-0.0212150876730207,-396.8104102867646,14.237873799536853,2.4818410879581725,67.82968963894481
0.4722250000000002,-0.0207058291100381,-396.8023929963775,14.239123198792036,2.5157559327776555,67.82968963894481
0.472725,-0.0200959149529964,-396.79452962717846,14.240389555469632,2.549670777597117,67.82968963894481
0.4732249999999999,-0.0203290009716654,-396.78622551575694,14.241672869569635,2.5835856224165825,67.82968963894481
0.4737250000000001,-0.0218583100763987,-396.7779551559454,14.242973141092051,2.6175004672360696,67.82968963894481
0.4742250000000001,-0.0224100658059051,-396.76972792681033,14.244290370036868,2.651415312055542,67.82968963894481
0.474725,-0.0219702892804404,-396.7612710065369,14.2456245564041,2.685330156875007,67.82968963894481
0.4752250000000001,-0.0226137122214011,-396.75269565430955,14.246975700193747,2.7192450016944862,67.82968963894481
0.475725,-0.0234440650105665,-396.7438579957803,14.248343801405799,2.7531598465139515,67.82968963894481
0.476225,-0.0221618902203575,-396.734758449698,14.249728860040259,2.787074691333424,67.82968963894481
0.476725,-0.0226623617477419,-396.725498680728,14.25113087609713,2.820989536152896,67.82968963894481
0.4772250000000001,-0.0223815962993976,-396.7165664342712,14.252549849576411,2.854904380972376,67.82968963894481
0.477725,-0.0203568295408775,-396.70767363366036,14.253985780478102,2.888819225791841,67.82968963894481
0.478225,-0.0203007675028076,-396.69905667404356,14.255438668802205,2.9227340706113134,67.82968963894481
0.4787250000000001,-0.0198177396640307,-396.68979317950567,14.256908514548716,2.956648915430794,67.82968963894481
0.4792250000000001,-0.0187080936742002,-396.6802011508685,14.258395317717635,2.990563760250266,67.82968963894481
0.479725,-0.0188817532708603,-396.67046862678654,14.25989907830896,3.0244786050697314,67.82968963894481
0.4802250000000002,-0.0175166985596005,-396.6610461954198,14.261419796322704,3.0583934498892154,67.82968963894481
0.480725,-0.0156700546340584,-396.65132264100714,14.262957471758856,3.092308294708676,67.82968963894481
0.4812249999999999,-0.0146638346211085,-396.6417244292046,14.264512104617413,3.126223139528141,67.82968963894481
0.4817250000000001,-0.0126983718977828,-396.6322678297514,14.26608369489838,3.1601379843476285,67.82968963894481
0.4822250000000001,-0.0106400490700905,-396.6225711297354,14.267672242601762,3.1940528291671018,67.82968963894481
0.482725,-0.0086196302540474,-396.61262633457613,14.269277747727546,3.2279676739865653,67.82968963894481
0.4832250000000001,-0.0064693796987792,-396.6028386373871,14.270900210275746,3.2618825188060456,67.82968963894481
0.483725,-0.003420730081981,-396.59338063554753,14.272539630246355,3.295797363625511,67.82968963894481
0.484225,-0.0018616985951757,-396.5837671407816,14.274196007639372,3.329712208444983,67.82968963894481
0.4847250000000001,-0.0003442354866933,-396.574312807751,14.275869342454799,3.363627053264459,67.82968963894481
0.4852250000000001,0.0026820982351576,-396.5648759761436,14.277559634692633,3.397541898083931,67.82968963894481
0.4857250000000001,0.0054539742901828,-396.55553298174436,14.279266884352884,3.4314567429034044,67.82968963894481
0.486225,0.0081033535114629,-396.5460246923564,14.280991091435538,3.4653715877228732,67.82968963894481
0.4867250000000001,0.0094867426997337,-396.5367462409109,14.28273225594061,3.4992864325423487,67.82968963894481
0.487225,0.0113188030285819,-396.52769172410694,14.284490377868085,3.533201277361818,67.82968963894481
0.487725,0.0150696623822365,-396.5185466822562,14.286265457217969,3.5671161221812904,67.82968963894481
0.4882250000000002,0.0184283185299223,-396.5095577100988,14.288057493990264,3.6010309670007734,67.82968963894481
0.4887250000000001,0.0198096810428277,-396.5007823793113,14.289866488184966,3.6349458118202387,67.82968963894481
0.4892249999999999,0.020942109601344,-396.4916940948157,14.291692439802084,3.6688606566397004,67.82968963894481
0.4897250000000001,0.0239795937270841,-396.4831315244643,14.29353534884161,3.7027755014591848,67.82968963894481
0.4902250000000001,0.0266217402394012,-396.4736855996037,14.295395215303547,3.736690346278657,67.82968963894481
0.490725,0.0273512868494992,-396.465005321534,14.29727203918789,3.7706051910981246,67.82968963894481
0.4912250000000001,0.0274487939773137,-396.45639092238486,14.299165820494634,3.8045200359176015,67.82968963894481
0.4917250000000001,0.0281129544630934,-396.4476002947181,14.301076559223803,3.8384348807370734,67.82968963894481
0.492225,0.0292557671804095,-396.43851060887397,14.30300425537538,3.8723497255565418,67.82968963894481
0.4927250000000001,0.0298060297097199,-396.4296213748984,14.304948908949363,3.906264570376018,67.82968963894481
0.4932250000000001,0.0299175520786404,-396.42126663366406,14.30691051994576,3.9401794151954905,67.82968963894481
0.4937250000000001,0.0319622137898785,-396.4133241155079,14.308889088364557,3.974094260014963,67.82968963894481
0.494225,0.0338429664642766,-396.40491222462447,14.31088461420577,4.008009104834433,67.82968963894481
0.4947250000000001,0.0342848358766153,-396.39637566578756,14.312897097469392,4.041923949653907,67.82968963894481
0.495225,0.0357810342749202,-396.38823180532114,14.31492653815542,4.075838794473378,67.82968963894481
0.495725,0.0372922999683889,-396.3802147025936,14.316972936263864,4.10975363929285,67.82968963894481
0.4962250000000002,0.0376175934927451,-396.37183121096996,14.319036291794719,4.143668484112333,67.82968963894481
0.4967250000000001,0.037351610837554,-396.3629996077312,14.321116604747978,4.177583328931798,67.82968963894481
0.497225,0.0360313092085488,-396.3543120804513,14.323213875123647,4.211498173751263,67.82968963894481
0.4977250000000001,0.0342964986077782,-396.34554613611454,14.325328102921727,4.245413018570742,67.82968963894481
0.498225,0.0334561709376956,-396.3373330682799,14.327459288142217,4.279327863390208,67.82968963894481
0.498725,0.0321116832246443,-396.328941469857,14.32960743078512,4.313242708209681,67.82968963894481
0.4992250000000001,0.0300580810268002,-396.3202296715088,14.33177253085043,4.3471575530291595,67.82968963894481
0.4997250000000001,0.0286590319817405,-396.311669102217,14.333954588338148,4.381072397848633,67.82968963894481
0.500225,0.0282137216609315,-396.30255695507765,14.336153603248274,4.414987242668102,67.82968963894481
0.5007250000000001,0.0284617256105879,-396.2939613725451,14.338369575580817,4.4489020874875775,67.82968963894481
0.501225,0.0285140434018048,-396.2857344520263,14.340602505335765,4.4828169323070455,67.82968963894481
0.5017250000000001,0.0276949070208094,-396.27784741546594,14.342852392513125,4.516731777126523,67.82968963894481
0.502225,0.0268742312583491,-396.2694767051774,14.34511923711289,4.550646621945991,67.82968963894481
0.5027250000000001,0.0270946006452703,-396.2605219131196,14.347403039135072,4.584561466765467,67.82968963894481
0.503225,0.0260752610306878,-396.25104098849636,14.349703798579657,4.618476311584936,11.738421524182732
0.503725,0.0240055924224232,-396.24205561176694,14.352014504038138,4.624345522347027,11.738421524182732
0.5042250000000001,0.0222061113430939,-396.23296379615795,14.354328144102004,4.63021473310912,11.738421524182732
0.5047250000000001,0.0212652377075905,-396.2245163251434,14.356644718771252,4.636083943871212,11.738421524182732
0.505225,0.0209329925682,-396.21574916599644,14.358964228045874,4.641953154633302,11.738421524182732
0.5057250000000002,0.0204642345781567,-396.20735429598466,14.361286671925882,4.6478223653953945,11.738421524182732
0.506225,0.0204688417986425,-396.19840305992886,14.36361205041127,4.653691576157485,11.738421524182732
0.5067250000000001,0.0208720085772172,-396.18907919575724,14.365940363502041,4.659560786919576,11.738421524182732
0.5072250000000001,0.0215398812513867,-396.1797796400012,14.368271611198189,4.665429997681668,11.738421524182732
0.5077250000000001,0.0226255432104799,-396.17070685435675,14.370605793499722,4.671299208443759,11.738421524182732
0.508225,0.0225877806453174,-396.1615965747059,14.372942910406636,4.67716841920585,11.738421524182732
0.5087250000000001,0.0219384324071111,-396.1526278248614,14.375282961918929,4.6830376299679415,11.738421524182732
0.509225,0.021158463495951,-396.1434188596321,14.377625948036599,4.6889068407300325,11.738421524182732
0.5097250000000001,0.0198145432140443,-396.1343304683568,14.379971868759656,4.694776051492124,11.738421524182732
0.510225,0.0188797187605357,-396.1253617015161,14.382320724088093,4.700645262254215,11.738421524182732
0.5107250000000001,0.0173230090795273,-396.1154228462404,14.384672514021911,4.706514473016307,11.738421524182732
0.511225,0.0160323379451047,-396.10553485322833,14.387027238561108,4.7123836837783974,11.738421524182732
0.511725,0.0161003278198286,-396.0959100778803,14.389384897705689,4.718252894540489,11.738421524182732
0.5122250000000002,0.0147431218043893,-396.0864121742326,14.391745491455652,4.724122105302581,11.738421524182732
0.5127250000000001,0.0148123172887117,-396.0769131320139,14.39410901981099,4.729991316064672,11.738421524182732
0.513225,0.0161603284356133,-396.06759166176005,14.396475482771713,4.735860526826763,11.738421524182732
0.5137250000000002,0.0158285125422837,-396.0575030790261,14.398844880337823,4.741729737588857,11.738421524182732
0.514225,0.0149371882071554,-396.0482352478871,14.401217212509303,4.747598948350946,11.738421524182732
0.5147250000000001,0.0130244597228617,-396.0380521309899,14.403592479286171,4.753468159113037,11.738421524182732
0.515225,0.01101033285983,-396.0286731853831,14.405970680668418,4.759337369875129,11.738421524182732
0.5157250000000001,0.0098856470919095,-396.01931247671797,14.408351816656044,4.765206580637221,11.738421524182732
0.516225,0.007341654291113,-396.0099951058971,14.410735887249054,4.771075791399311,11.738421524182732
0.5167250000000001,0.0037221793462224,-396.000695841218,14.413122892447447,4.776945002161404,11.738421524182732
0.517225,0.0024657081391146,-395.99162339777405,14.415512832251215,4.782814212923494,11.738421524182732
0.5177250000000001,0.0018533237506585,-395.98201145647215,14.41790570666037,4.788683423685587,11.738421524182732
0.5182249999999999,0.0001069802358683,-395.9725852320243,14.4203015156749,4.794552634447676,11.738421524182732
0.5187250000000001,-0.0001560093592607,-395.9631367382301,14.422700259294816,4.800421845209768,11.738421524182732
0.519225,0.0005659914766496,-395.953711785925,14.425101937520111,4.806291055971861,11.738421524182732
0.519725,-0.0005417358151621,-395.945000156639,14.427506550350786,4.812160266733951,11.738421524182732
0.5202250000000002,-0.0019308456167295,-395.93600693119726,14.429914097786845,4.818029477496044,11.738421524182732
0.5207250000000001,-0.0027899627710939,-395.9277448411774,14.432324579828283,4.823898688258134,11.738421524182732
0.521225,-0.0045538378351883,-395.91903650057935,14.434737996475105,4.829767899020225,11.738421524182732
0.5217250000000002,-0.0058688604141132,-395.9105246826369,14.437154347727303,4.8356371097823185,11.738421524182732
0.522225,-0.0079175436721889,-395.9019944817657,14.439573633584885,4.841506320544408,11.738421524182732
0.5227250000000001,-0.0102026782065513,-395.8933338637296,14.441995854047848,4.847375531306501,11.738421524182732
0.523225,-0.0112224879550215,-395.88503033250896,14.44442100911619,4.853244742068591,11.738421524182732
0.5237250000000001,-0.012449035650471,-395.8771082093524,14.446849098789919,4.859113952830683,11.738421524182732
0.524225,-0.0137605626123694,-395.8690133607826,14.449280123069027,4.864983163592773,11.738421524182732
0.5247250000000001,-0.0143135922771452,-395.86113905632806,14.45171408195351,4.870852374354866,11.738421524182732
0.525225,-0.015124746382582,-395.85348361417925,14.454150975443378,4.8767215851169565,11.738421524182732
0.5257250000000001,-0.0151730026062829,-395.8458917893764,14.456590803538628,4.8825907958790475,11.738421524182732
0.5262249999999999,-0.0150469592026212,-395.83815804419294,14.459033566239258,4.8884600066411386,11.738421524182732
0.5267250000000001,-0.0157548773376048,-395.83029212596557,14.46147926354527,4.8943292174032305,11.738421524182732
0.527225,-0.0168684718868191,-395.82254124839386,14.463927895456662,4.9001984281653215,11.738421524182732
0.527725,-0.017899620282815,-395.81559237929594,14.46637946197343,4.9060676389274125,11.738421524182732
0.5282250000000002,-0.0183429773372954,-395.80866386293644,14.46883396309559,4.911936849689506,11.738421524182732
0.5287250000000001,-0.0194912511065792,-395.8018353341363,14.471291398823121,4.917806060451597,11.738421524182732
0.5292250000000001,-0.0208102573879282,-395.7950866399208,14.473751769156038,4.923675271213686,11.738421524182732
0.5297250000000001,-0.0208375198234119,-395.7882138417285,14.476215074094338,4.929544481975779,11.738421524182732
0.5302250000000001,-0.0205466302420049,-395.78095345449304,14.478681313638015,4.935413692737871,11.738421524182732
0.5307250000000001,-0.0207507953595107,-395.77364062902814,14.481150487787076,4.941282903499962,11.738421524182732
0.5312250000000001,-0.0205880457327795,-395.76712967464044,14.483622596541512,4.947152114262053,11.738421524182732
0.5317250000000001,-0.0190614117244878,-395.76075544185505,14.486097639901335,4.953021325024144,11.738421524182732
0.5322250000000001,-0.0188717973665501,-395.75445407532874,14.488575617866541,4.958890535786235,11.738421524182732
0.532725,-0.0207970406275419,-395.7480554537759,14.49105653043712,4.964759746548325,11.738421524182732
0.5332250000000001,-0.0217208537653415,-395.7423492458512,14.493540377613085,4.970628957310417,11.738421524182732
0.5337250000000001,-0.0204822763002883,-395.7365046919891,14.496027159394435,4.976498168072511,11.738421524182732
0.534225,-0.0213740063266351,-395.73012294929157,14.49851687578116,4.982367378834599,11.738421524182732
0.5347250000000001,-0.0236763068257343,-395.72400620990715,14.501009526773268,4.988236589596693,11.738421524182732
0.5352250000000001,-0.0233888139598708,-395.7176739421346,14.503505112370757,4.994105800358783,11.738421524182732
0.535725,-0.0219821586814514,-395.7122681561725,14.506003632573627,4.999975011120874,11.738421524182732
0.5362250000000002,-0.0215034831213621,-395.7070704378,14.508505087381879,5.005844221882968,11.738421524182732
0.5367250000000001,-0.021205989756273,-395.7021511594719,14.51100947679551,5.011713432645059,11.738421524182732
0.5372250000000001,-0.0205160001975742,-395.69654415574433,14.513516800814521,5.01758264340715,11.738421524182732
0.5377250000000001,-0.0188521324493743,-395.6908649441127,14.516027059438917,5.023451854169241,11.738421524182732
0.5382250000000001,-0.0179712399876942,-395.684611827361,14.518540252668693,5.029321064931333,11.738421524182732
0.5387250000000001,-0.0179372438701848,-395.67924513117947,14.521056380503849,5.035190275693423,11.738421524182732
0.5392250000000001,-0.0166081412920986,-395.6734083465566,14.523575442944384,5.041059486455516,11.738421524182732
0.5397250000000001,-0.0160797615430385,-395.6677126810159,14.526097439990306,5.046928697217607,11.738421524182732
0.5402250000000001,-0.016206366939554,-395.6620820607964,14.528622371641605,5.052797907979697,11.738421524182732
0.540725,-0.0146720446419578,-395.6562708146013,14.53115023789828,5.058667118741788,11.738421524182732
0.5412250000000001,-0.0129300758889371,-395.65039937474603,14.533681038760346,5.06453632950388,11.738421524182732
0.5417250000000001,-0.0115810753001255,-395.64480876010833,14.536214774227787,5.0704055402659725,11.738421524182732
0.542225,-0.0096624478554167,-395.63959727295395,14.53875144430061,5.076274751028062,11.738421524182732
0.5427250000000001,-0.0063358109276829,-395.6344572161913,14.541291048978815,5.0821439617901545,11.738421524182732
0.5432250000000001,-0.0027428555197328,-395.6287737315315,14.543833588262402,5.088013172552246,11.738421524182732
0.543725,-0.000535489019982,-395.6233919626993,14.546379062151368,5.0938823833143365,11.738421524182732
0.5442250000000002,0.0015913293540368,-395.6177988987167,14.548927470645715,5.099751594076429,11.738421524182732
0.5447250000000001,0.004820983912544,-395.6125482954011,14.551478813745446,5.105620804838521,11.738421524182732
0.5452250000000001,0.0069001604935476,-395.6070325935863,14.554033091450552,5.1114900156006104,11.738421524182732
0.5457250000000001,0.0074877777925607,-395.60193904265674,14.556590303761043,5.117359226362703,11.738421524182732
0.5462250000000001,0.0093481474588117,-395.5963377314138,14.559150450676917,5.123228437124793,11.738421524182732
0.546725,0.0117351331331248,-395.5902842332808,14.561713532198167,5.129097647886884,11.738421524182732
0.5472250000000001,0.0124846913840596,-395.5849368011311,14.564279548324802,5.134966858648976,11.738421524182732
0.5477250000000001,0.0137511165026964,-395.57885834236833,14.566848499056817,5.140836069411068,11.738421524182732
0.5482250000000001,0.0167523580027967,-395.5728586136966,14.569420384394215,5.146705280173158,11.738421524182732
0.548725,0.0198450776413341,-395.5665981515954,14.571995204336991,5.15257449093525,11.738421524182732
0.5492250000000001,0.0226013026916355,-395.5603243419652,14.57457295888515,5.158443701697342,11.738421524182732
0.549725,0.024529901363691,-395.5539513637933,14.577153648038687,5.164312912459432,11.738421524182732
0.550225,0.0261570158475502,-395.5481005852853,14.579737271797606,5.170182123221524,11.738421524182732
0.5507250000000001,0.0283247605805818,-395.54198918397424,14.58232383016191,5.176051333983617,11.738421524182732
0.5512250000000001,0.0289603033356018,-395.53584173290676,14.584913323131591,5.181920544745708,11.738421524182732
0.551725,0.0299192448039577,-395.5296440369231,14.587505750706656,5.187789755507799,11.738421524182732
0.5522250000000002,0.0302412840465948,-395.5231000414317,14.5901011128871,5.193658966269892,11.738421524182732
0.5527250000000001,0.0292662178038655,-395.5170523325057,14.592699409672928,5.199528177031983,11.738421524182732
0.5532250000000001,0.0292054568795824,-395.5106254277174,14.595300641064131,5.205397387794072,11.738421524182732
0.5537250000000001,0.0301778645449393,-395.5042023542086,14.59790480706072,5.211266598556165,11.738421524182732
0.5542250000000001,0.0305089546522716,-395.49766337941537,14.600511907662689,5.217135809318255,11.738421524182732
0.554725,0.0298979854814716,-395.49083039407134,14.603121942870038,5.223005020080346,11.738421524182732
0.5552250000000001,0.0299266808487525,-395.48421121161635,14.605734912682767,5.228874230842439,11.738421524182732
0.5557250000000001,0.030988535973506,-395.47778947475865,14.60835081710088,5.234743441604531,11.738421524182732
0.5562250000000001,0.0305458737524072,-395.4712993290678,14.61096965612437,5.240612652366622,11.738421524182732
0.556725,0.028327011603442,-395.4645714437583,14.613591429753248,5.246481863128712,11.738421524182732
0.5572250000000001,0.0278574832083844,-395.45805746818246,14.616216137987502,5.252351073890803,11.738421524182732
0.557725,0.0275478048144707,-395.45145856360176,14.618843780827136,5.258220284652896,11.738421524182732
0.558225,0.0254416504116252,-395.44501116031853,14.621474358272154,5.264089495414986,11.738421524182732
0.5587250000000001,0.0225564941783764,-395.438094679951,14.624107870322552,5.2699587061770785,11.738421524182732
0.5592250000000001,0.0212615229580872,-395.4309275383823,14.62674431697833,5.275827916939169,11.738421524182732
0.559725,0.0209717564341145,-395.423826988898,14.629383698239492,5.28169712770126,11.738421524182732
0.5602250000000002,0.0198610614911684,-395.41660766186715,14.632026014106035,5.287566338463353,11.738421524182732
0.560725,0.0188999913466005,-395.4097710213633,14.634671264577959,5.293435549225443,11.738421524182732
0.5612250000000001,0.0189211492253209,-395.4026075325985,14.63731944965526,5.299304759987535,11.738421524182732
0.5617250000000001,0.0189073133608157,-395.3958053935458,14.639970569337944,5.305173970749627,11.738421524182732
0.5622250000000001,0.0190209597135048,-395.38883069299254,14.642624623626011,5.311043181511718,11.738421524182732
0.562725,0.0195667057084121,-395.38209195761203,14.645281612519453,5.3169123922738075,11.738421524182732
0.5632250000000001,0.0196257292731274,-395.3751144584426,14.64794153601828,5.322781603035901,11.738421524182732
0.563725,0.0189997821689333,-395.36807043662907,14.65060439412249,5.328650813797991,11.738421524182732
0.5642250000000001,0.0188912691415491,-395.36116703162395,14.65327018683208,5.334520024560082,11.738421524182732
0.564725,0.0190525628880984,-395.3542984799978,14.655938914147052,5.340389235322173,11.738421524182732
0.5652250000000001,0.0187628893917887,-395.34744829779606,14.658610576067401,5.346258446084265,11.738421524182732
0.565725,0.0179428996484468,-395.3402834018822,14.661285172593134,5.352127656846356,11.738421524182732
0.566225,0.0182852589501296,-395.33378733879636,14.663962703724248,5.357996867608448,11.738421524182732
0.5667250000000001,0.0199337922928348,-395.3268553984904,14.666643169460741,5.36386607837054,11.738421524182732
0.5672250000000001,0.0205503111894348,-395.3203064890282,14.66932656980262,5.369735289132632,11.738421524182732
0.567725,0.0206324200550668,-395.3132838497282,14.672012904749874,5.375604499894721,11.738421524182732
0.5682250000000002,0.0226736954716048,-395.3065237201055,14.674702174302514,5.381473710656816,11.738421524182732
0.568725,0.0250072856874431,-395.3000369449887,14.677394378460532,5.387342921418905,11.738421524182732
0.5692250000000001,0.0248105176394536,-395.29319123645524,14.680089517223932,5.393212132180996,11.738421524182732
0.5697250000000001,0.0246634864294676,-395.28665903532914,14.682787590592714,5.399081342943089,11.738421524182732
0.5702250000000001,0.0258366760337621,-395.2806034433296,14.685488598566877,5.404950553705179,11.738421524182732
0.570725,0.0260443523226877,-395.2739672132483,14.68819254114642,5.41081976446727,11.738421524182732
0.5712250000000001,0.0249765854117012,-395.26755435643275,14.690899418331343,5.416688975229362,11.738421524182732
0.571725,0.0246355717353191,-395.26119806289904,14.693609230121647,5.422558185991454,11.738421524182732
0.5722250000000001,0.0253857501833417,-395.25417727462053,14.696321976517334,5.428427396753545,11.738421524182732
0.572725,0.0251322622998342,-395.2474675296697,14.699037657518401,5.434296607515636,11.738421524182732
0.5732250000000001,0.024478204206946,-395.24067590683956,14.701756273124849,5.440165818277728,11.738421524182732
0.573725,0.0243093943352395,-395.2342858709713,14.70447782333668,5.446035029039818,11.738421524182732
0.574225,0.0243324603714817,-395.227808258819,14.70720230815389,5.45190423980191,11.738421524182732
0.5747250000000002,0.0231161725067517,-395.2212470862483,14.709929727576482,5.4577734505640025,11.738421524182732
0.5752250000000001,0.0213338327307686,-395.21411565440883,14.712660081604453,5.4636426613260936,11.738421524182732
0.575725,0.0201358580709106,-395.20709800676394,14.715393370237807,5.469511872088185,11.738421524182732
0.5762250000000002,0.0183096147135897,-395.1998494904262,14.718129593476542,5.475381082850277,11.738421524182732
0.576725,0.0153523752826951,-395.1932184451853,14.72086875132066,5.4812502936123675,11.738421524182732
0.5772250000000001,0.0127756814394244,-395.1863902752641,14.723610843770155,5.487119504374459,11.738421524182732
0.577725,0.0116132748653641,-395.17987266913065,14.72635587082503,5.4929887151365495,11.738421524182732
0.5782250000000001,0.0090228963323198,-395.17301322676775,14.729103832485292,5.498857925898641,11.738421524182732
0.578725,0.0055937557830487,-395.1667183211263,14.731854728750934,5.504727136660732,11.738421524182732
0.5792250000000001,0.0040200185552663,-395.1602453836932,14.734608559621952,5.510596347422824,11.738421524182732
0.579725,0.0028686328685372,-395.15372825255315,14.737365325098356,5.516465558184915,11.738421524182732
0.5802250000000001,-0.0004232981970575,-395.14722703608254,14.74012502518014,5.522334768947008,11.738421524182732
0.5807249999999999,-0.0038969305156132,-395.1408913513844,14.7428876598673,5.5282039797090965,11.738421524182732
0.5812250000000001,-0.005844239227866,-395.1339643618859,14.745653229159842,5.534073190471189,11.738421524182732
0.581725,-0.0090540637058744,-395.12701562272457,14.74842173305777,5.539942401233281,11.738421524182732
0.582225,-0.0124856332296691,-395.12052058085925,14.75119317156108,5.545811611995371,11.738421524182732
0.5827250000000002,-0.0153597622004988,-395.11398727425166,14.753967544669766,5.551680822757466,11.738421524182732
0.5832250000000001,-0.0177251433304794,-395.1073466606923,14.756744852383838,5.557550033519555,11.738421524182732
0.583725,-0.0191987521004493,-395.1006946460901,14.759525094703289,5.563419244281646,11.738421524182732
0.5842250000000002,-0.0213904648589884,-395.094068684009,14.762308271628118,5.569288455043739,11.738421524182732
0.584725,-0.0224382881371532,-395.08695228085975,14.76509438315833,5.575157665805829,11.738421524182732
0.5852250000000001,-0.0223227356318315,-395.0798298317072,14.767883429293923,5.581026876567921,11.738421524182732
0.585725,-0.0237768543198473,-395.0728425133178,14.770675410034897,5.586896087330012,11.738421524182732
0.5862250000000001,-0.0241987399734884,-395.0658117183694,14.773470325381254,5.592765298092103,11.738421524182732
0.586725,-0.0237669373539532,-395.0589219309349,14.776268175332993,5.598634508854193,11.738421524182732
0.5872250000000001,-0.0246200080896354,-395.0525035710961,14.779068959890107,5.604503719616286,11.738421524182732
0.587725,-0.0263513854260191,-395.04603194771056,14.78187267905261,5.610372930378377,11.738421524182732
0.5882250000000001,-0.0278665302473272,-395.03900910434913,14.784679332820488,5.616242141140469,11.738421524182732
0.5887249999999999,-0.0281488501327522,-395.0322719130305,14.787488921193747,5.622111351902559,11.738421524182732
0.5892250000000001,-0.0282532419334577,-395.0261043511481,14.79030144417239,5.627980562664652,11.738421524182732
0.589725,-0.0289413023598735,-395.01950772012714,14.793116901756411,5.633849773426743,11.738421524182732
0.590225,-0.0280808475010502,-395.01285292047413,14.795935293945812,5.639718984188833,11.738421524182732
0.5907250000000002,-0.0269877879510773,-395.00610947147266,14.798756620740601,5.645588194950927,11.738421524182732
0.5912250000000001,-0.0270738777071351,-394.99945611397436,14.80158088214077,5.651457405713018,11.738421524182732
0.5917250000000001,-0.0261033255124369,-394.9930970896908,14.804408078146313,5.657326616475108,11.738421524182732
0.5922250000000001,-0.0249210995860632,-394.9862705838391,14.807238208757243,5.6631958272372,11.738421524182732
0.5927250000000001,-0.0243651678486075,-394.9795778118226,14.81007127397355,5.66906503799929,11.738421524182732
0.5932250000000001,-0.0248599809268203,-394.972972831032,14.812907273795242,5.6749342487613825,11.738421524182732
0.5937250000000001,-0.024812567717314,-394.96615425258403,14.815746208222313,5.6808034595234735,11.738421524182732
0.5942250000000001,-0.0243874214649514,-394.9601160290498,14.818588077254766,5.6866726702855654,11.738421524182732
0.5947250000000001,-0.0246789631724484,-394.95433401179014,14.8214328808926,5.6925418810476565,11.738421524182732
0.595225,-0.0248302821055001,-394.94779795653795,14.824280619135811,5.698411091809747,11.738421524182732
0.5957250000000001,-0.0237196662855769,-394.94131059737936,14.827131291984406,5.704280302571839,11.738421524182732
0.5962250000000001,-0.0225861485406556,-394.9342817178462,14.829984899438385,5.71014951333393,11.738421524182732
0.596725,-0.0226660578308735,-394.9275165630039,14.83284144149774,5.71601872409602,11.738421524182732
0.5972250000000001,-0.0215966056650418,-394.92110487036945,14.835700918162482,5.721887934858113,11.738421524182732
0.5977250000000001,-0.019397734743566,-394.9147700333254,14.838563329432597,5.727757145620203,11.738421524182732
0.598225,-0.0177969862171149,-394.9087766223245,14.841428675308102,5.733626356382295,11.738421524182732
0.5987250000000002,-0.0170588584768414,-394.9025358897479,14.844296955788982,5.739495567144388,11.738421524182732
0.5992250000000001,-0.0169426145490814,-394.89624465073115,14.847168170875246,5.745364777906479,11.738421524182732
0.5997250000000001,-0.0155485381242104,-394.88963557577654,14.850042320566887,5.75123398866857,11.738421524182732
0.6002250000000001,-0.014731825622032,-394.88318441919995,14.852919404863915,5.757103199430662,11.738421524182732
0.6007250000000001,-0.0147686586048307,-394.87661740565386,14.855799423766317,5.762972410192753,11.738421524182732
0.6012250000000001,-0.013675172210119,-394.87048743987214,14.858682377274107,5.768841620954844,11.738421524182732
0.6017250000000001,-0.0121589433701459,-394.86389131441837,14.861568265387277,5.774710831716936,11.738421524182732
0.6022250000000001,-0.0104585565225071,-394.8572565091038,14.864457088105825,5.780580042479027,11.738421524182732
0.6027250000000001,-0.0084425267496766,-394.85072373179264,14.867348845429753,5.786449253241118,11.738421524182732
0.603225,-0.0056261878661923,-394.8442224669071,14.870243537359062,5.792318464003208,11.738421524182732
0.6037250000000001,-0.0035252357183549,-394.83746833507524,14.873141163893758,5.7981876747653,11.738421524182732
0.6042250000000001,-0.0023162491741633,-394.83096814646484,14.876041725033827,5.804056885527393,11.738421524182732
0.604725,-0.00022347793544,-394.8239720282445,14.878945220779283,5.809926096289482,11.738421524182732
0.6052250000000001,0.0021903648000395,-394.81751285948275,14.881851651130118,5.815795307051576,11.738421524182732
0.6057250000000001,0.0035272506347251,-394.8110838134592,14.884761016086333,5.821664517813667,11.738421524182732
0.606225,0.0050020887743096,-394.80455438049194,14.887673315647932,5.827533728575757,11.738421524182732
0.6067250000000002,0.0070862083019061,-394.79764666657906,14.890588549814916,5.833402939337851,11.738421524182732
0.6072250000000001,0.0090273089072902,-394.7908540569277,14.893506718587272,5.839272150099942,11.738421524182732
0.6077250000000001,0.0105484435858987,-394.78342836629025,14.896427821965014,5.845141360862032,11.738421524182732
0.6082250000000001,0.0123352859006702,-394.77647776702935,14.899351859948132,5.851010571624124,11.738421524182732
0.6087250000000001,0.015402897169778,-394.76980356985393,14.902278832536634,5.856879782386214,11.738421524182732
0.609225,0.0171492182672814,-394.76308161005045,14.905208739730517,5.862748993148305,11.738421524182732
0.6097250000000001,0.0185464959152692,-394.7557369890285,14.908141581529781,5.868618203910397,11.738421524182732
0.6102250000000001,0.0208159836451801,-394.74887853651103,14.91107735793443,5.8744874146724895,11.738421524182732
0.6107250000000001,0.0227663304030196,-394.7416083123394,14.914016068944456,5.88035662543458,11.738421524182732
0.611225,0.023060615389569,-394.73454763184355,14.916957714559862,5.886225836196671,11.738421524182732
0.6117250000000001,0.0225243383150056,-394.72740493135296,14.919902294780654,5.892095046958763,11.738421524182732
0.612225,0.0226227659161641,-394.72000787531243,14.92284980960682,5.8979642577208535,11.738421524182732
0.612725,0.0226499342353189,-394.71294939469385,14.925800259038372,5.903833468482945,11.738421524182732
0.6132250000000001,0.0216288116900863,-394.7052114020125,14.928753643075305,5.909702679245037,11.738421524182732
0.6137250000000001,0.0216227019681188,-394.697746224804,14.931709961717617,5.915571890007128,11.738421524182732
0.614225,0.0226529053213758,-394.69043652179744,14.93466921496531,5.9214411007692185,11.738421524182732
0.6147250000000002,0.0235227138036762,-394.6831458859549,14.93763140281839,5.927310311531312,11.738421524182732
0.6152250000000001,0.024670059131552,-394.6762022867119,14.940596525276842,5.933179522293403,11.738421524182732
0.6157250000000001,0.0252937982192711,-394.66898475324956,14.943564582340683,5.939048733055493,11.738421524182732
0.6162250000000001,0.0261586629115734,-394.6612908651405,14.946535574009898,5.944917943817586,11.738421524182732
0.6167250000000001,0.0261177040108707,-394.65375439968255,14.949509500284497,5.950787154579676,11.738421524182732
0.617225,0.024218649243691,-394.64605623896523,14.952486361164482,5.956656365341767,11.738421524182732
0.6177250000000001,0.0240040252476613,-394.63857982322423,14.955466156649843,5.96252557610386,11.738421524182732
0.6182250000000001,0.0236823389109326,-394.63134169760366,14.958448886740584,5.96839478686595,11.738421524182732
0.6187250000000001,0.0215112828895449,-394.6239763341162,14.961434551436708,5.974263997628043,11.738421524182732
0.619225,0.021084332473508,-394.6166984137576,14.964423150738211,5.980133208390133,11.738421524182732
0.6197250000000001,0.022116356729063,-394.60882073411364,14.9674146846451,5.986002419152224,11.738421524182732
0.620225,0.0223325792896919,-394.60112555519106,14.970409153157366,5.991871629914316,11.738421524182732
0.620725,0.0228112116384894,-394.5936061251615,14.973406556275007,5.997740840676405,11.738421524182732
0.6212250000000001,0.0244040828496986,-394.58593529186476,14.976406893998039,6.0036100514385,11.738421524182732
0.6217250000000001,0.0250482313080994,-394.5784627357634,14.97941016632645,6.00947926220059,11.738421524182732
0.622225,0.0259409833857268,-394.57133875943924,14.982416373260241,6.015348472962681,11.738421524182732
0.6227250000000002,0.0268572857016828,-394.5638052269024,14.985425514799415,6.021217683724774,11.738421524182732
0.623225,0.0269810435607927,-394.5562838164335,14.988437590943963,6.027086894486864,11.738421524182732
0.6237250000000001,0.0274448862809595,-394.54853780333485,14.9914526016939,6.032956105248957,11.738421524182732
0.6242250000000001,0.0275697588829684,-394.54087478911737,14.994470547049213,6.038825316011048,11.738421524182732
0.6247250000000001,0.027740607193893,-394.5331501196614,14.997491427009912,6.044694526773139,11.738421524182732
0.625225,0.0284915994250294,-394.5255265039342,15.000515241575986,6.050563737535229,11.738421524182732
0.6257250000000001,0.0289233879720319,-394.51829656532624,15.003541990747449,6.056432948297321,11.738421524182732
0.626225,0.0296559998347795,-394.51046881814113,15.006571674524281,6.062302159059412,11.738421524182732
0.6267250000000001,0.0312248211314138,-394.5028263289426,15.009604292906502,6.068171369821504,11.738421524182732
0.627225,0.0331025580423878,-394.4952560131954,15.012639845894103,6.0740405805835955,11.738421524182732
0.6277250000000001,0.0339285230473261,-394.48812187310085,15.015678333487088,6.0799097913456865,11.738421524182732
0.628225,0.0345673322313441,-394.4799136241015,15.018719755685455,6.085779002107778,11.738421524182732
0.628725,0.0352923578187073,-394.4715965386148,15.021764112489196,6.091648212869869,11.738421524182732
0.6292250000000001,0.0343169074122866,-394.4636245126267,15.024811403898322,6.0975174236319605,11.738421524182732
0.6297250000000001,0.0329799355823789,-394.45590438759285,15.027861629912827,6.1033866343940515,11.738421524182732
0.630225,0.032713193805811,-394.44815794132234,15.030914790532716,6.1092558451561425,11.738421524182732
0.6307250000000002,0.0322415733975178,-394.4403033828711,15.033970885757984,6.115125055918236,11.738421524182732
0.631225,0.0313817298590657,-394.43217007801917,15.037029915588635,6.120994266680325,11.738421524182732
0.6317250000000001,0.0310525663722634,-394.42381753485864,15.040091880024665,6.126863477442417,11.738421524182732
0.6322250000000001,0.0307254462138719,-394.4157238561949,15.043156779066077,6.132732688204509,11.738421524182732
0.6327250000000001,0.0308144682474695,-394.40785035867776,15.046224612712871,6.138601898966601,11.738421524182732
0.633225,0.0299574382717977,-394.3997847306124,15.049295380965043,6.144471109728692,11.738421524182732
0.6337250000000001,0.0288701960096373,-394.3909743566758,15.052369083822597,6.150340320490783,11.738421524182732
0.634225,0.0274826819283851,-394.3821523393044,15.055445721285531,6.156209531252873,11.738421524182732
0.6347250000000001,0.0250631868117442,-394.3733269295717,15.05852529335385,6.162078742014964,11.738421524182732
0.635225,0.0218879416230461,-394.36456226889453,15.061607800027547,6.167947952777056,11.738421524182732
0.6357250000000001,0.019249831013077,-394.35600783471415,15.06469324130663,6.173817163539148,11.738421524182732
0.636225,0.0166873791683005,-394.3477329204042,15.067781617191086,6.179686374301238,11.738421524182732
0.636725,0.0126610225753498,-394.33863616716303,15.070872927680929,6.185555585063331,11.738421524182732
0.6372250000000002,0.0089859829427363,-394.32964602609695,15.073967172776152,6.191424795825423,11.738421524182732
0.6377250000000001,0.0068697682214242,-394.3204287608842,15.077064352476754,6.197294006587514,11.738421524182732
0.638225,0.0049079986447374,-394.3112483675647,15.080164466782737,6.203163217349605,11.738421524182732
0.6387250000000002,0.0028635689983683,-394.3021290029074,15.083267515694107,6.209032428111699,11.738421524182732
0.639225,0.0008061474299726,-394.2929968439786,15.086373499210849,6.214901638873788,11.738421524182732
0.6397250000000001,-0.001358986378906,-394.2836140906113,15.089482417332976,6.220770849635879,11.738421524182732
0.640225,-0.0028152718616143,-394.2740594504764,15.092594270060484,6.226640060397971,11.738421524182732
0.6407250000000001,-0.0051298577271359,-394.2642745713815,15.095709057393373,6.232509271160062,11.738421524182732
0.641225,-0.0088880500929719,-394.2552517872923,15.098826779331644,6.238378481922153,11.738421524182732
0.6417250000000001,-0.0117341263104204,-394.24587906485186,15.1019474358753,6.244247692684245,11.738421524182732
0.642225,-0.0140976989462663,-394.2364836991181,15.105071027024332,6.250116903446336,11.738421524182732
0.6427250000000001,-0.0170953216710676,-394.22718412332586,15.108197552778744,6.255986114208428,11.738421524182732
0.6432249999999999,-0.0186511877923674,-394.21738226366136,15.111327013138537,6.261855324970517,11.738421524182732
0.6437250000000001,-0.0194313262672681,-394.2077261571357,15.114459408103714,6.267724535732611,11.738421524182732
0.644225,-0.0203038033681671,-394.19792779933385,15.11759473767427,6.273593746494702,11.738421524182732
0.644725,-0.0207447161607688,-394.18810844909854,15.120733001850208,6.279462957256792,11.738421524182732
0.6452250000000002,-0.0206946815788236,-394.17878930768984,15.12387420063153,6.285332168018885,11.738421524182732
0.6457250000000001,-0.0212213764640734,-394.1693554105021,15.127018334018226,6.2912013787809755,11.738421524182732
0.646225,-0.0214236268317165,-394.1595401810615,15.130165402010308,6.2970705895430665,11.738421524182732
0.6467250000000002,-0.0215858267453481,-394.1501813969056,15.133315404607771,6.302939800305159,11.738421524182732
0.647225,-0.0223706806867933,-394.14070203874076,15.136468341810614,6.308809011067249,11.738421524182732
0.6477250000000001,-0.0226624017698042,-394.1314755593724,15.139624213618838,6.314678221829342,11.738421524182732
0.648225,-0.0230358234042931,-394.12190730656675,15.142783020032443,6.3205474325914315,11.738421524182732
0.6487250000000001,-0.0231990622426316,-394.1121313228293,15.14594476105143,6.326416643353524,11.738421524182732
0.649225,-0.0225900394680288,-394.1028511384969,15.149109436675797,6.332285854115614,11.738421524182732
0.6497250000000001,-0.0229162448182772,-394.0931656301306,15.152277046905546,6.338155064877707,11.738421524182732
0.650225,-0.0227581409012505,-394.0840120647688,15.155447591740675,6.344024275639798,11.738421524182732
0.6507250000000001,-0.0212106921657493,-394.0744975603702,15.158621071181182,6.34989348640189,11.738421524182732
0.6512249999999999,-0.020585853996446,-394.06503494226854,15.161797485227076,6.355762697163979,11.738421524182732
0.6517250000000001,-0.0201442285389691,-394.0553593076867,15.16497683387835,6.361631907926071,11.738421524182732
0.652225,-0.0188372966199957,-394.0456535501349,15.168159117135003,6.367501118688163,11.738421524182732
0.652725,-0.0183198045396509,-394.03658495703087,15.171344334997034,6.373370329450253,11.738421524182732
0.6532250000000002,-0.0187098723885429,-394.02774740479924,15.174532487464454,6.379239540212347,11.738421524182732
0.6537250000000001,-0.0184169552602578,-394.0187572901905,15.17772357453725,6.385108750974438,11.738421524182732
0.6542250000000001,-0.0196152793825751,-394.0098492139698,15.180917596215428,6.390977961736528,11.738421524182732
0.6547250000000001,-0.0205114179677461,-394.00067552455715,15.184114552498986,6.396847172498621,11.738421524182732
0.6552250000000001,-0.0200032999094161,-393.99096463550507,15.187314443387928,6.402716383260711,11.738421524182732
0.6557250000000001,-0.0204759945402708,-393.9819703511001,15.190517268882246,6.408585594022804,11.738421524182732
0.6562250000000001,-0.0199769022720472,-393.97267617567013,15.193723028981951,6.414454804784895,11.738421524182732
0.6567250000000001,-0.0190901741608258,-393.9638322750721,15.196931723687031,6.420324015546985,11.738421524182732
0.6572250000000001,-0.01937317683526,-393.9545483261294,15.200143352997497,6.426193226309077,11.738421524182732
0.657725,-0.0188102193673246,-393.94543953450346,15.20335791691334,6.432062437071168,11.738421524182732
0.6582250000000001,-0.0186788164161452,-393.9363460896565,15.206575415434568,6.437931647833259,11.738421524182732
0.6587250000000001,-0.0201889974668532,-393.92808155725555,15.209795848561175,6.443800858595351,11.738421524182732
0.659225,-0.0202280166789188,-393.91915106434163,15.213019216293164,6.44967006935744,11.738421524182732
0.6597250000000001,-0.0198208851490018,-393.9101355253809,15.216245518630531,6.455539280119535,11.738421524182732
0.6602250000000001,-0.0212278465917755,-393.901078073009,15.219474755573279,6.461408490881625,11.738421524182732
0.660725,-0.0221897296750359,-393.89219209306634,15.222706927121415,6.467277701643716,11.738421524182732
0.6612250000000002,-0.0216099566214851,-393.8830663286304,15.225942033274926,6.473146912405809,11.738421524182732
0.6617250000000001,-0.0219568474217388,-393.87441725769906,15.22918007403382,6.4790161231679,11.738421524182732
0.6622250000000001,-0.022012600241022,-393.8650687553669,15.232421049398091,6.484885333929991,11.738421524182732
0.6627250000000001,-0.0217314053140154,-393.8559939675227,15.23566495936775,6.4907545446920825,11.738421524182732
0.6632250000000001,-0.0216902963084003,-393.8470952555471,15.238911803942784,6.4966237554541735,11.738421524182732
0.6637250000000001,-0.0212954228007411,-393.83817083852773,15.242161583123202,6.5024929662162645,11.738421524182732
0.6642250000000001,-0.0208494924112998,-393.82948035542944,15.245414296909003,6.508362176978356,11.738421524182732
0.6647250000000001,-0.0201843062411681,-393.8203991853903,15.248669945300183,6.514231387740447,11.738421524182732
0.6652250000000001,-0.019176579638202,-393.8110785814289,15.251928528296743,6.520100598502539,11.738421524182732
0.665725,-0.0187656008728815,-393.8022336003027,15.255190045898683,6.52596980926463,11.738421524182732
0.6662250000000001,-0.0181508802091029,-393.79305435974294,15.258454498106007,6.531839020026721,11.738421524182732
0.6667250000000001,-0.0163930295485439,-393.7836983716637,15.26172188491871,6.537708230788814,11.738421524182732
0.667225,-0.0151119571941102,-393.7746580512059,15.264992206336794,6.5435774415509025,11.738421524182732
0.6677250000000001,-0.0143537055467143,-393.7656173301066,15.268265462360263,6.549446652312995,11.738421524182732
0.6682250000000001,-0.01193862539071,-393.7568210954751,15.27154165298911,6.555315863075088,11.738421524182732
0.668725,-0.0087625745133917,-393.74728437321767,15.274820778223337,6.561185073837177,11.738421524182732
0.6692250000000002,-0.00616369962673,-393.7374751896363,15.278102838062948,6.567054284599271,11.738421524182732
0.6697250000000001,-0.0043987926448422,-393.7282695775642,15.281387832507937,6.572923495361362,11.738421524182732
0.6702250000000001,-0.0022148861456685,-393.7188659047913,15.28467576155831,6.578792706123452,11.738421524182732
0.6707250000000001,0.0003569707262928,-393.70939821307627,15.287966625214061,6.584661916885545,11.738421524182732
0.6712250000000001,0.0020512784841383,-393.7002357538672,15.291260423475194,6.590531127647636,11.738421524182732
0.671725,0.0027116813837431,-393.69049530694525,15.294557156341709,6.596400338409726,11.738421524182732
0.6722250000000001,0.0039749794103612,-393.68121732018113,15.297856823813602,6.602269549171818,11.738421524182732
0.6727250000000001,0.0062448172828229,-393.6716134451373,15.30115942589088,6.608138759933911,11.738421524182732
0.6732250000000001,0.0073065326539011,-393.66258369483336,15.304464962573537,6.614007970696,11.738421524182732
0.673725,0.0084266807565091,-393.65351915888,15.307773433861573,6.619877181458091,11.738421524182732
0.6742250000000001,0.0103247634177097,-393.6439518233773,15.311084839754994,6.625746392220183,11.738421524182732
0.674725,0.0125069120908306,-393.63488014081605,15.314399180253794,6.631615602982273,11.738421524182732
0.675225,0.0147881792873113,-393.6258425489655,15.31771645535798,6.637484813744366,11.738421524182732
0.6757250000000001,0.0165591739258919,-393.6159882818353,15.32103666506754,6.643354024506458,11.738421524182732
0.6762250000000001,0.0179487802357368,-393.6066999842401,15.32435980938248,6.649223235268549,11.738421524182732
0.676725,0.0201087493227342,-393.59693370915915,15.327685888302804,6.65509244603064,11.738421524182732
0.6772250000000002,0.0220441392414266,-393.58776159477156,15.331014901828516,6.660961656792733,11.738421524182732
0.6777250000000001,0.0225856905488177,-393.57839516962696,15.334346849959605,6.6668308675548245,11.738421524182732
0.6782250000000001,0.0227021575632835,-393.56894419482705,15.337681732696069,6.672700078316915,11.738421524182732
0.6787250000000001,0.0239973425640817,-393.55968191170473,15.341019550037917,6.6785692890790065,11.738421524182732
0.6792250000000001,0.0252975071537456,-393.5503402967966,15.34436030198515,6.6844384998410975,11.738421524182732
0.679725,0.0256020932941448,-393.5412434487478,15.347703988537758,6.690307710603188,11.738421524182732
0.6802250000000001,0.0257809065892425,-393.5321972844223,15.35105060969575,6.6961769213652795,11.738421524182732
0.6807250000000001,0.02698916621594,-393.5228109905426,15.354400165459126,6.702046132127371,11.738421524182732
0.6812250000000001,0.0291895786955006,-393.51404173144743,15.357752655827882,6.7079153428894625,11.738421524182732
0.681725,0.0306630320951982,-393.5049387968809,15.361108080802016,6.713784553651553,11.738421524182732
0.6822250000000001,0.0317907049075163,-393.4961187578095,15.364466440381529,6.719653764413645,11.738421524182732
0.682725,0.0326463368058194,-393.4874636733464,15.367827734566427,6.725522975175736,11.738421524182732
0.683225,0.0343716617764502,-393.4793527565697,15.371191963356704,6.7313921859378265,11.738421524182732
0.6837250000000001,0.0353503025309793,-393.4707154717366,15.374559126752365,6.737261396699921,11.738421524182732
0.6842250000000001,0.0352077958989276,-393.4619607878589,15.377929224753405,6.74313060746201,11.738421524182732
0.684725,0.0356731497252293,-393.4529464369167,15.38130225735983,6.748999818224102,11.738421524182732
0.6852250000000002,0.0365797108357849,-393.4449109567625,15.384678224571632,6.754869028986194,11.738421524182732
0.685725,0.036315102658051,-393.4368094050386,15.388057126388812,6.760738239748284,11.738421524182732
0.6862250000000001,0.0369063859877989,-393.4287132201789,15.39143896281138,6.766607450510377,11.738421524182732
0.6867250000000001,0.0379366620448242,-393.42007327234427,15.394823733839326,6.772476661272468,11.738421524182732
0.6872250000000001,0.038632858350275,-393.4116327175515,15.398211439472647,6.778345872034559,11.738421524182732
0.687725,0.0394910251503112,-393.4031413737121,15.401602079711356,6.784215082796649,11.738421524182732
0.6882250000000001,0.0398876626765781,-393.3949235740045,15.40499565455545,6.790084293558742,11.738421524182732
0.688725,0.0401435481982906,-393.38671943719646,15.408392164004914,6.795953504320833,11.738421524182732
0.6892250000000001,0.0405041906059709,-393.3786601818243,15.411791608059767,6.801822715082925,11.738421524182732
0.689725,0.0395292825281137,-393.37064742689586,15.41519398672,6.807691925845015,11.738421524182732
0.6902250000000001,0.0385804931641951,-393.3625403403645,15.418599299985617,6.813561136607107,11.738421524182732
0.690725,0.0382523732893914,-393.35457184040666,15.422007547856607,6.819430347369198,11.738421524182732
0.691225,0.0371799746415261,-393.34619254082406,15.42541873033298,6.825299558131288,11.738421524182732
0.6917250000000001,0.0357335396249284,-393.3386441282726,15.428832847414737,6.831168768893382,11.738421524182732
0.6922250000000001,0.0341297005076298,-393.33075508482153,15.432249899101874,6.837037979655473,11.738421524182732
0.692725,0.0329454905232343,-393.32277912156707,15.435669885394395,6.842907190417563,11.738421524182732
0.6932250000000002,0.0317197252079915,-393.3146503524201,15.439092806292294,6.848776401179657,11.738421524182732
0.693725,0.0306508678076752,-393.3066801256881,15.442518661795575,6.854645611941746,11.738421524182732
0.6942250000000001,0.0287559727895193,-393.29911566849796,15.445947451904237,6.860514822703838,11.738421524182732
0.6947250000000001,0.0269442389810862,-393.29156327649207,15.449379176618278,6.8663840334659305,11.738421524182732
0.6952250000000001,0.0251786444338558,-393.28368126660547,15.4528138359377,6.87225324422802,11.738421524182732
0.695725,0.0224542587384311,-393.27612724754874,15.456251429862506,6.8781224549901125,11.738421524182732
0.6962250000000001,0.0192426290149218,-393.26855400546003,15.45969195839269,6.883991665752203,11.738421524182732
0.696725,0.0156936685045596,-393.26170950543303,15.463135421528257,6.889860876514294,11.738421524182732
0.6972250000000001,0.0123896709636406,-393.25441789833053,15.466581819269203,6.895730087276386,11.738421524182732
0.697725,0.0092075965443237,-393.2465172914595,15.470031151615533,6.901599298038476,11.738421524182732
0.6982250000000001,0.0058129294715166,-393.2384278996826,15.473483418567243,6.907468508800569,11.738421524182732
0.698725,0.0017025199619935,-393.23067028829587,15.476938620124333,6.9133377195626595,11.738421524182732
0.699225,-0.0011689551099413,-393.22307249335444,15.480396756286806,6.9192069303247505,11.738421524182732
0.6997250000000002,-0.0030859466568332,-393.2157146175965,15.483857827054662,6.925076141086843,11.738421524182732
0.7002250000000001,-0.0058421216435859,-393.2080711652396,15.487321832427895,6.930945351848934,11.738421524182732
0.700725,-0.0081170864109603,-393.200448270989,15.490788772406505,6.936814562611026,11.738421524182732
0.7012250000000002,-0.0097532817650737,-393.1925663622241,15.494258646990504,6.942683773373118,11.738421524182732
0.701725,-0.0123210172853091,-393.1854838852067,15.497731456179881,6.948552984135207,11.738421524182732
0.7022250000000001,-0.0142595272043103,-393.17768340038793,15.50120719997464,6.9544221948973,11.738421524182732
0.702725,-0.0159669393171387,-393.16991663103056,15.50468587837478,6.96029140565939,11.738421524182732
0.7032250000000001,-0.0174774070216994,-393.16256901878825,15.508167491380297,6.966160616421481,11.738421524182732
0.703725,-0.019249442567811,-393.15503689950367,15.5116520389912,6.972029827183572,11.738421524182732
0.7042250000000001,-0.0210061354852308,-393.14770373585105,15.515139521207482,6.977899037945666,11.738421524182732
0.704725,-0.0219603091040967,-393.1399384366757,15.518629938029148,6.983768248707756,11.738421524182732
0.7052250000000001,-0.0223479848163378,-393.1320494196616,15.522123289456191,6.989637459469849,11.738421524182732
0.7057249999999999,-0.0232777480905144,-393.1246521616362,15.525619575488614,6.995506670231937,11.738421524182732
0.7062250000000001,-0.023780094778892,-393.11675016009326,15.52911879612642,7.001375880994032,11.738421524182732
0.706725,-0.0231602357406188,-393.10884655013933,15.53262095136961,7.007245091756123,11.738421524182732
0.707225,-0.0226061368185469,-393.1009480960073,15.536126041218179,7.013114302518213,11.738421524182732
0.7077250000000002,-0.0233700986539706,-393.0931475056249,15.539634065672129,7.018983513280307,11.738421524182732
0.7082250000000001,-0.023659954475418,-393.085370760957,15.543145024731455,7.024852724042396,11.738421524182732
0.708725,-0.0232797584243401,-393.07760285934665,15.54665891839617,7.030721934804487,11.738421524182732
0.7092250000000002,-0.0235562657743401,-393.0700857347217,15.550175746666264,7.036591145566581,11.738421524182732
0.709725,-0.0241934339043025,-393.0627112757776,15.553695509541736,7.04246035632867,11.738421524182732
0.7102250000000001,-0.0247188135538535,-393.0550214275698,15.557218207022592,7.048329567090763,11.738421524182732
0.710725,-0.0239379487570778,-393.0475733134082,15.560743839108826,7.054198777852853,11.738421524182732
0.7112250000000001,-0.0222610866233672,-393.03993301955876,15.564272405800445,7.0600679886149456,11.738421524182732
0.711725,-0.0222731591054601,-393.0325599734036,15.56780390709744,7.065937199377035,11.738421524182732
0.7122250000000001,-0.022029825483677,-393.02469916217024,15.57133834299982,7.0718064101391285,11.738421524182732
0.712725,-0.0207805146601752,-393.0171350670305,15.574875713507582,7.0776756209012195,11.738421524182732
0.7132250000000001,-0.0206264808911307,-393.00980803544326,15.578416018620722,7.0835448316633105,11.738421524182732
0.7137249999999999,-0.021078133541327,-393.0026541411032,15.581959258339246,7.089414042425401,11.738421524182732
0.7142250000000001,-0.0223370311936693,-392.99502347681835,15.585505432663146,7.0952832531874925,11.738421524182732
0.714725,-0.0244645356351855,-392.98759418326006,15.589054541592432,7.101152463949584,11.738421524182732
0.715225,-0.0250629092959422,-392.9800883315537,15.592606585127097,7.107021674711675,11.738421524182732
0.7157250000000002,-0.0256984513165562,-392.9731681440963,15.596161563267147,7.112890885473768,11.738421524182732
0.7162250000000001,-0.0280853847020336,-392.9658839435453,15.59971947601257,7.118760096235859,11.738421524182732
0.7167250000000001,-0.0290804217987983,-392.95856529702854,15.603280323363382,7.124629306997949,11.738421524182732
0.7172250000000001,-0.029088611296975,-392.95173046845406,15.60684410531957,7.130498517760041,11.738421524182732
0.7177250000000001,-0.0298053793234066,-392.9446382214022,15.61041082188114,7.136367728522132,11.738421524182732
0.7182250000000001,-0.0300743673627219,-392.9378358925813,15.613980473048093,7.142236939284224,11.738421524182732
0.7187250000000001,-0.03109362150183,-392.93108145933587,15.617553058820425,7.148106150046315,11.738421524182732
0.7192250000000001,-0.0314448471556036,-392.92404170038526,15.621128579198137,7.153975360808406,11.738421524182732
0.7197250000000001,-0.0307570808954559,-392.91734838395956,15.624707034181233,7.159844571570497,11.738421524182732
0.720225,-0.0316187208680074,-392.9102223613879,15.628288423769709,7.165713782332588,11.738421524182732
0.7207250000000001,-0.0330664252714597,-392.9035129028302,15.631872747963564,7.17158299309468,11.738421524182732
0.7212250000000001,-0.0335409316847092,-392.89656091474023,15.635460006762806,7.177452203856772,11.738421524182732
0.721725,-0.0339467791188174,-392.88986151449626,15.639050200167421,7.183321414618861,11.738421524182732
0.7222250000000001,-0.0343442345041631,-392.88309807163745,15.64264332817742,7.189190625380955,11.738421524182732
0.7227250000000001,-0.0342303385861707,-392.8764656314608,15.646239390792802,7.195059836143045,11.738421524182732
0.723225,-0.0331480727264791,-392.8699144392741,15.649838388013565,7.200929046905137,11.738421524182732
0.7237250000000002,-0.0319796192199461,-392.86351789914244,15.65344031983971,7.20679825766723,11.738421524182732
0.7242250000000001,-0.030631263638233,-392.85657072679925,15.657045186271233,7.21266746842932,11.738421524182732
0.7247250000000001,-0.0288785971499099,-392.8499076480759,15.660652987308138,7.218536679191411,11.738421524182732
0.7252250000000001,-0.0270007826368805,-392.8432216066067,15.664263722950427,7.224405889953503,11.738421524182732
0.7257250000000001,-0.0254529482574209,-392.8366301164809,15.667877393198092,7.230275100715594,11.738421524182732
0.7262250000000001,-0.0245965543619684,-392.8304652129561,15.671493998051137,7.236144311477685,11.738421524182732
0.7267250000000001,-0.0229521793393789,-392.8240651086217,15.675113537509569,7.242013522239777,11.738421524182732
0.7272250000000001,-0.0207381914921949,-392.8172216972648,15.678736011573381,7.247882733001868,11.738421524182732
0.7277250000000001,-0.0194091993415349,-392.8106890759212,15.68236142024257,7.25375194376396,11.738421524182732
0.728225,-0.0178311753320348,-392.8038512216268,15.685989763517142,7.25962115452605,11.738421524182732
0.7287250000000001,-0.0143512308458702,-392.7972139529784,15.689621041397098,7.265490365288143,11.738421524182732
0.7292250000000001,-0.0103606804403584,-392.7902275270327,15.693255253882432,7.271359576050234,11.738421524182732
0.729725,-0.0072158678900713,-392.78334688285236,15.696892400973145,7.277228786812324,11.738421524182732
0.7302250000000001,-0.0046015618419489,-392.7769155085793,15.700532482669242,7.283097997574417,11.738421524182732
0.7307250000000001,-0.0014058224993122,-392.77020099837677,15.704175498970722,7.288967208336508,11.738421524182732
0.731225,0.0025808021050229,-392.7633314651415,15.70782144987758,7.294836419098598,11.738421524182732
0.7317250000000002,0.0057192539793018,-392.75687552635037,15.71147033538982,7.300705629860692,11.738421524182732
0.7322250000000001,0.0079406060211814,-392.75048753352286,15.71512215550744,7.306574840622782,11.738421524182732
0.7327250000000001,0.0107152832598116,-392.7438343974552,15.718776910230442,7.3124440513848725,11.738421524182732
0.7332250000000001,0.0137112769322424,-392.73686976427325,15.722434599558827,7.318313262146965,11.738421524182732
0.7337250000000001,0.0156153044688613,-392.7297248636435,15.726095223492589,7.3241824729090546,11.738421524182732
0.734225,0.0176892864442363,-392.72273416931387,15.729758782031734,7.330051683671147,11.738421524182732
0.7347250000000001,0.020595738145386,-392.7159753208033,15.733425275176263,7.3359208944332375,11.738421524182732
0.7352250000000001,0.0231479534825757,-392.7093393506066,15.737094702926168,7.34179010519533,11.738421524182732
0.7357250000000001,0.0263003344547522,-392.702268691001,15.740767065281453,7.34765931595742,11.738421524182732
0.736225,0.0289635278247491,-392.6945087957534,15.744442362242124,7.353528526719511,11.738421524182732
0.7367250000000001,0.0307481617276354,-392.68727373199584,15.74812059380818,7.359397737481604,11.738421524182732
0.737225,0.0328348171877774,-392.6802904371305,15.751801759979605,7.365266948243694,11.738421524182732
0.737725,0.0343757055709366,-392.6730775309597,15.75548586075642,7.371136159005785,11.738421524182732
0.7382250000000001,0.0351067880572569,-392.66581542229625,15.759172896138613,7.377005369767878,11.738421524182732
0.7387250000000001,0.0354380314962115,-392.65820236488344,15.762862866126186,7.38287458052997,11.738421524182732
0.739225,0.0351395803039412,-392.6505752591672,15.766555770719144,7.38874379129206,11.738421524182732
0.7397250000000002,0.0350298969662122,-392.64332155910733,15.770251609917482,7.394613002054155,11.738421524182732
0.7402250000000001,0.035434933890098,-392.63597350990733,15.7739503837212,7.400482212816244,11.738421524182732
0.7407250000000001,0.0358038513190657,-392.6286096852408,15.777652092130296,7.406351423578336,11.738421524182732
0.7412250000000001,0.0360743920811506,-392.6214315620877,15.781356735144776,7.412220634340427,11.738421524182732
0.7417250000000001,0.0368784942459079,-392.6141801491122,15.78506431276464,7.418089845102519,11.738421524182732
0.742225,0.0374146643460675,-392.605979014397,15.788774824989876,7.423959055864608,11.738421524182732
0.7427250000000001,0.0372352844892708,-392.5978373106681,15.792488271820497,7.429828266626701,11.738421524182732
0.7432250000000001,0.037475822981385,-392.5895039102915,15.796204653256503,7.435697477388793,11.738421524182732
0.7437250000000001,0.0373476456013491,-392.5812816217594,15.799923969297891,7.441566688150884,11.738421524182732
0.744225,0.037505540125749,-392.57357151241195,15.803646219944655,7.447435898912974,11.738421524182732
0.7447250000000001,0.0376618504773269,-392.56544376306044,15.8073714051968,7.453305109675067,11.738421524182732
0.745225,0.0374252889947195,-392.5573260048975,15.811099525054331,7.459174320437157,11.738421524182732
0.745725,0.0374854123696242,-392.54903004907464,15.814830579517238,7.465043531199248,11.738421524182732
0.7462250000000001,0.0378206705738773,-392.5405492148635,15.818564568585527,7.4709127419613415,11.738421524182732
0.7467250000000001,0.0384202673586202,-392.5322941657321,15.822301492259198,7.476781952723431,11.738421524182732
0.747225,0.0391846866397888,-392.5238823282211,15.826041350538253,7.4826511634855235,11.738421524182732
0.7477250000000002,0.0386484720505845,-392.51578050823963,15.829784143422687,7.488520374247615,11.738421524182732
0.748225,0.0387731123499308,-392.5080302870426,15.833529870912502,7.4943895850097055,11.738421524182732
0.7487250000000001,0.0390668489660966,-392.4997432249987,15.837278533007696,7.500258795771797,11.738421524182732
0.7492250000000001,0.0385862755418272,-392.4920706300481,15.841030129708278,7.506128006533889,11.738421524182732
0.7497250000000001,0.0379305652815239,-392.4838331112588,15.844784661014232,7.51199721729598,11.738421524182732
0.750225,0.0365165239977786,-392.4754278129514,15.84854212692557,7.51786642805807,11.738421524182732
0.7507250000000001,0.0353664271659671,-392.46723198794206,15.85230252744229,7.5237356388201615,11.738421524182732
0.751225,0.0350005735931973,-392.4593774731124,15.856065862564389,7.529604849582253,11.738421524182732
0.7517250000000001,0.0332428916348072,-392.451153944062,15.859832132291869,7.535474060344345,11.738421524182732
0.752225,0.032283786191525,-392.44347894600963,15.863601336624734,7.541343271106436,11.738421524182732
0.7527250000000001,0.0319713038510299,-392.43530228925135,15.867373475562978,7.547212481868527,11.738421524182732
0.753225,0.0304765042293887,-392.427752771969,15.8711485491066,7.553081692630618,11.738421524182732
0.753725,0.0294119483963792,-392.4192350275497,15.874926557255607,7.558950903392709,11.738421524182732
0.7542250000000001,0.0286072112257045,-392.4110425390833,15.878707500009995,7.564820114154803,11.738421524182732
0.7547250000000001,0.0265122237553983,-392.40299816781084,15.882491377369762,7.570689324916894,11.738421524182732
0.755225,0.024363337374276,-392.3948269256412,15.886278189334913,7.576558535678984,11.738421524182732
0.7557250000000002,0.0224343477181427,-392.38762157679474,15.890067935905444,7.582427746441078,11.738421524182732
0.756225,0.0194952574991951,-392.3800525076114,15.893860617081351,7.588296957203166,11.738421524182732
0.7567250000000001,0.017083198426486,-392.37238731777495,15.897656232862643,7.594166167965259,11.738421524182732
0.7572250000000001,0.0145947315220202,-392.3647174579705,15.901454783249314,7.60003537872735,11.738421524182732
0.7577250000000001,0.0121550146074996,-392.3568384818155,15.905256268241372,7.605904589489442,11.738421524182732
0.758225,0.0110675253398042,-392.34921509270225,15.909060687838808,7.611773800251532,11.738421524182732
0.7587250000000001,0.008509860218357,-392.3413960950623,15.912868042041623,7.617643011013624,11.738421524182732
0.759225,0.0055912482582701,-392.33404706647184,15.91667833084982,7.623512221775714,11.738421524182732
0.7597250000000001,0.0041011646038443,-392.32651997147553,15.920491554263398,7.629381432537807,11.738421524182732
0.760225,0.0020056008112831,-392.3193298287322,15.924307712282358,7.635250643299898,11.738421524182732
0.7607250000000001,-0.0002990879603061,-392.31159608316835,15.928126804906698,7.64111985406199,11.738421524182732
0.761225,-0.0022203815545306,-392.3040015490377,15.931948832136417,7.646989064824081,11.738421524182732
0.761725,-0.0038251132667266,-392.2960859444631,15.93577379397152,7.652858275586171,11.738421524182732
0.7622250000000002,-0.0053471111384908,-392.28849803752325,15.939601690412008,7.6587274863482655,11.738421524182732
0.7627250000000001,-0.007723499025229,-392.2809852203403,15.943432521457872,7.664596697110355,11.738421524182732
0.763225,-0.0089554458135692,-392.27381256530526,15.94726628710912,7.670465907872447,11.738421524182732
0.7637250000000002,-0.009051070200829,-392.2663781496869,15.95110298736574,7.676335118634538,11.738421524182732
0.764225,-0.0096189617030693,-392.25952125387414,15.954942622227753,7.682204329396629,11.738421524182732
0.7647250000000001,-0.0105866664797078,-392.2514513797952,15.95878519169514,7.688073540158721,11.738421524182732
0.765225,-0.0112843246527089,-392.24351973329846,15.962630695767912,7.693942750920812,11.738421524182732
0.7657250000000001,-0.0113224264182936,-392.2355052150845,15.966479134446061,7.6998119616829035,11.738421524182732
0.766225,-0.0115537069570883,-392.2283559115748,15.970330507729592,7.7056811724449945,11.738421524182732
0.7667250000000001,-0.0125044585031877,-392.22084040138975,15.974184815618509,7.711550383207087,11.738421524182732
0.767225,-0.0125667519941389,-392.21359811636233,15.978042058112797,7.717419593969176,11.738421524182732
0.7677250000000001,-0.0125101679426083,-392.2058871727743,15.981902235212473,7.72328880473127,11.738421524182732
0.7682249999999999,-0.0136435594945962,-392.1980639073608,15.98576534691753,7.729158015493359,11.738421524182732
0.7687250000000001,-0.01399680895334,-392.19043103046226,15.989631393227969,7.735027226255453,11.738421524182732
0.769225,-0.0139903251176447,-392.1826504653685,15.993500374143785,7.740896437017542,11.738421524182732
0.769725,-0.0137857066955615,-392.1750885321411,15.997372289664986,7.7467656477796325,11.738421524182732
0.7702250000000002,-0.0132669975734616,-392.16811869842866,16.001247139791566,7.752634858541727,11.738421524182732
0.7707250000000001,-0.0128559509124275,-392.1603226628847,16.00512492452353,7.758504069303817,11.738421524182732
0.771225,-0.012710734753466,-392.1528078333624,16.00900564386087,7.764373280065908,11.738421524182732
0.7717250000000002,-0.0126652331125411,-392.14496704242674,16.012889297803596,7.770242490828,11.738421524182732
0.772225,-0.0128964138603607,-392.1378644087186,16.016775886351702,7.776111701590091,11.738421524182732
0.7727250000000001,-0.0125251770842866,-392.130455719574,16.02066540950518,7.781980912352182,11.738421524182732
0.773225,-0.0127483006720547,-392.12316171157886,16.02455786726405,7.787850123114272,11.738421524182732
0.7737250000000001,-0.0136291320341279,-392.11576250892057,16.0284532596283,7.793719333876365,11.738421524182732
0.774225,-0.0136527375956739,-392.1076476002396,16.032351586597926,7.799588544638457,11.738421524182732
0.7747250000000001,-0.0138976029133644,-392.09977158676253,16.036252848172932,7.805457755400548,11.738421524182732
0.775225,-0.0154621220991901,-392.09226982475445,16.04015704435333,7.811326966162639,11.738421524182732
0.7757250000000001,-0.017119544560157,-392.08523785001086,16.0440641751391,7.817196176924731,11.738421524182732
0.7762249999999999,-0.0177168893677254,-392.07726782280145,16.04797424053025,7.82306538768682,11.738421524182732
0.7767250000000001,-0.0186077159765469,-392.06913826497083,16.051887240526785,7.828934598448914,11.738421524182732
0.777225,-0.0208207031781854,-392.06094838578497,16.055803175128702,7.834803809211005,11.738421524182732
0.777725,-0.0231842188150204,-392.05311650177794,16.059722044335995,7.840673019973095,11.738421524182732
0.7782250000000002,-0.0241872039034038,-392.0453803248496,16.063643848148672,7.846542230735188,11.738421524182732
0.7787250000000001,-0.0245563467263271,-392.0379812613365,16.067568586566733,7.852411441497279,11.738421524182732
0.7792250000000001,-0.0257950560751398,-392.03021520528347,16.07149625959017,7.858280652259371,11.738421524182732
0.7797250000000001,-0.0270071767526708,-392.02255291879027,16.07542686721899,7.8641498630214635,11.738421524182732
0.7802250000000001,-0.0272967371049554,-392.01415046953133,16.079360409453194,7.870019073783552,11.738421524182732
0.7807250000000001,-0.027352228957684,-392.0059313368976,16.083296886292775,7.875888284545645,11.738421524182732
0.7812250000000001,-0.0281838452681516,-391.99786841786374,16.087236297737736,7.881757495307736,11.738421524182732
0.7817250000000001,-0.0282603589190195,-391.99015185318245,16.091178643788083,7.887626706069829,11.738421524182732
0.7822250000000001,-0.0278525281576857,-391.98256328915784,16.095123924443804,7.8934959168319185,11.738421524182732
0.782725,-0.0278114096718664,-391.97485582246134,16.099072139704912,7.899365127594009,11.738421524182732
0.7832250000000001,-0.0271382602892568,-391.9669568490341,16.103023289571404,7.9052343383561015,11.738421524182732
0.7837250000000001,-0.02660396672675,-391.95818934395237,16.106977374043268,7.911103549118192,11.738421524182732
0.784225,-0.0266932963526702,-391.9500879605914,16.110934393120523,7.916972759880283,11.738421524182732
0.7847250000000001,-0.0258129247466684,-391.9417109091235,16.11489434680315,7.922841970642377,11.738421524182732
0.7852250000000001,-0.0242664975667926,-391.93349868040724,16.118857235091163,7.928711181404467,11.738421524182732
0.785725,-0.0223602109580548,-391.92518076670734,16.122823057984554,7.9345803921665565,11.738421524182732
0.7862250000000002,-0.0214771093223584,-391.9174087070092,16.12679181548333,7.94044960292865,11.738421524182732
0.7867250000000001,-0.0202902970087724,-391.9096629160554,16.13076350758749,7.946318813690741,11.738421524182732
0.7872250000000001,-0.0171337245581981,-391.90130579463755,16.13473813429702,7.952188024452832,11.738421524182732
0.7877250000000001,-0.0143287973626367,-391.89260712462703,16.13871569561194,7.958057235214924,11.738421524182732
0.7882250000000001,-0.012540518115689,-391.8838903300828,16.142696191532234,7.963926445977015,11.738421524182732
0.7887250000000001,-0.0109160464668483,-391.8751513469945,16.146679622057917,7.969795656739107,11.738421524182732
0.7892250000000001,-0.0082770892235823,-391.86686315363534,16.150665987188972,7.975664867501196,11.738421524182732
0.7897250000000001,-0.004359453103673,-391.8582104253736,16.154655286925415,7.98153407826329,11.738421524182732
0.7902250000000001,-0.0021071030783411,-391.8497819395234,16.158647521267234,7.987403289025381,11.738421524182732
0.790725,-2.344560194890502e-05,-391.84097962355514,16.16264269021444,7.993272499787472,11.738421524182732
0.7912250000000001,0.004310486197456,-391.8325126350136,16.166640793767023,7.999141710549562,11.738421524182732
0.7917250000000001,0.0077151358361437,-391.82389387175846,16.17064183192499,8.005010921311655,11.738421524182732
0.792225,0.0104482861083332,-391.8146461820748,16.174645804688335,8.010880132073744,11.738421524182732
0.7927250000000001,0.0131758480280473,-391.8056071787261,16.178652712057065,8.016749342835837,11.738421524182732
0.7932250000000001,0.0148759430244173,-391.79672738537164,16.182662554031168,8.022618553597928,11.738421524182732
0.793725,0.0171307193138256,-391.7877574018153,16.18667533061066,8.028487764360019,11.738421524182732
0.7942250000000002,0.019083867892493,-391.77890133439223,16.190691041795535,8.034356975122112,11.738421524182732
0.7947250000000001,0.0199749729916081,-391.7700698334305,16.194709687585785,8.040226185884203,11.738421524182732
0.7952250000000001,0.021024681340957,-391.76106514009945,16.19873126798142,8.046095396646294,11.738421524182732
0.7957250000000001,0.0232685815430025,-391.75223423833916,16.202755782982432,8.051964607408385,11.738421524182732
0.7962250000000001,0.0260718266140566,-391.7428882184774,16.206783232588826,8.057833818170476,11.738421524182732
0.796725,0.0283834362997299,-391.73350418485546,16.2108136168006,8.063703028932567,11.738421524182732
0.7972250000000001,0.029150233821157,-391.72398051380173,16.214846935617757,8.06957223969466,11.738421524182732
0.7977250000000001,0.03037380746961,-391.7150659852105,16.218883189040298,8.07544145045675,11.738421524182732
0.7982250000000001,0.0334904124581076,-391.70563928603605,16.222922377068215,8.081310661218842,11.738421524182732
0.798725,0.0348228103849231,-391.69599110959234,16.226964499701516,8.087179871980933,11.738421524182732
0.7992250000000001,0.0346442534502138,-391.6863798033923,16.231009556940194,8.093049082743025,11.738421524182732
0.799725,0.0354986265405074,-391.67727244500384,16.23505754878426,8.098918293505116,11.738421524182732
0.800225,0.0363389908068204,-391.6681781702424,16.2391084752337,8.104787504267206,11.738421524182732
0.8007250000000002,0.0365649917802368,-391.6587302642609,16.243162336288528,8.1106567150293,11.738421524182732
0.8012250000000002,0.0357239709435519,-391.6495071314636,16.247219131948732,8.116525925791391,11.738421524182732
0.801725,0.0354823194450842,-391.6406382069405,16.251278862214317,8.122395136553482,11.738421524182732
0.8022250000000002,0.0362013141850359,-391.6314534881941,16.25534152708528,8.128264347315573,11.738421524182732
0.8027250000000002,0.0360509647020669,-391.6224692741531,16.259407126561634,8.134133558077666,11.738421524182732
0.8032250000000001,0.0352088193373149,-391.61253001492184,16.263475660643362,8.140002768839755,11.738421524182732
0.803725,0.0351628606333887,-391.602932837379,16.267547129330474,8.145871979601848,11.738421524182732
0.8042250000000001,0.0352657704285475,-391.5937828396113,16.271621532622962,8.151741190363937,11.738421524182732
0.804725,0.0355949490343347,-391.58441996223286,16.275698870520834,8.157610401126028,11.738421524182732
0.8052250000000001,0.0358018877911546,-391.5752614574607,16.279779143024086,8.163479611888121,11.738421524182732
0.8057250000000001,0.0352000303499004,-391.5661359467627,16.283862350132722,8.169348822650212,11.738421524182732
0.8062250000000001,0.0353387331645982,-391.5565426828414,16.287948491846738,8.175218033412303,11.738421524182732
0.8067250000000001,0.0348884634302451,-391.54724174830136,16.292037568166137,8.181087244174396,11.738421524182732
0.8072250000000001,0.0346210683497848,-391.53850168493517,16.296129579090913,8.186956454936487,11.738421524182732
0.8077249999999999,0.0351429363430506,-391.5297334283568,16.30022452462107,8.192825665698575,11.738421524182732
0.808225,0.0346416906525149,-391.5213151804152,16.30432240475661,8.198694876460667,11.738421524182732
0.8087250000000001,0.035143456273339,-391.51310301417146,16.308423219497534,8.204564087222762,11.738421524182732
0.809225,0.036358756845342,-391.50414361529926,16.312526968843834,8.210433297984853,11.738421524182732
0.8097249999999999,0.036266341879999,-391.49544753758886,16.316633652795513,8.21630250874694,11.738421524182732
0.8102250000000002,0.0362385882921382,-391.4866566819886,16.320743271352583,8.222171719509035,11.738421524182732
0.810725,0.0367300256996578,-391.4785554701748,16.32485582451503,8.228040930271126,11.738421524182732
0.811225,0.0368869511642819,-391.47016775442773,16.32897131228285,8.233910141033215,11.738421524182732
0.8117250000000003,0.0364676117010065,-391.46134842573485,16.33308973465606,8.239779351795312,11.738421524182732
0.8122250000000001,0.0353929731598365,-391.45258971517995,16.337211091634646,8.2456485625574,11.738421524182732
0.812725,0.0350822739617055,-391.44400035192206,16.34133538321862,8.251517773319492,11.738421524182732
0.8132250000000001,0.0347034890851143,-391.4360018227488,16.345462609407964,8.257386984081583,11.738421524182732
0.8137250000000001,0.0336146320290815,-391.42816642136324,16.3495927702027,8.263256194843676,11.738421524182732
0.8142250000000001,0.0327387256732532,-391.41996530984966,16.35372586560281,8.269125405605767,11.738421524182732
0.8147249999999999,0.0325214824022287,-391.4119588359864,16.357861895608306,8.274994616367854,11.738421524182732
0.8152250000000002,0.0320287295804467,-391.403908276138,16.36200086021918,8.280863827129949,11.738421524182732
0.8157250000000001,0.030416314485732,-391.3960431474215,16.366142759435437,8.286733037892041,11.738421524182732
0.816225,0.0292468662829951,-391.3885897031481,16.37028759325707,8.29260224865413,11.738421524182732
0.8167250000000001,0.0286321239717226,-391.3812353363485,16.37443536168409,8.298471459416223,11.738421524182732
0.8172250000000002,0.0266756890964204,-391.3742661725731,16.378586064716487,8.304340670178314,11.738421524182732
0.817725,0.024095547587806,-391.3669446223878,16.382739702354264,8.310209880940405,11.738421524182732
0.8182250000000002,0.0214481728518889,-391.3593558394794,16.38689627459743,8.3160790917025,11.738421524182732
0.818725,0.0186858850199858,-391.3520102692668,16.391055781445967,8.321948302464587,11.738421524182732
0.8192250000000001,0.0161794327677948,-391.34440460406233,16.395218222899896,8.327817513226679,11.738421524182732
0.819725,0.013868263105684,-391.3368814295052,16.399383598959197,8.33368672398877,11.738421524182732
0.8202250000000001,0.0119292472523652,-391.3291621025847,16.403551909623882,8.339555934750862,11.738421524182732
0.820725,0.0109053828423228,-391.32121745794996,16.407723154893947,8.345425145512953,11.738421524182732
0.8212250000000001,0.0090534933861584,-391.313229771553,16.411897334769392,8.351294356275046,11.738421524182732
0.821725,0.0065461589326031,-391.30567612491126,16.41607444925022,8.357163567037135,11.738421524182732
0.8222250000000001,0.0052381633095314,-391.29848448038973,16.42025449833643,8.363032777799226,11.738421524182732
0.8227250000000002,0.0033162728261618,-391.29106905297635,16.424437482028022,8.36890198856132,11.738421524182732
0.8232250000000001,0.0010800580290609,-391.28325351621623,16.42862340032499,8.37477119932341,11.738421524182732
0.8237249999999999,-3.365995463195557e-05,-391.27570845301005,16.432812253227343,8.380640410085501,11.738421524182732
0.824225,-0.0018390242060037,-391.26826666187736,16.437004040735076,8.38650962084759,11.738421524182732
0.8247250000000002,-0.0041869124787147,-391.2612482127688,16.44119876284819,8.392378831609685,11.738421524182732
0.825225,-0.0053644369050947,-391.2540788003222,16.445396419566688,8.398248042371774,11.738421524182732
0.8257249999999999,-0.0058818011619986,-391.2463819973241,16.449597010890564,8.404117253133867,11.738421524182732
0.8262250000000002,-0.0065364121823223,-391.23891302785285,16.453800536819823,8.40998646389596,11.738421524182732
0.826725,-0.0074179066012256,-391.2313665295616,16.458006997354463,8.415855674658049,11.738421524182732
0.827225,-0.0077313371250341,-391.2235614321999,16.46221639249448,8.42172488542014,11.738421524182732
0.827725,-0.0067850651204172,-391.2159069598848,16.46642872223988,8.427594096182233,11.738421524182732
0.8282250000000001,-0.0063168659756383,-391.2082885310873,16.470643986590662,8.433463306944326,11.738421524182732
0.828725,-0.0072759368943339,-391.20087570682153,16.474862185546826,8.439332517706415,11.738421524182732
0.8292250000000001,-0.0081092599409864,-391.19361270031294,16.479083319108366,8.445201728468508,11.738421524182732
0.8297250000000002,-0.0083256757305958,-391.18664281218884,16.48330738727529,8.451070939230599,11.738421524182732
0.8302250000000001,-0.0096250401775017,-391.1792239235287,16.4875343900476,8.45694014999269,11.738421524182732
0.8307249999999999,-0.0122900143520329,-391.1717474527175,16.491764327425283,8.462809360754779,11.738421524182732
0.8312250000000002,-0.0134463077967433,-391.1641446491522,16.495997199408357,8.468678571516874,11.738421524182732
0.8317250000000002,-0.0147218719496316,-391.1566039632543,16.500233005996805,8.474547782278965,11.738421524182732
0.832225,-0.0155041087815761,-391.14946869683166,16.50447174719063,8.480416993041054,11.738421524182732
0.8327250000000002,-0.0156161994642912,-391.14280486469875,16.508713422989842,8.486286203803147,11.738421524182732
0.8332250000000002,-0.0166707323283968,-391.1360195740728,16.512958033394437,8.492155414565241,11.738421524182732
0.833725,-0.0172444866952708,-391.1293833346556,16.517205578404408,8.498024625327329,11.738421524182732
0.8342250000000002,-0.01797614458813,-391.1219513886923,16.521456058019762,8.503893836089421,11.738421524182732
0.834725,-0.0198332865939792,-391.1144266252884,16.5257094722405,8.509763046851512,11.738421524182732
0.8352250000000001,-0.0216119239265012,-391.10711140209366,16.529965821066614,8.515632257613603,11.738421524182732
0.835725,-0.0240217493055355,-391.0999988092383,16.534225104498113,8.521501468375694,11.738421524182732
0.8362250000000001,-0.0266460239837846,-391.0929142934363,16.53848732253499,8.527370679137785,11.738421524182732
0.836725,-0.0274698333939707,-391.0859347411779,16.542752475177252,8.533239889899876,11.738421524182732
0.8372250000000001,-0.0289171413526627,-391.078898658473,16.547020562424894,8.53910910066197,11.738421524182732
0.837725,-0.0313524642648163,-391.0722797994189,16.551291584277912,8.54497831142406,11.738421524182732
0.8382250000000001,-0.0324956461415109,-391.066161233952,16.555565540736314,8.550847522186153,11.738421524182732
0.8387249999999999,-0.0338307504851428,-391.0591435458524,16.559842431800092,8.55671673294824,11.738421524182732
0.8392250000000001,-0.0354448388016316,-391.0523521483477,16.56412225746926,8.562585943710333,11.738421524182732
0.8397249999999999,-0.0373428757574361,-391.04492768866265,16.568405017743807,8.568455154472424,11.738421524182732
0.840225,-0.0389945016965837,-391.0381788755048,16.572690712623732,8.574324365234517,11.738421524182732
0.8407250000000002,-0.0395332245176077,-391.03072813520464,16.57697934210904,8.580193575996608,11.738421524182732
0.841225,-0.041069398552341,-391.02346764943405,16.581270906199727,8.586062786758697,11.738421524182732
0.841725,-0.0428934274341902,-391.0161228237967,16.5855654048958,8.591931997520788,11.738421524182732
0.8422250000000002,-0.0437684336320222,-391.008929120081,16.589862838197252,8.597801208282885,11.738421524182732
0.8427250000000001,-0.0438694553740922,-391.0019648788252,16.594163206104085,8.603670419044974,11.738421524182732
0.843225,-0.0434145575429602,-390.9951063118305,16.598466508616294,8.609539629807063,11.738421524182732
0.8437250000000001,-0.0426778989658932,-390.9881655146352,16.60277274573389,8.615408840569156,11.738421524182732
0.8442250000000001,-0.0427853202344088,-390.98138089842,16.607081917456874,8.621278051331249,11.738421524182732
0.8447250000000001,-0.0419079808532009,-390.97433815350286,16.61139402378522,8.627147262093338,11.738421524182732
0.8452249999999999,-0.0402559548618467,-390.9674705249408,16.61570906471896,8.633016472855429,11.738421524182732
0.8457250000000002,-0.039012066989658,-390.9608172813986,16.620027040258076,8.638885683617524,11.738421524182732
0.8462250000000001,-0.0376522557822939,-390.95373465514194,16.624347950402576,8.644754894379613,11.738421524182732
0.846725,-0.0372184622628167,-390.9465565969483,16.628671795152453,8.650624105141702,11.738421524182732
0.8472250000000002,-0.0364246094140687,-390.93942192266707,16.632998574507724,8.656493315903798,11.738421524182732
0.8477250000000002,-0.0344077084843803,-390.9316266366543,16.637328288468364,8.66236252666589,11.738421524182732
0.848225,-0.0333487168557614,-390.92442244846785,16.641660937034384,8.668231737427975,11.738421524182732
0.8487250000000002,-0.0318742274759893,-390.91761935374967,16.64599652020579,8.674100948190071,11.738421524182732
0.8492250000000002,-0.0295140393260867,-390.9110841893334,16.65033503798258,8.679970158952164,11.738421524182732
0.8497250000000001,-0.0265023187884874,-390.9039549156655,16.654676490364743,8.685839369714254,11.738421524182732
0.850225,-0.0231542051701014,-390.8967898407543,16.659020877352287,8.691708580476345,11.738421524182732
0.8507250000000001,-0.0205144216315254,-390.88912604775356,16.663368198945214,8.697577791238436,11.738421524182732
0.8512250000000001,-0.0171245777259001,-390.8817678376646,16.66771845514353,8.703447002000528,11.738421524182732
0.8517250000000001,-0.0134259530173232,-390.8744967514701,16.672071645947216,8.709316212762618,11.738421524182732
0.8522250000000001,-0.010777924566143,-390.86712470790076,16.67642777135629,8.71518542352471,11.738421524182732
0.8527250000000001,-0.0086898594045447,-390.8595037405747,16.680786831370742,8.721054634286801,11.738421524182732
0.8532250000000001,-0.0068477380475943,-390.85243680545284,16.685148825990577,8.726923845048896,11.738421524182732
0.8537250000000001,-0.0053819954027953,-390.8451286041817,16.689513755215792,8.732793055810982,11.738421524182732
0.8542250000000001,-0.0034361155686771,-390.83776923653517,16.693881619046387,8.738662266573078,11.738421524182732
0.854725,-1.6911353902081304e-05,-390.8295072647493,16.69825241748236,8.744531477335164,11.738421524182732
0.8552250000000001,0.0018843113180707,-390.8216049256649,16.702626150523724,8.750400688097258,11.738421524182732
0.855725,0.002862246258925,-390.81328133780374,16.707002818170462,8.75626989885935,11.738421524182732
0.8562249999999999,0.0058208674200909,-390.80489256736274,16.71138242042258,8.76213910962144,11.738421524182732
0.8567250000000002,0.0096835371859085,-390.7965664515237,16.715764957280083,8.768008320383533,11.738421524182732
0.857225,0.012245103687251,-390.78852677422094,16.72015042874297,8.773877531145622,11.738421524182732
0.857725,0.0139295471843806,-390.7807382763003,16.724538834811227,8.779746741907713,11.738421524182732
0.8582250000000002,0.0157236613835825,-390.77242858714754,16.728930175484876,8.785615952669806,11.738421524182732
0.8587250000000001,0.0175150829109475,-390.76400300993566,16.7333244507639,8.791485163431897,11.738421524182732
0.859225,0.019248841595809,-390.75543803515234,16.7377216606483,8.797354374193988,11.738421524182732
0.8597250000000001,0.0201009030894702,-390.7470183735985,16.742121805138094,8.80322358495608,11.738421524182732
0.8602250000000001,0.0202655738630387,-390.73887742425995,16.746524884233263,8.809092795718174,11.738421524182732
0.8607250000000001,0.0227107644452686,-390.7303729852899,16.750930897933813,8.814962006480265,11.738421524182732
0.8612249999999999,0.0243272879905015,-390.7215993651639,16.755339846239735,8.820831217242352,11.738421524182732
0.8617250000000002,0.0246751005889857,-390.7128528838225,16.759751729151052,8.826700428004447,11.738421524182732
0.8622250000000001,0.0260000990052803,-390.7039629838312,16.764166546667745,8.832569638766538,11.738421524182732
0.862725,0.0263198386187332,-390.69532469315675,16.76858429878982,8.838438849528625,11.738421524182732
0.8632250000000002,0.0271066099288794,-390.68656086516467,16.773004985517275,8.844308060290722,11.738421524182732
0.8637250000000002,0.0287979533897225,-390.67756579232775,16.777428606850112,8.850177271052813,11.738421524182732
0.864225,0.0277736214469679,-390.66830083697664,16.781855162788332,8.856046481814902,11.738421524182732
0.8647250000000002,0.0271142201978043,-390.65945055119226,16.786284653331926,8.861915692576995,11.738421524182732
0.8652250000000002,0.0292007612380889,-390.6501981126901,16.790717078480903,8.867784903339086,11.738421524182732
0.8657250000000001,0.0298310365069863,-390.64139394387837,16.795152438235267,8.873654114101175,11.738421524182732
0.866225,0.0296993288132076,-390.6323777098069,16.799590732595007,8.879523324863266,11.738421524182732
0.8667250000000001,0.0302614423593418,-390.62346056163653,16.804031961560128,8.88539253562536,11.738421524182732
0.867225,0.0308636534100461,-390.6149787538402,16.808476125130632,8.89126174638745,11.738421524182732
0.8677250000000001,0.0317430686442977,-390.60596425614943,16.812923223306512,8.897130957149542,11.738421524182732
0.8682250000000001,0.0325549631377148,-390.59688363645455,16.817373256087784,8.903000167911634,11.738421524182732
0.8687250000000001,0.032196217332697,-390.5876579070958,16.821826223474428,8.908869378673725,11.738421524182732
0.8692250000000001,0.0322374683005373,-390.57857529422097,16.826282125466456,8.914738589435817,11.738421524182732
0.8697250000000001,0.0337912255210834,-390.5698345041556,16.830740962063867,8.920607800197908,11.738421524182732
0.8702249999999999,0.0334238624501153,-390.5608846202526,16.835202733266648,8.926477010959996,11.738421524182732
0.870725,0.0319434793966844,-390.552194263318,16.839667439074827,8.932346221722089,11.738421524182732
0.8712250000000001,0.0330762384578082,-390.54355581943884,16.844135079488375,8.938215432484181,11.738421524182732
0.871725,0.033899921815689,-390.53407920575563,16.84860565450731,8.944084643246272,11.738421524182732
0.8722249999999999,0.0334153468352963,-390.5251147334031,16.853079164131618,8.949953854008363,11.738421524182732
0.8727250000000002,0.0332849664812403,-390.516073268989,16.857555608361317,8.955823064770458,11.738421524182732
0.873225,0.0330111070654194,-390.50736423145054,16.86203498719639,8.961692275532545,11.738421524182732
0.873725,0.0341200147650534,-390.49894502512086,16.866517300636843,8.967561486294636,11.738421524182732
0.8742250000000003,0.0356800817610593,-390.4899562238263,16.87100254868269,8.973430697056731,11.738421524182732
0.8747250000000001,0.0348560654365985,-390.4811190301048,16.875490731333905,8.97929990781882,11.738421524182732
0.875225,0.0340144795851323,-390.4723071273495,16.879981848590504,8.985169118580911,11.738421524182732
0.8757250000000001,0.0349030310567576,-390.46365338810676,16.884475900452482,8.991038329343004,11.738421524182732
0.8762250000000001,0.0345650051680735,-390.4549315737585,16.88897288691985,8.996907540105097,11.738421524182732
0.8767250000000001,0.0332544149448804,-390.4467688043449,16.89347280799259,9.002776750867186,11.738421524182732
0.8772249999999999,0.0323662621579218,-390.43789012144526,16.89797566367071,9.008645961629274,11.738421524182732
0.8777250000000002,0.03178802738205,-390.4290298070497,16.90248145395422,9.01451517239137,11.738421524182732
0.8782250000000001,0.0320019721964893,-390.42003808162934,16.906990178843106,9.020384383153464,11.738421524182732
0.878725,0.0310179333424047,-390.4117143956735,16.911501838337376,9.026253593915552,11.738421524182732
0.8792250000000001,0.0287381626998989,-390.40306344275257,16.916016432437022,9.032122804677643,11.738421524182732
0.8797250000000002,0.0267796841395029,-390.39441985655543,16.920533961142052,9.037992015439736,11.738421524182732
0.880225,0.0253134987785344,-390.38621968614797,16.92505442445246,9.043861226201825,11.738421524182732
0.8807250000000002,0.0239660461251036,-390.37765289229026,16.929577822368255,9.04973043696392,11.738421524182732
0.881225,0.0215397018235352,-390.36917441253723,16.934104154889425,9.055599647726007,11.738421524182732
0.8817250000000001,0.019597429238349,-390.3612840375975,16.93863342201598,9.061468858488098,11.738421524182732
0.882225,0.0186398405622349,-390.353056264734,16.94316562374791,9.06733806925019,11.738421524182732
0.8827250000000001,0.0160690154194863,-390.3452941965804,16.94770076008523,9.073207280012284,11.738421524182732
0.883225,0.0141417096568077,-390.33736436216935,16.952238831027923,9.079076490774373,11.738421524182732
0.8837250000000001,0.0125174765322804,-390.3289946576392,16.956779836576,9.084945701536467,11.738421524182732
0.884225,0.0099927351664085,-390.320972874223,16.96132377672946,9.090814912298557,11.738421524182732
0.8847250000000001,0.0080821595663228,-390.3127510062549,16.965870651488302,9.096684123060648,11.738421524182732
0.8852250000000002,0.0051166663684737,-390.30505656308367,16.970420460852527,9.102553333822739,11.738421524182732
0.8857250000000001,0.0024285220922778,-390.29729387364796,16.974973204822124,9.108422544584831,11.738421524182732
0.8862249999999999,0.0009386708832663,-390.2893544479075,16.97952888339711,9.11429175534692,11.738421524182732
0.886725,-0.0010993702894802,-390.2816916471332,16.98408749657747,9.120160966109012,11.738421524182732
0.8872250000000002,-0.0018853355213919,-390.27437697049436,16.988649044363214,9.126030176871105,11.738421524182732
0.887725,-0.0027810075035508,-390.2667250126818,16.993213526754342,9.131899387633196,11.738421524182732
0.8882249999999999,-0.0048409949017147,-390.2590026761412,16.99778094375085,9.137768598395287,11.738421524182732
0.8887250000000002,-0.0052345592972332,-390.25120784893613,17.002351295352735,9.143637809157381,11.738421524182732
0.889225,-0.0056605521249029,-390.2435701499991,17.006924581560007,9.149507019919472,11.738421524182732
0.889725,-0.0067493672209859,-390.2353854317849,17.01150080237266,9.155376230681563,11.738421524182732
0.890225,-0.0083809445609406,-390.22767443101407,17.01607995779069,9.161245441443654,11.738421524182732
0.8907250000000001,-0.010184280607558,-390.21962701532385,17.020662047814103,9.167114652205745,11.738421524182732
0.891225,-0.0103147537575848,-390.2121061811592,17.025247072442895,9.172983862967836,11.738421524182732
0.8917250000000001,-0.0114628181633575,-390.2042644894714,17.02983503167707,9.178853073729927,11.738421524182732
0.8922250000000002,-0.0132641354313113,-390.1967270346021,17.034425925516626,9.184722284492018,11.738421524182732
0.8927250000000001,-0.0131738923671467,-390.18906859369673,17.039019753961558,9.190591495254111,11.738421524182732
0.8932249999999999,-0.0120752691725849,-390.18100103478855,17.043616517011877,9.1964607060162,11.738421524182732
0.8937250000000002,-0.0128291872548223,-390.17299013710635,17.04821621466758,9.202329916778295,11.738421524182732
0.8942250000000002,-0.0150890172374577,-390.16513721793336,17.05281884692866,9.208199127540382,11.738421524182732
0.894725,-0.014274179656526,-390.157865031955,17.05742441379512,9.214068338302473,11.738421524182732
0.8952250000000002,-0.0137897157572516,-390.15047609415717,17.06203291526696,9.21993754906457,11.738421524182732
0.8957250000000002,-0.0159241164780865,-390.1432095406341,17.066644351344184,9.22580675982666,11.738421524182732
0.896225,-0.0177741305427456,-390.1352636155044,17.071258722026784,9.23167597058875,11.738421524182732
0.8967250000000002,-0.0190677695616544,-390.12747419094154,17.075876027314774,9.237545181350843,11.738421524182732
0.897225,-0.0198520325478139,-390.1191101277845,17.080496267208137,9.243414392112932,11.738421524182732
0.8977250000000001,-0.0212254278241968,-390.11152962578143,17.08511944170688,9.249283602875025,11.738421524182732
0.898225,-0.023160128792145,-390.1038940318983,17.089745550811013,9.255152813637116,11.738421524182732
0.8987250000000001,-0.0246488084158868,-390.09647013138147,17.09437459452052,9.261022024399207,11.738421524182732
0.899225,-0.024977764572614,-390.08890887032,17.09900657283541,9.266891235161298,11.738421524182732
0.8997250000000001,-0.0257569750002416,-390.08155452827776,17.10364148575568,9.272760445923389,11.738421524182732
0.900225,-0.0271077224735417,-390.0737117024287,17.108279333281335,9.27862965668548,11.738421524182732
0.900725,-0.027428887282014,-390.0662167011113,17.112920115412365,9.28449886744757,11.738421524182732
0.901225,-0.0281698066486499,-390.0586039715378,17.11756383214878,9.29036807820966,11.738421524182732
0.901725,-0.0281942663974989,-390.05089918392895,17.122210483490576,9.296237288971751,11.738421524182732
0.902225,-0.0278705498440083,-390.04292777604536,17.126860069437754,9.302106499733847,11.738421524182732
0.902725,-0.0305453000115189,-390.0347879151367,17.131512589990315,9.307975710495938,11.738421524182732
0.9032250000000002,-0.0322998374326001,-390.0268449468192,17.13616804514825,9.31384492125803,11.738421524182732
0.903725,-0.0311507352392809,-390.0190584142535,17.14082643491157,9.319714132020119,11.738421524182732
0.904225,-0.0319830688737095,-390.0111543286298,17.145487759280268,9.32558334278221,11.738421524182732
0.9047250000000002,-0.0333706838537758,-390.003429004856,17.150152018254353,9.331452553544304,11.738421524182732
0.905225,-0.0328301959610016,-389.99564402525,17.15481921183381,9.337321764306393,11.738421524182732
0.905725,-0.0325404583309639,-389.9879257573492,17.159489340018656,9.343190975068485,11.738421524182732
0.906225,-0.0310929831985271,-389.97978541418945,17.16416240280888,9.349060185830576,11.738421524182732
0.906725,-0.030838423829948,-389.9715960363398,17.16883840020449,9.354929396592667,11.738421524182732
0.907225,-0.0307664272278422,-389.9639224343292,17.173517332205474,9.360798607354758,11.738421524182732
0.907725,-0.0288832243015183,-389.95602494663615,17.178199198811843,9.366667818116849,11.738421524182732
0.9082250000000002,-0.0280615598099066,-389.9480687623443,17.182884000023595,9.372537028878943,11.738421524182732
0.908725,-0.0286645968568174,-389.9399402598041,17.187571735840717,9.378406239641034,11.738421524182732
0.909225,-0.0278884214032606,-389.93132871858927,17.192262406263232,9.384275450403123,11.738421524182732
0.9097250000000002,-0.0253217742627431,-389.9228694039362,17.196956011291128,9.39014466116522,11.738421524182732
0.9102250000000002,-0.0239361541283178,-389.9146792220425,17.2016525509244,9.396013871927309,11.738421524182732
0.910725,-0.0232795177964757,-389.90658402840756,17.206352025163053,9.401883082689398,11.738421524182732
0.9112250000000002,-0.0224976922006391,-389.8985208201357,17.21105443400709,9.407752293451491,11.738421524182732
0.9117250000000002,-0.0204539831778846,-389.8903767782622,17.21575977745651,9.413621504213587,11.738421524182732
0.912225,-0.0169701662071929,-389.88168295521365,17.2204680555113,9.419490714975671,11.738421524182732
0.912725,-0.0146403083719203,-389.8726797014321,17.225179268171477,9.425359925737764,11.738421524182732
0.913225,-0.0132170128481362,-389.8635982237383,17.22989341543704,9.431229136499853,11.738421524182732
0.913725,-0.0112968848858703,-389.8550734030269,17.23461049730798,9.437098347261948,11.738421524182732
0.914225,-0.0085803182278401,-389.8467002474587,17.2393305137843,9.442967558024037,11.738421524182732
0.914725,-0.0065965033261313,-389.83784366210153,17.244053464866003,9.44883676878613,11.738421524182732
0.915225,-0.0057239553804817,-389.82893282285573,17.24877935055309,9.454705979548221,11.738421524182732
0.915725,-0.004861440281903,-389.81949729878016,17.253508170845553,9.460575190310314,11.738421524182732
0.916225,-0.0035954747044716,-389.80987417696304,17.258239925743396,9.466444401072403,11.738421524182732
0.916725,-0.0010518758800734,-389.8007382875134,17.262974615246627,9.472313611834496,11.738421524182732
0.917225,8.198162485403422e-05,-389.7913132599117,17.267712239355237,9.478182822596585,11.738421524182732
0.917725,0.0004264834228492,-389.7818296043989,17.27245279806922,9.484052033358678,11.738421524182732
0.918225,0.0026920592672704,-389.7721813767559,17.27719629138859,9.489921244120769,11.738421524182732
0.918725,0.0049945898708366,-389.76241926351344,17.281942719313342,9.49579045488286,11.738421524182732
0.9192250000000002,0.0061366358193264,-389.75255726973614,17.28669208184348,9.501659665644956,11.738421524182732
0.919725,0.0077079621732222,-389.74266902129887,17.291444378978987,9.507528876407044,11.738421524182732
0.920225,0.0085342570638601,-389.73299203441786,17.296199610719878,9.513398087169133,11.738421524182732
0.9207250000000002,0.0093444738769253,-389.7227912487971,17.30095777706616,9.519267297931227,11.738421524182732
0.921225,0.00955662674263,-389.71209933431226,17.305718878017817,9.525136508693317,11.738421524182732
0.921725,0.0088896678589035,-389.70139658542706,17.310482913574848,9.53100571945541,11.738421524182732
0.922225,0.0102340074580277,-389.69091324260046,17.315249883737266,9.536874930217499,11.738421524182732
0.922725,0.0110054411163367,-389.68058525725206,17.320019788505068,9.54274414097959,11.738421524182732
0.923225,0.0105161510333757,-389.67033278403136,17.324792627878242,9.548613351741682,11.738421524182732
0.923725,0.0107523371270283,-389.6597077344227,17.32956840185681,9.554482562503775,11.738421524182732
0.9242250000000002,0.0111893600379301,-389.64908773038553,17.33434711044075,9.560351773265866,11.738421524182732
0.924725,0.0118936406726993,-389.63771657150295,17.33912875363007,9.566220984027959,11.738421524182732
0.925225,0.0127581192964535,-389.6269016905584,17.34391333142478,9.572090194790048,11.738421524182732
0.9257250000000002,0.0127438491363771,-389.6156132154179,17.34870084382487,9.577959405552141,11.738421524182732
0.9262250000000002,0.0124763508799669,-389.60472746021213,17.35349129083033,9.583828616314234,11.738421524182732
0.926725,0.0119529255169541,-389.5933062661399,17.358284672441176,9.589697827076323,11.738421524182732
0.9272250000000002,0.0131074000971858,-389.5820810945229,17.36308098865741,9.595567037838414,11.738421524182732
0.9277250000000002,0.0139455940494761,-389.5707272942454,17.367880239479017,9.601436248600507,11.738421524182732
0.928225,0.0136188856203757,-389.5593626508116,17.372682424906003,9.607305459362596,11.738421524182732
0.928725,0.0142446406681638,-389.547676165933,17.377487544938386,9.613174670124689,11.738421524182732
0.929225,0.0160720809705851,-389.5363537585978,17.382295599576132,9.619043880886778,11.738421524182732
0.929725,0.0188101736476063,-389.5252663513896,17.38710658881927,9.62491309164887,11.738421524182732
0.930225,0.0201951006474797,-389.51423773845283,17.39192051266778,9.63078230241096,11.738421524182732
0.930725,0.0203099270715176,-389.503021826266,17.396737371121677,9.636651513173051,11.738421524182732
0.931225,0.0225652753631052,-389.4918659309656,17.401557164180954,9.642520723935146,11.738421524182732
0.931725,0.024735406765495,-389.4807410574957,17.40637989184561,9.648389934697237,11.738421524182732
0.932225,0.0250856826435083,-389.4695431521757,17.411205554115654,9.654259145459326,11.738421524182732
0.932725,0.0252175308258857,-389.459216976634,17.416034150991074,9.660128356221417,11.738421524182732
0.933225,0.0264190845448783,-389.4488598951116,17.420865682471877,9.66599756698351,11.738421524182732
0.933725,0.0282665991697608,-389.43838148864705,17.425700148558057,9.671866777745603,11.738421524182732
0.934225,0.028957651259746,-389.42775974955856,17.43053754924962,9.677735988507694,11.738421524182732
0.934725,0.0299765265551336,-389.4171477583941,17.435377884546558,9.683605199269783,11.738421524182732
0.9352250000000002,0.0309924161129976,-389.4064179265448,17.44022115444889,9.689474410031877,11.738421524182732
0.935725,0.0323280487357592,-389.3961062594487,17.445067358956592,9.695343620793965,11.738421524182732
0.936225,0.0335252874767642,-389.3857683577257,17.44991649806968,9.701212831556056,11.738421524182732
0.9367250000000004,0.033734219360132,-389.37633444540216,17.45476857178815,9.707082042318152,11.738421524182732
0.937225,0.0340369312553237,-389.3661463128967,17.459623580112,9.712951253080242,11.738421524182732
0.937725,0.0341268810392925,-389.35636699643135,17.464481523041233,9.718820463842333,11.738421524182732
0.938225,0.0335315275754896,-389.34655195050766,17.469342400575837,9.724689674604424,11.738421524182732
0.938725,0.0325019247969746,-389.33696569055047,17.474206212715835,9.730558885366516,11.738421524182732
0.939225,0.0308511431166457,-389.32764661912796,17.47907295946121,9.736428096128607,11.738421524182732
0.939725,0.0299056449716005,-389.31811197439015,17.483942640811964,9.742297306890698,11.738421524182732
0.9402250000000002,0.0290919217418788,-389.3085160001398,17.488815256768103,9.74816651765279,11.738421524182732
0.940725,0.0274800152200178,-389.29932749846006,17.493690807329617,9.75403572841488,11.738421524182732
0.941225,0.0254115525248653,-389.29040129335715,17.498569292496516,9.759904939176971,11.738421524182732
0.941725,0.0245658157643293,-389.28155835528986,17.503450712268798,9.765774149939062,11.738421524182732
0.9422250000000002,0.0246185769133231,-389.2733101847165,17.508335066646456,9.771643360701157,11.738421524182732
0.942725,0.0230079601252333,-389.2652086798163,17.513222355629495,9.777512571463248,11.738421524182732
0.9432250000000002,0.0208693478002702,-389.2576407421438,17.51811257921792,9.783381782225339,11.738421524182732
0.943725,0.0191670823470322,-389.2498035085685,17.52300573741172,9.78925099298743,11.738421524182732
0.944225,0.0168170835178793,-389.2420210881218,17.527901830210904,9.79512020374952,11.738421524182732
0.944725,0.0149811453578393,-389.2339850110165,17.53280085761547,9.800989414511612,11.738421524182732
0.945225,0.0123691870054512,-389.22639227527696,17.537702819625416,9.806858625273701,11.738421524182732
0.945725,0.0094673566754506,-389.21886105155755,17.542607716240745,9.812727836035794,11.738421524182732
0.946225,0.0088945467412039,-389.2112142972281,17.547515547461447,9.818597046797887,11.738421524182732
0.946725,0.0062948362959782,-389.2042074283157,17.55242631328754,9.824466257559976,11.738421524182732
0.947225,0.0040433518307156,-389.1973887197034,17.557340013719013,9.830335468322067,11.738421524182732
0.9477250000000002,0.0039429488964876,-389.19059326552633,17.562256648755863,9.836204679084164,11.738421524182732
0.948225,0.0029295785686809,-389.1838996640987,17.567176218398096,9.84207388984625,11.738421524182732
0.948725,0.0009878598864384,-389.1776968933592,17.572098722645713,9.847943100608344,11.738421524182732
0.949225,-0.0005078622544593,-389.1713111838978,17.577024161498702,9.853812311370435,11.738421524182732
0.9497250000000002,-0.001293852549349,-389.16451438530277,17.581952534957082,9.859681522132526,11.738421524182732
0.950225,-0.0019365764414396,-389.1580312103623,17.58688384302084,9.865550732894617,11.738421524182732
0.950725,-0.0023457037836878,-389.15108136079346,17.591818085689972,9.871419943656708,11.738421524182732
0.9512250000000002,-0.0033306728716311,-389.14459482685163,17.596755262964496,9.8772891544188,11.738421524182732
0.951725,-0.0040541462077283,-389.1384140048497,17.601695374844393,9.883158365180892,11.738421524182732
0.952225,-0.004699730972002,-389.13240614858205,17.606638421329674,9.88902757594298,11.738421524182732
0.952725,-0.0055077113691233,-389.1258951545117,17.611584402420334,9.894896786705074,11.738421524182732
0.953225,-0.0058155283218572,-389.1191396842854,17.616533318116378,9.900765997467165,11.738421524182732
0.953725,-0.0063073388012564,-389.11237166123885,17.621485168417806,9.906635208229256,11.738421524182732
0.954225,-0.007403351233441,-389.10604019581774,17.626439953324613,9.912504418991345,11.738421524182732
0.9547250000000002,-0.0083997299852853,-389.09972735801887,17.631397672836798,9.918373629753441,11.738421524182732
0.955225,-0.0088262425981595,-389.0937116921959,17.636358326954362,9.924242840515529,11.738421524182732
0.955725,-0.0095474269171628,-389.08770526782797,17.641321915677313,9.930112051277623,11.738421524182732
0.9562250000000002,-0.0112363193011071,-389.0812320396106,17.64628843900564,9.935981262039716,11.738421524182732
0.9567250000000002,-0.0123461393599217,-389.0745831824501,17.651257896939356,9.941850472801805,11.738421524182732
0.957225,-0.0130592409137726,-389.06765400937536,17.65623028947844,9.947719683563895,11.738421524182732
0.9577250000000002,-0.0137424348186912,-389.06120731713565,17.661205616622915,9.95358889432599,11.738421524182732
0.9582250000000002,-0.014868779262727,-389.0551948876369,17.666183878372774,9.959458105088082,11.738421524182732
0.958725,-0.0166828658365888,-389.04911764061535,17.671165074728002,9.965327315850168,11.738421524182732
0.9592250000000002,-0.0189942600654537,-389.0432059552767,17.676149205688617,9.971196526612264,11.738421524182732
0.959725,-0.0204907009102724,-389.0365755847223,17.681136271254612,9.977065737374351,11.738421524182732
0.960225,-0.022397105018888,-389.02963459452207,17.68612627142599,9.982934948136442,11.738421524182732
0.960725,-0.0244897364428344,-389.0230358557344,17.69111920620275,9.988804158898535,11.738421524182732
0.961225,-0.0264290217014719,-389.0162097920429,17.696115075584885,9.994673369660626,11.738421524182732
0.961725,-0.0298674902454976,-389.0093397414951,17.701113879572414,10.000542580422719,11.738421524182732
0.962225,-0.031442124407291,-389.00253024464905,17.706115618165306,10.006411791184808,11.738421524182732
0.962725,-0.0312543519024522,-388.9954955669963,17.711120291363596,10.012281001946901,11.738421524182732
0.963225,-0.0328689600784134,-388.9885666233172,17.71612789916726,10.018150212708992,11.738421524182732
0.963725,-0.0336412039029994,-388.98143669766284,17.721138441576308,10.024019423471081,11.738421524182732
0.964225,-0.0340722517308115,-388.97449141781044,17.72615191859073,10.029888634233174,11.738421524182732
0.964725,-0.0351598449717957,-388.96736738889297,17.73116833021054,10.035757844995267,11.738421524182732
0.965225,-0.0354301445914779,-388.960283071632,17.73618767643573,10.041627055757358,11.738421524182732
0.9657250000000002,-0.0351271602452531,-388.95251764618035,17.741209957266296,10.047496266519452,11.738421524182732
0.966225,-0.0356385221948251,-388.9447253206961,17.746235172702246,10.05336547728154,11.738421524182732
0.966725,-0.0365200930861992,-388.9371426082687,17.75126332274358,10.059234688043631,11.738421524182732
0.9672250000000002,-0.0359777029201278,-388.9291050654026,17.756294407390293,10.065103898805726,11.738421524182732
0.967725,-0.0357219536558296,-388.9212596058674,17.76132842664238,10.070973109567815,11.738421524182732
0.968225,-0.0356237556905624,-388.91366615028056,17.766365380499856,10.076842320329906,11.738421524182732
0.968725,-0.0346251083855727,-388.9057490932982,17.771405268962717,10.082711531091997,11.738421524182732
0.969225,-0.0343793205712104,-388.897837342049,17.776448092030947,10.088580741854088,11.738421524182732
0.969725,-0.0327846417571389,-388.8900045947123,17.781493849704567,10.094449952616179,11.738421524182732
0.970225,-0.0310597941446551,-388.8823868055675,17.786542541983565,10.100319163378272,11.738421524182732
0.9707250000000002,-0.0308691290992918,-388.87478354048744,17.791594168867945,10.106188374140363,11.738421524182732
0.971225,-0.0294293198246912,-388.8668196325075,17.796648730357703,10.112057584902454,11.738421524182732
0.971725,-0.0270778927082404,-388.8590371249797,17.801706226452843,10.117926795664546,11.738421524182732
0.9722250000000002,-0.025951735277462,-388.8501106728499,17.80676665715337,10.123796006426641,11.738421524182732
0.9727250000000002,-0.0246294445724047,-388.8418281672492,17.81183002245928,10.12966521718873,11.738421524182732
0.973225,-0.0224065885030355,-388.8329558996857,17.81689632237056,10.13553442795082,11.738421524182732
0.9737250000000002,-0.0204464925902901,-388.8242228764133,17.821965556887232,10.141403638712912,11.738421524182732
0.9742250000000002,-0.0187170647637227,-388.8158438470969,17.827037726009273,10.147272849475005,11.738421524182732
0.974725,-0.016738186644151,-388.8074703529339,17.832112829736698,10.153142060237093,11.738421524182732
0.975225,-0.0152080367517784,-388.7988802876982,17.83719086806951,10.159011270999185,11.738421524182732
0.975725,-0.0135070868778123,-388.7901862047384,17.8422718410077,10.164880481761275,11.738421524182732
0.976225,-0.0120099166715303,-388.7810170415216,17.84735574855127,10.170749692523367,11.738421524182732
0.976725,-0.0112839436461469,-388.77270160972256,17.85244259070022,10.176618903285457,11.738421524182732
0.977225,-0.0096175868347845,-388.7635068784205,17.85753236745455,10.182488114047553,11.738421524182732
0.977725,-0.0080889767018039,-388.7544829802298,17.86262507881427,10.188357324809642,11.738421524182732
0.978225,-0.0074005235253824,-388.7455234175259,17.867720724779364,10.194226535571733,11.738421524182732
0.978725,-0.0054518213362267,-388.7370070778775,17.872819305349836,10.200095746333822,11.738421524182732
0.979225,-0.0037627826027948,-388.72822111841793,17.8779208205257,10.205964957095915,11.738421524182732
0.979725,-0.0028878602022202,-388.71922844343317,17.883025270306934,10.211834167858006,11.738421524182732
0.980225,-0.001923371511073,-388.7102366262647,17.888132654693557,10.217703378620097,11.738421524182732
0.980725,-0.0005988430942504,-388.70154675208505,17.893242973685556,10.223572589382188,11.738421524182732
0.981225,-0.000161275324157,-388.6928014126212,17.89835622728294,10.229441800144281,11.738421524182732
0.9817250000000002,-0.0006326722140961,-388.68438398864697,17.90347241548571,10.235311010906376,11.738421524182732
0.982225,-5.015127076984711e-05,-388.67531446518376,17.90859153829385,10.241180221668463,11.738421524182732
0.982725,0.0002343269049674,-388.6661946511169,17.91371359570737,10.247049432430552,11.738421524182732
0.9832250000000002,0.0003595534993123,-388.6570949929318,17.918838587726277,10.252918643192649,11.738421524182732
0.983725,0.0002001334390136,-388.6481944930131,17.923966514350568,10.25878785395474,11.738421524182732
0.984225,0.0002142135731816,-388.6394554270722,17.929097375580234,10.26465706471683,11.738421524182732
0.984725,0.0013992538551232,-388.63085984958855,17.93423117141528,10.270526275478922,11.738421524182732
0.985225,0.0016022038671935,-388.62252544850213,17.93936790185571,10.276395486241011,11.738421524182732
0.985725,0.0021205541841857,-388.61428011812495,17.944507566901517,10.282264697003102,11.738421524182732
0.986225,0.0039347511685675,-388.6054080625941,17.94965016655271,10.288133907765195,11.738421524182732
0.9867250000000002,0.0044569165825447,-388.5969908893652,17.95479570080929,10.29400311852729,11.738421524182732
0.987225,0.0056785871528187,-388.588032307124,17.959944169671243,10.299872329289379,11.738421524182732
0.987725,0.007087811461327,-388.5795123652756,17.965095573138576,10.305741540051468,11.738421524182732
0.9882250000000002,0.0079725149835284,-388.570441658995,17.97024991121129,10.311610750813564,11.738421524182732
0.9887250000000002,0.0100931622197127,-388.5616691068679,17.975407183889384,10.317479961575655,11.738421524182732
0.989225,0.0115230508653462,-388.55287058604034,17.98056739117287,10.323349172337746,11.738421524182732
0.9897250000000002,0.0124153095657445,-388.54442936797034,17.985730533061727,10.329218383099835,11.738421524182732
0.9902250000000002,0.0145189094552064,-388.5359078913166,17.990896609555968,10.335087593861928,11.738421524182732
0.990725,0.0161695437975296,-388.52734717457446,17.99606562065559,10.340956804624017,11.738421524182732
0.991225,0.0177485120406564,-388.5185079822298,18.001237566360594,10.34682601538611,11.738421524182732
0.991725,0.0202985647609152,-388.5102112090509,18.006412446670975,10.3526952261482,11.738421524182732
0.992225,0.0221158559414991,-388.50172345576,18.011590261586743,10.35856443691029,-546.6743253547736
0.992725,0.0231986268170239,-388.4936061991047,18.01670120951453,10.085227274232935,-546.6743253547736
0.993225,0.024900718668025,-388.48544059505815,18.02167548886097,9.811890111555517,-546.6743253547736
0.993725,0.0269540431657506,-388.47727254099215,18.02651309962608,9.538552948878161,-546.6743253547736
0.994225,0.0282701953721326,-388.4690462159196,18.03121404180985,9.265215786200743,-546.6743253547736
0.994725,0.0297978367446897,-388.46054592199204,18.035778315412276,8.991878623523386,-546.6743253547736
0.995225,0.031264435922825,-388.45207181173424,18.040205920433372,8.718541460845968,-546.6743253547736
0.995725,0.0324376987414762,-388.44394420769396,18.04449685687313,8.445204298168612,-546.6743253547736
0.996225,0.0336661260612497,-388.43555180737127,18.048651124731546,8.171867135491194,-546.6743253547736
0.996725,0.0346281065802062,-388.427809038663,18.05266872400862,7.898529972813839,-546.6743253547736
0.997225,0.0350515423835507,-388.4194292688755,18.056549654704355,7.625192810136421,-546.6743253547736
0.9977250000000002,0.0351739609640872,-388.4111610716333,18.060293916818758,7.351855647458942,-546.6743253547736
0.998225,0.0351414584786147,-388.40246568258976,18.063901510351815,7.078518484781647,-546.6743253547736
0.998725,0.0356227461390837,-388.39398173694707,18.06737243530354,6.805181322104292,-546.6743253547736
0.9992250000000004,0.0349208095107415,-388.38560518437356,18.07070669167392,6.531844159426691,-546.6743253547736
0.999725,0.033501615805246,-388.3772241970701,18.073904279462962,6.258506996749516,-546.6743253547736
1.000225,0.032691530209962,-388.3685399271558,18.076965198670667,5.985169834072159,-546.6743253547736
1.000725,0.0321463319662287,-388.3601847823127,18.079889449297042,5.711832671394681,-546.6743253547736
1.0012250000000005,0.0317823307996768,-388.3514940504963,18.082677031342065,5.438495508717081,-546.6743253547736
1.001725,0.0301397201644612,-388.34290550971645,18.08532794480576,5.165158346039967,-546.6743253547736
1.002225,0.0280630681206565,-388.33420078705853,18.08784218968811,4.891821183362611,-546.6743253547736
1.0027250000000003,0.0267960946793664,-388.3253993351319,18.09021976598912,4.618484020685011,-546.6743253547736
1.003225,0.0252043373849932,-388.316770012072,18.09246067370879,4.345146858007777,-546.6743253547736
1.003725,0.0231860764590782,-388.3078852575594,18.094564912847126,4.071809695330419,-546.6743253547736
1.004225,0.0211936728651193,-388.29906860709525,18.09653248340412,3.7984725326530637,-546.6743253547736
1.004725,0.0195362357112433,-388.290257260066,18.098363385379773,3.525135369975585,-546.6743253547736
1.005225,0.0168914164382688,-388.2819235962375,18.100057618774102,3.251798207298228,-546.6743253547736
1.0057250000000002,0.0146448523380691,-388.273245382741,18.10161518358708,2.978461044620751,-546.6743253547736
1.006225,0.013606033657207,-388.26513508396664,18.103036079818718,2.705123881943514,-546.6743253547736
1.006725,0.0120696796402234,-388.2561239364182,18.10432030746902,2.4317867192660376,-546.6743253547736
1.007225,0.0105173997783561,-388.2471644464674,18.10546786653798,2.1584495565886797,-546.6743253547736
1.0077250000000002,0.0086733810675194,-388.2378866004121,18.106478757025606,1.8851123939112004,-546.6743253547736
1.008225,0.0071714024034633,-388.22862636096187,18.10735297893189,1.611775231233967,-546.6743253547736
1.008725,0.005437165020127,-388.2201132241031,18.108090532256846,1.3384380685564887,-546.6743253547736
1.009225,0.0032177827075349,-388.2113035344134,18.10869141700045,1.0651009058791312,-546.6743253547736
1.009725,0.0022050624306517,-388.20192255256393,18.109155633162725,0.7917637432017751,-546.6743253547736
1.0102250000000002,0.000976146258607,-388.1928891342254,18.109483180743652,0.5184265805242967,-546.6743253547736
1.010725,-0.0007655499575355,-388.1831487885135,18.109674059743245,0.24508941784693905,-546.6743253547736
1.011225,-0.0019177380672117,-388.1735961686678,18.109728270161497,-0.02824774483041681,-546.6743253547736
1.011725,-0.0028523762065728,-388.16419583059616,18.109645811998416,-0.30158490750777456,-546.6743253547736
1.0122250000000002,-0.0038493331286483,-388.15452347324634,18.109426685253993,-0.5749220701852512,-546.6743253547736
1.012725,-0.0051803042477809,-388.145569617024,18.109070889928223,-0.848259232862609,-546.6743253547736
1.0132249999999998,-0.0060832794894156,-388.13641024978796,18.10857842602113,-1.1215963955398425,-546.6743253547736
1.0137250000000002,-0.0066896147702307,-388.12697802105157,18.10794929353269,-1.3949335582174434,-546.6743253547736
1.0142250000000002,-0.0076005945823127,-388.1180544229464,18.107183492462912,-1.6682707208948009,-546.6743253547736
1.014725,-0.0088957036700165,-388.10858819946736,18.106281022811796,-1.9416078835721546,-546.6743253547736
1.015225,-0.0102488959888856,-388.09927648832195,18.10524188457934,-2.214945046249513,-546.6743253547736
1.0157250000000002,-0.0107417240654555,-388.089690028594,18.104066077765545,-2.4882822089269894,-546.6743253547736
1.016225,-0.0119718657323825,-388.0797977345694,18.102753602370413,-2.7616193716042265,-546.6743253547736
1.016725,-0.0141845505620818,-388.0708237603081,18.10130445839394,-3.034956534281703,-546.6743253547736
1.0172250000000005,-0.0152606150881278,-388.0618593718778,18.099718645836134,-3.308293696959304,-546.6743253547736
1.017725,-0.0155755768443634,-388.05281975153076,18.097996164696983,-3.5816308596364186,-546.6743253547736
1.018225,-0.0170203325721901,-388.0430550230082,18.0961370149765,-3.854968022313776,-546.6743253547736
1.0187250000000003,-0.0182761182620391,-388.0340662212606,18.09414119667467,-4.1283051849913734,-546.6743253547736
1.019225,-0.0185003429156705,-388.0249420958673,18.092008709791507,-4.40164234766861,-546.6743253547736
1.019725,-0.0190211552826699,-388.0153997434153,18.089739554327004,-4.674979510345967,-546.6743253547736
1.0202250000000002,-0.0199516957220083,-388.00659122504584,18.08733373028116,-4.948316673023445,-546.6743253547736
1.020725,-0.0208103268599581,-387.99707170175645,18.084791237653977,-5.221653835700803,-546.6743253547736
1.021225,-0.0218862805842852,-387.9881102825288,18.082112076445455,-5.494990998378158,-546.6743253547736
1.0217250000000002,-0.0231330532360009,-387.9792414169305,18.079296246655595,-5.7683281610556385,-546.6743253547736
1.0222250000000002,-0.023980770729023,-387.97026713247703,18.0763437482844,-6.0416653237329925,-546.6743253547736
1.022725,-0.0252822944869694,-387.96141844532275,18.073254581331867,-6.31500248641035,-546.6743253547736
1.023225,-0.0256067398143741,-387.9529345736189,18.07002874579799,-6.588339649087708,-546.6743253547736
1.0237250000000002,-0.0259249872963714,-387.94393125155716,18.06666624168278,-6.861676811765185,-546.6743253547736
1.024225,-0.0262031965680147,-387.93562793399167,18.063167068986225,-7.135013974442419,-546.6743253547736
1.024725,-0.0254595294420386,-387.926811661627,18.059531227708334,-7.408351137119898,-546.6743253547736
1.025225,-0.0258466688733233,-387.9188969155986,18.055758717849102,-7.681688299797254,-546.6743253547736
1.025725,-0.0255630933231699,-387.9100366083277,18.051849539408543,-7.955025462474612,-546.6743253547736
1.026225,-0.0238142628459743,-387.9016608261773,18.047803692386633,-8.228362625151966,-546.6743253547736
1.026725,-0.0236060275477833,-387.8929402644507,18.04362117678338,-8.501699787829443,-546.6743253547736
1.027225,-0.023067135813547,-387.88434986727435,18.039301992598798,-8.775036950506804,-546.6743253547736
1.027725,-0.0220676917521331,-387.87588947197526,18.03484613983288,-9.048374113184158,-546.6743253547736
1.0282250000000002,-0.0225276006657582,-387.86736082789645,18.03025361848562,-9.321711275861638,-546.6743253547736
1.028725,-0.0216593575091813,-387.8591797030478,18.025524428557016,-9.59504843853887,-546.6743253547736
1.0292249999999998,-0.0203035423283005,-387.85099927200076,18.02065857004708,-9.868385601216227,-546.6743253547736
1.0297250000000002,-0.0207791905046589,-387.84257644900947,18.0156560429558,-10.141722763893826,-546.6743253547736
1.0302250000000002,-0.019908177849817,-387.8346591236258,18.01051684728318,-10.415059926571185,-546.6743253547736
1.030725,-0.0186778074994851,-387.8263375032242,18.00524098302923,-10.688397089248422,-546.6743253547736
1.031225,-0.0185029621624757,-387.81846477795466,17.999828450193935,-10.961734251925902,-546.6743253547736
1.0317250000000002,-0.0169200831465555,-387.8102949733169,17.994279248777303,-11.23507141460338,-546.6743253547736
1.032225,-0.0150463225321243,-387.8024064858571,17.988593378779335,-11.508408577280614,-546.6743253547736
1.032725,-0.013190466253364,-387.79459553464585,17.982770840200022,-11.781745739957971,-546.6743253547736
1.0332250000000005,-0.0112021623317819,-387.78680346067625,17.976811633039368,-12.055082902635693,-546.6743253547736
1.033725,-0.010034079497686,-387.77915440195443,17.970715757297384,-12.328420065312805,-546.6743253547736
1.034225,-0.0097374056840136,-387.77096154241366,17.96448321297406,-12.60175722799016,-546.6743253547736
1.0347250000000003,-0.0087924389480405,-387.76297364974323,17.958114000069394,-12.875094390667758,-546.6743253547736
1.035225,-0.0074688232967372,-387.7552620572118,17.951608118583398,-13.148431553344995,-546.6743253547736
1.035725,-0.0067211272635219,-387.74746896391247,17.94496556851605,-13.421768716022353,-546.6743253547736
1.0362250000000002,-0.0069270592329278,-387.73945779689365,17.93818634986737,-13.695105878699833,-546.6743253547736
1.036725,-0.0069841063488755,-387.73139902050747,17.931270462637354,-13.968443041377066,-546.6743253547736
1.037225,-0.0061656404955547,-387.72337801945747,17.924217906826,-14.241780204054546,-546.6743253547736
1.037725,-0.0051199475952913,-387.71580718228535,17.9170286824333,-14.5151173667319,-546.6743253547736
1.0382250000000002,-0.0053016345585991,-387.70796631343865,17.90970278945926,-14.78845452940938,-546.6743253547736
1.038725,-0.0052160976829132,-387.7005072661385,17.902240227903892,-15.061791692086615,-546.6743253547736
1.039225,-0.0039824858897392,-387.6925554463175,17.894640997767173,-15.335128854764092,-546.6743253547736
1.0397250000000002,-0.0039745847063817,-387.68483860505074,17.88690509904912,-15.608466017441572,-546.6743253547736
1.040225,-0.0041598829554507,-387.67733940678664,17.879032531749733,-15.881803180118803,-546.6743253547736
1.040725,-0.0048043200280562,-387.6695927908867,17.87102329586901,-16.155140342796166,-546.6743253547736
1.041225,-0.0048820116372821,-387.66216183452286,17.86287739140694,-16.42847750547364,-546.6743253547736
1.041725,-0.0037589077936908,-387.65438550186803,17.854594818363537,-16.701814668151,-546.6743253547736
1.042225,-0.0034986792678387,-387.6461790197481,17.84617557673879,-16.975151830828356,-546.6743253547736
1.042725,-0.003171317772375,-387.6378498037216,17.83761966653271,-17.24848899350571,-546.6743253547736
1.043225,-0.0026689562012474,-387.62916808862536,17.82892708774528,-17.52182615618319,-546.6743253547736
1.0437249999999998,-0.0031686491841006,-387.6206801258627,17.820097840376523,-17.795163318860425,-546.6743253547736
1.0442250000000002,-0.0023017026644518,-387.61248017783754,17.811131924426423,-18.068500481538024,-546.6743253547736
1.044725,-0.0009240626111759,-387.60388319952483,17.80202933989498,-18.34183764421526,-546.6743253547736
1.0452249999999998,-0.0016286794090716,-387.5949026707652,17.79279008678221,-18.615174806892615,-546.6743253547736
1.0457250000000002,-0.0018536386660396,-387.5864798997698,17.783414165088086,-18.888511969570217,-546.6743253547736
1.0462250000000002,-0.0010546594405413,-387.5780259369217,17.773901574812637,-19.16184913224757,-546.6743253547736
1.046725,-0.000950633531018,-387.5695806022536,17.764252315955847,-19.435186294924808,-546.6743253547736
1.047225,-0.0007573873412658,-387.5611836158882,17.754466388517717,-19.708523457602286,-546.6743253547736
1.0477250000000002,4.992777791110902e-06,-387.5525581131719,17.744543792498238,-19.981860620279765,-546.6743253547736
1.048225,0.0010663495125671,-387.54328841649397,17.73448452789743,-20.255197782956998,-546.6743253547736
1.048725,0.0025309648872806,-387.53440863797226,17.724288594715286,-20.528534945634355,-546.6743253547736
1.0492250000000003,0.0040061906085938,-387.52499215140887,17.713955992951792,-20.801872108311954,-546.6743253547736
1.049725,0.0051994134359697,-387.51634297831185,17.70348672260697,-21.075209270989188,-546.6743253547736
1.050225,0.007310584885739,-387.50723378665987,17.69288078368081,-21.348546433666552,-546.6743253547736
1.0507250000000004,0.0102274831515477,-387.4979835695911,17.682138176173293,-21.621883596344144,-546.6743253547736
1.051225,0.0104975200218679,-387.4888935909869,17.671258900084464,-21.895220759021385,-546.6743253547736
1.051725,0.0106510133047768,-387.4798437140572,17.660242955414283,-22.16855792169874,-546.6743253547736
1.0522250000000002,0.0124497576523414,-387.47011298485177,17.64909034216276,-22.44189508437622,-546.6743253547736
1.052725,0.0141106369544845,-387.46068178748544,17.637801060329913,-22.715232247053457,-546.6743253547736
1.053225,0.0158172207535008,-387.4506479276734,17.626375109915713,-22.988569409730932,-546.6743253547736
1.053725,0.0164735996013999,-387.4408617385486,17.614812490920176,-23.261906572408286,-546.6743253547736
1.0542250000000002,0.0175599330651541,-387.4310633856639,17.6031132033433,-23.535243735085768,-546.6743253547736
1.054725,0.0204657258969249,-387.4209029672395,17.591277247185094,-23.808580897763,-546.6743253547736
1.055225,0.0233808871596188,-387.41141829099064,17.57930462244554,-24.08191806044048,-546.6743253547736
1.0557250000000002,0.0241298490156264,-387.40159834584074,17.567195329124644,-24.35525522311795,-546.6743253547736
1.056225,0.0242690802600723,-387.3916743271278,17.554949367222424,-24.628592385795194,-546.6743253547736
1.056725,0.0261869802738059,-387.3816997862663,17.542566736738856,-24.90192954847255,-546.6743253547736
1.057225,0.0275147473256047,-387.37131729125684,17.53004743767395,-25.17526671115003,-546.6743253547736
1.057725,0.0273486644136409,-387.3611519013835,17.517391470027707,-25.44860387382738,-546.6743253547736
1.058225,0.0270347008127363,-387.35114552083087,17.50459883380012,-25.72194103650474,-546.6743253547736
1.058725,0.0279727415251618,-387.3412029937996,17.491669528991203,-25.9952781991821,-546.6743253547736
1.059225,0.0297182735748569,-387.33147460183267,17.47860355560094,-26.268615361859574,-546.6743253547736
1.0597249999999998,0.0299433175992384,-387.3213551024019,17.465400913629345,-26.54195252453681,-546.6743253547736
1.0602250000000002,0.029189208528733,-387.31170333751146,17.4520616030764,-26.815289687214406,-546.6743253547736
1.060725,0.0297420160765052,-387.30147182916363,17.438585623942128,-27.088626849891643,-546.6743253547736
1.061225,0.0305683730303696,-387.2915569857225,17.42497297622651,-27.361964012569125,-546.6743253547736
1.0617250000000005,0.0301084638025471,-387.2814936129366,17.411223659929544,-27.63530117524672,-546.6743253547736
1.0622250000000002,0.0283675262464355,-387.2711711856207,17.397337675051258,-27.908638337923957,-546.6743253547736
1.062725,0.0272064557900705,-387.26139099267004,17.38331502159164,-28.181975500601194,-546.6743253547736
1.063225,0.0269387943721028,-387.2510665077856,17.36915569955066,-28.455312663278672,-546.6743253547736
1.0637250000000005,0.0264012437157514,-387.24093729370776,17.35485970892834,-28.72864982595627,-546.6743253547736
1.064225,0.0249634666915223,-387.2301871859259,17.34042704972471,-29.001986988633384,-546.6743253547736
1.064725,0.0238072410450665,-387.2198543848498,17.32585772193973,-29.27532415131074,-546.6743253547736
1.0652250000000003,0.0229447791487071,-387.2094470375205,17.311151725573385,-29.54866131398834,-546.6743253547736
1.065725,0.0223030410851618,-387.1986847174379,17.296309060625735,-29.821998476665573,-546.6743253547736
1.066225,0.0213708895890247,-387.1882259649151,17.281329727096733,-30.095335639342927,-546.6743253547736
1.066725,0.0192222493524612,-387.17831209217366,17.266213724986393,-30.368672802020296,-546.6743253547736
1.067225,0.0176595540085344,-387.1681174485759,17.250961054294713,-30.64200996469777,-546.6743253547736
1.067725,0.0162046512247883,-387.1584693630365,17.235571715021692,-30.915347127375124,-546.6743253547736
1.0682250000000002,0.0136847819376645,-387.14840576109333,17.22004570716733,-31.188684290052606,-546.6743253547736
1.068725,0.0103676760260864,-387.13841031640175,17.204383030731645,-31.46202145272984,-546.6743253547736
1.069225,0.0075090057825134,-387.1281483505449,17.188583685714605,-31.735358615407318,-546.6743253547736
1.069725,0.0059984489051952,-387.11815495449713,17.17264767211623,-32.00869577808467,-546.6743253547736
1.0702250000000002,0.0056911240307892,-387.10785901521535,17.15657498993652,-32.28203294076215,-546.6743253547736
1.070725,0.0046425836590608,-387.09782404645165,17.140365639175474,-32.55537010343939,-546.6743253547736
1.071225,0.0033738305906367,-387.08775340374444,17.12401961983308,-32.828707266116865,-546.6743253547736
1.071725,0.0034316045305922,-387.07739379448765,17.107536931909355,-33.10204442879423,-546.6743253547736
1.072225,0.0022985240344495,-387.0672476445358,17.09091757540429,-33.37538159147158,-546.6743253547736
1.0727250000000002,0.0007362796093508,-387.0569390445572,17.07416155031788,-33.64871875414906,-546.6743253547736
1.073225,-0.000518310778999,-387.04682452371867,17.05726885665014,-33.922055916826416,-546.6743253547736
1.073725,-0.0025236257342482,-387.03689323949743,17.040239494401057,-34.195393079503766,-546.6743253547736
1.074225,-0.003842853639166,-387.02703482347476,17.023073463570636,-34.468730242181124,-546.6743253547736
1.0747250000000002,-0.0061414358413213,-387.01712233139284,17.00577076415887,-34.74206740485861,-546.6743253547736
1.075225,-0.0080579778256865,-387.00717738034064,16.988331396165776,-35.01540456753595,-546.6743253547736
1.0757249999999998,-0.0069647147221156,-386.99742294192765,16.97075535959135,-35.288741730213204,-546.6743253547736
1.0762250000000002,-0.0059829630639104,-386.98802838249406,16.95304265443556,-35.5620788928908,-546.6743253547736
1.0767250000000002,-0.0057963735944979,-386.97808925209506,16.935193280698446,-35.835416055568146,-546.6743253547736
1.077225,-0.0048828332429003,-386.96809346664645,16.917207238379994,-36.10875321824552,-546.6743253547736
1.077725,-0.0040072401018014,-386.95779833649505,16.899084527480202,-36.38209038092287,-546.6743253547736
1.0782250000000002,-0.004051878592045,-386.9479934089848,16.88082514799907,-36.65542754360035,-546.6743253547736
1.078725,-0.0049169999613511,-386.93794951373724,16.862429099936605,-36.928764706277576,-546.6743253547736
1.079225,-0.0067083425541737,-386.9276567206403,16.84389638329279,-37.20210186895506,-546.6743253547736
1.0797250000000005,-0.0079504806573569,-386.9175422830521,16.82522699806763,-37.47543903163267,-546.6743253547736
1.080225,-0.0086557946418817,-386.9073748492339,16.806420944261163,-37.74877619430977,-546.6743253547736
1.080725,-0.0102360194257821,-386.8973188317136,16.787478221873343,-38.02211335698713,-546.6743253547736
1.0812250000000003,-0.011464682657903,-386.88744798053045,16.768398830904164,-38.295450519664726,-546.6743253547736
1.081725,-0.012002924055501,-386.87751847920754,16.749182771353674,-38.568787682341956,-546.6743253547736
1.082225,-0.0122677158232921,-386.8674282462027,16.72983004322183,-38.84212484501931,-546.6743253547736
1.0827250000000002,-0.010364605216248,-386.8574285476958,16.71034064650865,-39.115462007696806,-546.6743253547736
1.083225,-0.00922659789971,-386.8473253394997,16.690714581214134,-39.388799170374156,-546.6743253547736
1.083725,-0.0121182726361601,-386.83736413168543,16.67095184733828,-39.662136333051514,-546.6743253547736
1.0842250000000002,-0.0124866860720463,-386.8278269119343,16.651052444881078,-39.93547349572899,-546.6743253547736
1.0847250000000002,-0.0129090380241423,-386.8180074203312,16.63101637384255,-40.20881065840634,-546.6743253547736
1.085225,-0.0160913424704481,-386.8078046963322,16.610843634222675,-40.4821478210837,-546.6743253547736
1.085725,-0.0172891495253261,-386.7979120568842,16.590534226021468,-40.75548498376106,-546.6743253547736
1.0862250000000002,-0.0193945359269566,-386.78775720028403,16.570088149238913,-41.028822146438536,-546.6743253547736
1.086725,-0.0210804487654728,-386.77784778721656,16.549505403875035,-41.30215930911577,-546.6743253547736
1.087225,-0.0206749573663052,-386.76851243470526,16.5287859899298,-41.57549647179324,-546.6743253547736
1.087725,-0.0208710417655674,-386.7590515378254,16.507929907403234,-41.848833634470616,-546.6743253547736
1.088225,-0.0203970734178611,-386.74930986584064,16.486937156295333,-42.122170797147966,-546.6743253547736
1.088725,-0.0183454625161193,-386.73955441973055,16.465807736606088,-42.39550795982532,-546.6743253547736
1.089225,-0.0180043342028409,-386.72928125373284,16.444541648335502,-42.66884512250281,-546.6743253547736
1.089725,-0.0196200028053635,-386.7199185076724,16.423138891483582,-42.94218228518015,-546.6743253547736
1.090225,-0.019314801075034,-386.7100107882439,16.40159946605033,-43.21551944785752,-546.6743253547736
1.0907250000000002,-0.0182513948217377,-386.7002688188075,16.379923372035723,-43.48885661053499,-546.6743253547736
1.091225,-0.0187350259145233,-386.69044114723727,16.3581106094398,-43.762193773212225,-546.6743253547736
1.0917249999999998,-0.019430090017749,-386.6806498312355,16.336161178262525,-44.035530935889575,-546.6743253547736
1.0922250000000002,-0.0207492524063439,-386.6710191955545,16.31407507850389,-44.30886809856718,-546.6743253547736
1.0927250000000002,-0.0200800607868127,-386.66179183168185,16.291852310163943,-44.58220526124454,-546.6743253547736
1.093225,-0.0170275249016446,-386.65219713867884,16.269492873242665,-44.855542423921776,-546.6743253547736
1.093725,-0.0150629231193223,-386.6431085768138,16.246996767740026,-45.12887958659925,-546.6743253547736
1.0942250000000002,-0.0149057158514643,-386.63392843514134,16.22436399365605,-45.40221674927673,-546.6743253547736
1.094725,-0.0126954557074681,-386.62497583743766,16.20159455099075,-45.675553911953976,-546.6743253547736
1.095225,-0.0089953988469829,-386.6159846260789,16.17868843974411,-45.94889107463132,-546.6743253547736
1.0957250000000005,-0.0065524338280723,-386.6065920433101,16.155645659916097,-46.22222823730904,-546.6743253547736
1.096225,-0.0063193462747532,-386.5977227927076,16.132466211506795,-46.49556539998616,-546.6743253547736
1.096725,-0.0069026932760073,-386.58894825280055,16.109150094516135,-46.76890256266352,-546.6743253547736
1.0972250000000003,-0.0061765282586184,-386.5796165088786,16.085697308944116,-47.04223972534112,-546.6743253547736
1.097725,-0.0060621532993458,-386.57036790847195,16.06210785479079,-47.31557688801835,-546.6743253547736
1.098225,-0.0072003685215628,-386.5612634235877,16.038381732056113,-47.5889140506957,-546.6743253547736
1.0987250000000002,-0.0070585467844396,-386.55270353049553,16.014518940740086,-47.862251213373185,-546.6743253547736
1.099225,-0.005444660869195,-386.5440313607915,15.990519480842746,-48.13558837605042,-546.6743253547736
1.099725,-0.0038772959727195,-386.5350376189198,15.966383352364044,-48.40892553872789,-546.6743253547736
1.100225,-0.0018532933673084,-386.52638168016995,15.942110555304009,-48.68226270140525,-546.6743253547736
1.1007250000000002,-0.000398143072565,-386.51715381923225,15.917701089662634,-48.955599864082735,-546.6743253547736
1.101225,0.0007719537979475,-386.5081873228156,15.893154955439936,-49.228937026759965,-546.6743253547736
1.101725,0.0024660915459894,-386.49976210957556,15.86847215263588,-49.50227418943744,-546.6743253547736
1.1022250000000002,0.0019274112775214,-386.4912074602822,15.843652681250482,-49.77561135211493,-546.6743253547736
1.102725,0.0001317405697293,-386.4828071185896,15.818696541283767,-50.04894851479216,-546.6743253547736
1.103225,-0.0003944060688855,-386.4744514558027,15.793603732735702,-50.322285677469516,-546.6743253547736
1.103725,-0.0017665996436413,-386.46600198808005,15.768374255606293,-50.595622840146994,-546.6743253547736
1.104225,-0.0025875482324703,-386.4579393427806,15.743008109895555,-50.86896000282435,-546.6743253547736
1.104725,-0.0024272792220826,-386.44978348835747,15.717505295603473,-51.1422971655017,-546.6743253547736
1.105225,-0.0040250586678885,-386.4418088071706,15.691865812730057,-51.41563432817907,-546.6743253547736
1.105725,-0.004142592430711,-386.43345618231183,15.66608966127529,-51.68897149085655,-546.6743253547736
1.1062249999999998,-0.0023483314784486,-386.42573058833403,15.64017684123921,-51.96230865353378,-546.6743253547736
1.1067250000000002,-0.0027029415049215,-386.4171750612319,15.614127352621752,-52.23564581621138,-546.6743253547736
1.107225,-0.0035789546312633,-386.4092319622405,15.58794119542299,-52.508982978888604,-546.6743253547736
1.1077249999999998,-0.0033279891511345,-386.40059705066585,15.561618369642877,-52.78232014156597,-546.6743253547736
1.1082250000000002,-0.0023536856395911,-386.39265354676957,15.535158875281406,-53.05565730424358,-546.6743253547736
1.1087250000000002,-0.0022320046571899,-386.38434901746524,15.508562712338616,-53.328994466920925,-546.6743253547736
1.109225,-0.0033647412984458,-386.3761571402626,15.481829880814503,-53.60233162959817,-546.6743253547736
1.109725,-0.0045606312771218,-386.3680949997322,15.454960380709023,-53.87566879227564,-546.6743253547736
1.1102250000000002,-0.0032430890795087,-386.3601515787221,15.427954212022208,-54.14900595495312,-546.6743253547736
1.110725,-0.0014919204470093,-386.3522644384911,15.400811374754078,-54.42234311763036,-546.6743253547736
1.111225,-0.0006653423312737,-386.34444916837947,15.373531868904593,-54.695680280307705,-546.6743253547736
1.1117250000000003,0.0014968139692164,-386.3365878081777,15.346115694473752,-54.969017442985304,-546.6743253547736
1.112225,0.0043262237363232,-386.3289794418439,15.318562851461603,-55.24235460566255,-546.6743253547736
1.112725,0.0074262553446631,-386.32152148427923,15.290873339868108,-55.5156917683399,-546.6743253547736
1.1132250000000004,0.0099387058947701,-386.3139082576703,15.263047159693246,-55.789028931017505,-546.6743253547736
1.113725,0.0110362259027724,-386.30603048729336,15.235084310937086,-56.062366093694735,-546.6743253547736
1.114225,0.0132858704857666,-386.29880652166196,15.20698479359957,-56.3357032563721,-546.6743253547736
1.1147250000000002,0.0137802497921744,-386.2912542189661,15.178748607680701,-56.60904041904956,583.4298380917697
1.115225,0.0131360046264696,-386.283236366667,15.150517016200958,-56.31732550000383,583.4298380917697
1.115725,0.01377556507097,-386.27535061822226,15.122431282180706,-56.02561058095786,583.4298380917697
1.116225,0.0141612564639326,-386.26721155548177,15.094491405619992,-55.73389566191201,583.4298380917697
1.1167250000000002,0.0158116127277618,-386.2592055644677,15.066697386518792,-55.44218074286603,583.4298380917697
1.117225,0.0185382102875295,-386.25150887617485,15.039049224877136,-55.1504658238203,583.4298380917697
1.117725,0.0200386897121991,-386.24354683083595,15.011546920694974,-54.85875090477431,583.4298380917697
1.1182250000000002,0.0230255250746532,-386.23630146038715,14.984190473972339,-54.56703598572833,583.4298380917697
1.118725,0.025736402703887,-386.22889882896055,14.956979884709252,-54.27532106668261,583.4298380917697
1.119225,0.0261914420588111,-386.2210264336022,14.929915152905677,-53.98360614763676,583.4298380917697
1.119725,0.026045759418743,-386.213336804212,14.90299627856161,-53.69189122859077,583.4298380917697
1.120225,0.0258591005804863,-386.2051675800536,14.876223261677083,-53.400176309544925,583.4298380917697
1.120725,0.0255924319809402,-386.1971362212461,14.84959610225207,-53.108461390499066,583.4298380917697
1.121225,0.0244603714385705,-386.18937289482045,14.823114800286582,-52.81674647145322,583.4298380917697
1.121725,0.0221578220444739,-386.1816808313028,14.796779355780608,-52.52503155240724,583.4298380917697
1.1222249999999998,0.0206142413096523,-386.17451675481954,14.770589768734183,-52.23331663336151,583.4298380917697
1.1227250000000002,0.0210987691798591,-386.16730407738953,14.744546039147243,-51.941601714315404,583.4298380917697
1.123225,0.0217673027485357,-386.15975715167946,14.718648167019863,-51.64988679526968,583.4298380917697
1.123725,0.0209443202938055,-386.1519307717447,14.692896152351983,-51.35817187622369,583.4298380917697
1.1242250000000005,0.0219513123293608,-386.14425837646036,14.667289995143612,-51.06645695717758,583.4298380917697
1.1247250000000002,0.0221416318161657,-386.13661815828107,14.641829695394799,-50.774742038131855,583.4298380917697
1.125225,0.0212195461813109,-386.1289290475385,14.616515253105504,-50.48302711908614,583.4298380917697
1.125725,0.0208730418208406,-386.12137114272736,14.591346668275715,-50.19131220004016,583.4298380917697
1.1262250000000005,0.018888220583311,-386.1140642782291,14.566323940905434,-49.89959728099404,583.4298380917697
1.126725,0.0172611671718544,-386.1063777556138,14.541447070994726,-49.60788236194845,583.4298380917697
1.127225,0.0153695966657435,-386.0986963301982,14.516716058543517,-49.3161674429026,583.4298380917697
1.1277250000000003,0.012168132146657,-386.0910205307494,14.492130903551809,-49.02445252385648,583.4298380917697
1.128225,0.0106721240086073,-386.0838256367579,14.467691606019656,-48.73273760481076,583.4298380917697
1.128725,0.0109135676593579,-386.07663459960895,14.443398165947013,-48.441022685764906,583.4298380917697
1.129225,0.0099123767045894,-386.0692078484779,14.419250583333897,-48.14930776671906,583.4298380917697
1.129725,0.0089824557674621,-386.0617979219984,14.39524885818029,-47.85759284767308,583.4298380917697
1.130225,0.0088531317512719,-386.05441159007216,14.371392990486214,-47.56587792862723,583.4298380917697
1.1307250000000002,0.0075400606273893,-386.0472802800095,14.347682980251658,-47.274163009581244,583.4298380917697
1.131225,0.0074381330644456,-386.03973675315046,14.32411882747664,-46.98244809053552,583.4298380917697
1.131725,0.0067007199671362,-386.0322075750207,14.300700532161125,-46.690733171489526,583.4298380917697
1.132225,0.0040597898821661,-386.02477061048717,14.277428094305147,-46.39901825244368,583.4298380917697
1.1327250000000002,0.0019723517448613,-386.017427107464,14.254301513908679,-46.1073033333977,583.4298380917697
1.133225,0.0007470590707052,-386.00962550594994,14.231320790971752,-45.815588414351986,583.4298380917697
1.133725,-0.0006041677836889,-386.0022669762763,14.208485925494331,-45.52387349530599,583.4298380917697
1.134225,-0.0015931477278146,-385.9946538269627,14.185796917476443,-45.23215857626014,583.4298380917697
1.134725,-0.0015056807341159,-385.9877134257856,14.163253766918077,-44.94044365721429,583.4298380917697
1.1352250000000002,-0.0016242183002126,-385.97991758956357,14.140856473819223,-44.6487287381683,583.4298380917697
1.135725,-0.0006501426396384,-385.97285346893034,14.1186050381799,-44.35701381912245,583.4298380917697
1.136225,0.0003673872102489,-385.9653963548805,14.096499460000105,-44.065298900076606,583.4298380917697
1.136725,0.0006057979622111,-385.95802752361766,14.074539739279828,-43.773583981030754,583.4298380917697
1.1372250000000002,0.0012107841126256,-385.95059540182433,14.05272587601907,-43.48186906198477,583.4298380917697
1.137725,0.0002871244487449,-385.9430324120426,14.031057870217841,-43.190154142938916,583.4298380917697
1.1382249999999998,-0.0011629533815494,-385.9348871217739,14.009535721876144,-42.89843922389319,583.4298380917697
1.1387250000000002,-0.0012262682423946,-385.92698619790497,13.988159430993948,-42.60672430484708,583.4298380917697
1.1392250000000002,-0.00187674093573,-385.919076671217,13.966928997571285,-42.315009385801226,583.4298380917697
1.139725,-0.0036956073745435,-385.9113108776598,13.945844421608145,-42.023294466755374,583.4298380917697
1.140225,-0.0038595754684322,-385.9038626913169,13.924905703104534,-41.73157954770952,583.4298380917697
1.1407250000000002,-0.0028794879096218,-385.89619859327485,13.904112842060432,-41.43986462866354,583.4298380917697
1.141225,-0.0032066169573301,-385.88788909499084,13.883465838475873,-41.14814970961781,583.4298380917697
1.141725,-0.0037553256542064,-385.88018034140805,13.86296469235082,-40.85643479057183,583.4298380917697
1.1422250000000005,-0.0049107541049981,-385.87191009543557,13.842609403685282,-40.56471987152572,583.4298380917697
1.142725,-0.0059717487647959,-385.86370053362293,13.822399972479298,-40.27300495248012,583.4298380917697
1.143225,-0.0068835133607995,-385.85560851598757,13.802336398732823,-39.98129003343428,583.4298380917697
1.1437250000000003,-0.0099247987776287,-385.8473664572047,13.782418682445853,-39.68957511438817,583.4298380917697
1.144225,-0.0124918717055731,-385.8388861675697,13.76264682361843,-39.39786019534245,583.4298380917697
1.144725,-0.0132360204134726,-385.83080732548996,13.74302082225052,-39.10614527629658,583.4298380917697
1.1452250000000002,-0.015790280624368,-385.8222731689534,13.723540678342127,-38.81443035725061,583.4298380917697
1.145725,-0.0186295022469577,-385.81324391522793,13.704206391893267,-38.52271543820475,583.4298380917697
1.146225,-0.0186118380174283,-385.8042836984064,13.68501796290393,-38.2310005191589,583.4298380917697
1.1467250000000002,-0.0184556234358471,-385.7954230873202,13.665975391374102,-37.93928560011291,583.4298380917697
1.1472250000000002,-0.0194994561553889,-385.7869111010222,13.64707867730381,-37.647570681067066,583.4298380917697
1.147725,-0.0205517935126742,-385.7779737082607,13.628327820693043,-37.355855762021214,583.4298380917697
1.148225,-0.0209028020464835,-385.769148527441,13.609722821541792,-37.06414084297535,583.4298380917697
1.1487250000000002,-0.0209135524692852,-385.7597607032247,13.591263679850059,-36.772425923929376,583.4298380917697
1.149225,-0.0218850714385907,-385.7504000413057,13.572950395617868,-36.480711004883645,583.4298380917697
1.149725,-0.0238250680136389,-385.74102099419696,13.554782968845181,-36.188996085837665,583.4298380917697
1.150225,-0.0248996255761249,-385.7317071909712,13.536761399532024,-35.897281166791814,583.4298380917697
1.150725,-0.0258205414287382,-385.7225947368771,13.518885687678392,-35.605566247745976,583.4298380917697
1.151225,-0.0266959376256979,-385.7134348435613,13.501155833284285,-35.31385132870012,583.4298380917697
1.151725,-0.0263887503194958,-385.70333255815245,13.483571836349693,-35.02213640965413,583.4298380917697
1.152225,-0.025879516837564,-385.69310061945276,13.466133696874627,-34.73042149060828,583.4298380917697
1.152725,-0.0252240069119512,-385.6826628592236,13.448841414859084,-34.43870657156242,583.4298380917697
1.1532250000000002,-0.0247377627132742,-385.6718907104902,13.431694990303058,-34.14699165251644,583.4298380917697
1.153725,-0.0241727691307084,-385.66127880720086,13.414694423206571,-33.855276733470724,583.4298380917697
1.1542249999999998,-0.0225670296077866,-385.6512963951788,13.397839713569601,-33.563561814424865,583.4298380917697
1.1547250000000002,-0.0196094840096265,-385.64082123211335,13.381130861392137,-33.27184689537876,583.4298380917697
1.1552250000000002,-0.0450281393810425,-385.6307755385531,13.364567866674214,-32.980131976332906,583.4298380917697
1.155725,-0.1509369759788639,-385.62023861769796,13.348150729415815,-32.688417057287175,583.4298380917697
1.156225,-0.292141131890118,-385.60973547565555,13.331879449616926,-32.396702138241196,583.4298380917697
1.1567250000000002,-0.4231488304096441,-385.59930323438556,13.315754027277562,-32.104987219195216,583.4298380917697
1.157225,-0.6241399651548694,-385.58864439615945,13.299774462397737,-31.813272300149496,583.4298380917697
1.157725,-0.9257374373177644,-385.5777839239222,13.283940754977422,-31.521557381103637,583.4298380917697
1.1582250000000005,-1.2540614981139495,-385.5671738256502,13.268252905016611,-31.229842462057398,583.4298380917697
1.158725,-1.5367195121293773,-385.5564226565312,13.252710912515363,-30.93812754301181,583.4298380917697
1.159225,-1.758831965402469,-385.5456373500801,13.237314777473621,-30.64641262396595,583.4298380917697
1.1597250000000003,-1.9978501355583187,-385.5344995803472,13.222064499891383,-30.354697704919836,583.4298380917697
1.160225,-2.2902507555218543,-385.5242495779659,13.206960079768697,-30.06298278587412,583.4298380917697
1.160725,-2.500117365958289,-385.51369682269336,13.192001517105522,-29.771267866828264,583.4298380917697
1.1612250000000002,-2.586093006856528,-385.5035135762792,13.177188811901864,-29.47955294778228,583.4298380917697
1.161725,-2.685933326399291,-385.49286916034885,13.16252196415774,-29.187838028736557,583.4298380917697
1.162225,-2.823551526520255,-385.48237634280065,13.14800097387313,-28.89612310969057,583.4298380917697
1.162725,-2.901988531630057,-385.471808807617,13.13362584104805,-28.604408190644726,583.4298380917697
1.1632250000000002,-2.8853140123671936,-385.4612538489918,13.119396565682484,-28.31269327159874,583.4298380917697
1.163725,-2.7876106671484133,-385.450958412862,13.10531314777645,-28.02097835255302,583.4298380917697
1.164225,-2.652209554702473,-385.4405714599254,13.091375587329937,-27.729263433507036,583.4298380917697
1.1647250000000002,-2.485387993486265,-385.4304802546699,13.077583884342937,-27.437548514461053,583.4298380917697
1.165225,-2.200757536369593,-385.4199208403782,13.063938038815479,-27.145833595415336,583.4298380917697
1.165725,-1.808990274124186,-385.4091543766263,13.05043805074753,-26.854118676369474,583.4298380917697
1.166225,-1.4190817245837146,-385.39897226945027,13.037083920139102,-26.562403757323498,583.4298380917697
1.166725,-0.997846754525666,-385.3887189976164,13.0238756469902,-26.270688838277643,583.4298380917697
1.167225,-0.4779587146377771,-385.37827121539783,13.010813231300826,-25.97897391923179,583.4298380917697
1.167725,0.1021383296865746,-385.36742782533076,12.997896673070978,-25.687259000185946,583.4298380917697
1.168225,0.7231442582570277,-385.35691270275015,12.98512597230064,-25.39554408113996,583.4298380917697
1.1687249999999998,1.421035141869084,-385.3465038234889,12.97250112898984,-25.103829162094232,583.4298380917697
1.1692250000000002,2.2085539610573,-385.3368058357335,12.960022143138541,-24.812114243048118,583.4298380917697
1.169725,3.0974461599599143,-385.3267009500777,12.947689014746786,-24.5203993240024,583.4298380917697
1.1702249999999998,4.066380142182203,-385.3168118987041,12.935501743814546,-24.228684404956546,583.4298380917697
1.1707250000000002,5.059830905652205,-385.3071044204098,12.923460330341822,-23.93696948591043,583.4298380917697
1.1712250000000002,6.119630994193796,-385.297360452618,12.911564774328628,-23.64525456686458,583.4298380917697
1.171725,7.2407848835758415,-385.28731596674845,12.899815075774965,-23.353539647818856,583.4298380917697
1.172225,8.367115319360213,-385.2773324527967,12.888211234680814,-23.061824728772876,583.4298380917697
1.1727250000000002,9.516658166310496,-385.2676378981904,12.876753251046186,-22.77010980972689,583.4298380917697
1.173225,10.708648740628751,-385.2581816351281,12.865441124871088,-22.478394890681173,583.4298380917697
1.173725,11.946110578235258,-385.2485736473465,12.854274856155513,-22.186679971635314,583.4298380917697
1.1742250000000003,13.248249245452223,-385.23932602949674,12.843254444899449,-21.894965052589207,583.4298380917697
1.174725,14.586884125961408,-385.2300482580466,12.83237989110292,-21.603250133543483,583.4298380917697
1.175225,15.946716083082643,-385.2209141199634,12.821651194765911,-21.31153521449763,583.4298380917697
1.1757250000000004,17.37157416197939,-385.21160285816313,12.811068355888413,-21.019820295451513,583.4298380917697
1.176225,18.84705584496947,-385.20224982254706,12.800631374470454,-20.728105376405793,583.4298380917697
1.176725,20.31530695667661,-385.1931238084378,12.790340250512015,-20.436390457359938,583.4298380917697
1.1772250000000002,21.78448188352408,-385.18410962609397,12.780194984013095,-20.144675538313955,583.4298380917697
1.177725,23.282198756239,-385.17552170504837,12.770195574973704,-19.852960619268238,583.4298380917697
1.178225,24.82858397129406,-385.1667661707066,12.76034202339383,-19.56124570022225,583.4298380917697
1.178725,26.373506010125617,-385.1579471177017,12.750634329273481,-19.269530781176403,583.4298380917697
1.1792250000000002,27.904047879702468,-385.1498417490259,12.741072492612648,-18.97781586213042,583.4298380917697
1.179725,29.4891945316614,-385.1417336477931,12.731656513411355,-18.686100943084693,583.4298380917697
1.180225,31.13247999965245,-385.1339336618004,12.72238639166957,-18.394386024038713,583.4298380917697
1.1807250000000002,32.75995442524718,-385.1264399153061,12.713262127387306,-18.10267110499273,583.4298380917697
1.181225,34.34196757847994,-385.11884750751716,12.704283720564574,-17.810956185947003,583.4298380917697
1.181725,35.93466205252086,-385.11190568267193,12.695451171201368,-17.519241266901155,583.4298380917697
1.182225,37.580329820698,-385.10450875233283,12.686764479297672,-17.227526347855175,583.4298380917697
1.182725,39.238733725606366,-385.0970600422576,12.678223644853508,-16.93581142880932,583.4298380917697
1.183225,40.82561062581094,-385.08976943207364,12.669828667868867,-16.644096509763468,583.4298380917697
1.183725,42.40950568459748,-385.0829831239799,12.661579548343745,-16.352381590717616,583.4298380917697
1.184225,44.095204751234064,-385.0759042041435,12.653476286278147,-16.060666671671633,583.4298380917697
1.1847249999999998,45.794810482334,-385.0695620478672,12.645518881672078,-15.76895175262591,583.4298380917697
1.1852250000000002,47.44579829955102,-385.063902081298,12.637707334525519,-15.477236833579795,583.4298380917697
1.185725,49.05713081092863,-385.0581476534711,12.630041644838494,-15.185521914534073,583.4298380917697
1.186225,50.674094919946825,-385.0522593772698,12.622521812610987,-14.893806995488093,583.4298380917697
1.1867250000000005,52.341115870968096,-385.04708851720125,12.615147837842999,-14.602092076441984,583.4298380917697
1.1872250000000002,53.93547197818625,-385.04138609588375,12.607919720534545,-14.310377157396259,583.4298380917697
1.187725,55.39688337924321,-385.0365709813502,12.60083746068561,-14.018662238350537,583.4298380917697
1.188225,56.85981803821255,-385.03175649153394,12.59390105829619,-13.726947319304548,583.4298380917697
1.1887250000000005,58.33401466283436,-385.0271983868321,12.5871105133663,-13.435232400258442,583.4298380917697
1.189225,59.77560851595626,-385.02326638692705,12.580465825895937,-13.143517481212848,583.4298380917697
1.189725,61.14888838186302,-385.01862188805796,12.573966995885094,-12.851802562166995,583.4298380917697
1.1902250000000003,62.4455301077723,-385.01425965903087,12.567614023333768,-12.560087643120882,583.4298380917697
1.190725,63.739775197814126,-385.01007547096896,12.561406908241969,-12.268372724075158,583.4298380917697
1.191225,65.04300185131108,-385.00641720722206,12.555345650609697,-11.976657805029305,583.4298380917697
1.191725,66.25355059861772,-385.0031683280882,12.549430250436943,-11.684942885983455,583.4298380917697
1.192225,67.35383306159814,-385.000325289202,12.543660707723712,-11.39322796693747,583.4298380917697
1.192725,68.36461709440059,-384.9977387876744,12.538037022470004,-11.101513047891618,583.4298380917697
1.1932250000000002,69.35610861660328,-384.9947264461036,12.532559194675818,-10.809798128845635,583.4298380917697
1.193725,70.30116857529967,-384.99177725595314,12.52722722434116,-10.518083209799912,583.4298380917697
1.194225,71.09612434266947,-384.98965299527924,12.522041111466015,-10.22636829075393,583.4298380917697
1.194725,71.83213406896256,-384.9873960780216,12.517000856050403,-9.934653371708078,583.4298380917697
1.1952250000000002,72.62556388950267,-384.98559585228935,12.51210645809431,-9.642938452662097,583.4298380917697
1.195725,73.4285398780985,-384.98361345802795,12.507357917597743,-9.351223533616373,583.4298380917697
1.196225,74.17933863643199,-384.98206826826686,12.502755234560693,-9.05950861457039,583.4298380917697
1.196725,74.91458875965124,-384.9805974151234,12.498298408983173,-8.767793695524539,583.4298380917697
1.197225,75.7038698834764,-384.9792154606824,12.493987440865169,-8.476078776478685,583.4298380917697
1.1977250000000002,76.60427625258303,-384.97793419554694,12.489822330206692,-8.184363857432706,583.4298380917697
1.198225,77.44013442686503,-384.9766580493548,12.485803077007736,-7.892648938386851,583.4298380917697
1.198725,78.15109340323414,-384.9757412712299,12.481929681268305,-7.600934019340997,583.4298380917697
1.199225,78.95728425528156,-384.9748208160874,12.478202142988398,-7.309219100295145,583.4298380917697
1.1997250000000002,79.89414234345587,-384.97366609137094,12.47462046216801,-7.017504181249162,583.4298380917697
1.200225,80.79614943306055,-384.97260719033585,12.471184638807149,-6.7257892622033095,583.4298380917697
1.2007249999999998,81.6027110335477,-384.9717728496441,12.467894672905809,-6.434074343157583,583.4298380917697
1.2012250000000002,82.45690726638706,-384.9710713742827,12.46475056446399,-6.142359424111476,583.4298380917697
1.2017250000000002,83.4720982748376,-384.9707022537757,12.461752313481695,-5.850644505065622,583.4298380917697
1.202225,84.49790944616193,-384.9702351070015,12.458899919958924,-5.55892958601977,583.4298380917697
1.202725,85.41961530303487,-384.9700094020383,12.456193383895675,-5.267214666973916,583.4298380917697
1.2032250000000002,86.30552983638493,-384.9694794564912,12.453632705291948,-4.975499747927933,583.4298380917697
1.203725,87.26275484120482,-384.9688740406481,12.451217884147747,-4.68378482888221,583.4298380917697
1.204225,88.29806434470756,-384.9682880956686,12.448948920463067,-4.392069909836231,583.4298380917697
1.2047250000000005,89.21331115911823,-384.968338693258,12.446825814237911,-4.100354990790118,583.4298380917697
1.205225,90.12247208018098,-384.96839313324074,12.44484856547228,-3.8086400717445246,583.4298380917697
1.205725,91.1902802339473,-384.9684694807754,12.443017174166169,-3.5169251526986707,583.4298380917697
1.2062250000000003,92.2575990187228,-384.9688592243148,12.441331640319579,-3.2252102336525583,583.4298380917697
1.206725,93.26426497829378,-384.96962602900004,12.439791963932514,-2.9334953146068354,583.4298380917697
1.207225,94.33907193368086,-384.970290892811,12.438398145004973,-2.641780395560983,583.4298380917697
1.2077250000000002,95.41326161014229,-384.97104533717436,12.437150183536952,-2.3500654765150015,583.4298380917697
1.208225,96.44050676785858,-384.97150146221094,12.436048079528454,-2.058350557469148,583.4298380917697
1.208725,97.40238024625825,-384.97171913279976,12.435091832979486,-1.7666356384232973,583.4298380917697
1.2092250000000002,98.33387634491952,-384.97253326839166,12.434281443890033,-1.4749207193773126,583.4298380917697
1.2097250000000002,99.31497366806602,-384.97316649067824,12.433616912260108,-1.1832058003314587,583.4298380917697
1.210225,100.26527099048226,-384.9737988627715,12.433098238089704,-0.8914908812856064,583.4298380917697
1.210725,101.10047416682582,-384.97453956368764,12.432725421378821,-0.599775962239756,583.4298380917697
1.2112250000000002,102.03427935740945,-384.97581712005245,12.432498462127464,-0.3080610431937729,583.4298380917697
1.211725,103.1116361891318,-384.9774831652833,12.432417360335627,-0.01634612414804997,583.4298380917697
1.212225,104.11446723168042,-384.97915677276654,12.432482116003316,0.27536879489793137,583.4298380917697
1.212725,104.9669283520642,-384.9811329727058,12.432692729130524,0.5670837139437852,583.4298380917697
1.213225,105.97340065837427,-384.9829342085538,12.433049199717255,0.8587986329896358,583.4298380917697
1.213725,107.07120861224416,-384.98447257950716,12.433551527763518,1.1505135520354912,583.4298380917697
1.214225,108.08617834816354,-384.9857101849621,12.434199713269294,1.4422284710814728,583.4298380917697
1.214725,109.0552128829227,-384.9870305969462,12.434993756234595,1.733943390127325,583.4298380917697
1.215225,110.08356617350964,-384.9887559958375,12.435933656659419,2.0256583091731772,583.4298380917697
1.2157250000000002,111.27455702823276,-384.99065571759314,12.437019414543773,2.31737322821916,583.4298380917697
1.216225,112.4319192675294,-384.9926630653785,12.43825102988764,2.6090881472648833,583.4298380917697
1.2167249999999998,113.4840509844392,-384.994781921733,12.439628502691033,2.900803066310737,583.4298380917697
1.2172250000000002,114.73253718826577,-384.99678595194007,12.441151832953949,3.1925179853568477,583.4298380917697
1.2177250000000002,116.01276934936644,-384.99863694423783,12.442821020676394,3.4842329044027016,583.4298380917697
1.218225,117.17428002220748,-385.0005704418681,12.444636065858354,3.7759478234484245,583.4298380917697
1.218725,118.34378882513514,-385.0022844959972,12.44659696849984,4.067662742494408,583.4298380917697
1.2192250000000002,119.60592113195293,-385.00430149400836,12.448703728600849,4.359377661540389,583.4298380917697
1.219725,120.93750410765726,-385.0057826854293,12.450956346161378,4.651092580586112,583.4298380917697
1.220225,122.20883411877978,-385.00789967968683,12.453354821181431,4.9428074996319635,583.4298380917697
1.2207250000000005,123.46967716051674,-385.0095337537793,12.455899153661012,5.234522418678205,583.4298380917697
1.221225,124.86092011008478,-385.01132246740866,12.458589343600114,5.526237337723799,583.4298380917697
1.221725,126.4425443041137,-385.01277487153976,12.461425390998732,5.817952256769653,583.4298380917697
1.2222250000000003,127.88017988364206,-385.01435310828003,12.464407295856882,6.109667175815763,583.4298380917697
1.222725,129.18761053481907,-385.0156874301407,12.46753505817455,6.401382094861487,583.4298380917697
1.223225,130.81115406801206,-385.01689287478786,12.470808677951746,6.69309701390734,583.4298380917697
1.2237250000000002,132.43345556982447,-385.01797912223236,12.47422815518846,6.9848119329533205,583.4298380917697
1.224225,133.74257313658094,-385.0187693700871,12.477793489884695,7.276526851999044,583.4298380917697
1.224725,135.0910725848458,-385.0191281657442,12.481504682040455,7.5682417710450265,583.4298380917697
1.225225,136.63640063545117,-385.0197404599168,12.485361731655738,7.85995669009088,583.4298380917697
1.2257250000000002,138.15267523259223,-385.0192547206759,12.48936463873055,8.151671609136862,583.4298380917697
1.226225,139.46497517510585,-385.01875805731373,12.493513403264878,8.443386528182586,583.4298380917697
1.226725,140.7065952014573,-385.01771217910726,12.497808025258731,8.735101447228569,583.4298380917697
1.2272250000000002,142.2719361012491,-385.016442945958,12.502248504712108,9.02681636627455,583.4298380917697
1.227725,143.9833024120033,-385.0152319590322,12.506834841625006,9.318531285320274,583.4298380917697
1.228225,145.30288222212013,-385.01353855924395,12.511567035997427,9.610246204366128,583.4298380917697
1.228725,146.42701292164526,-385.0117514529483,12.516445087829371,9.901961123412109,583.4298380917697
1.229225,148.02426228518593,-385.0096677069992,12.52146899712084,10.19367604245796,583.4298380917697
1.229725,149.76161698162952,-385.0068596323966,12.526638763871828,10.48539096150381,583.4298380917697
1.230225,151.05489128954449,-385.00405536862655,12.53195438808234,10.777105880549666,583.4298380917697
1.230725,152.1686607359347,-385.0003926262899,12.53741586975238,11.06882079959565,583.4298380917697
1.2312249999999998,153.60016130595537,-384.9966825551317,12.543023208881937,11.360535718641371,583.4298380917697
1.2317250000000002,155.29681870931682,-384.9921693090921,12.548776405471022,11.652250637687482,583.4298380917697
1.232225,156.7704684078842,-384.9877263612327,12.554675459519627,11.943965556733207,583.4298380917697
1.2327249999999998,157.87032794495406,-384.9831919731457,12.56072037102775,12.23568047577906,583.4298380917697
1.2332250000000002,159.08608872245742,-384.97815287790405,12.566911139995408,12.52739539482517,583.4298380917697
1.2337250000000002,160.72915260122474,-384.97192546662217,12.57324776642258,12.819110313871024,583.4298380917697
1.234225,162.25995771525044,-384.96599817872266,12.579730250309275,13.110825232916746,583.4298380917697
1.234725,163.28853072625122,-384.95886355360693,12.586358591655499,13.402540151962725,583.4298380917697
1.2352250000000002,164.3346389761159,-384.95246380512134,12.593132790461242,13.694255071008712,583.4298380917697
1.235725,165.85129099888093,-384.94525192144044,12.600052846726504,13.985969990054437,583.4298380917697
1.236225,167.40929191281128,-384.9376501612321,12.607118760451288,14.277684909100287,583.4298380917697
1.2367250000000003,168.6644722564025,-384.9303174667049,12.61433053163561,14.569399828146398,-1049.281844134361
1.237225,169.79150319150898,-384.9228788782163,12.621484071319166,14.04475890607951,-1049.281844134361
1.237725,171.16354388482833,-384.9158628844163,12.628375290541687,13.52011798401239,-1049.281844134361
1.2382250000000004,172.7050889227136,-384.9079297030716,12.635004189303178,12.9954770619448,-1049.281844134361
1.238725,174.06369495571116,-384.9001878233809,12.641370767603632,12.470836139877909,-1049.281844134361
1.239225,175.16006547418323,-384.89234330973767,12.647475025443056,11.946195217810788,-1049.281844134361
1.2397250000000002,176.23085267971112,-384.88397707384235,12.653316962821446,11.421554295743432,-1049.281844134361
1.240225,177.52227951396748,-384.87550421582694,12.658896579738794,10.896913373676542,-1049.281844134361
1.240725,178.79806637236248,-384.8664477501491,12.66421387619512,10.372272451609186,-1049.281844134361
1.241225,179.76688566689518,-384.857523927014,12.669268852190408,9.847631529542065,-1049.281844134361
1.2417250000000002,180.6797545731368,-384.8484025589909,12.67406150772466,9.322990607474708,-1049.281844134361
1.242225,181.7356359543964,-384.83867471723437,12.67859184279788,8.79834968540782,-1049.281844134361
1.242725,182.9493431585435,-384.82937030451143,12.682859857410069,8.273708763340462,-1049.281844134361
1.2432250000000002,183.89030116976213,-384.8203133192113,12.686865551561226,7.749067841273106,-1049.281844134361
1.243725,184.63951247545063,-384.81101952365003,12.690608925251341,7.224426919206215,-1049.281844134361
1.244225,185.6543127692576,-384.8016895293293,12.694089978480426,6.699785997139094,-1049.281844134361
1.244725,186.7942740780182,-384.79169062938206,12.697308711248482,6.175145075071738,-1049.281844134361
1.245225,187.70227741216664,-384.782413483274,12.700265123555502,5.650504153004613,-1049.281844134361
1.245725,188.48472330258133,-384.77241977478036,12.702959215401485,5.125863230937491,-1049.281844134361
1.246225,189.41931246725176,-384.7628070571888,12.705390986786437,4.60122230887037,-1049.281844134361
1.246725,190.49474280520812,-384.75293423933175,12.707560437710356,4.076581386803015,-1049.281844134361
1.2472249999999998,191.44474590158703,-384.74338651806767,12.709467568173242,3.551940464736123,-1049.281844134361
1.2477250000000002,192.0249843530688,-384.73366212811567,12.711112378175091,3.0272995426685343,-1049.281844134361
1.248225,192.6711400607864,-384.7236978923194,12.71249486771591,2.5026586206016437,-1049.281844134361
1.248725,193.6146204856948,-384.71423100112867,12.713615036795693,1.9780176985342897,-1049.281844134361
1.2492250000000005,194.4052725553889,-384.7045728701058,12.714472885414445,1.4533767764667023,-1049.281844134361
1.2497250000000002,194.84105209069403,-384.69523224377866,12.715068413572158,0.9287358543998085,-1049.281844134361
1.250225,195.36299486255712,-384.6855674430245,12.715401621268843,0.4040949323329218,-1049.281844134361
1.250725,196.2486433558336,-384.6759271994051,12.715472508504494,-0.12054598973443433,-1049.281844134361
1.2512250000000005,197.1047929442005,-384.6662835772852,12.715281075279108,-0.6451869118020218,-1049.281844134361
1.251725,197.6923791342579,-384.6565406624998,12.71482732159269,-1.1698278338686807,-1049.281844134361
1.252225,198.33701479413867,-384.64669513003736,12.714111247445238,-1.6944687559358023,-1049.281844134361
1.2527250000000003,199.08675001289657,-384.63765153434235,12.713132852836752,-2.2191096780033917,-1049.281844134361
1.253225,200.0006814267631,-384.628114660646,12.711892137767238,-2.7437506000702783,-1049.281844134361
1.253725,200.61627445116704,-384.61906314342485,12.710389102236684,-3.268391522137405,-1049.281844134361
1.254225,200.97347483663515,-384.60967093436875,12.708623746245099,-3.793032444204528,-1049.281844134361
1.254725,201.64064054021705,-384.60048676224284,12.70659606979248,-4.317673366271882,-1049.281844134361
1.255225,202.47772008591733,-384.5913104003973,12.704306072878826,-4.842314288339006,-1049.281844134361
1.2557250000000002,203.17606575573177,-384.5827548225344,12.701753755504145,-5.366955210406361,-1049.281844134361
1.256225,203.6474251319032,-384.5739430021547,12.698939117668424,-5.891596132473253,-1049.281844134361
1.256725,204.27635428050584,-384.5656387141192,12.695862159371668,-6.416237054540609,-1049.281844134361
1.257225,205.24258787864864,-384.5571288280992,12.69252288061388,-6.940877976607728,-1049.281844134361
1.2577250000000002,206.12748611446733,-384.5485737031876,12.68892128139506,-7.465518898675085,-1049.281844134361
1.258225,206.77999789885104,-384.5399422945005,12.685057361715211,-7.990159820741975,-1049.281844134361
1.258725,207.3437210909364,-384.53153002979445,12.68093112157432,-8.514800742809332,-1049.281844134361
1.259225,208.22422205338123,-384.52291306475644,12.676542560972395,-9.039441664876454,-1049.281844134361
1.259725,209.29498191295292,-384.51462376179705,12.671891679909443,-9.564082586943577,-1049.281844134361
1.2602250000000002,210.10554229659752,-384.50651580359846,12.666978478385452,-10.088723509010931,-1049.281844134361
1.260725,210.7501161328634,-384.49861559358294,12.661802956400432,-10.61336443107806,-1049.281844134361
1.261225,211.667811968824,-384.4907277402301,12.656365113954376,-11.138005353145177,-1049.281844134361
1.261725,212.8157003952652,-384.48301801266336,12.650664951047286,-11.662646275212301,-1049.281844134361
1.2622250000000002,213.78931250804345,-384.4752931030837,12.644702467679162,-12.187287197279655,-1049.281844134361
1.262725,214.49221505212768,-384.46776967702976,12.638477663850006,-12.711928119346783,-1049.281844134361
1.2632249999999998,215.3489009625965,-384.46017491630454,12.631990539559816,-13.236569041413672,-1049.281844134361
1.2637250000000002,216.42325215227729,-384.45288283612655,12.62524109480859,-13.761209963481258,-1049.281844134361
1.2642250000000002,217.37117277917645,-384.44514713640996,12.618229329596332,-14.285850885548381,-1049.281844134361
1.264725,218.0992029388929,-384.43795550681153,12.610955243923042,-14.810491807615504,-1049.281844134361
1.265225,219.0658569489679,-384.4310685905089,12.603418837788722,-15.335132729682625,-1049.281844134361
1.2657250000000002,220.2924127983832,-384.4246988870554,12.59562011119336,-15.859773651749983,-1049.281844134361
1.266225,221.3949676794843,-384.418211957729,12.58755906413697,-16.384414573816876,-1049.281844134361
1.266725,222.39813751119777,-384.41160652014537,12.579235696619543,-16.90905549588423,-1049.281844134361
1.2672250000000005,223.46581106695257,-384.4050358315427,12.570650008641078,-17.433696417951815,-1049.281844134361
1.267725,224.83605181286367,-384.39841816649044,12.561802000201594,-17.958337340018467,-1049.281844134361
1.268225,226.21613230659423,-384.39154291608264,12.552691671301067,-18.4829782620856,-1049.281844134361
1.2687250000000003,227.1767713084742,-384.38524181645664,12.543319021939501,-19.007619184153185,-1049.281844134361
1.269225,228.24722626674173,-384.37853393423904,12.533684052116914,-19.532260106220075,-1049.281844134361
1.269725,229.72516502527725,-384.3723471397046,12.523786761833287,-20.0569010282872,-1049.281844134361
1.2702250000000002,231.1057606623696,-384.3657245293157,12.513627151088624,-20.581541950354556,-1049.281844134361
1.270725,232.197222274685,-384.35954246913536,12.50320521988293,-21.106182872421673,-1049.281844134361
1.271225,233.2774991712828,-384.3535409552425,12.492520968216208,-21.6308237944888,-1049.281844134361
1.2717250000000002,234.8023897989657,-384.3473800788826,12.48157439608844,-22.155464716556157,-1049.281844134361
1.2722250000000002,236.4370243579768,-384.3412117406077,12.470365503499647,-22.68010563862328,-1049.281844134361
1.272725,237.7844207229204,-384.3357361713969,12.458894290449821,-23.2047465606904,-1049.281844134361
1.273225,238.99254191101312,-384.32986879616436,12.447160756938958,-23.729387482757517,-1049.281844134361
1.2737250000000002,240.4504286024554,-384.3245599587294,12.43516490296706,-24.25402840482488,-1049.281844134361
1.274225,242.2032763903188,-384.3189309896297,12.422906728534139,-24.778669326891773,-1049.281844134361
1.274725,243.7937170457412,-384.31386733920266,12.410386233640168,-25.30331024895913,-1049.281844134361
1.275225,245.0615618697805,-384.3093242079101,12.397603418285177,-25.82795117102625,-1049.281844134361
1.275725,246.51326030761751,-384.30472949511704,12.384558282469147,-26.352592093093364,-1049.281844134361
1.276225,248.179672390838,-384.2995090052657,12.371250826192083,-26.877233015160492,-1049.281844134361
1.276725,249.9150701383773,-384.29363874955715,12.357681049453983,-27.401873937227844,-1049.281844134361
1.277225,251.3984202363698,-384.2880982805044,12.343848952254854,-27.926514859294972,-1049.281844134361
1.277725,252.71468659181585,-384.2825963011275,12.329754534594693,-28.451155781362097,-1049.281844134361
1.2782250000000002,254.25623152830045,-384.27675175696646,12.315397796473487,-28.975796703429456,-1049.281844134361
1.278725,255.9336048189448,-384.2713243058528,12.300778737891264,-29.500437625496335,-1049.281844134361
1.2792249999999998,257.4515621882262,-384.26598072436036,12.285897358848002,-30.02507854756347,-1049.281844134361
1.2797250000000002,258.56885705255684,-384.2605664788888,12.270753659343692,-30.549719469631054,-1049.281844134361
1.2802250000000002,260.05808144812494,-384.2545620608587,12.255347639378362,-31.074360391698182,-1049.281844134361
1.280725,261.77876444677764,-384.24885060598746,12.239679298952003,-31.59900131376507,-1049.281844134361
1.281225,263.23528283873287,-384.24349425969064,12.223748638064599,-32.12364223583242,-1049.281844134361
1.2817250000000002,264.5923059175881,-384.23814406299414,12.207555656716162,-32.648283157899776,-1049.281844134361
1.282225,266.14797246367965,-384.2326402737171,12.191100354906705,-33.17292407996667,-1049.281844134361
1.282725,267.91672582285696,-384.2267844603778,12.174382732636206,-33.69756500203379,-1049.281844134361
1.2832250000000005,269.54759527236115,-384.2210776076911,12.157402789904653,-34.22220592410161,-1049.281844134361
1.283725,270.97340781989,-384.21553779249194,12.140160526712101,-34.74684684616827,-1049.281844134361
1.284225,272.18112969333384,-384.2091627455502,12.1226559430585,-35.27148776823539,-1049.281844134361
1.2847250000000003,273.649812752965,-384.20309976390774,12.104889038943854,-35.79612869030298,-1049.281844134361
1.285225,275.3884996849521,-384.19654736831677,12.086859814368193,-36.320769612369865,-1049.281844134361
1.285725,276.49097959624686,-384.1897567433254,12.068568269331495,-36.84541053443699,-1049.281844134361
1.2862250000000002,277.4585523951605,-384.18298208963967,12.050014403833753,-37.37005145650435,-1049.281844134361
1.286725,278.71536107906627,-384.1762305418963,12.031198217874993,-37.89469237857124,-1049.281844134361
1.287225,280.2320476117699,-384.169824630846,12.012119711455188,-38.41933330063859,-1049.281844134361
1.287725,281.6588375744418,-384.16308528254547,11.992778884574353,-38.94397422270571,-1049.281844134361
1.2882250000000002,282.6895657870125,-384.15635140355073,11.973175737232475,-39.468615144773075,-1049.281844134361
1.288725,283.5796455390668,-384.14975873761585,11.953310269429585,-39.99325606683997,-1049.281844134361
1.289225,285.059800924186,-384.1430858870324,11.93318248116564,-40.51789698890732,-1049.281844134361
1.2897250000000002,286.60548932717086,-384.1363012271003,11.912792372440661,-41.04253791097468,-1049.281844134361
1.290225,287.44198511319706,-384.12951227322344,11.892139943254671,-41.56717883304157,-1049.281844134361
1.290725,288.4562688241948,-384.1228975540787,11.871225193607636,-42.09181975510868,-1049.281844134361
1.291225,289.6942735389436,-384.11591500163064,11.850048123499556,-42.61646067717604,-1049.281844134361
1.291725,290.92303968367906,-384.108755452465,11.828608732930453,-43.141101599243164,-1049.281844134361
1.292225,292.30656780843884,-384.10187323277984,11.806907021900319,-43.665742521310285,-1049.281844134361
1.292725,293.2996623753371,-384.0942887316542,11.78494299040915,-44.190383443377414,-1049.281844134361
1.293225,294.3642485219399,-384.0868289513843,11.762716638456936,-44.71502436544477,-1049.281844134361
1.2937249999999998,295.7994600223479,-384.0794738717692,11.740227966043712,-45.23966528751165,-1049.281844134361
1.2942250000000002,296.9416429295766,-384.07233893497545,11.71747697316942,-45.764306209579246,-1049.281844134361
1.294725,297.77375915591864,-384.065172173678,11.694463659834124,-46.28894713164613,-1049.281844134361
1.2952249999999998,298.88773501707925,-384.0574082139714,11.671188026037786,-46.81358805371326,-1049.281844134361
1.2957250000000002,299.92601739022564,-384.0500709905149,11.647650071780397,-47.338228975780844,-1049.281844134361
1.2962250000000002,300.8142308575001,-384.04291794775764,11.623849797061991,-47.86286989784797,-1049.281844134361
1.296725,301.8394325449296,-384.03590737578577,11.599787201882565,-48.38751081991486,-1049.281844134361
1.297225,302.7163160812576,-384.029278782526,11.575462286242082,-48.912151741982214,-1049.281844134361
1.2977250000000002,303.6875778912711,-384.0227210915437,11.550875050140565,-49.43679266404958,-1049.281844134361
1.298225,304.7875459051465,-384.01630641821043,11.52602549357804,-49.961433586116456,-1049.281844134361
1.298725,305.7258008446929,-384.00958838591595,11.500913616554467,-50.486074508183584,-1049.281844134361
1.2992250000000003,306.5518525519847,-384.0030801873368,11.475539419069836,-51.01071543025117,-1049.281844134361
1.299725,307.4021571017508,-383.9959041836622,11.449902901124208,-51.535356352318054,-1049.281844134361
1.300225,308.26652963834874,-383.9887416190509,11.424004062717534,-52.05999727438518,-1049.281844134361
1.3007250000000004,309.12221546798474,-383.982068339759,11.397842903849806,-52.58463819645277,-1049.281844134361
1.301225,310.0474413359485,-383.9752933346976,11.371419424521076,-53.109279118519666,-1049.281844134361
1.301725,310.7768260668672,-383.9688325411744,11.344733624731303,-53.63392004058678,-1049.281844134361
1.3022250000000002,311.5049794123646,-383.9623167360467,11.317785504480485,-54.15856096265414,-1049.281844134361
1.302725,312.6448132299615,-383.9560872269869,11.290575063768657,-54.68320188472103,-1049.281844134361
1.303225,313.6678875319066,-383.95026127218415,11.263102302595769,-55.207842806788385,-1049.281844134361
1.303725,314.37068044161686,-383.94430683291347,11.23536722096186,-55.73248372885552,-1049.281844134361
1.3042250000000002,315.192821929935,-383.9378747751369,11.207369818866912,-56.257124650922854,-1049.281844134361
1.304725,316.0095627853016,-383.93155822918055,11.179110096310945,-56.78176557298975,-1049.281844134361
1.305225,316.96047878814034,-383.9253543931828,11.150588053293925,-57.306406495057104,-1049.281844134361
1.3057250000000002,317.8359542318193,-383.9197956887854,11.121803689815868,-57.831047417124466,-1049.281844134361
1.306225,318.528611558903,-383.9138335242986,11.092757005876805,-58.35568833919135,-1049.281844134361
1.306725,319.3153700239249,-383.9083712893975,11.0634480014767,-58.88032926125848,-1049.281844134361
1.307225,320.2705885037741,-383.902323891244,11.033876676615538,-59.40497018332584,-1049.281844134361
1.307725,321.2249864756303,-383.8964615155704,11.004043031293364,-59.929611105392965,-1049.281844134361
1.308225,322.06409349113585,-383.8908113861341,10.973947065510153,-60.45425202746008,-1049.281844134361
1.308725,322.8642340512855,-383.8852762430489,10.943588779265912,-60.9788929495272,-1049.281844134361
1.309225,323.54370013159576,-383.8797386694436,10.912968172560621,-61.50353387159456,-1049.281844134361
1.3097249999999998,324.3255537321896,-383.874154778592,10.882085245394324,-62.02817479366144,-1049.281844134361
1.3102250000000002,325.4017935282443,-383.86862485294915,10.850939997766952,-62.552815715729054,-1049.281844134361
1.310725,326.183933444703,-383.8635367942014,10.819532429678588,-63.07745663779593,-1049.281844134361
1.311225,326.64726532996434,-383.8586405208562,10.787862541129163,-63.60209755986328,-1049.281844134361
1.3117250000000005,327.4916626245541,-383.85371530494825,10.75593033211869,-64.12673848193086,-1049.281844134361
1.3122250000000002,328.552052178247,-383.8493765971877,10.723735802647226,-64.65137940399775,-1049.281844134361
1.312725,329.5100590614335,-383.84460496292553,10.691278952714727,-65.17602032606464,-1049.281844134361
1.313225,330.3628630557216,-383.84053852450205,10.658559782321168,-65.70066124813201,-1049.281844134361
1.3137250000000005,331.0373052729186,-383.83592084726916,10.62557829146656,-66.2253021701996,-1049.281844134361
1.314225,331.9576133899056,-383.83117649570585,10.592334480150976,-66.74994309226625,-1049.281844134361
1.314725,333.1494632043708,-383.8268272566609,10.558828348374329,-67.27458401433339,-1049.281844134361
1.3152250000000003,333.9043404475365,-383.8220407256343,10.52505989613662,-67.79922493640098,-1049.281844134361
1.315725,334.3814253061894,-383.81756960530345,10.49102912343792,-68.32386585846787,-1049.281844134361
1.316225,335.2189373110335,-383.81348033790766,10.456736030278172,-68.84850678053499,-1049.281844134361
1.316725,336.2021608865774,-383.80944538660043,10.422180616657393,-69.37314770260208,-1049.281844134361
1.317225,336.978978630575,-383.8055266722895,10.387362882575568,-69.89778862466945,-1049.281844134361
1.317725,337.68316719416,-383.8013442189096,10.352282828032715,-70.42242954673657,-1049.281844134361
1.3182250000000002,338.3613293978763,-383.7973195888789,10.316940453028819,-70.94707046880393,-1049.281844134361
1.318725,339.28317657059733,-383.7932377759412,10.281335757563921,-71.47171139087082,-1049.281844134361
1.319225,340.59988243310283,-383.78941251430757,10.245468741637954,-71.99635231293819,-1049.281844134361
1.319725,341.2130330622891,-383.78550943982617,10.209339405250972,-72.5209932350053,-1049.281844134361
1.3202250000000002,341.8473468308084,-383.78149377201237,10.17294774840294,-73.04563415707266,-1049.281844134361
1.320725,343.16522272659927,-383.77735304818975,10.13629377109391,-73.57027507913955,-1049.281844134361
1.321225,344.17581143692394,-383.7729602653612,10.099377473323813,-74.0949160012069,-1049.281844134361
1.321725,345.0582941221646,-383.7688446809439,10.062198855092696,-74.61955692327403,-1049.281844134361
1.322225,346.24344890103214,-383.7648425200941,10.024757916400544,-75.14419784534115,-1049.281844134361
1.3227250000000002,347.1669535489573,-383.7602511271697,9.987054657247345,-75.6688387674085,-1049.281844134361
1.323225,348.21274487337166,-383.7560747454209,9.949089077633129,-76.19347968947562,-1049.281844134361
1.323725,349.70738766615165,-383.7515305535047,9.910861177557877,-76.71812061154276,-1049.281844134361
1.324225,350.802209824999,-383.7469830894445,9.872370957021595,-77.24276153360988,-1049.281844134361
1.3247250000000002,351.35215537768835,-383.74248906816763,9.83361841602426,-77.76740245567723,-1049.281844134361
1.325225,352.3986939638488,-383.7381078806498,9.794603554565906,-78.29204337774435,-1049.281844134361
1.3257249999999998,353.61967254765125,-383.7338611218485,9.755326372646541,-78.81668429981124,-1049.281844134361
1.3262250000000002,354.89575894256166,-383.7292619717241,9.715786870266088,-79.34132522187883,-1049.281844134361
1.3267250000000002,355.85675228644106,-383.72438248794225,9.675985047424636,-79.86596614394595,-1049.281844134361
1.327225,356.334255718836,-383.7197816129211,9.635920904122152,-80.39060706601309,-1049.281844134361
1.327725,357.64745926587125,-383.7148947572303,9.595594440358632,-80.91524798808021,-1049.281844134361
1.3282250000000002,359.56534809584895,-383.7098687436519,9.555005656134062,-81.43988891014754,-1049.281844134361
1.328725,360.5388939237923,-383.70509276231843,9.514154551448494,-81.96452983221444,-1049.281844134361
1.329225,361.1243806322047,-383.6999856028464,9.473041126301853,-82.48917075428179,-1049.281844134361
1.3297250000000005,362.09891737595296,-383.6947555187179,9.431665380694167,-83.01381167634939,-1049.281844134361
1.330225,363.4843076417013,-383.68940304809786,9.390027314625517,-83.53845259841604,-1049.281844134361
1.330725,365.00886615691286,-383.6840719790848,9.348126928095795,-84.06309352048316,-1049.281844134361
1.3312250000000003,365.4687606364709,-383.67806331836283,9.305964221105004,-84.58773444255077,-1049.281844134361
1.331725,365.7233339910025,-383.6722482418005,9.263539193653235,-85.11237536461765,-1049.281844134361
1.332225,367.22491063225823,-383.6665711048722,9.220851845740416,-85.63701628668478,-1049.281844134361
1.3327250000000002,368.7592509726349,-383.6608694233407,9.17790217736654,-86.16165720875213,-1049.281844134361
1.333225,369.5213353242103,-383.65521835868844,9.134690188531653,-86.68629813081927,-1049.281844134361
1.333725,370.1189729733114,-383.64953487409576,9.091215879235733,-87.21093905288636,-1049.281844134361
1.3342250000000002,371.3622802239345,-383.6439069698336,9.047479249478755,-87.73557997495372,-1049.281844134361
1.3347250000000002,372.85030865849546,-383.63887900946446,9.003480299260769,-88.26022089702083,-1049.281844134361
1.335225,373.9382856952532,-383.63283414668774,8.959219028581748,-88.78486181908798,-1049.281844134361
1.335725,374.4922596306561,-383.6269535287623,8.91469543744169,-89.3095027411551,-1049.281844134361
1.3362250000000002,375.4016252646605,-383.6203336579232,8.86990952584058,-89.83414366322243,-1049.281844134361
1.336725,377.0893415951424,-383.6138106966052,8.824861293778481,-90.35878458528934,-1049.281844134361
1.337225,378.2074346215966,-383.6069578041829,8.779550741255303,-90.88342550735669,-1049.281844134361
1.337725,378.88727747058925,-383.6003335883394,8.733977868271111,-91.40806642942381,-1049.281844134361
1.338225,380.2001356048303,-383.5933630149446,8.688142674825885,-91.93270735149095,-1049.281844134361
1.338725,381.8345480618372,-383.5866801271271,8.642045160919633,-92.45734827355807,-1049.281844134361
1.339225,383.1712547271837,-383.579818496553,8.59568532655232,-92.98198919562543,-1049.281844134361
1.339725,384.08232559796926,-383.57304210296775,8.549063171723995,-93.50663011769254,-1049.281844134361
1.340225,385.1805549993588,-383.56576301987934,8.502178696434635,-94.03127103975969,-1049.281844134361
1.3407250000000002,386.3588920915769,-383.559312895035,8.455031900684224,-94.55591196182702,-1049.281844134361
1.341225,387.6496872217477,-383.5528208399224,8.40762278447282,-95.0805528838939,-1049.281844134361
1.3417249999999998,388.552111487229,-383.5464423482264,8.359951347800362,-95.60519380596102,-1049.281844134361
1.3422250000000002,389.184449011938,-383.5395152308627,8.312017590666828,-96.12983472802863,-1049.281844134361
1.3427250000000002,390.5279183938792,-383.5321810885694,8.263821513072301,-96.65447565009575,-1049.281844134361
1.343225,391.9135693039567,-383.5249829958388,8.215363115016764,-97.17911657216263,-1049.281844134361
1.343725,393.0325231213271,-383.5175104926873,8.16664239650015,-97.70375749423,-1049.281844134361
1.3442250000000002,394.23191319389446,-383.5099369994102,8.1176593575225,-98.22839841629735,-1049.281844134361
1.344725,395.3951947597397,-383.5020095278491,8.06841399808386,-98.75303933836423,-1049.281844134361
1.345225,396.56313738366055,-383.4941398483949,8.01890631818417,-99.27768026043135,-1049.281844134361
1.3457250000000005,397.73939564116057,-383.4860245590764,7.969136317823377,-99.80232118249917,-1049.281844134361
1.346225,398.7462865538504,-383.47796248355047,7.91910399700166,-100.32696210456582,-1049.281844134361
1.346725,399.5604037176869,-383.4703288932693,7.8688093557188665,-100.85160302663296,-1049.281844134361
1.3472250000000003,400.5811125032897,-383.4622005092768,7.818252393974992,-101.37624394870056,-1049.281844134361
1.347725,401.52986617419566,-383.4533115643664,7.767433111770155,-101.90088487076744,-1049.281844134361
1.348225,402.4079204399142,-383.4447298318414,7.716351509104259,-102.42552579283456,-1049.281844134361
1.3487250000000002,403.6289046347014,-383.4363286750614,7.665007585977308,-102.9501667149019,-1049.281844134361
1.349225,404.6718830766334,-383.42800804358944,7.613401342389368,-103.4748076369688,-1049.281844134361
1.349725,405.6191940369462,-383.42023304643016,7.56153277834035,-103.99944855903617,-1049.281844134361
1.350225,406.5218711121242,-383.4118820514751,7.5094018938303195,-104.52408948110327,-1049.281844134361
1.3507250000000002,407.5780018568004,-383.40411294263527,7.457008688859235,-105.04873040317064,-1049.281844134361
1.351225,408.87987902406746,-383.3952520856586,7.404353163427162,-105.57337132523753,-1049.281844134361
1.351725,409.5984823153282,-383.38646383986753,7.3514353175340075,-106.09801224730488,-1049.281844134361
1.3522250000000002,410.238742131855,-383.3776863264237,7.298255151179822,-106.62265316937224,-1049.281844134361
1.352725,411.3505478892269,-383.36883425567606,7.244812664364649,-107.14729409143914,-1049.281844134361
1.353225,412.8388416648976,-383.35990932419,7.191107857088418,-107.67193501350624,-1049.281844134361
1.353725,413.7945224064149,-383.3507078392687,7.137140729351131,-108.19657593557362,-1049.281844134361
1.354225,414.38573526145353,-383.34187832813546,7.082911281152833,-108.72121685764075,-1049.281844134361
1.354725,415.611369596999,-383.33326588091785,7.028419512493501,-109.24585777970786,-1049.281844134361
1.355225,416.8366629723235,-383.3244467752657,6.973665423373136,-109.77049870177498,-1049.281844134361
1.355725,417.7778866905707,-383.31543188466185,6.918649013791714,-110.29513962384236,-1049.281844134361
1.3562249999999998,418.59761777828527,-383.30635758422363,6.863370283749306,-110.81978054590923,-1049.281844134361
1.3567250000000002,419.35093936943576,-383.2979631682683,6.807829233245792,-111.3444214679768,-1049.281844134361
1.357225,420.48454941764646,-383.28928905894315,6.752025862281318,-111.8690623900437,-1049.281844134361
1.3577249999999998,421.75377947838126,-383.2803121375464,6.695960170855787,-112.39370331211083,-1049.281844134361
1.3582250000000002,422.5834879878906,-383.27148790615087,6.63963215896917,-112.9183442341784,-1049.281844134361
1.3587250000000002,423.3283129037952,-383.2622019206327,6.58304182662157,-113.44298515624554,-1049.281844134361
1.359225,424.76989654908505,-383.2529233690846,6.526189173812961,-113.96762607831243,3902.393781513837
1.359725,425.9495280899153,-383.2434542840877,6.469693159996477,-112.01642918755485,3902.393781513837
1.3602250000000002,427.1252963736065,-383.23411618378344,6.41417274462537,-110.06523229679729,3902.393781513837
1.360725,428.1954516088736,-383.22521367297736,6.359627927699689,-108.11403540604144,3902.393781513837
1.361225,428.7037140765336,-383.2166002904923,6.306058709219363,-106.16283851528475,3902.393781513837
1.3617250000000003,430.078099126103,-383.2079191926798,6.25346508918437,-104.21164162452628,3902.393781513837
1.362225,431.436846855678,-383.19932033743174,6.201847067594826,-102.26044473377047,3902.393781513837
1.362725,431.9470750666114,-383.1908713084646,6.151204644450636,-100.3092478430138,3902.393781513837
1.3632250000000004,432.4205399530271,-383.1827575372315,6.10153781975178,-98.35805095225534,3902.393781513837
1.363725,433.4944861660817,-383.1742286575778,6.052846593498367,-96.4068540614995,3902.393781513837
1.364225,434.700922498596,-383.16605353212725,6.005130965690313,-94.4556571707428,3902.393781513837
1.3647250000000002,435.7876211320989,-383.1574290810971,5.958390936327614,-92.50446027998522,3902.393781513837
1.365225,436.3910503842658,-383.14949362919555,5.912626505410335,-90.55326338922937,3902.393781513837
1.365725,436.897522535224,-383.1414063041678,5.867837672938396,-88.6020664984718,3902.393781513837
1.366225,438.6039757679994,-383.1332750267678,5.824024438911853,-86.65086960771511,3902.393781513837
1.3667250000000002,439.9349558253592,-383.125264009269,5.781186803330671,-84.69967271695754,3902.393781513837
1.367225,440.2227537380368,-383.1173006131952,5.739324766194905,-82.7484758262017,3902.393781513837
1.367725,440.9997047731998,-383.1092801119994,5.69843832750448,-80.79727893544413,3902.393781513837
1.3682250000000002,442.398887579697,-383.10188264410937,5.658527487259434,-78.84608204468655,3902.393781513837
1.368725,443.8735759033594,-383.0945737699969,5.6195922454598,-76.89488515393072,3902.393781513837
1.369225,444.9470346406632,-383.08744690720897,5.581632602105529,-74.94368826317401,3902.393781513837
1.369725,445.72114459128295,-383.0801911450189,5.544648557196618,-72.99249137241645,3902.393781513837
1.370225,447.0259294581858,-383.07344794081365,5.508640110733103,-71.04129448165975,3902.393781513837
1.370725,448.8729232796667,-383.06687490413606,5.473607262714967,-69.09009759090303,3902.393781513837
1.371225,449.9161762709989,-383.06083464023374,5.439550013142208,-67.13890070014634,3902.393781513837
1.371725,450.68340498101736,-383.05457895769126,5.406468362014813,-65.18770380938876,3902.393781513837
1.3722249999999998,452.14848637403145,-383.048532045318,5.374362309332826,-63.236506918632934,3902.393781513837
1.3727250000000002,453.4832360459497,-383.04224022238145,5.343231855096175,-61.285310027874495,3902.393781513837
1.373225,454.495441433752,-383.0359594412704,5.313076999304943,-59.334113137118656,3902.393781513837
1.373725,455.4713908048304,-383.02952765724734,5.283897741959064,-57.38291624636109,3902.393781513837
1.3742250000000005,456.754024237217,-383.022929477939,5.25569408305855,-55.43171935560265,3902.393781513837
1.3747250000000002,458.45075785188993,-383.016870023371,5.228466022603453,-53.48052246484682,3902.393781513837
1.375225,459.6877223564713,-383.01160771651774,5.202213560593734,-51.52932557409098,3902.393781513837
1.375725,460.6355836408836,-383.0061150361508,5.176936697029369,-49.578128683333404,3902.393781513837
1.3762250000000005,461.9680358455851,-383.00065639746174,5.152635431910373,-47.62693179257497,3902.393781513837
1.376725,463.547729745834,-382.995597354069,5.129309765236797,-45.67573490182,3902.393781513837
1.377225,464.4025559805078,-382.99073305848725,5.106959697008579,-43.7245380110633,3902.393781513837
1.3777250000000003,464.93229012468464,-382.9859907942303,5.08558522722572,-41.773341120304856,3902.393781513837
1.378225,466.0036480766773,-382.9818104337539,5.065186355888267,-39.822144229549025,3902.393781513837
1.378725,467.17469578728094,-382.97786714828385,5.045763082996185,-37.87094733879231,3902.393781513837
1.379225,468.033171689941,-382.9741118757202,5.02731540854948,-35.91975044803559,3902.393781513837
1.379725,468.6583615360766,-382.97025475682176,5.009843332548146,-33.96855355727804,3902.393781513837
1.380225,469.74683986453226,-382.9658295813675,4.993346854992198,-32.01735666652133,3902.393781513837
1.3807250000000002,471.0768128405791,-382.9616886599214,4.977825975881621,-30.066159775763765,3902.393781513837
1.381225,472.0388444993813,-382.9573877431423,4.9632806952164366,-28.114962885007934,3902.393781513837
1.381725,472.82396334461225,-382.9534314502686,4.949711012996616,-26.16376599425037,3902.393781513837
1.382225,473.5836089024932,-382.95008174352427,4.937116929222183,-24.212569103493664,3902.393781513837
1.3827250000000002,474.7866966670323,-382.9467756570885,4.9254984438931215,-22.261372212736088,3902.393781513837
1.383225,475.6594443311464,-382.9436863658998,4.9148555570094485,-20.310175321980246,3902.393781513837
1.383725,476.1645947090536,-382.94077953928854,4.905188268571144,-18.358978431222678,3902.393781513837
1.384225,477.3401770282384,-382.93849218967944,4.8964965785782235,-16.40778154046596,3902.393781513837
1.384725,478.8150624633953,-382.93630778374893,4.8887804870306795,-14.456584649709272,3902.393781513837
1.3852250000000002,479.879148558838,-382.9344281008695,4.882039993928513,-12.505387758951699,3902.393781513837
1.385725,480.5956515083354,-382.93223579753675,4.8762750992717265,-10.554190868194995,3902.393781513837
1.386225,481.6895716288315,-382.9306851579311,4.871485803060318,-8.6029939774383,3902.393781513837
1.386725,483.1033890814866,-382.9297077088987,4.867672105294289,-6.651797086681584,3902.393781513837
1.3872250000000002,484.2091337886932,-382.9286121281566,4.864834005973638,-4.7006001959240304,3902.393781513837
1.387725,484.9368592643672,-382.927937347848,4.862971505098364,-2.7494033051673212,3902.393781513837
1.3882249999999998,485.4710766722704,-382.92750778194113,4.862084602668471,-0.7982064144114889,3902.393781513837
1.3887250000000002,486.8805534952923,-382.9270779596741,4.862173298683953,1.152990476346962,3902.393781513837
1.3892250000000002,488.376078606382,-382.9268466814364,4.863237593144816,3.104187367103665,3902.393781513837
1.389725,489.32621617464383,-382.9267596090429,4.865277486051058,5.0553842578603545,3902.393781513837
1.390225,490.4152553358055,-382.9272856213626,4.868292977402676,7.0065811486170775,3902.393781513837
1.3907250000000002,491.56643940325705,-382.92834779620716,4.872284067199676,8.957778039374643,3902.393781513837
1.391225,493.0151701992343,-382.9295248951697,4.8772507554420494,10.908974930130485,3902.393781513837
1.391725,494.332995680189,-382.9308415655038,4.883193042129806,12.860171820888038,3902.393781513837
1.3922250000000005,495.0887199951051,-382.93260552029346,4.890110927262945,14.811368711646479,3902.393781513837
1.392725,495.9135898463479,-382.9349792618762,4.898004410841449,16.762565602401455,3902.393781513837
1.393225,497.0380049188127,-382.9375146591352,4.906873492865338,18.713762493158164,3902.393781513837
1.3937250000000003,497.9754863568007,-382.94053090383295,4.916718173334614,20.66495938391659,3902.393781513837
1.394225,499.0083000715732,-382.94324063490916,4.927538452249256,22.61615627467242,3902.393781513837
1.394725,500.50931855791833,-382.94654333387655,4.939334329609279,24.567353165429143,3902.393781513837
1.3952250000000002,501.5962418688825,-382.9500959005002,4.952105805414687,26.518550056186704,3902.393781513837
1.395725,502.384758067638,-382.9536634370425,4.965852879665469,28.469746946943406,3902.393781513837
1.396225,503.88083363751264,-382.95704263838667,4.9805755523616275,30.420943837700108,3902.393781513837
1.3967250000000002,505.1841653261608,-382.96087448975527,4.996273823503172,32.37214072845768,3902.393781513837
1.3972250000000002,506.0662476688804,-382.9650953211112,5.012947693090089,34.32333761921438,3902.393781513837
1.397725,506.8671030239233,-382.96980665717297,5.030597161122383,36.27453450997109,3902.393781513837
1.398225,507.6197114834556,-382.97489651180365,5.0492222276000565,38.225731400727796,3902.393781513837
1.3987250000000002,508.7997523610974,-382.9802950001112,5.068822892523116,40.176928291485375,3902.393781513837
1.399225,509.73023065061136,-382.9861101662114,5.089399155891536,42.12812518224121,3902.393781513837
1.399725,510.42000305770233,-382.9921677110294,5.110951017705354,44.079322072998764,3902.393781513837
1.400225,511.7417750527133,-382.9982869876197,5.133478477964539,46.03051896375547,3902.393781513837
1.400725,512.7742021787525,-383.0046538589643,5.156981536669105,47.98171585451218,3902.393781513837
1.401225,513.5823131043203,-383.0111889669814,5.1814601938190465,49.932912745268865,3902.393781513837
1.401725,514.2548540179324,-383.01791215846373,5.206914449414378,51.884109636026444,3902.393781513837
1.402225,515.3851671608472,-383.02447245480374,5.233344303455078,53.83530652678315,3902.393781513837
1.402725,516.934882421864,-383.03093571049146,5.260749755941156,55.786503417539855,3902.393781513837
1.4032250000000002,517.7426054946844,-383.0375509709487,5.289130806872625,57.737700308297434,3902.393781513837
1.403725,518.4232440001747,-383.0445154058338,5.318487456249447,59.688897199053265,3902.393781513837
1.4042249999999998,519.8797246640188,-383.05141363056805,5.3488197040716585,61.640094089809985,3902.393781513837
1.4047250000000002,521.5106351778022,-383.05882039588136,5.380127550339278,63.59129098056841,3902.393781513837
1.4052250000000002,522.6029830854702,-383.0667203710666,5.412410995052246,65.54248787132512,3902.393781513837
1.405725,523.6330956564749,-383.0744606191071,5.445670038210581,67.49368476208095,3902.393781513837
1.406225,525.0818173832031,-383.08200304601104,5.479904679814322,69.44488165283852,3902.393781513837
1.4067250000000002,526.4319831760672,-383.089831705278,5.515114919863442,71.39607854359608,3902.393781513837
1.407225,527.8522788970638,-383.0975869221103,5.551300758357909,73.34727543435193,3902.393781513837
1.407725,528.9682831830852,-383.1053044599722,5.58846219529777,75.29847232510862,3902.393781513837
1.4082250000000005,529.7544626534238,-383.112950690954,5.626599230683061,77.24966921586794,3902.393781513837
1.408725,531.111240904912,-383.12083773966003,5.6657118645136455,79.2008661066229,3902.393781513837
1.409225,532.5441810528262,-383.1287204011421,5.70580009678964,81.15206299737962,3902.393781513837
1.4097250000000003,533.529077137085,-383.13654548021447,5.746863927511052,83.10325988813803,3902.393781513837
1.410225,534.5525828833786,-383.14409292586635,5.788903356677787,85.05445677889388,3902.393781513837
1.410725,535.9063135680082,-383.1513000211164,5.831918384289918,87.00565366965058,3902.393781513837
1.4112250000000002,536.9879280032003,-383.1585585450602,5.875909010347448,88.95685056040816,3902.393781513837
1.411725,538.1124849055337,-383.1660287171411,5.920875234850315,90.90804745116398,3902.393781513837
1.412225,539.3212449186497,-383.17404604059544,5.966817057798602,92.85924434192154,3902.393781513837
1.412725,540.3809331754271,-383.1816293041458,6.013734479192247,94.81044123267827,3902.393781513837
1.4132250000000002,541.6557815402563,-383.18906675867663,6.0616274990312915,96.76163812343584,3902.393781513837
1.413725,542.5776730639581,-383.1960987040649,6.11049611731567,98.71283501419167,3902.393781513837
1.414225,543.6641486208614,-383.20268033707026,6.160340334045474,100.66403190494925,3902.393781513837
1.4147250000000002,544.9777256035733,-383.2084854637587,6.211160149220653,102.6152287957068,3902.393781513837
1.415225,545.8422015792225,-383.2149469656223,6.262955562841168,104.56642568646264,3902.393781513837
1.415725,546.8009791694913,-383.22126953201507,6.315726574907083,106.51762257721934,3902.393781513837
1.416225,547.9674335946889,-383.2277807043589,6.369473185418399,108.46881946797693,3902.393781513837
1.416725,548.9483182049686,-383.2339910416081,6.424195394375072,110.42001635873365,3902.393781513837
1.417225,549.883478896245,-383.2394310901091,6.479893201777121,112.37121324949034,3902.393781513837
1.417725,551.0674918624688,-383.2442412197822,6.5365666076245486,114.32241014024704,3902.393781513837
1.418225,552.0558159041414,-383.24847049135224,6.594215611917382,116.2736070310046,3902.393781513837
1.4187249999999998,553.2777671567699,-383.25295017239097,6.65284021465554,118.22480392176045,3902.393781513837
1.4192250000000002,554.655236503608,-383.2569590775831,6.712440415839157,120.17600081251888,3902.393781513837
1.419725,555.5434095607694,-383.26092244519293,6.773016215468071,122.12719770327472,3902.393781513837
1.4202249999999998,556.9924000857233,-383.26468381215415,6.83456761354239,124.07839459403141,12488.816463240479
1.4207250000000002,558.2563071760848,-383.2686820085106,6.898167912897363,130.32280282565654,12488.816463240479
1.4212250000000002,559.2767175567627,-383.2716129238187,6.964890416368087,136.56721105727607,12488.816463240479
1.421725,560.8518509472909,-383.27474344757036,7.034735123954593,142.81161928889287,12488.816463240479
1.422225,562.1699969519425,-383.27732333553143,7.107702035656969,149.0560275205152,12488.816463240479
1.4227250000000002,563.3093249244259,-383.2797531518275,7.183791151475158,155.3004357521375,12488.816463240479
1.423225,564.5981510922745,-383.281228882088,7.263002471409086,161.54484398375428,12488.816463240479
1.423725,565.6217178932853,-383.2821608112821,7.345335995458857,167.78925221537386,12488.816463240479
1.4242250000000003,566.649377047921,-383.28320015474793,7.430791723624518,174.03366044699894,12488.816463240479
1.424725,568.1412067186504,-383.28393637884744,7.519369655905873,180.27806867861574,12488.816463240479
1.425225,569.2709695909639,-383.2844218440416,7.611069792303076,186.52247691023527,12488.816463240479
1.4257250000000004,569.7950396188721,-383.2840039765938,7.7058921328161745,192.76688514186037,12488.816463240479
1.426225,571.026247647975,-383.28317678530027,7.803836677444954,199.01129337347714,12488.816463240479
1.426725,572.4893564042962,-383.2818856946255,7.904903426189585,205.2557016050967,12488.816463240479
1.4272250000000002,573.4941295141282,-383.28055673635987,8.009092379050074,211.50010983671905,12488.816463240479
1.427725,574.6210502662092,-383.27877256505394,8.11640353602628,217.74451806833582,12488.816463240479
1.428225,575.3161951606428,-383.27683985270437,8.226836897118389,223.9889262999581,12488.816463240479
1.428725,576.7375446152591,-383.27466374643257,8.34039246232626,230.2333345315777,12488.816463240479
1.4292250000000002,578.408370053007,-383.27197590303524,8.457070231649993,236.47774276319998,12488.816463240479
1.429725,578.8875321386599,-383.26864022571345,8.576870205089431,242.7221509948168,12488.816463240479
1.430225,579.9313105101035,-383.2649339696006,8.699792382644787,248.9665592264391,12488.816463240479
1.4307250000000002,581.9243567437104,-383.26076269309874,8.825836764315953,255.21096745806145,12488.816463240479
1.431225,583.1063598948401,-383.2566921811133,8.95500335010282,261.4553756896782,12488.816463240479
1.431725,584.0949856866143,-383.2519299734579,9.087292140005548,267.69978392129775,12488.816463240479
1.432225,585.4189976461506,-383.24682200810884,9.222703134024144,273.9441921529201,12488.816463240479
1.432725,587.0080468127111,-383.2408132063113,9.361236332158496,280.18860038453965,12488.816463240479
1.433225,588.6102881094297,-383.23495182122844,9.502891734408657,286.4330086161592,12488.816463240479
1.433725,589.3344778886456,-383.2290440886376,9.647669340774623,292.6774168477787,12488.816463240479
1.434225,590.2347501749998,-383.2220994977687,9.795569151256467,298.9218250794011,12488.816463240479
1.4347249999999998,592.09038253324,-383.21473362463576,9.946591165853988,305.1662333110179,12488.816463240479
1.4352250000000002,593.9447431604516,-383.2072248918282,10.100735384567525,311.410641542643,12488.816463240479
1.435725,594.2919784611812,-383.1995057976792,10.258001807396665,317.65504977425974,12488.816463240479
1.436225,594.8979246107072,-383.19150151811976,10.418390434341749,323.899458005882,12488.816463240479
1.4367250000000005,597.0412407645267,-383.18323443501043,10.581901265402728,330.14386623750715,12488.816463240479
1.4372250000000002,598.9850797399653,-383.1744479386415,10.748534300579292,336.3882744691239,12488.816463240479
1.437725,599.897506755465,-383.1654572882899,10.918289539871665,342.63268270074065,12488.816463240479
1.438225,600.5271919352405,-383.15610907756025,11.091166983279996,348.877090932363,12488.816463240479
1.4387250000000005,602.0599991364309,-383.14640870647,11.267166630804223,355.12149916398823,12488.816463240479
1.439225,603.8035777855761,-383.13652009949016,11.446288482443942,361.36590739560216,12488.816463240479
1.439725,604.9033848023794,-383.1264374569015,11.628532538199627,367.6103156272217,12488.816463240479
1.4402250000000003,605.3957530327461,-383.11593263233743,11.813898798071287,373.85472385884685,12488.816463240479
1.440725,606.3258724677686,-383.1051880428883,12.00238726205851,380.09913209046357,12488.816463240479
1.441225,608.5046818869208,-383.09394024219245,12.193997930161627,386.34354032208313,12488.816463240479
1.441725,609.5301807803029,-383.08255595236665,12.388730802380552,392.58794855370263,12488.816463240479
1.442225,609.7081335420115,-383.07144485611394,12.586585878715374,398.83235678532503,12488.816463240479
1.442725,611.253883100002,-383.0598688710611,12.78756315916592,405.07676501694453,12488.816463240479
1.4432250000000002,612.8701571424735,-383.04831584556695,12.991662643732365,411.3211732485669,12488.816463240479
1.443725,614.0252863284117,-383.0367375049011,13.198884332414439,417.56558148018377,12488.816463240479
1.444225,614.9234679089171,-383.0242823929996,13.409228225212505,423.809989711806,12488.816463240479
1.444725,615.4621808096862,-383.0123488770508,13.62269432212629,430.05439794342556,12488.816463240479
1.4452250000000002,616.8643596007689,-383.00010945791195,13.83928262315598,436.2988061750479,12488.816463240479
1.445725,618.569336182023,-382.9878455286873,14.058993128301287,442.5432144066646,12488.816463240479
1.446225,618.8496335898828,-382.9754217492789,14.2818258375626,448.787622638287,12488.816463240479
1.446725,619.1179244271707,-382.9627067445341,14.507780750939624,455.0320308699066,12488.816463240479
1.447225,620.7811655576791,-382.94998135922805,14.736857868432457,461.2764391015261,12488.816463240479
1.4477250000000002,622.1796595589112,-382.9369651483157,14.969057190041203,467.52084733314837,12488.816463240479
1.448225,622.8562651683349,-382.92384527496995,15.204378715765655,473.7652555647679,12488.816463240479
1.448725,623.433903042144,-382.91084290312455,15.44282244560592,480.00966379638754,12488.816463240479
1.449225,624.5738432422351,-382.8970805884949,15.684388379561987,486.254072028007,12488.816463240479
1.4497250000000002,626.2054154867835,-382.88318759820277,15.929076517633982,492.4984802596294,12488.816463240479
1.450225,627.5914487952189,-382.8696963074125,16.176886859821675,498.74288849124895,12488.816463240479
1.4507249999999998,628.1968360335967,-382.8555255857544,16.42781940612506,504.98729672286566,-25753.67234102021
1.4512250000000002,628.9444797298963,-382.841570559179,16.67709384544406,492.11046055234567,-25753.67234102021
1.4517250000000002,630.9087571142638,-382.8275837998267,16.91992986667758,479.2336243818369,-25753.67234102021
1.452225,632.0927417051163,-382.8130189919444,17.156327469825843,466.3567882113282,-25753.67234102021
1.452725,632.9309656861411,-382.79886753078745,17.386286654888856,453.47995204081957,-25753.67234102021
1.4532250000000002,634.2529692545993,-382.78439294937135,17.609807421866716,440.60311587030515,-25753.67234102021
1.453725,635.3751993878939,-382.7703105149267,17.826889770759113,427.72627969980215,-25753.67234102021
1.454225,636.5832174584682,-382.7561743399208,18.037533701566456,414.8494435292877,-25753.67234102021
1.4547250000000005,637.6014135298387,-382.74159401996155,18.241739214288636,401.9726073587676,-25753.67234102021
1.455225,638.2511455623691,-382.7270296117626,18.439506308925193,389.09577118827036,-25753.67234102021
1.455725,639.1984393119882,-382.7116899329669,18.630834985476678,376.21893501776174,-25753.67234102021
1.4562250000000003,640.0809854533524,-382.6962271934557,18.815725243943074,363.3420988472415,-25753.67234102021
1.456725,640.3770573839276,-382.6812332413923,18.99417708432397,350.4652626767386,-25753.67234102021
1.457225,641.1440594876054,-382.6663662066398,19.166190506619692,337.5884265062299,-25753.67234102021
1.4577250000000002,642.3904810271681,-382.65142866029083,19.331765510830238,324.71159033571547,-25753.67234102021
1.458225,642.6217547949921,-382.63589512520593,19.490902096955452,311.83475416520685,-25753.67234102021
1.458725,643.2748398665497,-382.61997149914043,19.64360026499541,298.9579179946981,-25753.67234102021
1.4592250000000002,644.6934144820941,-382.60482790482115,19.789860014950182,286.0810818241838,-25753.67234102021
1.4597250000000002,645.3831536088421,-382.5893147780197,19.92968134681963,273.204245653675,-25753.67234102021
1.460225,646.2468651705387,-382.5738268014652,20.063064260603827,260.3274094831663,-25753.67234102021
1.460725,646.8346168549407,-382.5581117807339,20.190008756302763,247.45057331265764,-25753.67234102021
1.4612250000000002,647.3631817496778,-382.54182407728024,20.310514833916507,234.57373714214322,-25753.67234102021
1.461725,648.4019264358591,-382.5254019867932,20.424582493444888,221.69690097164025,-25753.67234102021
1.462225,648.8675922094999,-382.50880845892493,20.53221173488811,208.82006480112588,-25753.67234102021
1.462725,649.0916610148321,-382.4926666405392,20.63340255824604,195.94322863061717,-25753.67234102021
1.463225,650.1883676110908,-382.4767800643313,20.728154963518715,183.06639246010852,-25753.67234102021
1.463725,651.1697763560936,-382.4603389198083,20.816468950706128,170.1895562895998,-25753.67234102021
1.464225,651.6989117973649,-382.4436649497117,20.89834451980833,157.31272011908544,-25753.67234102021
1.464725,652.3553122469041,-382.42693051384197,20.973781670825236,144.43588394857673,-25753.67234102021
1.465225,653.473884022152,-382.4101148823506,21.042780403756883,131.55904777806802,-25753.67234102021
1.4657250000000002,654.3693331960768,-382.3937177976679,21.105340718603316,118.68221160755363,-25753.67234102021
1.466225,655.2113646636462,-382.3774364825449,21.161462615364435,105.80537543705067,-25753.67234102021
1.4667249999999998,655.9033996118399,-382.3609918403555,21.21114609404032,92.92853926654195,-25753.67234102021
1.4672250000000002,656.7502046594875,-382.34485782509694,21.254391154631,80.05170309602184,-25753.67234102021
1.4677250000000002,658.0623500931553,-382.32840643394553,21.29119779713638,67.17486692551317,-25753.67234102021
1.468225,659.2518089259511,-382.3123464049962,21.3215660215565,54.2980307550102,-25753.67234102021
1.468725,660.2157549430565,-382.2961007044514,21.34549582789138,41.42119458449578,-25753.67234102021
1.4692250000000002,661.207634196879,-382.27993092048945,21.362987216141004,28.544358413981374,-25753.67234102021
1.469725,662.1568575791795,-382.2639447771868,21.37404018630537,15.66752224347843,-25753.67234102021
1.470225,663.121673419427,-382.2479541752022,21.378654738384473,2.7906860729697156,-25753.67234102021
1.4707250000000005,664.1022842936969,-382.2316880545772,21.376830872378328,-10.086150097556114,-25753.67234102021
1.471225,664.6791086219934,-382.21556734304613,21.368568588286934,-22.962986268053374,-25753.67234102021
1.471725,664.9473654386383,-382.19946167898553,21.353867886110283,-35.83982243856206,-25753.67234102021
1.4722250000000003,665.81444014533,-382.1837427925175,21.33272876584835,-48.716658609082174,-25753.67234102021
1.472725,667.2419709524759,-382.1673859863443,21.3051512275012,-61.59349477958517,-25753.67234102021
1.473225,668.1469510234031,-382.15157545294164,21.271135271068786,-74.47033095009381,-25753.67234102021
1.4737250000000002,668.4473711138758,-382.13629628851663,21.2306808965511,-87.34716712060828,-25753.67234102021
1.474225,669.0592505639036,-382.12105605483947,21.183788103948192,-100.22400329111122,-25753.67234102021
1.474725,670.151127195307,-382.10653411429365,21.13045689325999,-113.10083946162563,-25753.67234102021
1.475225,671.6617897858824,-382.09171516254185,21.07068726448656,-125.9776756321343,-25753.67234102021
1.4757250000000002,671.8249854564413,-382.07746084745384,21.00447921762784,-138.85451180264872,-25753.67234102021
1.476225,671.1680838279735,-382.0631060500172,20.931832752683935,-151.73134797315168,-25753.67234102021
1.476725,672.2972943212071,-382.04950128166956,20.8527478696547,-164.6081841436661,-25753.67234102021
1.4772250000000002,673.9679631163468,-382.03553837150713,20.767224568540207,-177.48502031418045,-25753.67234102021
1.477725,674.3640054992766,-382.02207651734136,20.67526284934054,-190.36185648468344,-25753.67234102021
1.478225,674.1828150476757,-382.00897887465,20.576862712055583,-203.23869265519212,-25753.67234102021
1.478725,675.1514534829735,-381.9960180270934,20.472024156685325,-216.11552882570655,-25753.67234102021
1.479225,677.1724430054556,-381.98317571282377,20.360747183229858,-228.99236499621523,-25753.67234102021
1.479725,678.3852566482044,-381.9713285875588,20.24303179168914,-241.86920116672397,-25753.67234102021
1.480225,677.9654039956343,-381.95936976625376,20.11887798206316,-254.74603733723265,-25753.67234102021
1.480725,678.1495254591711,-381.9473580280964,19.98828575435187,-267.62287350774704,-25753.67234102021
1.4812249999999998,680.3238396851937,-381.93579542657875,19.851255108555446,-280.49970967825,3461.919158670681
1.4817250000000002,681.7290059254268,-381.9239150116037,19.711437993611046,-278.7687500989133,3461.919158670681
1.482225,681.1739374026951,-381.9132265696373,19.572486358456505,-277.0377905195789,3461.919158670681
1.4827249999999998,681.548162218416,-381.90319186796313,19.43440020309156,-275.30683094024374,3461.919158670681
1.4832250000000002,683.402838593653,-381.89285607740857,19.297179527516164,-273.5758713609071,3461.919158670681
1.4837250000000002,685.1252461135585,-381.88328013326844,19.160824331730563,-271.84491178157197,3461.919158670681
1.484225,685.548074805736,-381.8732216361592,19.025334615734685,-270.11395220223756,3461.919158670681
1.484725,685.3256600763002,-381.8637261872069,18.890710379528354,-268.3829926229016,3461.919158670681
1.4852250000000002,686.6232753441154,-381.8543056600199,18.756951623111696,-266.6520330435657,3461.919158670681
1.485725,688.4074297748696,-381.84511964044725,18.624058346484823,-264.92107346423137,3461.919158670681
1.486225,688.9725998345691,-381.8362320241275,18.492030549647552,-263.1901138848962,3461.919158670681
1.4867250000000003,688.8529966599369,-381.82769916652137,18.360868232599834,-261.4591543055595,3461.919158670681
1.487225,689.9919000061773,-381.81965161800713,18.23057139534196,-259.7281947262252,3461.919158670681
1.487725,692.1208429288337,-381.8121123993841,18.101140037873698,-257.99723514689,3461.919158670681
1.4882250000000004,693.1240726746788,-381.80410229048385,17.972574160194984,-256.26627556755324,3461.919158670681
1.488725,693.6327014303595,-381.79692939270655,17.84487376230612,-254.5353159882189,3461.919158670681
1.489225,694.8407782457618,-381.789912002343,17.718038844206852,-252.80435640888376,3461.919158670681
1.4897250000000002,696.2616078890776,-381.7835980924459,17.592069405897202,-251.07339682954787,3461.919158670681
1.490225,697.4272319706346,-381.7774424319756,17.46696544737733,-249.34243725021344,3461.919158670681
1.490725,698.0004505288696,-381.7710270371911,17.34272696864702,-247.61147767087755,3461.919158670681
1.491225,698.6833108205562,-381.7651482598288,17.219353969706425,-245.88051809154243,3461.919158670681
1.4917250000000002,699.8054838789333,-381.75954387741587,17.096846450555446,-244.14955851220648,3461.919158670681
1.492225,700.3736419367445,-381.75384916066406,16.975204411194245,-242.41859893287204,3461.919158670681
1.492725,700.8595391729634,-381.7484575249898,16.854427851622603,-240.68763935353616,3461.919158670681
1.4932250000000002,701.9928041986943,-381.7431206539873,16.73451677184063,-238.95667977420024,3461.919158670681
1.493725,702.7386576460938,-381.73801815911526,16.61547117184843,-237.2257201948659,3461.919158670681
1.494225,703.3305129619196,-381.73299900287833,16.497291051645842,-235.49476061553065,3461.919158670681
1.494725,704.2580128686906,-381.7286813964072,16.379976411232867,-233.7638010361948,3461.919158670681
1.495225,705.2251118689472,-381.7245512973585,16.26352725060962,-232.03284145685967,3461.919158670681
1.495725,706.5590129275683,-381.7209275267077,16.147943569776036,-230.3018818775245,3461.919158670681
1.496225,707.5297298075426,-381.71664105905,16.033225368732126,-228.5709222981893,3461.919158670681
1.496725,708.3459810889133,-381.7123732283627,15.919372647477823,-226.83996271885343,3461.919158670681
1.4972249999999998,709.9736171030765,-381.7084254873942,15.806385406013291,-225.10900313951905,3461.919158670681
1.4977250000000002,711.6511472469504,-381.70502717763156,15.694263644338282,-223.37804356018236,3461.919158670681
1.498225,712.4527529563292,-381.7019900561031,15.58300736245308,-221.64708398084795,3461.919158670681
1.498725,713.4593570147869,-381.69836031933835,15.472616560357457,-219.916124401512,3461.919158670681
1.4992250000000005,714.7176115427479,-381.69531152005845,15.36309123805145,-218.18516482217538,3461.919158670681
1.4997250000000002,715.6014677003504,-381.6916927064414,15.254431395535256,-216.45420524284097,3461.919158670681
1.500225,716.482492402485,-381.6884364971811,15.146637032808728,-214.7232456635066,3461.919158670681
1.500725,717.1127877584898,-381.68547668812516,15.039708149871773,-212.99228608417067,3461.919158670681
1.5012250000000005,717.722383630217,-381.6831187699644,14.93364474672444,-211.26132650483402,3461.919158670681
1.501725,718.7992311106539,-381.68045423715785,14.828446823366962,-209.53036692550037,3461.919158670681
1.502225,719.7025113555534,-381.67815847806844,14.724114379799055,-207.7994073461652,3461.919158670681
1.5027250000000003,720.3326855987326,-381.67529195787495,14.620647416020729,-206.06844776682854,3461.919158670681
1.503225,721.0153210911359,-381.672766387418,14.518045932032205,-204.33748818749416,3461.919158670681
1.503725,722.0078747448537,-381.67047229809776,14.416309927833304,-202.606528608159,3461.919158670681
1.504225,723.0704609313856,-381.6680264006234,14.31543940342407,-200.87556902882386,3461.919158670681
1.504725,723.9892279099216,-381.66608970947107,14.215434358804456,-199.14460944948792,3461.919158670681
1.505225,724.5670594815036,-381.6639262645238,14.116294793974557,-197.4136498701528,3461.919158670681
1.5057250000000002,725.1154983666681,-381.6621420107153,14.018020708934278,-195.68269029081685,3461.919158670681
1.506225,726.293277676174,-381.66034492406186,13.920612103683762,-193.9517307114825,3461.919158670681
1.506725,727.3960402543007,-381.658428526054,13.82406897822282,-192.22077113214658,3461.919158670681
1.507225,727.5400752647035,-381.6565891866596,13.728391332551592,-190.4898115528114,3461.919158670681
1.5077250000000002,727.478275667758,-381.6544339770325,13.633579166669987,-188.7588519734755,3461.919158670681
1.508225,728.3704893243789,-381.65247628939807,13.539632480578135,-187.0278923941411,3461.919158670681
1.508725,729.9416784840912,-381.65034142812175,13.446551274275869,-185.29693281480522,3461.919158670681
1.509225,730.101825513015,-381.6483052182032,13.354335547763313,-183.56597323547007,3461.919158670681
1.509725,729.7775454453987,-381.6472196057174,13.262985301040418,-181.8350136561349,3461.919158670681
1.5102250000000002,730.6017195959922,-381.6458044837075,13.172500534107158,-180.10405407679903,3461.919158670681
1.510725,732.2691544619895,-381.6449867334522,13.0828812469636,-178.3730944974638,3461.919158670681
1.511225,733.3271837339763,-381.64395556366765,12.994127439609713,-176.6421349181287,3461.919158670681
1.511725,733.2245797091982,-381.6425055096578,12.906239112045489,-174.9111753387935,3461.919158670681
1.5122250000000002,733.4452955441943,-381.6413437293491,12.8192162642709,-173.1802157594576,3461.919158670681
1.512725,735.2222149589452,-381.6397893234777,12.733058896286012,-171.44925618012243,3461.919158670681
1.5132249999999998,736.7602072298738,-381.63875663221097,12.647767008090831,-169.71829660078808,3461.919158670681
1.5137250000000002,736.8371805311683,-381.63710237567386,12.563340599685207,-167.98733702145137,3461.919158670681
1.5142250000000002,736.7940240107836,-381.63586928927407,12.479779671069325,-166.25637744211627,3461.919158670681
1.514725,738.1836533252974,-381.6342716056314,12.397084222243109,-164.52541786278107,3461.919158670681
1.515225,740.1325786514047,-381.6327564012906,12.315254253206561,-162.79445828344595,3461.919158670681
1.5157250000000002,740.3527396269664,-381.630673056776,12.234289763959648,-161.06349870411003,3461.919158670681
1.516225,739.7172158354426,-381.62902449400246,12.154190754502467,-159.33253912477568,3461.919158670681
1.516725,740.7215703748433,-381.6273008127797,12.074957224834888,-157.60157954543973,3461.919158670681
1.5172250000000005,742.5531678764463,-381.625393628742,11.996589174956942,-155.87061996610305,3461.919158670681
1.517725,743.0990318812244,-381.6240801673545,11.9190866048688,-154.1396603867694,3461.919158670681
1.518225,742.6433382891361,-381.62289156428216,11.842449514570257,-152.40870080743426,3461.919158670681
1.5187250000000003,742.7725700314494,-381.6210584972009,11.766677904061318,-150.6777412280976,3461.919158670681
1.519225,744.4376800254214,-381.61903889476287,11.691771773342143,-148.9467816487632,3461.919158670681
1.519725,745.8208486087312,-381.61648580342546,11.617731122412602,-147.21582206942804,3461.919158670681
1.5202250000000002,745.2398968281605,-381.6139117685191,11.544555951272697,-145.48486249009213,3461.919158670681
1.520725,745.0204137382309,-381.6117579496823,11.472246259922493,-143.75390291075698,3461.919158670681
1.521225,746.6847322928404,-381.6098012677909,11.400802048361959,-142.02294333142186,3461.919158670681
1.5217250000000002,747.9244277071853,-381.6075228935858,11.330223316591054,-140.2919837520859,3461.919158670681
1.5222250000000002,747.9447327850073,-381.60498150458903,11.260510064609852,-138.56102417275076,3461.919158670681
1.522725,747.8500164569037,-381.60215785033944,11.191662292418323,-136.8300645934156,3461.919158670681
1.523225,748.5263868461288,-381.5993111662361,11.123680000016455,-135.09910501408046,3461.919158670681
1.5237250000000002,750.0550101947686,-381.59593080127263,11.056563187404228,-133.36814543474455,3461.919158670681
1.524225,750.6113959697379,-381.5926925209608,10.990311854581726,-131.63718585541017,3461.919158670681
1.524725,750.4529716831682,-381.58944461916417,10.924926001548831,-129.90622627607422,3461.919158670681
1.525225,751.164178470534,-381.58645908486096,10.860405628305635,-128.17526669673907,3461.919158670681
1.525725,752.1666717073829,-381.5833509205196,10.796750734852104,-126.44430711740394,3461.919158670681
1.526225,753.309777260341,-381.58010216496035,10.733961321188245,-124.71334753806883,3461.919158670681
1.526725,753.9114961662505,-381.57619882690966,10.672037387314022,-122.98238795873287,3461.919158670681
1.527225,754.0907509921983,-381.57240553300977,10.610978933229498,-121.2514283793977,3461.919158670681
1.527725,755.2419834271042,-381.5681320322853,10.550785958934638,-119.52046880006257,3461.919158670681
1.5282250000000002,756.9440672201174,-381.563751434765,10.491458464429419,-117.78950922072666,3461.919158670681
1.528725,758.0480541447818,-381.55882687676933,10.432996449713928,-116.05854964139226,3461.919158670681
1.5292249999999998,758.6497326174584,-381.55361647614865,10.375399914788069,-114.32759006205713,3461.919158670681
1.5297250000000002,759.390542482113,-381.5480901785718,10.318668859651833,-112.59663048272047,3461.919158670681
1.5302250000000002,760.7489151710755,-381.54266716496,10.26280328430531,-110.8656709033853,3461.919158670681
1.530725,762.2130156508565,-381.5368780676754,10.207803188748478,-109.1347113240509,3461.919158670681
1.531225,763.1218496902826,-381.5313418150075,10.153668572981271,-107.403751744715,3461.919158670681
1.5317250000000002,763.5813989594978,-381.5253910405501,10.10039943700373,-105.67279216537906,3461.919158670681
1.532225,764.3482865749463,-381.5195197434901,10.047995780815903,-103.94183258604467,3461.919158670681
1.532725,766.1501327492566,-381.5133372876702,9.996457604417722,-102.21087300670953,3461.919158670681
1.5332250000000005,767.8233102375623,-381.50722815935444,9.945784907809141,-100.47991342737208,3461.919158670681
1.533725,768.7144619803137,-381.5006579798938,9.895977690990337,-98.74895384803848,3461.919158670681
1.534225,769.6955160901473,-381.49374861703575,9.847035953961155,-97.0179942687033,3461.919158670681
1.5347250000000003,771.2598144931553,-381.4866592422754,9.7989596967216,-95.2870346893666,3461.919158670681
1.535225,772.9768519633174,-381.4786227348342,9.751748919271776,-93.55607511003225,3461.919158670681
1.535725,773.9499204077963,-381.4709991896478,9.705403621611604,-91.82511553069712,3461.919158670681
1.5362250000000002,774.1423648539756,-381.46322267836734,9.659923803741068,-90.09415595136117,3461.919158670681
1.536725,775.1642261342878,-381.4554889876721,9.61530946566025,-88.3631963720268,3461.919158670681
1.537225,776.8202644526522,-381.4477732295711,9.571560607369053,-86.63223679269089,3461.919158670681
1.537725,777.1252464641157,-381.4398358399574,9.528677228867549,-84.90127721335574,3461.919158670681
1.5382250000000002,776.9980762926766,-381.43176792954387,9.486659330155689,-83.17031763401981,3461.919158670681
1.538725,778.2285497104053,-381.42321337888205,9.445506911233535,-81.43935805468543,3461.919158670681
1.539225,779.7206362428176,-381.41436964343393,9.405219972101015,-79.7083984753495,3461.919158670681
1.5397250000000002,780.2964210454459,-381.4055670943029,9.365798512758158,-77.97743889601358,3461.919158670681
1.540225,780.6193807599838,-381.3964843543362,9.327242533205004,-76.24647931667921,3461.919158670681
1.540725,782.0478609476282,-381.38730408322493,9.289552033441506,-74.51551973734408,3461.919158670681
1.541225,783.8906461284303,-381.37843315185586,9.252727013467656,-72.78456015800812,3461.919158670681
1.541725,784.8394560533745,-381.36910979519865,9.216767473283488,-71.05360057867301,3461.919158670681
1.542225,785.6091573261762,-381.3599900108249,9.181673412888989,-69.32264099933785,3461.919158670681
1.542725,787.0088481451978,-381.3506317557666,9.147444832284158,-67.59168142000267,3461.919158670681
1.543225,788.6073278838561,-381.341192505234,9.114081731468978,-65.86072184066676,3461.919158670681
1.5437249999999998,789.7649976162664,-381.331745289345,9.0815841104435,-64.1297622613324,3461.919158670681
1.5442250000000002,790.4628957467206,-381.3222741039148,9.04995196920764,-62.398802681995704,3461.919158670681
1.544725,791.4236735808636,-381.31254888785395,9.019185307761493,-60.667843102661315,3461.919158670681
1.5452249999999998,792.7458914857574,-381.3025509997807,8.989284126105002,-58.936883523326166,3461.919158670681
1.5457250000000002,793.6078108020708,-381.2930237256418,8.960248424238149,-57.20592394398947,3461.919158670681
1.5462250000000002,794.4224959370752,-381.2836898358557,8.932078202160993,-55.47496436465432,3461.919158670681
1.546725,795.737011721801,-381.27446830348725,8.904773459873512,-53.74400478531995,3461.919158670681
1.547225,796.7716390488711,-381.26538286092307,8.878334197375679,-52.01304520598403,3461.919158670681
1.5477250000000002,797.3144529092176,-381.25614131363767,8.852760414667513,-50.282085626648104,3461.919158670681
1.548225,798.4292520610312,-381.24721728245026,8.828052111749036,-48.551126047313716,3461.919158670681
1.548725,799.8417015181623,-381.2375279242536,8.804209288620216,-46.82016646797858,3461.919158670681
1.5492250000000003,800.7920713973388,-381.22797164353153,8.781231945281043,-45.089206888641904,3461.919158670681
1.549725,801.6466775544485,-381.2188613122536,8.759120081731568,-43.35824730930752,3461.919158670681
1.550225,802.5490516869937,-381.20950928671164,8.737873697971748,-41.627287729972345,3461.919158670681
1.5507250000000004,803.5922291619623,-381.2004645543919,8.717492794001581,-39.89632815063567,3461.919158670681
1.551225,804.9161760990585,-381.19165621172715,8.697977369821107,-38.165368571301286,3461.919158670681
1.551725,805.6784005201221,-381.1825790992038,8.679327425430293,-36.434408991966144,3461.919158670681
1.5522250000000002,806.1129756921231,-381.1736677462364,8.661542960829138,-34.70344941263023,3461.919158670681
1.552725,807.1773537297208,-381.164901394166,8.644623976017666,-32.97248983329584,3461.919158670681
1.553225,808.4288998239281,-381.1559606006156,8.628570470995845,-31.241530253959915,3461.919158670681
1.553725,808.8121610097448,-381.1473670752577,8.613382445763701,-29.510570674624766,3461.919158670681
1.5542250000000002,809.2783649009264,-381.13911244633687,8.599059900321219,-27.779611095288853,3461.919158670681
1.554725,810.2134515332472,-381.130570024975,8.585602834668414,-26.04865151595448,3461.919158670681
1.555225,810.9719286742364,-381.12234971795,8.573011248805267,-24.317691936618555,3461.919158670681
1.5557250000000002,811.532930412719,-381.1143344929598,8.561285142731789,-22.586732357282635,3461.919158670681
1.556225,812.2728452596774,-381.1070378725224,8.550424516447988,-20.855772777948257,3461.919158670681
1.556725,813.0061944980697,-381.1000377433307,8.540429369953847,-19.124813198613104,3461.919158670681
1.557225,813.9446348162704,-381.09249929553073,8.53129970324937,-17.39385361927717,3461.919158670681
1.557725,814.9244322666582,-381.08460032971044,8.523035516334568,-15.662894039942021,3461.919158670681
1.558225,815.8316566665102,-381.0770685306867,8.515636809209429,-13.93193446060687,3461.919158670681
1.558725,816.8409357027547,-381.0696589564058,8.509103581873964,-12.200974881271723,3461.919158670681
1.559225,818.0819875941489,-381.06311529845493,8.503435834328158,-10.470015301935812,3461.919158670681
1.5597249999999998,818.9893177603974,-381.0563522122807,8.498633566572027,-8.739055722601435,3461.919158670681
1.5602250000000002,819.7852493920958,-381.04972197762186,8.494696778605558,-7.00809614326475,3461.919158670681
1.560725,820.8723342241999,-381.0430696511312,8.491625470428762,-5.277136563930363,3461.919158670681
1.561225,821.4635751137248,-381.03637805261786,8.489419642041629,-3.5461769845944393,3461.919158670681
1.5617250000000005,821.9684907154399,-381.0298444761892,8.488079293444164,-1.815217405257766,3461.919158670681
1.5622250000000002,823.0629648398551,-381.02362562806445,8.487604424636372,-0.08425782592337852,3461.919158670681
1.562725,823.7289219490913,-381.0173431408478,8.48799503561824,1.6467017534110224,3461.919158670681
1.563225,824.1217482808376,-381.01131329270777,8.489251126389782,3.37766133274692,3461.919158670681
1.5637250000000005,825.0609277940579,-381.00567862048047,8.491372696950991,5.108620912083606,3461.919158670681
1.564225,826.1115092093036,-380.9996825974129,8.49435974730186,6.839580491417232,3461.919158670681
1.564725,827.352077147925,-380.9939642590009,8.498212277442404,8.570540070752395,3461.919158670681
1.5652250000000003,828.2424860606345,-380.9878717311807,8.50293028737262,10.301499650089081,3461.919158670681
1.565725,828.5944259371612,-380.9818885338668,8.508513777092494,12.032459229423456,3461.919158670681
1.566225,829.8379731691684,-380.9758751046972,8.514962746602038,13.763418808758605,3461.919158670681
1.566725,831.452567189776,-380.96978262349313,8.52227719590125,15.494378388093766,3461.919158670681
1.567225,831.81591900778,-380.96378737052584,8.530457124990136,17.225337967429663,3461.919158670681
1.567725,832.0636352152839,-380.9580702248829,8.539502533868681,18.956297546764812,3461.919158670681
1.5682250000000002,833.0245499221177,-380.9527188074578,8.549413422536901,20.687257126100754,3461.919158670681
1.568725,834.1717838340294,-380.94767384612453,8.56018979099478,22.418216705435125,3461.919158670681
1.569225,835.1713171583748,-380.9427458708195,8.571831639242337,24.149176284771038,3461.919158670681
1.569725,835.3813940491943,-380.9377943818519,8.584338967279553,25.880135864106187,3461.919158670681
1.5702250000000002,835.5808970848186,-380.93212589311594,8.597711775106445,27.61109544344211,3461.919158670681
1.570725,836.8723101879601,-380.92664739387993,8.611950062722991,29.3420550227765,3461.919158670681
1.571225,838.1180774933252,-380.9209879104397,8.627053830129219,31.07301460211243,3461.919158670681
1.571725,838.3412885702213,-380.9153099838698,8.64302307732511,32.80397418144754,3461.919158670681
1.572225,838.5115136144137,-380.9098369600135,8.659857804310663,34.53493376078269,3461.919158670681
1.5727250000000002,839.118029356393,-380.90453426122264,8.677558011085893,36.26589334011863,3461.919158670681
1.573225,840.1446948562309,-380.8991284619586,8.696123697650787,37.99685291945378,3461.919158670681
1.573725,841.0866467128166,-380.8940104387021,8.715554864005343,39.727812498788936,3461.919158670681
1.574225,841.0153490381621,-380.88890970773735,8.735851510149569,41.45877207812409,3461.919158670681
1.5747250000000002,841.2098462314347,-380.88384055663875,8.757013636083471,43.189731657459994,3461.919158670681
1.575225,842.7694378201486,-380.8785238999901,8.779041241807034,44.92069123679514,3461.919158670681
1.5757249999999998,844.0205223599536,-380.8733072185997,8.801934327320254,46.651650816129525,3461.919158670681
1.5762250000000002,843.6473753594806,-380.86795018508053,8.82569289262317,48.382610395466216,3461.919158670681
1.5767250000000002,843.5448071862209,-380.86272804348135,8.850316937715732,50.113569974801365,3461.919158670681
1.577225,844.9143743815259,-380.8573206195712,8.875806462597968,51.84452955413653,3461.919158670681
1.577725,846.2587313230628,-380.85168855975184,8.902161467269865,53.57548913347167,3461.919158670681
1.5782250000000002,846.3279694867167,-380.8463823107089,8.929381951731441,55.30644871280759,3461.919158670681
1.578725,845.7765756874018,-380.84101632794676,8.957467915982665,57.037408292141976,3461.919158670681
1.579225,846.3676437197095,-380.83569844072457,8.98641936002358,58.7683678714779,3461.919158670681
1.5797250000000005,848.0015680938561,-380.8305609832065,9.016236283854175,60.499327450814576,3461.919158670681
1.580225,848.5430241393793,-380.82538648758646,9.046918687474387,62.23028703014818,3461.919158670681
1.580725,847.78807531282,-380.82086495586765,9.07846657088429,63.96124660948335,3461.919158670681
1.5812250000000003,847.6905478301485,-380.81586110154205,9.110879934083892,65.69220618882004,3461.919158670681
1.581725,848.8175434822376,-380.81125928754307,9.144158777073118,67.4231657681544,3461.919158670681
1.582225,849.7495466827231,-380.8064494488925,9.178303099852023,69.15412534748957,3461.919158670681
1.5827250000000002,849.4623182434727,-380.8015280510042,9.213312902420613,70.88508492682547,3461.919158670681
1.583225,848.9638954837762,-380.7967281923941,9.249188184778859,72.61604450616063,3461.919158670681
1.583725,849.7457636052608,-380.7922080522209,9.285928946926767,74.34700408549577,3461.919158670681
1.5842250000000002,851.2273262734268,-380.78801619246735,9.32353518886436,76.07796366483169,3461.919158670681
1.5847250000000002,851.6523549672144,-380.7839536042981,9.362006910591607,77.80892324416685,3461.919158670681
1.585225,851.2689778881189,-380.77991847884175,9.40134411210852,79.53988282350198,3461.919158670681
1.585725,851.6028842633153,-380.7763422735536,9.4415467934151,81.27084240283715,3461.919158670681
1.5862250000000002,852.9866726932618,-380.7724929830522,9.482614954511364,83.00180198217308,3461.919158670681
1.586725,853.8768447815926,-380.768706469635,9.524548595397262,84.73276156150744,3461.919158670681
1.587225,853.8409278961548,-380.76536811385125,9.567347716072865,86.46372114084339,3461.919158670681
1.587725,854.1863576430376,-380.7624247602988,9.611012316538115,88.19468072017852,3461.919158670681
1.588225,855.7073343567287,-380.7594304734011,9.655542396793036,89.92564029951367,3461.919158670681
1.588725,857.1957422508178,-380.75641252453147,9.70093795683762,91.65659987884881,3461.919158670681
1.589225,857.4502033389554,-380.7529569441316,9.747198996671893,93.38755945818473,3461.919158670681
1.589725,858.2611061923893,-380.7503262111247,9.794325516295816,95.11851903751986,3461.919158670681
1.590225,859.9738963136991,-380.74694967411557,9.842317515709405,96.84947861685504,3461.919158670681
1.5907250000000002,861.0267535444531,-380.7442347055402,9.891174994912678,98.58043819619097,3461.919158670681
1.591225,861.660864976871,-380.7415349871659,9.940897953905582,100.31139777552534,3461.919158670681
1.5917249999999998,862.4692491025656,-380.73924261834594,9.991486392688172,102.04235735486047,3461.919158670681
1.5922250000000002,863.4623350334208,-380.7369485996754,10.042940311260477,103.77331693419717,3461.919158670681
1.5927250000000002,864.7380702604971,-380.73467106553335,10.095259709622404,105.50427651353235,3461.919158670681
1.593225,865.5815792120053,-380.73226377632085,10.148444587773975,107.2352360928667,3461.919158670681
1.593725,865.8700403116396,-380.7301326148165,10.20249494571526,108.96619567220263,3461.919158670681
1.5942250000000002,867.2772175308068,-380.7279958209025,10.257410783446215,110.69715525153855,3461.919158670681
1.594725,869.0430045739222,-380.72651896138865,10.313192100966786,112.42811483087291,3461.919158670681
1.595225,869.8105146474378,-380.725002287962,10.369838898277052,114.15907441020809,3461.919158670681
1.5957250000000005,870.7525445117969,-380.72324429943706,10.427351175377058,115.89003398954551,3461.919158670681
1.596225,872.2589318315244,-380.72098678936885,10.485728932266605,117.62099356887914,3461.919158670681
1.596725,873.4969012657048,-380.71968485687177,10.544972168945874,119.35195314821428,3461.919158670681
1.5972250000000003,874.435382452842,-380.71859578683507,10.60508088541486,121.08291272755098,3461.919158670681
1.597725,875.4410713652696,-380.71681178520845,10.666055081673436,122.81387230688539,3461.919158670681
1.598225,876.602299338752,-380.71501682774203,10.727894757721705,124.54483188622052,3461.919158670681
1.5987250000000002,877.8380008963438,-380.71310364486664,10.790599913559669,126.27579146555644,3461.919158670681
1.599225,878.6541338033205,-380.7118121282011,10.85417054918725,128.00675104489085,3461.919158670681
1.599725,879.3968811844601,-380.7102360302577,10.91860666460455,129.73771062422674,3461.919158670681
1.600225,880.8901279261017,-380.7089987990615,10.983908259811487,131.46867020356186,3461.919158670681
1.600725,882.4174402988896,-380.70725156930365,11.050075334808097,133.19962978289703,3461.919158670681
1.601225,882.891656203367,-380.705406352492,11.11710788959437,134.93058936223218,3461.919158670681
1.601725,883.6115774830998,-380.7032370351919,11.185005924170342,136.6615489415681,3461.919158670681
1.602225,885.485066229633,-380.7010831013702,11.253769438535953,138.39250852090325,3461.919158670681
1.6027250000000002,886.9190621884991,-380.6986883537285,11.32339843269126,140.12346810023917,3461.919158670681
1.603225,887.5412903690594,-380.6967321134248,11.393892906636177,141.85442767957358,3461.919158670681
1.603725,888.2549251698047,-380.6940283595856,11.465252860370823,143.58538725890946,-1817.7015686323923
1.6042250000000002,889.8667244086797,-380.6917667512951,11.53681834130422,142.67653647459298,-1817.7015686323923
1.6047249999999995,891.6847797426705,-380.68935859793896,11.60792939684534,141.76768569027809,-1817.7015686323923
1.605225,892.8157264519132,-380.68705261692094,11.67858602699445,140.85883490596117,-1817.7015686323923
1.605725,893.5267068144619,-380.68425930282876,11.748788231751377,139.9499841216447,-1817.7015686323923
1.6062249999999998,895.0464799173114,-380.6816633952915,11.81853601111608,139.041133337329,-1817.7015686323923
1.6067250000000002,897.0187152758975,-380.6786142307,11.88782936508872,138.13228255301206,-1817.7015686323923
1.607225,897.8309778545552,-380.6755908400605,11.956668293669109,137.22343176869637,-1817.7015686323923
1.6077249999999998,898.5795228268473,-380.6722709050668,12.02505279685737,136.3145809843803,-1817.7015686323923
1.6082250000000002,900.0637759371515,-380.6686435992317,12.092982874653533,135.40573020006343,-1817.7015686323923
1.6087250000000002,901.2078728389027,-380.66451018843117,12.16045852705748,134.4968794157473,-1817.7015686323923
1.609225,902.1843873373208,-380.66018099156895,12.227479754069236,133.58802863143157,-1817.7015686323923
1.6097250000000003,903.3235892706922,-380.65608267020184,12.294046555688922,132.6791778471147,-1817.7015686323923
1.6102250000000002,904.6782334765148,-380.6519921992506,12.360158931916397,131.7703270627986,-1817.7015686323923
1.610725,906.3208057845302,-380.64773850029434,12.425816882751679,130.8614762784829,-1817.7015686323923
1.611225,907.3440234971198,-380.6435945722394,12.491020408194835,129.9526254941668,-1817.7015686323923
1.6117250000000003,908.2222583980358,-380.63976193322355,12.55576950824589,129.0437747098499,-1817.7015686323923
1.612225,909.5672126636898,-380.6355955215681,12.6200641829047,128.13492392553422,-1817.7015686323923
1.612725,910.5048566059564,-380.63071636615683,12.68390443217138,127.22607314121814,-1817.7015686323923
1.6132250000000004,910.924127060643,-380.6253916414981,12.74729025604596,126.31722235690123,-1817.7015686323923
1.613725,911.6058193481656,-380.6200864696343,12.810221654528299,125.40837157258554,-1817.7015686323923
1.614225,912.3159100129444,-380.61500263933146,12.872698627618504,124.49952078826945,-1817.7015686323923
1.614725,912.5323497717392,-380.6097094990538,12.934721175316552,123.59067000395335,-1817.7015686323923
1.615225,913.0326663463642,-380.6044004833789,12.996289297622445,122.68181921963723,-1817.7015686323923
1.615725,913.937704017723,-380.598776326704,13.057402994536204,121.77296843532075,-1817.7015686323923
1.616225,914.201983590497,-380.5926893359207,13.11806226605778,120.86411765100468,-1817.7015686323923
1.6167250000000002,913.9567883023984,-380.58635438004205,13.178267112187221,119.95526686668816,-1817.7015686323923
1.617225,913.9334899338962,-380.5804613709688,13.238017532924452,119.04641608237247,-1817.7015686323923
1.617725,914.4620607534674,-380.57482211469596,13.297313528269582,118.13756529805595,-1817.7015686323923
1.6182250000000002,915.32758120858,-380.5689412062422,13.356155098222546,117.22871451373946,-1817.7015686323923
1.618725,915.3947754530168,-380.5632964370951,13.414542242783307,116.31986372942379,-1817.7015686323923
1.619225,914.7296534137424,-380.55686073412426,13.472474961951935,115.41101294510767,-1817.7015686323923
1.619725,915.5146565899308,-380.5500522905175,13.529953255728428,114.50216216079116,-1817.7015686323923
1.620225,917.2672172808782,-380.5431200449234,13.586977124112735,113.59331137647506,-1817.7015686323923
1.6207250000000002,917.6558676328364,-380.53622746647403,13.643546567104913,112.68446059215857,-1817.7015686323923
1.621225,917.3015854815544,-380.5295158288833,13.699661584704884,111.77560980784286,-1817.7015686323923
1.621725,917.7227018204454,-380.52283708077005,13.755322176912749,110.86675902352638,-1817.7015686323923
1.6222249999999998,918.8390817488996,-380.51588868041654,13.8105283437284,109.9579082392107,-1817.7015686323923
1.6227250000000002,919.542547841154,-380.5092473355759,13.86528008515197,109.04905745489378,-1817.7015686323923
1.623225,919.004440511956,-380.5023764777862,13.919577401183304,108.14020667057808,-1817.7015686323923
1.623725,918.478413809244,-380.49616816273425,13.973420291822535,107.23135588626158,-1817.7015686323923
1.6242250000000005,919.5709065356466,-380.4893564120457,14.026808757069626,106.32250510194467,-1817.7015686323923
1.6247250000000002,920.7873164105292,-380.48270616851516,14.079742796924489,105.413654317629,-1817.7015686323923
1.625225,920.500307724026,-380.4752334482473,14.132222411387197,104.5048035333133,-1817.7015686323923
1.625725,920.4048720201032,-380.4684114369822,14.184247600457793,103.5959527489968,-1817.7015686323923
1.6262250000000005,921.5836691609744,-380.46054672890654,14.23581836413625,102.6871019646799,-1817.7015686323923
1.626725,922.4119170263682,-380.45304831036003,14.286934702422464,101.77825118036462,-1817.7015686323923
1.627225,922.5769123864352,-380.4456013766661,14.337596615316558,100.86940039604852,-1817.7015686323923
1.6277250000000003,922.4535393662396,-380.438675068227,14.38780410281854,99.96054961173161,-1817.7015686323923
1.628225,922.916846520176,-380.43158356783044,14.437557164928302,99.05169882741593,-1817.7015686323923
1.628725,923.9978956993662,-380.4242503695817,14.486855801645927,98.14284804309979,-1817.7015686323923
1.6292250000000004,924.3262808156844,-380.41700064840353,14.535700012971434,97.2339972587829,-1817.7015686323923
1.629725,924.319332112888,-380.409643379382,14.58408979890472,96.32514647446722,-1817.7015686323923
1.630225,925.0221142462508,-380.40235934570023,14.63202515944587,95.4162956901511,-1817.7015686323923
1.6307250000000004,925.8234051411068,-380.3955169600892,14.679506094594903,94.50744490583419,-1817.7015686323923
1.631225,925.888343423592,-380.38837908484294,14.726532604351695,93.59859412151894,-1817.7015686323923
1.631725,925.7619723528657,-380.3808070860298,14.773104688716389,92.68974333720246,-1817.7015686323923
1.632225,925.951185348815,-380.37361296651284,14.819222347688912,91.78089255288633,-1817.7015686323923
1.632725,926.3595919914166,-380.366276719183,14.864885581269263,90.87204176857026,-1817.7015686323923
1.633225,926.8431551740864,-380.35949052471335,14.910094389457464,89.96319098425414,-1817.7015686323923
1.633725,927.2178781497418,-380.35292570845917,14.95484877225353,89.05434019993764,-1817.7015686323923
1.634225,927.9297898558054,-380.3457376240264,14.999148729657415,88.14548941562155,-1817.7015686323923
1.6347250000000002,928.8964568330769,-380.3386683923503,15.042994261669161,87.23663863130503,-1817.7015686323923
1.6352250000000002,929.7682926339728,-380.3318189751501,15.086385368288731,86.32778784698895,-1817.7015686323923
1.635725,930.763590703028,-380.3250092233251,15.129322049516144,85.41893706267285,-1817.7015686323923
1.636225,931.8392399567824,-380.31770684800676,15.171804305351396,84.51008627835675,-1817.7015686323923
1.6367249999999998,932.519824800493,-380.31072683645215,15.213832135794473,83.60123549404105,-1817.7015686323923
1.6372250000000002,932.9087504413604,-380.3033868816961,15.255405540845445,82.69238470972415,-1817.7015686323923
1.637725,933.553160391301,-380.29657747877803,15.296524520504226,81.78353392540808,-1817.7015686323923
1.6382249999999998,934.5819215807276,-380.28911495108855,15.337189074770828,80.87468314109239,-1817.7015686323923
1.6387250000000002,935.1966059611432,-380.28169986576853,15.377399203645322,79.96583235677546,-1817.7015686323923
1.6392250000000002,935.3335687653832,-380.2742829320502,15.417154907127628,79.05698157245936,-1817.7015686323923
1.639725,935.848584260044,-380.2670577697194,15.456456185217776,78.14813078814329,-1817.7015686323923
1.6402250000000005,937.0567515459472,-380.2600800446367,15.495303037915797,77.23928000382637,-1817.7015686323923
1.6407250000000002,938.3138778029146,-380.25304688722775,15.533695465221609,76.33042921951066,-1817.7015686323923
1.641225,938.3990724228304,-380.2462176523971,15.571633467135264,75.42157843519497,-1817.7015686323923
1.6417250000000003,938.3372650562596,-380.2393020295434,15.609117043656813,74.51272765087808,-1817.7015686323923
1.6422250000000005,939.5018007446072,-380.23263443303773,15.646146194786185,73.60387686656158,-1817.7015686323923
1.642725,940.8313376524808,-380.22535470701746,15.68272092052335,72.6950260822463,-1817.7015686323923
1.643225,941.2996455874402,-380.21839173464866,15.718841220868391,71.7861752979302,-1817.7015686323923
1.6437250000000003,941.7003713267916,-380.2115894204634,15.754507095821305,70.87732451361332,-1817.7015686323923
1.644225,942.8355916816552,-380.2043090135944,15.789718545382012,69.9684737292976,-1817.7015686323923
1.644725,944.2396954708532,-380.1967498228085,15.824475569550577,69.0596229449815,-1817.7015686323923
1.645225,945.3820160158008,-380.18916262260353,15.858778168326987,68.15077216066541,-1817.7015686323923
1.645725,946.1588763010408,-380.1810671936784,15.89262634171125,67.24192137634891,-1817.7015686323923
1.646225,946.823586174106,-380.17320784698364,15.926020089703343,66.33307059203281,-1817.7015686323923
1.646725,947.5857259563566,-380.1657264619754,15.95895941230328,65.42421980771672,-1817.7015686323923
1.6472250000000002,948.3105576219376,-380.15851233011995,15.991444309511067,64.51536902340023,-1817.7015686323923
1.647725,948.8700509614785,-380.1509327420705,16.023474781326684,63.606518239084124,-1817.7015686323923
1.648225,949.6873262067666,-380.1433669360916,16.055050827750144,62.69766745476803,-1817.7015686323923
1.6487250000000002,950.635992285072,-380.1357776630159,16.08617244878146,61.78881667045153,-1817.7015686323923
1.649225,951.1397584218014,-380.1282374688869,16.116839644420587,60.879965886135835,-1817.7015686323923
1.649725,951.8457258637812,-380.12078888741866,16.147052414667584,59.97111510181934,-1817.7015686323923
1.650225,952.9973012182332,-380.1136213567596,16.176810759522414,59.06226431750325,-1817.7015686323923
1.650725,954.1010890307537,-380.10629244366,16.206114678985088,58.15341353318714,-1817.7015686323923
1.6512250000000002,954.935442463668,-380.09902468753415,16.23496417305561,57.244562748870635,-1817.7015686323923
1.651725,955.5301146495292,-380.09141095551877,16.263359241733962,56.33571196455455,-1817.7015686323923
1.652225,956.23820492898,-380.08397734901985,16.29129988502016,55.42686118023844,-1817.7015686323923
1.6527250000000002,957.37427987246,-380.07603113467826,16.31878610291421,54.518010395921955,-1817.7015686323923
1.6532250000000002,958.2786380909788,-380.0682141403575,16.345817895416086,53.609159611605854,-1817.7015686323923
1.653725,958.8614983962418,-380.0602866128786,16.372395262525792,52.70030882729015,-1817.7015686323923
1.6542249999999998,959.5717710983664,-380.0522814244875,16.398518204243363,51.791458042974064,-1817.7015686323923
1.6547250000000002,960.262197740169,-380.0445695548474,16.424186720568784,50.88260725865715,-1817.7015686323923
1.6552250000000002,961.0118444954314,-380.03712821955907,16.44940081150203,49.973756474341066,-1817.7015686323923
1.655725,962.1458946184216,-380.029708915219,16.47416047704311,49.06490569002537,-1817.7015686323923
1.6562249999999998,963.0035810724696,-380.022955717806,16.498465717192044,48.15605490570928,-1817.7015686323923
1.6567250000000002,963.6302775595728,-380.01546506425564,16.52231653194883,47.24720412139237,-1817.7015686323923
1.657225,964.3750083811508,-380.00841869910005,16.545712921313438,46.33835333707667,-1817.7015686323923
1.657725,965.151194478864,-380.00077084685523,16.5686548852859,45.429502552760574,-1817.7015686323923
1.6582250000000005,966.4277327545695,-379.99392757663594,16.591142423866227,44.52065176844327,-1817.7015686323923
1.658725,967.554010631272,-379.9869865697561,16.613175537054346,43.611800984128,-1817.7015686323923
1.659225,967.9706820466288,-379.97995703908055,16.634754224850326,42.70295019981189,-1817.7015686323923
1.6597250000000003,968.8715471094588,-379.97281861360227,16.65587848725417,41.79409941549498,-1817.7015686323923
1.660225,970.2360127736296,-379.9658905155584,16.676548324265827,40.8852486311793,-1817.7015686323923
1.660725,971.5611781096012,-379.9585565096766,16.696763735885337,39.9763978468632,-1817.7015686323923
1.6612250000000004,972.5415280921958,-379.9519599518617,16.716524722112705,39.06754706254629,-1817.7015686323923
1.661725,972.9625312931385,-379.94477567306063,16.73583128294788,38.15869627823101,-1817.7015686323923
1.662225,973.8280572305296,-379.93797705241275,16.754683418390925,37.24984549391451,-1817.7015686323923
1.662725,975.2168136756115,-379.9310720050613,16.7730811284418,36.340994709598405,-1817.7015686323923
1.663225,976.3413154135023,-379.9242127051079,16.791024413100516,35.43214392528232,-1817.7015686323923
1.663725,976.80322531332,-379.91722498110715,16.80851327236708,34.52329314096624,-1817.7015686323923
1.664225,977.600875919367,-379.9104133939236,16.82554770624149,33.61444235664972,-1817.7015686323923
1.664725,979.0903279670551,-379.9036313341709,16.842127714723727,32.705591572333624,-1817.7015686323923
1.6652250000000002,980.3690950633658,-379.8969758902178,16.858253297813825,31.796740788017118,-1817.7015686323923
1.665725,981.2538282590928,-379.89097621781235,16.873924455511744,30.88789000370144,-1817.7015686323923
1.666225,982.1648095867528,-379.8849791415125,16.889141187817522,29.97903921938493,-1817.7015686323923
1.6667250000000002,983.4486727738168,-379.8790337936696,16.90390349473114,29.070188435068427,-1817.7015686323923
1.6672249999999995,984.9335801148218,-379.8735645935916,16.918211376252575,28.161337650753552,-1817.7015686323923
1.667725,985.774498704897,-379.86745120551234,16.932064832381883,27.252486866436644,-1817.7015686323923
1.668225,986.2797939202322,-379.8615924788716,16.945463863119027,26.343636082120145,-1817.7015686323923
1.6687249999999998,987.2260628995652,-379.8552925910291,16.958408468464,25.434785297804453,-1817.7015686323923
1.6692250000000002,988.265615271503,-379.84886852159036,16.97089864841683,24.525934513487545,-1817.7015686323923
1.669725,988.9010238781844,-379.84287007580286,16.98293440297749,23.617083729171856,-1817.7015686323923
1.6702249999999998,989.3433678732192,-379.8361744920563,16.994515732146,22.708232944855762,-1817.7015686323923
1.6707250000000002,990.4865701133764,-379.8296159455609,17.005642635922353,21.799382160538855,-1817.7015686323923
1.6712250000000002,992.0054436410826,-379.82343663935313,17.016315114306543,20.890531376222754,-1817.7015686323923
1.671725,993.2181742640807,-379.81697187776535,17.026533167298574,19.981680591907065,-1817.7015686323923
1.6722250000000003,994.0693488791508,-379.8104859414331,17.03629679489845,19.072829807590164,-1817.7015686323923
1.6727250000000002,995.07650444576,-379.80368682473755,17.045605997106165,18.163979023274067,-1817.7015686323923
1.673225,996.3683783507788,-379.7965379586771,17.054460773921722,17.255128238958385,-1817.7015686323923
1.673725,997.493370949727,-379.78946917122016,17.062861125345123,16.34627745464227,-1817.7015686323923
1.6742250000000003,998.2704004006016,-379.7821972807669,17.070807051376367,15.437426670325372,-1817.7015686323923
1.674725,998.9960548970053,-379.77453098701375,17.07829855201545,14.528575886009673,-1817.7015686323923
1.675225,999.5674689317452,-379.7667880293287,17.08533562726237,13.619725101693591,-1817.7015686323923
1.6757250000000004,1000.4551652043776,-379.75895834856203,17.09191827711715,12.710874317376675,-1817.7015686323923
1.676225,1001.3901058357218,-379.7511395756948,17.098046501579752,11.80202353306099,-1817.7015686323923
1.676725,1001.8401318124606,-379.74296581409783,17.103720300650203,10.893172748744888,-1817.7015686323923
1.677225,1002.0110162562942,-379.7351940110476,17.108939674328493,9.984321964428794,-1817.7015686323923
1.677725,1002.1528871699644,-379.72715947310394,17.11370462261463,9.075471180112705,-1817.7015686323923
1.678225,1002.921388796073,-379.7189878959517,17.11801514550861,8.166620395796198,-1817.7015686323923
1.678725,1003.7761637076228,-379.71016088763963,17.121871243010425,7.257769611480111,-1817.7015686323923
1.6792250000000002,1003.8892455372256,-379.70081620029947,17.125272915120085,6.348918827163602,-1817.7015686323923
1.679725,1003.9979139367576,-379.6920438529588,17.12822016183759,5.4400680428479085,-1817.7015686323923
1.680225,1004.5420827031172,-379.6824759980854,17.130712983162937,4.531217258531413,-1817.7015686323923
1.6807250000000002,1005.6510315436732,-379.6724320715589,17.132751379096124,3.6223664742149113,-1817.7015686323923
1.681225,1006.4810814814958,-379.6623894861518,17.13433534963715,2.7135156898992188,-1817.7015686323923
1.681725,1006.8751041341573,-379.65255965538495,17.13546489478602,1.8046649055831248,-1817.7015686323923
1.682225,1007.5839628695456,-379.64225436729157,17.136140014542733,0.8958141212666154,-1817.7015686323923
1.682725,1008.5043456823088,-379.6315098045064,17.13636070890729,-0.013036663049464867,-1817.7015686323923
1.6832250000000002,1009.145162300181,-379.61982847355057,17.13612697787968,-0.9218874473659671,-1817.7015686323923
1.683725,1009.611100803158,-379.608919551539,17.13543882145992,-1.8307382316816596,-1817.7015686323923
1.684225,1009.9910497978514,-379.5976195719684,17.134296239648,-2.7395890159981686,-1817.7015686323923
1.6847249999999998,1010.3077393161212,-379.5861933785721,17.132699232443926,-3.648439800313862,-1817.7015686323923
1.6852250000000002,1010.6402348824356,-379.575505684577,17.130647799847686,-4.557290584630758,-1817.7015686323923
1.685725,1011.2304539691556,-379.5640938232821,17.12814194185929,-5.4661413689464515,-1817.7015686323923
1.686225,1011.8727840697256,-379.55224495753237,17.12518165847874,-6.374992153262953,-1817.7015686323923
1.6867250000000005,1012.4120070001868,-379.5401284791588,17.121766949706025,-7.28384293757985,-1817.7015686323923
1.6872250000000002,1013.096501675162,-379.5283607882892,17.117897815541156,-8.19269372189555,-1817.7015686323923
1.687725,1013.7685139100558,-379.5160009153296,17.113574255984133,-9.101544506211242,-1817.7015686323923
1.688225,1014.6772372617,-379.50386173072536,17.108796271034947,-10.010395290527738,-1817.7015686323923
1.6887250000000005,1015.7071216830108,-379.49180461540743,17.1035638606936,-10.919246074844649,-1817.7015686323923
1.689225,1016.3553252220684,-379.4793377866237,17.09787702496011,-11.828096859159931,-1817.7015686323923
1.689725,1017.1180893939712,-379.46677669964544,17.09173576383445,-12.736947643476041,-1817.7015686323923
1.6902250000000003,1018.2257925749258,-379.45384806047724,17.08514007731663,-13.64579842779293,-1817.7015686323923
1.690725,1018.7705665287664,-379.4409406893803,17.078089965406658,-14.554649212108624,-1817.7015686323923
1.691225,1019.3249672759308,-379.4283092801286,17.070585428104522,-15.463499996424716,-1817.7015686323923
1.6917250000000004,1020.1705614534142,-379.4154607661073,17.062626465410222,-16.372350780741627,-1817.7015686323923
1.692225,1020.870005587662,-379.40261115110894,17.05421307732378,-17.281201565057312,-1817.7015686323923
1.692725,1021.5513016928824,-379.38996166097445,17.045345263845174,-18.19005234937342,-1817.7015686323923
1.6932250000000004,1022.1834093270948,-379.37729796664297,17.036023024974398,-19.098903133690317,-1817.7015686323923
1.693725,1022.923375442555,-379.36500050163335,17.026246360711486,-20.007753918005605,-1817.7015686323923
1.694225,1024.0481031916288,-379.3527009448851,17.0160152710564,-20.916604702322118,-1817.7015686323923
1.694725,1024.9680910001,-379.3408718834339,17.00532975600916,-21.825455486638205,-1817.7015686323923
1.695225,1025.4445818704403,-379.3282231423559,16.994189815569765,-22.7343062709543,-1817.7015686323923
1.695725,1026.1491984515992,-379.315371681771,16.98259544973821,-23.6431570552704,-1817.7015686323923
1.696225,1027.4422140180163,-379.30271344242914,16.970546658514493,-24.552007839586896,-1817.7015686323923
1.696725,1028.802466104161,-379.2904901656986,16.95804344189862,-25.460858623902997,-1817.7015686323923
1.6972250000000002,1029.5337776273514,-379.2778300731427,16.945085799890588,-26.369709408219492,-1817.7015686323923
1.6977250000000002,1030.1369590821448,-379.26558070098787,16.9316737324904,-27.278560192535586,-1817.7015686323923
1.698225,1031.174240183644,-379.25366214616275,16.917807239698057,-28.187410976851687,-1817.7015686323923
1.698725,1032.3004463181514,-379.2414239709523,16.90348632151355,-29.09626176116779,-1817.7015686323923
1.6992249999999998,1032.8523602543276,-379.2292002492355,16.888710977936896,-30.005112545483474,-1817.7015686323923
1.6997250000000002,1033.2103665057325,-379.2172105796855,16.873481208968066,-30.91396332980038,-1817.7015686323923
1.700225,1033.6506993277706,-379.20524969720344,16.85779701460709,-31.822814114116472,-1817.7015686323923
1.7007249999999998,1034.2667407801432,-379.1935940802928,16.841658394853955,-32.731664898432165,-1817.7015686323923
1.7012250000000002,1034.9044261712538,-379.1818877747561,16.825065349708648,-33.64051568274907,-1817.7015686323923
1.7017250000000002,1035.4926220114305,-379.17075509280767,16.8080178791712,-34.54936646706518,-1817.7015686323923
1.702225,1036.0993300587525,-379.1596333132595,16.790515983241583,-35.45821725138127,-1817.7015686323923
1.7027250000000005,1036.7671246110062,-379.1487239512432,16.772559661919804,-36.36706803569817,-1817.7015686323923
1.7032250000000002,1037.5640286644946,-379.13790983025694,16.75414891520589,-37.27591882001385,-1817.7015686323923
1.703725,1038.2577013130006,-379.12753517876627,16.735283743099806,-38.18476960432955,-1817.7015686323923
1.7042250000000003,1038.882195740534,-379.11739391809,16.715964145601554,-39.093620388646464,-1817.7015686323923
1.7047250000000005,1039.489741099946,-379.10702780047063,16.696190122711144,-40.00247117296295,-1817.7015686323923
1.705225,1040.0804020799744,-379.096236976262,16.675961674428603,-40.91132195727825,-1817.7015686323923
1.705725,1040.4942658910522,-379.08577936073436,16.655278800753887,-41.820172741594334,-1817.7015686323923
1.7062250000000003,1040.7811273360298,-379.07472737636226,16.634141501686994,-42.729023525911245,-1817.7015686323923
1.706725,1041.2078483147093,-379.0641017295048,16.612549777227972,-43.63787431022694,-1817.7015686323923
1.707225,1041.719473984731,-379.05352842833076,16.590503627376783,-44.546725094543035,-1817.7015686323923
1.707725,1042.1553224402471,-379.04343276902944,16.56800305213343,-45.455575878859136,-1817.7015686323923
1.708225,1042.578923142201,-379.0331401597036,16.545048051497915,-46.36442666317562,-1817.7015686323923
1.708725,1043.17924800555,-379.022911595254,16.521638625470253,-47.27327744749173,-1817.7015686323923
1.709225,1043.9450538299964,-379.0129499959391,16.497774774050427,-48.18212823180782,-1817.7015686323923
1.7097250000000002,1044.4331751605416,-379.0038775485926,16.473456497238438,-49.09097901612432,-1817.7015686323923
1.710225,1044.7762683710034,-378.99418421045203,16.4486837950343,-49.999829800440416,-1817.7015686323923
1.710725,1045.0809543792188,-378.98456419723993,16.423456667438003,-50.90868058475652,-1817.7015686323923
1.7112250000000002,1045.5245151105803,-378.9746589473204,16.397775114449537,-51.817531369073016,-1817.7015686323923
1.711725,1045.974248710795,-378.9651126417939,16.371639136068936,-52.726382153388705,-1817.7015686323923
1.712225,1046.253341835128,-378.95551419128583,16.345048732296156,-53.6352329377052,-1817.7015686323923
1.712725,1046.597096903142,-378.94636170321985,16.318003903131228,-54.5440837220213,-1817.7015686323923
1.713225,1046.9817022688514,-378.9375268820341,16.290504648574142,-55.4529345063374,-1817.7015686323923
1.7137250000000002,1047.1556713689763,-378.92860727313337,16.26255096862488,-56.3617852906539,-1817.7015686323923
1.714225,1047.3130453282142,-378.9196024022539,16.234142863283477,-57.270636074969985,-1817.7015686323923
1.714725,1047.556773183036,-378.91066330437144,16.20528033254992,-58.17948685928608,-1817.7015686323923
1.7152250000000002,1047.499163010172,-378.90160185092014,16.17596337642419,-59.088337643602586,-1817.7015686323923
1.7157250000000002,1047.2051835993825,-378.89273143288085,16.146191994906307,-59.997188427918694,-1817.7015686323923
1.716225,1047.2541968339287,-378.8837479051673,16.11596618799629,-60.90603921223437,-1817.7015686323923
1.7167249999999998,1047.6320568887638,-378.87471755613393,16.085285955694097,-61.81488999655047,-1817.7015686323923
1.7172250000000002,1047.9673545679095,-378.8662005267137,16.054151297999717,-62.72374078086737,-1817.7015686323923
1.7177250000000002,1047.9203146054165,-378.85766889188733,16.022562214913208,-63.632591565183475,-1817.7015686323923
1.718225,1047.9725790783193,-378.8496122318574,15.990518706434553,-64.54144234949918,-1817.7015686323923
1.7187249999999998,1048.3567939948189,-378.84148943002816,15.958020772563732,-65.45029313381525,-1817.7015686323923
1.7192250000000002,1048.75472405365,-378.83272446066024,15.925068413300714,-66.35914391813216,-1817.7015686323923
1.719725,1048.8865800443482,-378.8245649500076,15.89166162864559,-67.26799470244785,-1817.7015686323923
1.720225,1048.702075983079,-378.81644538889117,15.857800418598293,-68.17684548676397,-1817.7015686323923
1.7207250000000005,1048.6669702438444,-378.80835217752303,15.823484783158788,-69.08569627108125,-1817.7015686323923
1.721225,1048.677817971376,-378.80003761665154,15.788714722327201,-69.99454705539655,-1817.7015686323923
1.721725,1048.6541755954336,-378.7918659365402,15.75349023610343,-70.90339783971264,-1817.7015686323923
1.7222250000000003,1048.666728569766,-378.78397294141377,15.717811324487466,-71.81224862402956,-1817.7015686323923
1.722725,1048.6263249505116,-378.77610999821115,15.681677987479395,-72.72109940834524,-1817.7015686323923
1.723225,1048.589588817396,-378.7671724180514,15.645090225079146,-73.62995019266134,-1817.7015686323923
1.7237250000000004,1048.7651450397077,-378.7588231788857,15.608048037286705,-74.53880097697824,-1817.7015686323923
1.724225,1048.9150353969137,-378.7504703775681,15.570551424102174,-75.44765176129353,-1817.7015686323923
1.724725,1048.9897116736624,-378.74194517258616,15.532600385525436,-76.35650254561003,-1817.7015686323923
1.725225,1049.036632193944,-378.7336095133298,15.49419492155656,-77.26535332992613,-1817.7015686323923
1.725725,1049.1667151264608,-378.72482152675565,15.455335032195519,-78.1742041142422,2475.7243032096694
1.726225,1049.3394013745335,-378.7165349367373,15.4165573956763,-76.93634196263751,2475.7243032096694
1.726725,1049.530988671463,-378.70869177867587,15.378398690232872,-75.69847981103227,2475.7243032096694
1.727225,1049.7271557192496,-378.7008761211356,15.34085891586526,-74.46061765942757,2475.7243032096694
1.7277250000000002,1049.8912135415687,-378.69292314859086,15.303938072573438,-73.22275550782231,2475.7243032096694
1.728225,1050.1035518559297,-378.68512965393006,15.267636160357448,-71.98489335621817,2475.7243032096694
1.728725,1050.2488108986606,-378.6773061079708,15.231953179217223,-70.74703120461292,2475.7243032096694
1.7292250000000002,1050.1071950855253,-378.66900985824793,15.19688912915281,-69.50916905300768,2475.7243032096694
1.7297249999999995,1050.0385405668226,-378.6610786935825,15.162444010164254,-68.27130690140461,2475.7243032096694
1.730225,1050.158376008999,-378.6526839498543,15.12861782225143,-67.03344474979883,2475.7243032096694
1.730725,1050.1531642286643,-378.64448530315696,15.095410565414419,-65.79558259819358,2475.7243032096694
1.7312249999999998,1050.0479139805088,-378.63665251063105,15.062822239653238,-64.55772044658943,2475.7243032096694
1.7317250000000002,1050.155026256348,-378.6288027589998,15.030852844967823,-63.319858294983625,2475.7243032096694
1.732225,1050.2730745153617,-378.6210452600532,14.999502381358251,-62.08199614337948,2475.7243032096694
1.7327249999999998,1050.39509526863,-378.61341431695945,14.968770848824466,-60.84413399177479,2475.7243032096694
1.7332250000000002,1050.4472180130977,-378.6055154326289,14.938658247366456,-59.60627184016899,2475.7243032096694
1.7337250000000002,1050.381231208747,-378.59773968265915,14.909164576984278,-58.368409688564284,2475.7243032096694
1.734225,1050.4682336446565,-378.58990530292976,14.880289837677912,-57.13054753696014,2475.7243032096694
1.7347250000000003,1050.5713351180852,-378.5828313771054,14.852034029447312,-55.892685385354355,2475.7243032096694
1.7352250000000002,1050.570850911564,-378.57530649650715,14.824397152292537,-54.654823233749646,2475.7243032096694
1.735725,1050.221843397778,-378.56763282870185,14.797379206213579,-53.41696108214551,2475.7243032096694
1.736225,1049.9966190162402,-378.5595506727208,14.77098019121041,-52.179098930540796,2475.7243032096694
1.7367250000000003,1050.0024302542347,-378.5517911539223,14.74520010728302,-50.941236778935,2475.7243032096694
1.737225,1050.0125957749085,-378.54389492820303,14.720038954431466,-49.70337462733085,2475.7243032096694
1.737725,1049.990936348654,-378.53668476029105,14.695496732655707,-48.465512475726165,2475.7243032096694
1.7382250000000004,1049.9561209013536,-378.5291378769292,14.671573441955726,-47.227650324120354,2475.7243032096694
1.738725,1049.9589411085924,-378.52154416177393,14.648269082331579,-45.98978817251622,2475.7243032096694
1.739225,1049.9621731442162,-378.5135268601264,14.625583653783227,-44.75192602091152,2475.7243032096694
1.739725,1049.9658170082253,-378.5063113076295,14.603517156310673,-43.51406386930681,2475.7243032096694
1.740225,1049.955138490468,-378.49906296868033,14.582069589913925,-42.27620171770211,2475.7243032096694
1.740725,1049.9540693304175,-378.4922252911969,14.561240954592966,-41.038339566096866,2475.7243032096694
1.741225,1049.9566390331413,-378.48499350690685,14.541031250347823,-39.80047741449217,2475.7243032096694
1.7417250000000002,1049.9595643109192,-378.4781560685897,14.521440477178471,-38.562615262886915,2475.7243032096694
1.742225,1049.9628451637504,-378.4708256208794,14.502468635084941,-37.324753111282774,2475.7243032096694
1.742725,1049.9664815916358,-378.4637228413311,14.484115724067191,-36.086890959677525,2475.7243032096694
1.7432250000000002,1049.9704735945752,-378.45618522629235,14.46638174412525,-34.84902880807227,2475.7243032096694
1.743725,1049.9748211725685,-378.44910958788466,14.449266695259125,-33.61116665646813,2475.7243032096694
1.744225,1049.9644086974747,-378.4422299907166,14.432770577468792,-32.37330450486343,2475.7243032096694
1.744725,1049.9351299664013,-378.4356619499278,14.416893390754257,-31.13544235325818,2475.7243032096694
1.745225,1049.9259072045322,-378.42880249217666,14.401635135115528,-29.897580201653476,2475.7243032096694
1.7457250000000002,1049.9240760948198,-378.42160178464724,14.3869958105526,-28.659718050048234,2475.7243032096694
1.746225,1049.922866068918,-378.4142953770519,14.372975417065488,-27.421855898444086,2475.7243032096694
1.746725,1049.9218384292117,-378.4074290521478,14.359573954654161,-26.183993746838837,2475.7243032096694
1.7472249999999998,1049.9209931757007,-378.40055392122554,14.346791423318649,-24.94613159523469,2475.7243032096694
1.7477250000000002,1049.9203303083857,-378.3942921515112,14.334627823058922,-23.708269443628883,2475.7243032096694
1.748225,1049.9198498272658,-378.3875782566629,14.323083153875015,-22.470407292024746,2475.7243032096694
1.748725,1049.919551732342,-378.3802343864461,14.312157415766901,-21.232545140419493,2475.7243032096694
1.7492250000000005,1049.9194360236131,-378.3733071582372,14.301850608734586,-19.994682988813693,2475.7243032096694
1.7497250000000002,1049.91950270108,-378.36679355597573,14.292162732778083,-18.756820837209542,2475.7243032096694
1.750225,1049.9197517647428,-378.36002115108147,14.283093787897387,-17.51895868560539,2475.7243032096694
1.750725,1049.920183214601,-378.35349138952677,14.274643774092478,-16.28109653400015,2475.7243032096694
1.7512250000000005,1049.9207970506543,-378.3466490361586,14.266812691363379,-15.043234382394354,2475.7243032096694
1.751725,1049.921593272904,-378.34036467422817,14.259600539710089,-13.80537223079076,2475.7243032096694
1.752225,1049.9225718813486,-378.3341188755967,14.253007319132594,-12.567510079186055,2475.7243032096694
1.7527250000000003,1049.9237328759891,-378.32743340010603,14.247033029630899,-11.329647927580258,2475.7243032096694
1.753225,1049.9250762568254,-378.32102732527954,14.241677671205013,-10.091785775976112,2475.7243032096694
1.753725,1049.926602023857,-378.31478206223886,14.236941243854925,-8.853923624371415,2475.7243032096694
1.7542250000000004,1049.928310177084,-378.3081356784627,14.232823747580635,-7.61606147276561,2475.7243032096694
1.754725,1049.930200716507,-378.30197447511887,14.229325182382157,-6.378199321161464,2475.7243032096694
1.755225,1049.9322736421254,-378.2953325862764,14.22644554825948,-5.1403371695567674,2475.7243032096694
1.7557250000000004,1049.9345289539392,-378.2892008600554,14.2241848452126,-3.902475017950962,2475.7243032096694
1.756225,1049.9396149962754,-378.2831377042836,14.222543073241528,-2.664612866347374,2475.7243032096694
1.756725,1049.9615057198464,-378.2772393981989,14.221520232346252,-1.4267507147421195,2475.7243032096694
1.757225,1049.9613678529256,-378.2713138216526,14.22111632252678,-0.18888856313742947,2475.7243032096694
1.757725,1049.9614894709568,-378.2646601005612,14.221331343783117,1.048973588467274,2475.7243032096694
1.758225,1049.9618705739397,-378.2581945391575,14.222165296115252,2.286835740071971,2475.7243032096694
1.758725,1049.962511161874,-378.2517373428103,14.223618179523193,3.5246978916772185,2475.7243032096694
1.759225,1049.9634112347603,-378.24530402776696,14.22568999400693,4.762560043281929,2475.7243032096694
1.7597250000000002,1049.964570792598,-378.2386221009295,14.228380739566466,6.000422194887163,2475.7243032096694
1.7602250000000002,1049.9659898353875,-378.23214181978585,14.231690416201817,7.2382843464918665,2475.7243032096694
1.760725,1049.9676683631292,-378.2255863740485,14.235619023912967,8.476146498096563,2475.7243032096694
1.761225,1049.9696063758222,-378.2191050659665,14.240166562699914,9.71400864970126,2475.7243032096694
1.7617249999999998,1049.971803873467,-378.212198551094,14.245333032562662,10.951870801305411,2475.7243032096694
1.7622250000000002,1049.9742608560634,-378.20580752688187,14.25111843350122,12.18973295291121,2475.7243032096694
1.762725,1049.9769773236117,-378.1989699527693,14.257522765515573,13.4275951045159,2475.7243032096694
1.7632249999999998,1049.9799532761117,-378.19268019892706,14.264546028605732,14.665457256120057,2475.7243032096694
1.7637250000000002,1049.983188713563,-378.1863066101503,14.272188222771698,15.903319407725855,2475.7243032096694
1.7642250000000002,1049.9866836359663,-378.1799925030252,14.28044934801346,17.14118155933055,2475.7243032096694
1.764725,1049.9904380433218,-378.1738189000858,14.289329404331026,18.379043710935257,2475.7243032096694
1.7652250000000005,1049.9944519356284,-378.16753239041833,14.298828391724403,19.61690586254105,2475.7243032096694
1.7657250000000002,1049.998725312887,-378.16102005687696,14.308946310193571,20.854768014145197,2475.7243032096694
1.766225,1049.9927245996128,-378.15482066382197,14.319683159738537,22.09263016574935,2475.7243032096694
1.7667250000000003,1049.9793189205843,-378.14808731974074,14.33103894035932,23.330492317355137,2475.7243032096694
1.7672250000000005,1049.9809740506555,-378.1417306559101,14.343013652055904,24.568354468960393,2475.7243032096694
1.767725,1049.9825865796847,-378.1347718949735,14.355607294828271,25.806216620563983,2475.7243032096694
1.768225,1049.9739190179262,-378.128544006868,14.368819868676459,27.044078772168685,2475.7243032096694
1.7687250000000003,1049.9687859802852,-378.1219668037704,14.38265137360045,28.281940923774478,2475.7243032096694
1.769225,1049.9690448335596,-378.11544491440975,14.397101809600233,29.519803075378636,2475.7243032096694
1.769725,1049.969428291956,-378.10831597403916,14.412171176675821,30.757665226983335,2475.7243032096694
1.770225,1049.9699363554748,-378.10164218708684,14.42785947482721,31.995527378588033,2475.7243032096694
1.770725,1049.9705690241158,-378.09461374191574,14.444166704054414,33.23338953019327,2475.7243032096694
1.771225,1049.9713262978787,-378.0881559207877,14.46109286435741,34.471251681797966,2475.7243032096694
1.771725,1049.9722081767638,-378.08144938291036,14.478637955736207,35.70911383340268,2475.7243032096694
1.7722250000000002,1049.9732146607712,-378.0751229291161,14.496801978190817,36.94697598500793,2475.7243032096694
1.772725,1049.974345749901,-378.0684180299012,14.515584931721218,38.18483813661262,2475.7243032096694
1.773225,1049.9756014441523,-378.06208503762997,14.534986816327422,39.422700288217314,2475.7243032096694
1.7737250000000002,1049.9769817435265,-378.05521732489296,14.55500763200944,40.66056243982257,2475.7243032096694
1.774225,1049.9763791999762,-378.047858904901,14.575647378767242,41.89842459142672,2475.7243032096694
1.774725,1049.964269044242,-378.04080984333774,14.596906056600863,43.13628674303197,2475.7243032096694
1.775225,1049.964104262142,-378.03410364026286,14.618783665510282,44.37414889463666,2475.7243032096694
1.775725,1049.9640165787982,-378.02727213311897,14.641280205495493,45.61201104624136,2475.7243032096694
1.7762250000000002,1049.9640059942103,-378.02101804088466,14.664395676556524,46.84987319784661,2475.7243032096694
1.776725,1049.9640725083789,-378.01404325436465,14.688130078693344,48.08773534945131,2475.7243032096694
1.777225,1049.9642161213037,-378.0071293917972,14.712483411905971,49.325597501056016,2475.7243032096694
1.7777250000000002,1049.964436832984,-377.9998727252484,14.737455676194411,50.56345965266126,2475.7243032096694
1.7782250000000002,1049.9647346434208,-377.9935099164619,14.763046871558636,51.801321804265946,2475.7243032096694
1.778725,1049.9651095526135,-377.98639877201526,14.789256997998656,53.039183955870094,2475.7243032096694
1.7792249999999998,1049.965561560563,-377.979323881832,14.81608605551449,54.2770461074748,2475.7243032096694
1.7797250000000002,1049.9660906672684,-377.9726700582648,14.843534044106152,55.514908259080606,2475.7243032096694
1.7802250000000002,1049.96669687273,-377.96595021857485,14.871600963773588,56.752770410685294,2475.7243032096694
1.780725,1049.9673801769472,-377.95859459786027,14.900286814516816,57.99063256228943,2475.7243032096694
1.7812249999999998,1049.9681405799213,-377.9517714709897,14.92959159633586,59.22849471389416,2475.7243032096694
1.7817250000000002,1049.996540071997,-377.94433567274126,14.95951530923073,60.46635686549995,2475.7243032096694
1.782225,1050.0856368975126,-377.93733910307157,14.990057953201369,61.7042190171041,2475.7243032096694
1.782725,1050.0757229217363,-377.93041998430374,15.021219528247814,62.94208116870878,2475.7243032096694
1.7832250000000005,1050.0608572403066,-377.92372012363677,15.05300003437011,64.17994332031513,2475.7243032096694
1.783725,1050.046498414879,-377.9166431342035,15.085399471568133,65.41780547191873,2475.7243032096694
1.784225,1050.0326464454515,-377.9098584577359,15.11841783984199,66.65566762352343,2475.7243032096694
1.7847250000000003,1050.0193013320263,-377.9028531400612,15.152055139191681,67.89352977512921,2475.7243032096694
1.785225,1050.0064630746026,-377.8959854057512,15.18631136961713,69.13139192673337,2475.7243032096694
1.785725,1049.9941316731806,-377.88875254625736,15.22118653111839,70.36925407833807,2475.7243032096694
1.7862250000000004,1049.9823388111677,-377.88176292440403,15.25668062369549,71.60711622994387,2475.7243032096694
1.786725,1050.0264371479443,-377.87478458177713,15.292793647348324,72.84497838154748,2475.7243032096694
1.787225,1050.0246886874777,-377.8684887409502,15.329525602077014,74.08284053315272,10195.205453220973
1.787725,1050.0050628897725,-377.8616918229057,15.367841423025247,79.18044325976265,10195.205453220973
1.788225,1050.0301045995918,-377.85512743882015,15.408706045336771,84.27804598637258,10195.205453220973
1.788725,1050.2107976828306,-377.84827581959814,15.452119469011606,89.3756487129825,10195.205453220973
1.789225,1050.180718477545,-377.8414139139512,15.498081694049764,94.4732514395947,10195.205453220973
1.789725,1050.129567964767,-377.8347762920689,15.546592720451208,99.57085416620464,10195.205453220973
1.7902250000000002,1050.080102362348,-377.8282590216641,15.597652548215983,104.6684568928168,10195.205453220973
1.790725,1050.0323216702884,-377.82155096454966,15.651261177344013,109.76605961942448,10195.205453220973
1.791225,1049.986225888588,-377.8146699822819,15.707418607835395,114.86366234603666,10195.205453220973
1.7917250000000002,1049.9418150172469,-377.8073350892488,15.76612483969009,119.96126507264886,10195.205453220973
1.7922249999999995,1049.899089056265,-377.8008499807381,15.827379872907978,125.058867799252,10195.205453220973
1.792725,1049.8726473079448,-377.79444906283067,15.891183707489306,130.15647052586644,10195.205453220973
1.793225,1049.9885006892646,-377.7879265252134,15.957536343433913,135.25407325247863,10195.205453220973
1.7937249999999998,1049.942634356153,-377.7815742846878,16.026437780741766,140.3516759790863,10195.205453220973
1.7942250000000002,1049.8826288259863,-377.77509004448405,16.097888019413016,145.44927870570072,10195.205453220973
1.794725,1049.8249528991964,-377.7688867295826,16.171887059447478,150.54688143230842,10195.205453220973
1.7952249999999998,1049.7696065757832,-377.7624304650619,16.24843490084528,155.64448415891835,10195.205453220973
1.7957250000000002,1049.7014535492067,-377.7562870381437,16.327531543606455,160.74208688553279,10195.205453220973
1.7962250000000002,1049.6387291360863,-377.7497540329875,16.40917698773086,165.83968961214273,10195.205453220973
1.796725,1049.587221158388,-377.74305686051883,16.493371233218536,170.93729233875044,10195.205453220973
1.7972250000000003,1049.7448059923702,-377.73674408304925,16.580114280069633,176.03489506536482,10195.205453220973
1.7977250000000002,1049.9018034078133,-377.73012690270326,16.66940612828396,181.13249779197474,10195.205453220973
1.798225,1049.800311490888,-377.72376924140667,16.761246777861547,186.23010051858242,10195.205453220973
1.798725,1049.7019574507187,-377.71717210687996,16.85563622880248,191.3277032451924,10195.205453220973
1.7992250000000003,1049.6515881412477,-377.7103691775265,16.952574481106804,196.42530597180678,10195.205453220973
1.799725,1049.5772981499476,-377.7035523207022,17.052061534774307,201.52290869841445,10195.205453220973
1.800225,1049.481594402571,-377.69620273813956,17.154097389805152,206.62051142502438,10195.205453220973
1.8007250000000004,1049.3898917065794,-377.68913022958446,17.258682046199407,211.71811415163887,10195.205453220973
1.801225,1049.338909498979,-377.682230010879,17.365815503956814,216.8157168782465,10195.205453220973
1.801725,1049.3633606409,-377.67554453546416,17.475497763077577,221.91331960485644,10195.205453220973
1.802225,1049.2836761982676,-377.6694307024719,17.587728823561644,227.01092233146636,10195.205453220973
1.802725,1049.1861922596509,-377.6624429135022,17.70250868540901,232.10852505807625,10195.205453220973
1.803225,1049.3282930123871,-377.65584649262723,17.81983734861975,237.2061277846885,10195.205453220973
1.803725,1049.705843402092,-377.64888123675865,17.93971481319373,242.3037305112984,10195.205453220973
1.804225,1049.5519775125745,-377.64157121797183,18.06214107913102,247.40133323790835,10195.205453220973
1.804725,1049.4396670741278,-377.6342339127787,18.187116146431613,252.49893596451818,10195.205453220973
1.805225,1049.8064660366003,-377.6266008801896,18.31464001509557,257.59653869113043,10195.205453220973
1.805725,1050.155783707422,-377.6189329717243,18.444712685122774,262.6941414177404,10195.205453220973
1.806225,1050.0654440969552,-377.61071886872185,18.57733415651328,267.79174414435033,10195.205453220973
1.806725,1049.7390326339616,-377.6031032945075,18.71250442926709,272.88934687096025,10195.205453220973
1.807225,1049.5146542996963,-377.5954089260564,18.85022350338427,277.98694959757245,10195.205453220973
1.807725,1049.7975083076094,-377.5873178133008,18.990491378864693,283.08455232418237,10195.205453220973
1.808225,1049.7835964943763,-377.57956691120415,19.133308055708415,288.18215505079223,10195.205453220973
1.808725,1049.3967059998772,-377.57165770586045,19.278673533915455,293.27975777740227,10195.205453220973
1.809225,1049.1719728629455,-377.56366731565424,19.426587813485856,298.37736050401435,10195.205453220973
1.809725,1049.7796672951104,-377.5551494870387,19.5770508944195,303.4749632306243,10195.205453220973
1.810225,1050.6545016964712,-377.5466346324607,19.730062776716455,308.57256595723425,10195.205453220973
1.810725,1051.154955330631,-377.53813418294436,19.885623460376703,313.67016868384417,10195.205453220973
1.811225,1051.2587778161424,-377.5297285598821,20.04373294540033,318.76777141045636,10195.205453220973
1.8117250000000005,1051.3144629516923,-377.5210341588864,20.204391231787337,323.8653741370708,10195.205453220973
1.812225,1052.0836664332307,-377.5126780321006,20.367598319537365,328.9629768636762,10195.205453220973
1.812725,1052.6142070280162,-377.50375524026447,20.533354208650834,334.06057959028607,10195.205453220973
1.813225,1051.8496508919338,-377.4947331828758,20.701658899127686,339.1581823168983,10195.205453220973
1.8137250000000005,1050.9425761204848,-377.4854935501612,20.872512390967923,344.2557850435128,10195.205453220973
1.814225,1050.5755701469911,-377.4762249256365,21.045914684171155,349.35338777011816,10195.205453220973
1.814725,1050.6636901393083,-377.46719031476164,21.221865778737847,354.450990496728,10195.205453220973
1.8152250000000003,1050.9557730578697,-377.45799680798086,21.400365674668006,359.5485932233425,10195.205453220973
1.815725,1050.4014774191564,-377.44802463117804,21.581414371961223,364.64619594995025,10195.205453220973
1.816225,1049.7621060695255,-377.43843240534807,21.765011870617837,369.7437986765602,10195.205453220973
1.8167250000000004,1050.2261518221835,-377.4285782069213,21.951158170637914,374.8414014031746,10195.205453220973
1.817225,1051.1104953017864,-377.4188128696067,22.13985327202105,379.93900412978223,10195.205453220973
1.817725,1050.7755724352255,-377.4089808146433,22.331097174767567,385.03660685639215,10195.205453220973
1.8182250000000004,1049.5889867650778,-377.39962511528853,22.524889878877577,390.13420958300674,10195.205453220973
1.818725,1049.9955942734248,-377.3900752129042,22.72123138435053,395.231812309612,10195.205453220973
1.819225,1051.8825598996082,-377.380158715348,22.92012169118706,400.3294150362243,10195.205453220973
1.819725,1051.9696923003437,-377.37015179806644,23.121560799386796,405.42701776283417,10195.205453220973
1.820225,1050.787410345264,-377.35994505464447,23.325548708949846,410.5246204894441,10195.205453220973
1.820725,1051.238257364817,-377.3500466239363,23.5320854198762,415.622223216054,10195.205453220973
1.821225,1053.1229739366418,-377.3394173052115,23.741170932165943,420.7198259426662,10195.205453220973
1.821725,1052.8415763722287,-377.32907572096923,23.952805245818908,425.8174286692761,10195.205453220973
1.822225,1049.5839372024914,-377.3178470553463,24.166988360835173,430.91503139588605,10195.205453220973
1.822725,1046.7082934054574,-377.30714798124353,24.38372027721475,436.01263412249585,10195.205453220973
1.823225,1046.484706137981,-377.29626064861935,24.603000994957725,441.1102368491081,10195.205453220973
1.823725,1045.753688329764,-377.2852790444021,24.82483051406391,446.2078395757181,10195.205453220973
1.824225,1041.93932390551,-377.2743936123874,25.049208834533385,451.30544230232806,10195.205453220973
1.824725,1037.9592454399815,-377.2633482192388,25.276135956366186,456.403045028938,10195.205453220973
1.825225,1036.8934060890938,-377.2522193142249,25.505611879562377,461.5006477555502,10195.205453220973
1.825725,1037.236430375207,-377.2410276227767,25.73763660412178,466.5982504821601,10195.205453220973
1.826225,1036.5304142529362,-377.2297235075764,25.97221013004449,471.69585320876996,10195.205453220973
1.826725,1033.5947063727338,-377.21854295433667,26.2093324573305,476.79345593537994,10195.205453220973
1.827225,1032.274652845759,-377.20707136629505,26.449003585979927,481.89105866199213,10195.205453220973
1.8277250000000005,1033.5585093487457,-377.1959413406643,26.691223515992757,486.9886613886066,10195.205453220973
1.828225,1035.4203584446975,-377.18504339597183,26.93599224736847,492.0862641152119,10195.205453220973
1.828725,1035.8027657075654,-377.17385121630605,27.183309780107706,497.18386684182184,10195.205453220973
1.8292250000000003,1035.4649682669128,-377.1628780793146,27.433176114210465,502.2814695684363,10195.205453220973
1.8297250000000005,1037.9609293573212,-377.15192916665103,27.685591249676413,507.3790722950485,10195.205453220973
1.830225,1041.6895192414863,-377.141277156657,27.940555186505335,512.4766750216539,10195.205453220973
1.830725,1042.2922782484015,-377.1305359065454,28.198067924697785,517.5742777482637,10195.205453220973
1.8312250000000003,1039.4502130523938,-377.1202385935469,28.458129464253773,522.6718804748783,10195.205453220973
1.831725,1035.1488910734329,-377.1092112947823,28.720739805172723,527.769483201486,10195.205453220973
1.832225,1030.0420003900144,-377.0984078206596,28.985898947455087,532.8670859280959,10195.205453220973
1.832725,1020.8437861216336,-377.08720961149515,29.253606891100755,537.9646886547058,10195.205453220973
1.833225,1004.5667480361492,-377.0765661534466,29.523863636109862,543.062291381318,10195.205453220973
1.833725,983.1461736228932,-377.0661238440953,29.796669182482137,548.1598941079279,10195.205453220973
1.834225,962.5890321697104,-377.05587532692493,30.072023530217724,553.2574968345378,10195.205453220973
1.834725,942.626875029631,-377.0460097378135,30.34992667931661,558.3550995611478,10195.205453220973
1.835225,919.0219030164186,-377.0357608143133,30.63037862977894,563.45270228776,10195.205453220973
1.835725,892.5324188671211,-377.0256997880775,30.913379381604447,568.5503050143699,10195.205453220973
1.836225,868.2849867200202,-377.0156524911161,31.198928934793237,573.6479077409798,10195.205453220973
1.836725,847.1394580858707,-377.00560775665326,31.48702728934535,578.7455104675898,10195.205453220973
1.837225,825.5996531858424,-376.9960585766664,31.7776744452609,583.843113194202,10195.205453220973
1.837725,801.8918905550288,-376.9866108541339,32.07087040253962,588.940715920812,10195.205453220973
1.838225,776.9507584554879,-376.97717744419924,32.36661516118164,594.0383186474218,10195.205453220973
1.838725,753.137384533206,-376.96798866353026,32.664908721186976,599.1359213740317,10195.205453220973
1.839225,730.4004536864545,-376.9585169056037,32.96575108255574,604.2335241006439,10195.205453220973
1.839725,702.6292967825868,-376.94955286945486,33.269142245287696,609.3311268272539,10195.205453220973
1.840225,670.9810813214839,-376.94015958892476,33.575082209382934,614.4287295538637,10195.205453220973
1.840725,641.1199245708779,-376.9307796953785,33.88357097484148,619.5263322804738,10195.205453220973
1.841225,613.0621477314322,-376.92121066650816,34.19460854166334,624.6239350070836,10195.205453220973
1.841725,583.9717773418394,-376.9113794636675,34.50819490984863,629.7215377336959,10195.205453220973
1.842225,552.8366758668503,-376.90194829587716,34.82433007939709,634.8191404603057,10195.205453220973
1.842725,521.1723173752378,-376.891987052354,35.143014050308864,639.9167431869157,10195.205453220973
1.843225,492.8652262770459,-376.8821289752811,35.464246822583945,645.0143459135256,10195.205453220973
1.843725,467.30361608547935,-376.8718287337264,35.78802839622247,650.1119486401378,10195.205453220973
1.844225,439.760543943674,-376.8611368172826,36.11435877122416,655.2095513667477,10195.205453220973
1.844725,408.8092283658604,-376.85031754673923,36.44323794758915,660.3071540933577,10195.205453220973
1.845225,379.2035422614925,-376.8382831423369,36.77466592531744,665.4047568199676,10195.205453220973
1.8457250000000005,353.12355337087035,-376.82574974338075,37.10864270440949,670.5023595465843,10195.205453220973
1.846225,327.10052169709064,-376.81216655174364,37.445168284864096,675.5999622731897,10195.205453220973
1.846725,297.9420698202632,-376.7977708076385,37.784242666682296,680.6975649997996,10195.205453220973
1.8472250000000003,267.1461012926551,-376.7829542868058,38.12586584986413,685.7951677264141,10195.205453220973
1.847725,239.7507338227132,-376.76730793140007,38.47003783440879,690.8927704530216,10195.205453220973
1.848225,215.71765475991955,-376.751265095687,38.81675862031691,695.9903731796315,-41697.10205606228
1.8487250000000004,190.53122229258813,-376.73472897287326,39.159541669149995,675.1418221515843,-41697.10205606228
1.849225,162.21783442939062,-376.71778082220163,39.49190044246844,654.293271123574,-41697.10205606228
1.849725,134.42301284628437,-376.70000097943074,39.81383494027333,633.4447200955359,-41697.10205606228
1.850225,110.9533014514858,-376.68103256489417,40.12534516256405,612.596169067507,-41697.10205606228
1.850725,89.42050367593971,-376.6615294287327,40.42643110934076,591.7476180394781,-41697.10205606228
1.851225,65.75169759262563,-376.64056767327963,40.71709278060348,570.8990670114493,-41697.10205606228
1.851725,40.868992211410585,-376.6181581140178,40.99733017635227,550.0505159834112,-41697.10205606228
1.852225,19.35258826318877,-376.5943000310895,41.267143296586944,529.2019649553823,-41697.10205606228
1.852725,2.717848655741676,-376.5699234881736,41.5265321413076,508.35341392735353,-41697.10205606228
1.853225,-13.41147163028694,-376.5441261377075,41.77549671051425,487.50486289932473,-41697.10205606228
1.853725,-31.07449449706509,-376.51700957627105,42.01403700420698,466.65631187128656,-41697.10205606228
1.854225,-48.6734344836489,-376.4888264473009,42.24215302238558,445.8077608432577,-41697.10205606228
1.854725,-63.90182851001259,-376.46004452991787,42.45984476505018,424.9592098152288,-41697.10205606228
1.855225,-76.69034373949987,-376.43018196630027,42.667112232200765,404.11065878719995,-41697.10205606228
1.855725,-89.64315359697633,-376.3995940009125,42.86395542383743,383.262107759162,-41697.10205606228
1.856225,-104.3980003783023,-376.36778121765025,43.05037433995998,362.4135567311331,-41697.10205606228
1.856725,-117.99226597176944,-376.3351134870089,43.226368980568516,341.5650057031042,-41697.10205606228
1.857225,-126.67656666527276,-376.3016927652522,43.39193934566305,320.71645467507534,-41697.10205606228
1.857725,-133.42850302222274,-376.2667037449309,43.54708543524362,299.8679036470373,-41697.10205606228
1.858225,-141.5114207465645,-376.2311513714418,43.691807249310116,279.0193526190084,-41697.10205606228
1.858725,-148.5381800021008,-376.19489680743675,43.826104787862604,258.17080159097964,-41697.10205606228
1.859225,-151.62925713001383,-376.15762088606135,43.94997805090107,237.32225056295076,-41697.10205606228
1.8597250000000003,-152.6680081098122,-376.1194467708045,44.06342703842563,216.47369953490337,-41697.10205606228
1.860225,-154.71955080124707,-376.08074431861473,44.16645175043602,195.6251485068838,-41697.10205606228
1.860725,-157.05110419853673,-376.04221815957646,44.25905218693244,174.7765974788549,-41697.10205606228
1.861225,-155.8180773653951,-376.0032654411553,44.34122834791485,153.92804645082606,-41697.10205606228
1.8617250000000003,-151.3285283413307,-375.9639097098021,44.412980233383315,133.0794954227788,-41697.10205606228
1.862225,-147.77804881198023,-375.9237194294456,44.47430784333765,112.23094439475916,-41697.10205606228
1.862725,-146.5300012500653,-375.8832419009012,44.52521117777802,91.38239336673035,-41697.10205606228
1.8632250000000004,-141.74116315412456,-375.84307771509594,44.565690236704405,70.53384233868293,-41697.10205606228
1.863725,-132.43209659260617,-375.80260487732846,44.59574502011673,49.68529131066336,-41697.10205606228
1.864225,-123.46614613011488,-375.762363760966,44.61537552801505,28.836740282634487,-41697.10205606228
1.864725,-115.93690236509386,-375.72195206044574,44.62458176039936,7.988189254605619,-41697.10205606228
1.865225,-108.34418701548798,-375.68191553737444,44.62336371726965,-12.860361773423143,-41697.10205606228
1.865725,-97.36561730958638,-375.64142790362837,44.611721398625924,-33.708912801461274,-41697.10205606228
1.866225,-83.25265437229702,-375.60124106288845,44.5896548044682,-54.55746382949014,-41697.10205606228
1.866725,-71.56425161761005,-375.56170247208723,44.55716393479645,-75.40601485751901,-41697.10205606228
1.867225,-64.36899704793004,-375.52189057014766,44.51424878961068,-96.25456588554789,-41697.10205606228
1.867725,-57.775252150808775,-375.4825191871842,44.46090936891088,-117.10311691358598,-41697.10205606228
1.868225,-49.51028035135825,-375.443792317454,44.397145672697086,-137.95166794161483,-41697.10205606228
1.868725,-43.71655531826416,-375.4056334052747,44.32295770096929,-158.80021896964357,-41697.10205606228
1.869225,-44.606564922315016,-375.3680405820067,44.23834545372747,-179.64876999767245,-41697.10205606228
1.869725,-48.86718975927836,-375.33079256616077,44.14330893097159,-200.49732102571053,-41697.10205606228
1.870225,-52.61779499567982,-375.2944365806005,44.03784813270173,-221.34587205373944,-41697.10205606228
1.870725,-55.66378028896455,-375.25855967167104,43.92196305891787,-242.19442308176832,-41697.10205606228
1.871225,-60.932500306184735,-375.2232333537446,43.795653709619984,-263.0429741097971,-41697.10205606228
1.871725,-67.30112278226936,-375.18861400877887,43.658920084808045,-283.8915251378353,-41697.10205606228
1.872225,-70.32928681496347,-375.15473151421304,43.51176218448213,-304.74007616586414,-41697.10205606228
1.872725,-68.34391916146629,-375.12138146062017,43.3541800086422,-325.5886271938929,-41697.10205606228
1.873225,-63.83735367768438,-375.0886064197264,43.18617355728828,-346.4371782219217,-41697.10205606228
1.873725,-60.50158828270814,-375.05607937048615,43.00774283042024,-367.2857292499599,-41697.10205606228
1.8742250000000005,-57.710597913318885,-375.024384635301,42.8188878280381,-388.13428027800717,-41697.10205606228
1.874725,-52.76132704440321,-374.99336496080224,42.619608550142296,-408.9828313060176,-41697.10205606228
1.875225,-47.44986069118456,-374.9632025004253,42.4099049967323,-429.83138233404645,-41697.10205606228
1.875725,-44.43213788392627,-374.93343663839863,42.189777167808195,-450.67993336208457,-41697.10205606228
1.8762250000000005,-43.757002799970266,-374.9047925085868,41.959225063369956,-471.52848439013195,-41697.10205606228
1.876725,-44.24452562429215,-374.87640217501826,41.71824868341813,-492.37703541814216,-41697.10205606228
1.877225,-44.64219917663674,-374.84862829751944,41.46684802795209,-513.225586446171,-41697.10205606228
1.8777250000000003,-44.48451370017168,-374.8215623056299,41.20502309697179,-534.0741374742184,-41697.10205606228
1.878225,-45.670192497032005,-374.79494960281335,40.93277389047782,-554.922688502238,-41697.10205606228
1.878725,-47.01956061361782,-374.768995722859,40.650100408469726,-575.7712395302668,3642.3711388999654
1.8792250000000004,-44.07757841803185,-374.74329886670955,40.36267008509673,-573.9500539608155,3642.3711388999654
1.879725,-40.0501374094941,-374.7180279288997,40.07615035450884,-572.1288683913665,3642.3711388999654
1.880225,-38.63485929986396,-374.6933064039277,39.790541216705556,-570.3076828219166,3642.3711388999654
1.8807250000000004,-37.335379118096014,-374.6691115071374,39.50584267168674,-568.4864972524653,3642.3711388999654
1.881225,-33.89328066604606,-374.6450038086706,39.222054719453155,-566.665311683017,3642.3711388999654
1.881725,-29.95351673741312,-374.62086690085147,38.93917736000391,-564.8441261135665,3642.3711388999654
1.882225,-28.48198146689776,-374.5976747846839,38.65721059333952,-563.0229405441168,3642.3711388999654
1.882725,-29.20989822063434,-374.5744092896335,38.37615441945985,-561.2017549746671,3642.3711388999654
1.883225,-29.321154128524206,-374.5518980272591,38.09600883836492,-559.3805694052171,3642.3711388999654
1.883725,-26.846023455231496,-374.5290937138616,37.81677385005458,-557.5593838357667,3642.3711388999654
1.884225,-23.61199065454058,-374.5072847604123,37.53844945452909,-555.7381982663168,3642.3711388999654
1.884725,-22.71361085672793,-374.48615068447464,37.261035651788326,-553.917012696867,3642.3711388999654
1.885225,-22.830933192119456,-374.46571712935804,36.984532441832286,-552.0958271274172,3642.3711388999654
1.885725,-21.09673268920952,-374.4458745252685,36.708939824660845,-550.2746415579667,3642.3711388999654
1.886225,-17.918857631031877,-374.4259694250167,36.43425780027425,-548.4534559885169,3642.3711388999654
1.886725,-16.05928197904036,-374.4068395075871,36.16048636867239,-546.6322704190671,3642.3711388999654
1.887225,-17.213253055737706,-374.38805199664523,35.88762552985525,-544.8110848496173,3642.3711388999654
1.887725,-18.3698975391178,-374.3695079084075,35.6156752838227,-542.9898992801668,3642.3711388999654
1.888225,-17.791413269262353,-374.3516369498179,35.34463563057501,-541.1687137107169,3642.3711388999654
1.888725,-15.54344043730525,-374.3340127875027,35.07450657011205,-539.3475281412672,3642.3711388999654
1.889225,-14.26521158720791,-374.3169317081947,34.80528810243381,-537.5263425718174,3642.3711388999654
1.889725,-15.877290185320764,-374.2998475341108,34.53698022754018,-535.7051570023667,3642.3711388999654
1.8902250000000005,-16.11317049774449,-374.28263002734667,34.26958294543115,-533.8839714329154,3642.3711388999654
1.890725,-11.963831125810373,-374.26556867697246,34.00309625610732,-532.0627858634672,3642.3711388999654
1.891225,-6.902952565778369,-374.2487701616879,33.73752015956797,-530.2416002940174,3642.3711388999654
1.8917250000000003,-4.952979041014722,-374.2328081438486,33.47285465581312,-528.4204147245661,3642.3711388999654
1.8922250000000005,-5.781591174841514,-374.21716801214376,33.20909974484311,-526.5992291551155,3642.3711388999654
1.892725,-5.418795542709103,-374.20266319956556,32.94625542665818,-524.7780435856672,3642.3711388999654
1.893225,-3.353504623331426,-374.18905860173356,32.68432170125774,-522.9568580162176,3642.3711388999654
1.8937250000000003,-2.672099404986432,-374.1763485086485,32.42329856864179,-521.1356724467661,3642.3711388999654
1.894225,-4.9314511186321415,-374.1647751942245,32.16318602881091,-519.3144868773171,3642.3711388999654
1.894725,-7.654237349579057,-374.1540677478905,31.903984081764648,-517.4933013078672,3642.3711388999654
1.895225,-7.73730292722193,-374.1442683369195,31.645692727503096,-515.6721157384176,3642.3711388999654
1.895725,-6.2691498493890725,-374.1355758340056,31.388311966026176,-513.850930168967,3642.3711388999654
1.896225,-5.260034886691352,-374.1273572825726,31.131841797334076,-512.0297445995172,3642.3711388999654
1.896725,-4.727796774219849,-374.1204214526234,30.876282221426713,-510.2085590300674,3642.3711388999654
1.897225,-4.803788776957434,-374.1143358406828,30.621633238304067,-508.3873734606176,3642.3711388999654
1.897725,-5.045252214311882,-374.1089643618231,30.367894847966035,-506.566187891167,3642.3711388999654
1.898225,-3.0433659445391443,-374.1039567708655,30.11506705041284,-504.74500232171727,3642.3711388999654
1.898725,-1.602232774841076,-374.09972672233886,29.86314984564438,-502.92381675226756,3642.3711388999654
1.899225,-2.698591174283883,-374.0963584093645,29.612143233660632,-501.1026311828177,3642.3711388999654
1.899725,-4.975413486977706,-374.09356974995535,29.3620472144615,-499.2814456133671,3642.3711388999654
1.900225,-7.414986421350048,-374.09089881512216,29.112861788047212,-497.4602600439173,3642.3711388999654
1.900725,-10.30054189490997,-374.0896841759818,28.864586954417632,-495.6390744744675,3642.3711388999654
1.901225,-13.371434592074536,-374.088724275938,28.617222713572794,-493.8178889050177,3642.3711388999654
1.901725,-15.235157936874025,-374.0885185006549,28.370769065512558,-491.99670333556713,3642.3711388999654
1.902225,-15.87358890894742,-374.0882562090353,28.125226010237167,-490.1755177661174,3642.3711388999654
1.902725,-18.38419580013072,-374.0887689212957,27.880593547746503,-488.3543321966676,3642.3711388999654
1.903225,-19.61912616613125,-374.0895257980841,27.636871678040556,-486.5331466272178,3642.3711388999654
1.903725,-17.065523305354642,-374.0915152689697,27.39406040111934,-484.71196105776806,3642.3711388999654
1.904225,-14.936068229068638,-374.09352824371024,27.152159716982737,-482.89077548831744,3642.3711388999654
1.904725,-16.515219359710603,-374.0960668640371,26.911169625630965,-481.0695899188676,3642.3711388999654
1.905225,-19.342404649613965,-374.099466477987,26.671090127063923,-479.2484043494179,3642.3711388999654
1.905725,-20.89900295960324,-374.1025445164285,26.4319212212816,-477.42721877996803,3642.3711388999654
1.906225,-21.624478140761816,-374.10604588580367,26.193662908283898,-475.6060332105175,3642.3711388999654
1.906725,-23.205260371612304,-374.11052605926136,25.95631518807103,-473.78484764106764,3642.3711388999654
1.907225,-27.65483315714277,-374.11462989190323,25.71987806064288,-471.96366207161793,3642.3711388999654
1.907725,-33.419323180471295,-374.119509572463,25.484351525999465,-470.1424765021681,3642.3711388999654
1.9082250000000005,-36.5767355881923,-374.12395970993657,25.249735584140453,-468.32129093271595,3642.3711388999654
1.908725,-37.04871878190964,-374.1288565302988,25.016030235066705,-466.5001053632678,3642.3711388999654
1.909225,-38.33539781474276,-374.1335475517825,24.783235478777446,-464.67891979381795,7920.650879114936
1.9097250000000003,-41.04486150681199,-374.1380561777794,24.55188610024025,-460.7185943542574,7920.650879114936
1.910225,-42.59201011662751,-374.1420876807436,24.322516884423134,-456.75826891470217,7920.650879114936
1.910725,-41.94263588250608,-374.1458305370131,24.095127831325694,-452.79794347514513,7920.650879114936
1.9112250000000004,-41.06738439097364,-374.1498235134532,23.869718940947845,-448.8376180355846,7920.650879114936
1.911725,-41.69738051986018,-374.1536620218572,23.646290213290165,-444.8772925960311,7920.650879114936
1.912225,-44.16912161760621,-374.15747681663186,23.42484164835196,-440.91696715647225,7920.650879114936
1.912725,-46.47895542305533,-374.1613041648183,23.205373246133643,-436.95664171691527,7920.650879114936
1.913225,-46.06954486654298,-374.1648145367793,22.987885006635096,-432.99631627735823,7920.650879114936
1.913725,-46.46307788273329,-374.16790311712685,22.77237692985633,-429.0359908378012,7920.650879114936
1.914225,-48.41349289713277,-374.17079183767925,22.558849015797243,-425.0756653982424,7920.650879114936
1.914725,-49.68234772884606,-374.1730364672544,22.347301264458036,-421.11533995868547,7920.650879114936
1.915225,-51.23252402424504,-374.1752473945806,22.137733675838604,-417.1550145191284,7920.650879114936
1.915725,-52.77003545195829,-374.1762172047687,21.930146249938954,-413.1946890795713,7920.650879114936
1.916225,-52.0013251070752,-374.1775967364128,21.72453898675899,-409.2343636400124,7920.650879114936
1.916725,-51.29861559485776,-374.17816199852297,21.520911886298894,-405.27403820045544,7920.650879114936
1.917225,-52.272217091347855,-374.1783023955818,21.319264948558576,-401.31371276089845,7920.650879114936
1.917725,-52.66332966184204,-374.1774832810847,21.119598173538044,-397.3533873213414,7920.650879114936
1.918225,-51.29231378300344,-374.1765082557794,20.921911561237195,-393.3930618817826,7920.650879114936
1.918725,-50.69818763540959,-374.17520411734193,20.726205111656213,-389.4327364422256,7920.650879114936
1.919225,-50.66561873408311,-374.17333970112674,20.532478824795014,-385.47241100266854,7920.650879114936
1.919725,-50.3734634057286,-374.17145635026276,20.34073270065358,-381.5120855631115,7920.650879114936
1.920225,-49.6900952925775,-374.16905954338466,20.15096673923186,-377.55176012355275,7920.650879114936
1.920725,-48.79212784391336,-374.1662386307034,19.96318094052999,-373.59143468399566,7920.650879114936
1.921225,-46.78783920349236,-374.1631087262811,19.777375304547903,-369.6311092444387,7920.650879114936
1.921725,-44.414211623705775,-374.15942608817863,19.593549831285593,-365.67078380488164,7920.650879114936
1.9222250000000003,-42.80457253584438,-374.15562449200723,19.411704520742898,-361.7104583653211,7920.650879114936
1.922725,-43.0200295784281,-374.15110531601124,19.231839372920234,-357.75013292576585,7920.650879114936
1.923225,-43.01615379383472,-374.14605088737255,19.053954387817253,-353.7898074862088,7920.650879114936
1.923725,-41.75156504563668,-374.140611875808,18.87804956543406,-349.8294820466517,7920.650879114936
1.9242250000000003,-41.54506514394469,-374.1348628030413,18.704124905770488,-345.86915660709116,7920.650879114936
1.924725,-42.720183498817065,-374.12870409897386,18.532180408826925,-341.90883116753594,7920.650879114936
1.925225,-43.22826563021474,-374.12290139687485,18.36221607460306,-337.94850572797895,7920.650879114936
1.9257250000000004,-41.046294016825456,-374.1166231566809,18.194231903098835,-333.98818028841833,7920.650879114936
1.926225,-38.42705129702436,-374.1097023458148,18.02822789431461,-330.02785484886306,7920.650879114936
1.926725,-37.36233303463319,-374.10216601107777,17.86420404825008,-326.0675294093061,7920.650879114936
1.927225,-36.28168104007641,-374.0945782178257,17.702160364905343,-322.1072039697491,7920.650879114936
1.927725,-32.843597941808056,-374.0859421521701,17.542096844280373,-318.146878530192,7920.650879114936
1.928225,-28.249618683876754,-374.0768188725651,17.38401348637511,-314.1865530906332,7920.650879114936
1.928725,-24.68583333426224,-374.06696449174115,17.2279102911897,-310.2262276510761,7920.650879114936
1.929225,-21.278984802649585,-374.05630180132164,17.07378725872407,-306.26590221151906,7920.650879114936
1.929725,-18.504646324210164,-374.04545236138455,16.921644388978216,-302.305576771962,7920.650879114936
1.930225,-18.73884946665263,-374.03446765453543,16.771481681952075,-298.3452513324033,7920.650879114936
1.930725,-19.759012123069773,-374.0230828630581,16.623299137645777,-294.38492589284624,7920.650879114936
1.931225,-19.134218475855526,-374.0122453600016,16.477096756059257,-290.42460045328926,7920.650879114936
1.931725,-19.467789914100685,-374.00166006369477,16.33287453719252,-286.4642750137322,7920.650879114936
1.932225,-21.1483582623858,-373.991593601714,16.190632481045498,-282.5039495741735,7920.650879114936
1.932725,-21.81342803447836,-373.98086177174866,16.050370587618314,-278.54362413461644,7920.650879114936
1.933225,-20.12758016802364,-373.9699640435226,15.912088856910913,-274.58329869505934,7920.650879114936
1.933725,-18.248729600183644,-373.95796250325964,15.775787288923285,-270.6229732555023,7920.650879114936
1.934225,-17.25970392758708,-373.9457030307563,15.64146588365538,-266.6626478159435,7920.650879114936
1.934725,-15.827339067052112,-373.9332206266634,15.509124641107313,-262.70232237638646,7920.650879114936
1.935225,-12.779439681646007,-373.9205762939726,15.378763561279024,-258.7419969368295,7920.650879114936
1.935725,-9.958272493063474,-373.907278689913,15.25038264417051,-254.78167149727247,7920.650879114936
1.936225,-8.6547091470142,-373.8935998289732,15.12398188978172,-250.8213460577137,7920.650879114936
1.9367250000000005,-7.982461749327058,-373.8793046974484,14.99956129811266,-246.8610206181531,7920.650879114936
1.937225,-8.113912432192794,-373.86435921441955,14.877120869163592,-242.9006951785996,7920.650879114936
1.937725,-8.799126162801418,-373.84951096708346,14.756660602934195,-238.94036973904258,7920.650879114936
1.938225,-10.690473494992862,-373.8347868201809,14.638180499424523,-234.9800442994838,7920.650879114936
1.9387250000000005,-13.932551407334191,-373.82021055196833,14.521680558634582,-231.01971885992316,7920.650879114936
1.939225,-15.888708491062433,-373.80581661559,14.407160780564622,-227.05939342036967,7920.650879114936
1.939725,-15.697347311501238,-373.79063771394544,14.294621165214336,-223.09906798081263,7920.650879114936
1.9402250000000003,-13.94310595159915,-373.7757486211692,14.184061712583738,-219.13874254125213,7920.650879114936
1.940725,-13.990317935522942,-373.76049181548615,14.075482422673062,-215.17841710169685,7920.650879114936
1.941225,-14.448718449195916,-373.7458133944615,13.968883295482112,-211.2180916621398,7920.650879114936
1.9417250000000004,-12.673891145870048,-373.7309705822902,13.864264331010851,-207.25776622257928,7920.650879114936
1.942225,-9.073149806531603,-373.7161575630793,13.761625529259508,-203.29744078302403,7920.650879114936
1.942725,-7.010669054973759,-373.70191562523814,13.660966890227892,-199.33711534346696,7920.650879114936
1.9432250000000004,-9.00746239235941,-373.6873352023699,13.562288413915976,-195.3767899039064,7920.650879114936
1.943725,-10.144378033709677,-373.67317840831635,13.46559010032401,-191.4164644643529,7920.650879114936
1.944225,-8.061427542063168,-373.65904296995916,13.370871949451688,-187.45613902479408,7920.650879114936
1.944725,-7.85500294663755,-373.64461168941017,13.278133961299192,-183.49581358523704,7920.650879114936
1.945225,-12.316954532489875,-373.6303319400299,13.187376135866472,-179.53548814568003,7920.650879114936
1.945725,-16.35853569701574,-373.6153324993814,13.098598473153531,-175.57516270612302,7920.650879114936
1.946225,-17.474977032713994,-373.6011945783607,13.01180097316033,-171.61483726656422,7920.650879114936
1.946725,-17.15679465125432,-373.58631186253183,12.926983635886947,-167.6545118270072,7920.650879114936
1.947225,-16.76628500684418,-373.57218288914527,12.844146461333342,-163.69418638745017,7920.650879114936
1.947725,-16.85331076565256,-373.5580408359637,12.763289449499515,-159.73386094789313,7920.650879114936
1.948225,-17.050513966354465,-373.54409844798505,12.68441260038543,-155.77353550833433,7920.650879114936
1.948725,-15.99636889613645,-373.53069731314775,12.607515913991161,-151.81321006877732,7920.650879114936
1.949225,-14.269533425177316,-373.517254834262,12.532599390316673,-147.85288462922028,7920.650879114936
1.949725,-13.300793924357349,-373.5050883613389,12.459663029361957,-143.89255918966325,7920.650879114936
1.950225,-14.123390951501662,-373.4924583400579,12.388706831126992,-139.93223375010444,7920.650879114936
1.950725,-15.980144370270072,-373.4803618888012,12.319730795611836,-135.9719083105474,7920.650879114936
1.951225,-17.2093899455432,-373.468205079754,12.25273492281646,-132.0115828709904,7920.650879114936
1.951725,-17.069849808607685,-373.4565771554617,12.187719212740861,-128.05125743143336,7920.650879114936
1.952225,-19.663159233904143,-373.44481015756355,12.124683665385014,-124.09093199187458,7920.650879114936
1.9527250000000005,-25.06986836511944,-373.4333046262853,12.06362828074892,-120.13060655231403,7920.650879114936
1.953225,-26.92346262136578,-373.4213566827846,12.004553058832709,-116.17028111276053,7920.650879114936
1.953725,-26.415101694408285,-373.4096735383049,11.947457999636224,-112.20995567320347,7920.650879114936
1.9542250000000003,-27.79397377598506,-373.3980415245746,11.892343103159472,-108.24963023364293,7920.650879114936
1.9547250000000005,-27.773778931082585,-373.38695802847377,11.839208369402519,-104.28930479408413,7920.650879114936
1.955225,-26.61166454619317,-373.37599027316156,11.788053798365416,-100.32897935453062,7920.650879114936
1.955725,-26.716846209207112,-373.36577147186995,11.738879390048046,-96.36865391497358,7920.650879114936
1.9562250000000003,-26.30598538217477,-373.35609259837645,11.691685144450414,-92.40832847541304,7920.650879114936
1.956725,-25.028052708303683,-373.34714564149886,11.646471061572623,-88.4480030358578,7920.650879114936
1.957225,-24.85084882530192,-373.33820987190353,11.603237141414587,-84.48767759630073,7920.650879114936
1.957725,-25.31871450145892,-373.32981193514047,11.56198338397633,-80.5273521567437,7920.650879114936
1.958225,-26.605375692057663,-373.32163019724794,11.522709789257837,-76.56702671718492,7920.650879114936
1.958725,-27.69932928106894,-373.31384624027214,11.485416357259135,-72.60670127762788,7920.650879114936
1.959225,-28.64287813596774,-373.3061356894274,11.450103087980214,-68.64637583807084,7920.650879114936
1.959725,-30.46621197867888,-373.29887984641863,11.416769981421071,-64.68605039851381,7920.650879114936
1.960225,-32.684628859709655,-373.291611173358,11.385417037581693,-60.72572495895502,7920.650879114936
1.960725,-34.03216887535921,-373.2846037780472,11.356044256462111,-56.765399519397995,7920.650879114936
1.961225,-35.03412675865424,-373.2772369341619,11.328651638062304,-52.80507407984097,7920.650879114936
1.961725,-34.95950636803627,-373.27059177925923,11.30323918238227,-48.84474864028394,7920.650879114936
1.962225,-33.37419683705119,-373.26508276437863,11.279806889422014,-44.88442320072515,7920.650879114936
1.962725,-32.516581884094144,-373.25944282835934,11.258354759181543,-40.92409776116811,7920.650879114936
1.963225,-33.50722642912327,-373.25411037322004,11.238882791660851,-36.96377232161108,7920.650879114936
1.963725,-33.67709778685599,-373.2488179987046,11.221390986859934,-33.00344688205404,7920.650879114936
1.964225,-31.008854178432347,-373.24339659652287,11.205879344778793,-29.043121442495252,7920.650879114936
1.964725,-29.86252483900834,-373.23821362469397,11.192347865417437,-25.082796002938224,7920.650879114936
1.965225,-31.42566225213129,-373.2329535710659,11.180796548775858,-21.12247056338119,7920.650879114936
1.965725,-31.74883786757215,-373.2274853745518,11.171225394854057,-17.16214512382417,7920.650879114936
1.966225,-30.807833542389904,-373.22066304931656,11.163634403652036,-13.201819684267134,7920.650879114936
1.966725,-30.44972307557164,-373.21352007551525,11.15802357516979,-9.241494244708342,7920.650879114936
1.967225,-31.44727349353389,-373.20655951030994,11.154392909407326,-5.281168805151306,7920.650879114936
1.967725,-33.08191662631914,-373.1992108772126,11.152742406364636,-1.320843365594276,7920.650879114936
1.968225,-34.32506257619655,-373.191998089954,11.15307206604173,2.6394820739627534,7920.650879114936
1.968725,-34.827466169493924,-373.1851819062111,11.155381888438601,6.599807513521542,7920.650879114936
1.969225,-34.2128560981176,-373.1783118895584,11.159671873555252,10.560132953078575,7920.650879114936
1.969725,-33.012145115392265,-373.17178280681065,11.165942021391684,14.520458392635607,7920.650879114936
1.970225,-33.35638837310036,-373.165808645119,11.174192331947888,18.48078383219264,730.7098003509875
1.9707250000000005,-34.88008063156452,-373.16043138787745,11.183524062589036,18.84613873236858,730.7098003509875
1.971225,-32.6195543180085,-373.15458071186293,11.193038470680259,19.21149363254371,730.7098003509875
1.971725,-28.48728154986744,-373.1490897165157,11.20273555622157,19.57684853271916,730.7098003509875
1.9722250000000003,-28.274879582078505,-373.1428162219169,11.212615319212983,19.942203432894935,730.7098003509875
1.972725,-28.83483509105225,-373.13600722687505,11.22267775965447,20.307558333070226,730.7098003509875
1.973225,-26.08107018353603,-373.12921330226635,11.232922877546049,20.672913233245687,730.7098003509875
1.9737250000000004,-23.04899463137833,-373.12210733317846,11.243350672887724,21.038268133421465,730.7098003509875
1.974225,-22.798582751687853,-373.1145645056831,11.253961145679465,21.403623033596592,730.7098003509875
1.974725,-24.6034675204156,-373.1070264394914,11.26475429592131,21.768977933772206,730.7098003509875
1.975225,-25.617821731332867,-373.09962442202084,11.275730123613242,22.134332833947663,730.7098003509875
1.975725,-25.21568301249543,-373.092263911646,11.286888628755255,22.499687734123118,730.7098003509875
1.976225,-23.79860015058998,-373.0850124068353,11.29822981134736,22.86504263429857,730.7098003509875
1.976725,-23.83555227411044,-373.0782289588433,11.309753671389556,23.230397534474182,730.7098003509875
1.977225,-25.52654665700732,-373.0714345171192,11.321460208881838,23.59575243464964,730.7098003509875
1.977725,-24.867068599816527,-373.0651016255082,11.333349423824204,23.96110733482509,730.7098003509875
1.978225,-22.86078154023449,-373.05820174848714,11.345421316216662,24.326462235000548,730.7098003509875
1.978725,-20.53544784968264,-373.0514828068828,11.357675886059209,24.691817135176162,730.7098003509875
1.979225,-18.61596180849082,-373.04468054762515,11.370113133351836,25.057172035351613,730.7098003509875
1.979725,-17.28444803419249,-373.037260402131,11.382733058094555,25.422526935527067,730.7098003509875
1.980225,-15.543389363912482,-373.0298565680457,11.395535660287365,25.78788183570252,730.7098003509875
1.980725,-14.13522365766686,-373.0220908008068,11.408520939930263,26.153236735878135,730.7098003509875
1.981225,-13.457011017918727,-373.01440784002097,11.421688897023243,26.518591636053593,730.7098003509875
1.981725,-14.426941205662764,-373.0066369907206,11.435039531566312,26.883946536229047,730.7098003509875
1.982225,-16.529298704747426,-372.9988422851804,11.448572843559472,27.2493014364045,730.7098003509875
1.982725,-18.37042991766763,-372.9910093855662,11.462288833002722,27.61465633658011,730.7098003509875
1.983225,-20.08247028166004,-372.983511033917,11.476187499896055,27.980011236755566,730.7098003509875
1.983725,-20.57609370684961,-372.97681898078207,11.490268844239472,28.345366136931023,730.7098003509875
1.984225,-20.22004290208535,-372.9705818240768,11.50453286603298,28.710721037106477,730.7098003509875
1.9847250000000003,-20.15667951929625,-372.9650392049435,11.518979565276592,29.07607593728225,730.7098003509875
1.985225,-20.16211675147984,-372.9599304160384,11.533608941970266,29.441430837457546,730.7098003509875
1.985725,-19.507749723806747,-372.95522991683987,11.54842099611404,29.806785737633,730.7098003509875
1.986225,-15.216521007977956,-372.95094270593466,11.563415727707897,30.172140637808454,730.7098003509875
1.9867250000000003,-12.4706155526155,-372.9475476672654,11.578593136751858,30.537495537984228,730.7098003509875
1.987225,-14.206966389263204,-372.9443523602286,11.593953223245881,30.90285043815953,730.7098003509875
1.987725,-15.141202415067715,-372.9404155870332,11.609495987190005,31.26820533833498,730.7098003509875
1.9882250000000004,-14.388287989333229,-372.93668446199814,11.625221428584227,31.633560238510757,730.7098003509875
1.988725,-14.580135069210533,-372.9321393600512,11.64112954742852,31.99891513868604,730.7098003509875
1.989225,-17.113354824565246,-372.92747699734497,11.657220343722901,32.3642700388615,730.7098003509875
1.989725,-19.875703411952458,-372.9227375894636,11.673493817467378,32.72962493903695,730.7098003509875
1.990225,-21.018888540490472,-372.91816142096724,11.689949968661939,33.09497983921241,730.7098003509875
1.990725,-21.120832156702043,-372.91327594405936,11.706588797306594,33.46033473938802,730.7098003509875
1.991225,-19.371540142495032,-372.9087714944553,11.72341030340133,33.82568963956348,730.7098003509875
1.991725,-17.720792653476316,-372.9046470942994,11.740414486946156,34.19104453973893,730.7098003509875
1.992225,-17.280329038805604,-372.9007660027855,11.757601347941065,34.55639943991438,730.7098003509875
1.992725,-17.36774395240011,-372.8975702411029,11.774970886386072,34.92175434009,730.7098003509875
1.993225,-15.80970885324671,-372.89473047300777,11.79252310228116,35.28710924026545,730.7098003509875
1.993725,-13.146306090588087,-372.89206649888126,11.810257995626332,35.652464140440905,730.7098003509875
1.994225,-12.938619983938386,-372.88979232720226,11.828175566421592,36.01781904061636,730.7098003509875
1.994725,-15.506449763326444,-372.886921569206,11.846275814666953,36.38317394079197,730.7098003509875
1.995225,-17.36629922526545,-372.884137339147,11.86455874036239,36.74852884096743,730.7098003509875
1.995725,-16.79990988679998,-372.88082520040945,11.883024343507918,37.113883741142885,730.7098003509875
1.996225,-18.05382501525073,-372.87670658859537,11.90167262410353,37.47923864131833,730.7098003509875
1.996725,-22.3353782758988,-372.87290857712327,11.92050358214924,37.84459354149395,730.7098003509875
1.997225,-25.00541926565852,-372.8681505047211,11.939517217645033,38.209948441669404,730.7098003509875
1.997725,-25.32483330682803,-372.86346881592715,11.958713530590904,38.57530334184486,730.7098003509875
1.998225,-24.193427962189865,-372.8587664618347,11.97809252098687,38.94065824202031,730.7098003509875
1.998725,-22.9981386098722,-372.8542954777201,11.99765418883293,39.30601314219592,730.7098003509875
1.9992250000000005,-22.727070938666778,-372.85090249443607,12.017398534129086,39.67136804237171,730.7098003509875
1.999725,-22.235930943529247,-372.84695820791126,12.037325556875299,40.03672294254684,730.7098003509875
2.000225,-21.340791417732685,-372.8435395151851,12.057435257071612,40.402077842722285,730.7098003509875
2.000725,-19.291149441139936,-372.8401899607254,12.077727634718025,40.7674327428979,730.7098003509875
2.0012250000000003,-18.05672640560669,-372.83619304531317,12.098202689814524,41.13278764307353,730.7098003509875
2.001725,-19.68934760591309,-372.83146263003704,12.118860422361093,41.49814254324881,730.7098003509875
2.002225,-21.22651241143321,-372.8264976191374,12.139700832357768,41.863497443424436,730.7098003509875
2.0027250000000003,-20.491823849984847,-372.82082591373546,12.160723919804534,42.228852343600046,730.7098003509875
2.003225,-20.97084199881848,-372.81435386321743,12.181929684701364,42.59420724377534,730.7098003509875
2.003725,-24.98498050791185,-372.8067705910689,12.203318127048302,42.959562143950954,730.7098003509875
2.0042250000000004,-26.973920733672383,-372.79828782951313,12.224889246845331,43.324917044126565,730.7098003509875
2.004725,-26.68218766252779,-372.7896267891604,12.246643044092425,43.69027194430186,730.7098003509875
2.0052250000000003,-27.20993369123165,-372.7815228560628,12.268579518789625,44.05562684447747,730.7098003509875
2.0057250000000004,-26.56038083914683,-372.77390461185365,12.29069867093692,44.42098174465308,730.7098003509875
2.006225,-25.060140975616687,-372.7661023523883,12.313000500534274,44.78633664482838,730.7098003509875
2.0067250000000003,-24.554952434435688,-372.75855422595816,12.335485007581742,45.15169154500399,730.7098003509875
2.007225,-23.87133432686384,-372.7512527813618,12.358152192079272,45.51704644517929,730.7098003509875
2.007725,-23.01607688775725,-372.7441165665018,12.381002054026917,45.88240134535491,730.7098003509875
2.0082250000000004,-22.094996704635108,-372.7366687719987,12.404034593424642,46.24775624553051,730.7098003509875
2.008725,-22.008859808088744,-372.7293912832289,12.427249810272437,46.61311114570581,730.7098003509875
2.009225,-21.633109237413187,-372.7213864125522,12.450647704570324,46.978466045881106,730.7098003509875
2.0097250000000004,-21.027637045434787,-372.7129445187622,12.474228276318335,47.34382094605704,730.7098003509875
2.010225,-21.42551552609463,-372.7029504262153,12.497991525516396,47.70917584623233,730.7098003509875
2.010725,-23.014901086479377,-372.69248764522735,12.521937452164543,48.074530746407625,730.7098003509875
2.011225,-24.38705540154941,-372.68123436658965,12.546066056262799,48.43988564658324,730.7098003509875
2.011725,-24.69960588535986,-372.6701972079931,12.570377337811143,48.80524054675886,730.7098003509875
2.012225,-25.3357053621977,-372.6591508615989,12.594871296809552,49.17059544693414,730.7098003509875
2.012725,-27.38436150203475,-372.64825682384986,12.619547933258067,49.53595034710977,730.7098003509875
2.013225,-28.18596540566792,-372.6373405133701,12.644407247156654,49.90130524728506,730.7098003509875
2.013725,-25.570044112007444,-372.6273068864955,12.669449238505349,50.26666014746067,730.7098003509875
2.014225,-24.542057970709788,-372.61744034638116,12.694673907304132,50.63201504763629,730.7098003509875
2.014725,-26.27797510796434,-372.60817544534126,12.72008125355298,50.99736994781157,730.7098003509875
2.015225,-26.28411524923612,-372.5988191364173,12.74567127725194,51.3627248479872,730.7098003509875
2.015725,-23.0019790119082,-372.5894977527934,12.771443978400985,51.72807974816281,730.7098003509875
2.016225,-21.054283124269983,-372.5802158585244,12.797399357000096,52.093434648338096,730.7098003509875
2.016725,-20.98156576253972,-372.570252987917,12.82353741304932,52.45878954851372,730.7098003509875
2.0172250000000003,-20.345682125228727,-372.55970731361873,12.849858146548625,52.82414444868934,730.7098003509875
2.017725,-19.60251021633344,-372.54917769705463,12.876361557498003,53.18949934886463,730.7098003509875
2.018225,-20.4884307426622,-372.5382723517406,12.903047645897484,53.55485424904024,730.7098003509875
2.0187250000000003,-22.531652233456835,-372.52693420987794,12.929916411747058,53.92020914921586,730.7098003509875
2.019225,-22.363170308201987,-372.51590385667896,12.956967855046694,54.285564049391155,730.7098003509875
2.019725,-22.485043357617595,-372.50485964391356,12.984201975796443,54.650918949566766,730.7098003509875
2.020225,-23.91990547918289,-372.4945451196674,13.011618773996258,55.01627384974206,730.7098003509875
2.020725,-22.79100342938105,-372.48447838998163,13.039218249646181,55.381628749917674,730.7098003509875
2.0212250000000003,-21.18818242678292,-372.47537636320317,13.067000402746192,55.746983650093284,730.7098003509875
2.021725,-20.75195415049852,-372.46704944637,13.094965233296268,56.11233855026859,730.7098003509875
2.022225,-19.81669840982716,-372.45994414401633,13.123112741296456,56.47769345044419,730.7098003509875
2.0227250000000003,-20.100013848758174,-372.4524871468682,13.15144292674673,56.84304835061981,730.7098003509875
2.023225,-19.382720569618144,-372.44535138747193,13.17995578964707,57.2084032507951,730.7098003509875
2.023725,-16.992279892552308,-372.43780831517955,13.208651329997522,57.57375815097072,730.7098003509875
2.024225,-16.466617352442775,-372.43005570870315,13.237529547798031,57.93911305114601,730.7098003509875
2.024725,-16.841357420901794,-372.422046157857,13.26659044304866,58.30446795132162,730.7098003509875
2.025225,-17.786842554958202,-372.41381113435756,13.295834015749348,58.66982285149692,730.7098003509875
2.025725,-19.336378853397854,-372.40497206937715,13.32526026590015,59.035177751672535,730.7098003509875
2.026225,-20.544773704563426,-372.39516604897557,13.354869193501038,59.400532651848145,730.7098003509875
2.026725,-21.46115963637022,-372.38619628286386,13.384660798551991,59.765887552023436,730.7098003509875
2.027225,-21.570799575324628,-372.37675871838303,13.414635081053058,60.131242452199054,730.7098003509875
2.027725,-22.52395439183796,-372.36817500440856,13.444792041004213,60.49659735237467,730.7098003509875
2.028225,-20.428732628956872,-372.35992212147926,13.475131678405427,60.86195225254996,730.7098003509875
2.028725,-19.068745988463565,-372.3526663190867,13.505653993256752,61.22730715272558,730.7098003509875
2.029225,-19.84753056726558,-372.3462778686606,13.536358985558143,61.59266205290087,730.7098003509875
2.029725,-18.05614686820188,-372.3407025043448,13.567246655309647,61.95801695307649,730.7098003509875
2.030225,-15.465931164530986,-372.3354947738389,13.598317002511239,62.3233718532521,730.7098003509875
2.030725,-15.516856073038278,-372.33061376513615,13.629570027162895,62.688726753427396,730.7098003509875
2.031225,-15.64252047164458,-372.325639822576,13.661005729264657,63.05408165360301,730.7098003509875
2.031725,-14.844980177976796,-372.32029675113654,13.692624108816494,63.4194365537783,730.7098003509875
2.032225,-13.967318686912524,-372.3148441261742,13.724425165818433,63.78479145395392,730.7098003509875
2.032725,-15.272831617316632,-372.3094356937379,13.756408900270461,64.15014635412952,730.7098003509875
2.0332250000000003,-19.12558850506277,-372.3034026391426,13.788575312172583,64.51550125430514,730.7098003509875
2.033725,-20.54288035291299,-372.29728835859135,13.82092440152476,64.88085615448044,730.7098003509875
2.034225,-18.17455241347593,-372.29134149726667,13.853456168327057,65.24621105465606,730.7098003509875
2.0347250000000003,-17.943532004133143,-372.2851966695401,13.886170612579441,65.61156595483168,730.7098003509875
2.035225,-19.81246345110298,-372.27995972364226,13.919067734281885,65.97692085500697,730.7098003509875
2.035725,-18.64953371017561,-372.27510475831104,13.95214753343441,66.34227575518226,730.7098003509875
2.0362250000000004,-16.150529064111897,-372.2717253506419,13.985410010037088,66.70763065535819,730.7098003509875
2.036725,-14.30742340715479,-372.26922138932093,14.018855164089791,67.07298555553348,730.7098003509875
2.0372250000000003,-13.452519435336924,-372.2669527575546,14.05248299559261,67.43834045570911,730.7098003509875
2.037725,-14.031701735832836,-372.2651271326709,14.086293504545491,67.80369535588439,730.7098003509875
2.038225,-14.168030925696431,-372.2627985192624,14.120286690948493,68.16905025606,730.7098003509875
2.0387250000000003,-13.44657890824422,-372.25973133822424,14.15446255480158,68.53440515623562,730.7098003509875
2.039225,-13.308702684349765,-372.2568235193653,14.188821096104721,68.89976005641091,730.7098003509875
2.039725,-14.00196215512844,-372.25325313747004,14.223362314857948,69.2651149565862,730.7098003509875
2.0402250000000004,-17.210743637783704,-372.2491507530924,14.258086211061325,69.63046985676215,730.7098003509875
2.040725,-19.96233104989781,-372.24499833757704,14.292992784714734,69.99582475693744,730.7098003509875
2.041225,-20.609664753379924,-372.24043945090114,14.328082035818227,70.36117965711273,730.7098003509875
2.0417250000000005,-20.349973508343023,-372.23625971804796,14.363353964371871,70.72653455728867,730.7098003509875
2.042225,-21.06655185735023,-372.2326375594776,14.398808570375538,71.09188945746396,730.7098003509875
2.042725,-21.99366621616416,-372.2296419370895,14.434445853829294,71.45724435763924,730.7098003509875
2.043225,-19.984598294617687,-372.2270631892024,14.47026581473317,71.82259925781487,730.7098003509875
2.043725,-18.39689430898614,-372.2250282616723,14.506268453087102,72.18795415799015,730.7098003509875
2.044225,-18.46874899569352,-372.22329862152327,14.54245376889115,72.55330905816578,730.7098003509875
2.044725,-17.33238097534683,-372.22133111752373,14.57882176214529,72.9186639583414,730.7098003509875
2.045225,-16.351682824328044,-372.21983070027744,14.615372432849485,73.28401885851669,730.7098003509875
2.045725,-16.271518697278832,-372.21785342861216,14.6521057810038,73.64937375869229,730.7098003509875
2.046225,-16.04786338241133,-372.21580835680055,14.689021806608203,74.01472865886791,730.7098003509875
2.046725,-15.85490041905831,-372.2128893398584,14.726120509662657,74.3800835590432,730.7098003509875
2.047225,-16.913886900388068,-372.20918001638415,14.763401890167238,74.74543845921882,730.7098003509875
2.047725,-18.99789359909583,-372.2050364270626,14.800865948121869,75.11079335939411,730.7098003509875
2.048225,-21.13260483220107,-372.2004096138992,14.838512683526623,75.47614825956973,730.7098003509875
2.048725,-22.76333573793984,-372.1953928366694,14.876342096381464,75.84150315974533,730.7098003509875
2.0492250000000003,-21.730573765193327,-372.19041498140604,14.914354186686394,76.20685805992095,730.7098003509875
2.049725,-21.0943742313416,-372.1860208926294,14.95254895444138,76.57221296009625,730.7098003509875
2.050225,-21.7905916073421,-372.1819922968643,14.990926399646481,76.93756786027187,730.7098003509875
2.0507250000000004,-20.664529784192613,-372.177999666457,15.029486522301669,77.30292276044749,730.7098003509875
2.051225,-19.77267852041589,-372.17421640630454,15.068229322406921,77.66827766062278,730.7098003509875
2.051725,-19.19505743056869,-372.17106972316907,15.107154799962254,78.03363256079807,730.7098003509875
2.052225,-17.534257591760177,-372.16772471826187,15.14626295496771,78.39898746097367,730.7098003509875
2.052725,-17.471956110260418,-372.16413129812497,15.185553787423252,78.7643423611493,730.7098003509875
2.0532250000000003,-19.157644039932595,-372.16009448114,15.225027297328886,79.12969726132492,730.7098003509875
2.053725,-18.84297015109326,-372.15462114208856,15.26468348468457,79.4950521615002,730.7098003509875
2.054225,-17.519191477220634,-372.14831738782004,15.304522349490378,79.86040706167582,730.7098003509875
2.054725,-19.238352906455912,-372.1412363285614,15.344543891746238,80.22576196185112,730.7098003509875
2.055225,-22.737241040912654,-372.13329196173675,15.384748111452218,80.59111686202671,730.7098003509875
2.055725,-24.634470795942853,-372.1256718987534,15.425135008608255,80.956471762202,730.7098003509875
2.056225,-25.60581110546692,-372.11758760817924,15.465704583214412,81.32182666237763,730.7098003509875
2.056725,-26.06653698637649,-372.1104488878967,15.506456835270658,81.68718156255325,730.7098003509875
2.057225,-25.92186548699574,-372.10268831821605,15.547391764776958,82.05253646272854,730.7098003509875
2.057725,-25.678054177271584,-372.0956482452134,15.58850937173338,82.41789136290417,730.7098003509875
2.058225,-26.352447150998927,-372.08903092285374,15.629809656139892,82.78324626307979,730.7098003509875
2.058725,-27.061652915273235,-372.0830753122552,15.671292617996448,83.14860116325507,730.7098003509875
2.059225,-25.970591376911223,-372.07756354404074,15.712958257303132,83.51395606343068,730.7098003509875
2.059725,-23.76967762566872,-372.07197376344266,15.75480657405987,83.87931096360599,730.7098003509875
2.060225,-24.34168651369257,-372.0665045443718,15.796837568266731,84.24466586378158,730.7098003509875
2.060725,-26.20622395342601,-372.06038164759076,15.839051239923679,84.6100207639572,730.7098003509875
2.061225,-25.88768376346452,-372.0532652420464,15.881447589030676,84.9753756641325,730.7098003509875
2.061725,-23.97908717522327,-372.04509343752545,15.924026615587803,85.3407305643081,730.7098003509875
2.062225,-24.82410021448476,-372.0362093387153,15.966788319595016,85.70608546448372,730.7098003509875
2.062725,-29.35941837616376,-372.0269851698669,16.00973270105228,86.07144036465901,730.7098003509875
2.063225,-31.357477530363845,-372.01799714352904,16.052859759959663,86.43679526483463,730.7098003509875
2.0637250000000003,-29.582694130514835,-372.0087241435206,16.09616949631714,86.80215016501025,730.7098003509875
2.064225,-28.69787905980079,-372.0002226098256,16.139661910124666,87.16750506518552,730.7098003509875
2.064725,-30.575492574195685,-371.99194253490873,16.183337001382316,87.53285996536117,730.7098003509875
2.0652250000000003,-30.5855508424471,-371.9849579514921,16.227194770090055,87.89821486553679,730.7098003509875
2.065725,-28.18966207470072,-371.97803708316593,16.27123521624784,88.26356976571206,730.7098003509875
2.066225,-27.615120264637568,-371.9717840547186,16.31545833985576,88.6289246658877,730.7098003509875
2.0667250000000004,-27.88080688235561,-371.96583461496397,16.359864140913764,88.9942795660633,730.7098003509875
2.067225,-28.6658950721692,-371.9605261722788,16.404452619421814,89.3596344662386,730.7098003509875
2.0677250000000003,-28.96765915916186,-371.9545430622321,16.44922377537999,89.72498936641422,730.7098003509875
2.0682250000000004,-27.995512901981783,-371.9483506725128,16.49417760878826,90.09034426658981,730.7098003509875
2.068725,-28.16048357145109,-371.9414155263022,16.539314119646573,90.4556991667651,730.7098003509875
2.0692250000000003,-30.074774712782737,-371.93357798287803,16.584633307955013,90.82105406694073,730.7098003509875
2.069725,-32.46901899225751,-371.92536907531615,16.630135173713498,91.18640896711602,730.7098003509875
2.070225,-32.97334610506156,-371.9163521916832,16.67581971692212,91.55176386729164,730.7098003509875
2.0707250000000004,-33.52310404339766,-371.9073026059841,16.721686937580824,91.91711876746724,730.7098003509875
2.071225,-35.96123595960402,-371.8983410723243,16.767736835689576,92.28247366764253,730.7098003509875
2.071725,-37.27702165055234,-371.8895391949865,16.81396941124841,92.64782856781784,730.7098003509875
2.0722250000000004,-35.99859659499079,-371.8811445310315,16.860384664257424,93.01318346799377,730.7098003509875
2.072725,-33.34461743492381,-371.87324968843427,16.906982594716435,93.37853836816907,730.7098003509875
2.073225,-33.13235840207936,-371.8657413476326,16.953763202625538,93.74389326834437,730.7098003509875
2.073725,-34.88818858474544,-371.85943205049836,17.00072648798477,94.10924816851997,730.7098003509875
2.074225,-33.65685943455837,-371.8525703165656,17.047872450794095,94.47460306869559,730.7098003509875
2.074725,-30.40083747537692,-371.8458596516596,17.095201091053458,94.83995796887086,730.7098003509875
2.075225,-29.575716184053658,-371.83894180502335,17.142712408762954,95.2053128690465,730.7098003509875
2.075725,-30.069891674253604,-371.8314758671853,17.190406403922495,95.5706677692218,730.7098003509875
2.076225,-30.25949033996484,-371.8237286570022,17.238283076532166,95.93602266939739,730.7098003509875
2.076725,-30.26190227876055,-371.81551450196145,17.286342426591926,96.301377569573,730.7098003509875
2.077225,-30.041353881772,-371.8064445836137,17.33458445410173,96.66673246974833,730.7098003509875
2.077725,-31.489504494257023,-371.7978670463986,17.38300915906166,97.03208736992391,730.7098003509875
2.078225,-33.30227085938743,-371.78917100211567,17.431616541471683,97.39744227009955,730.7098003509875
2.078725,-32.121387284470714,-371.77990614354627,17.480406601331747,97.76279717027482,730.7098003509875
2.079225,-30.91681326010083,-371.771325229201,17.529379338641945,98.12815207045044,730.7098003509875
2.0797250000000003,-30.518496534503875,-371.7627984789074,17.578534753402234,98.49350697062606,730.7098003509875
2.080225,-28.4382293633143,-371.75485523672467,17.62787284561256,98.85886187080136,730.7098003509875
2.080725,-27.17637721753129,-371.74747963279185,17.677393615273022,99.22421677097698,730.7098003509875
2.0812250000000003,-25.99456637371481,-371.74067960311527,17.727097062383574,99.58957167115257,730.7098003509875
2.081725,-23.96236345304559,-371.73423530402795,17.77698318694416,99.95492657132787,730.7098003509875
2.082225,-23.725312941264377,-371.72791566021715,17.827051988954892,100.32028147150349,730.7098003509875
2.082725,-23.45227812964149,-371.7213747050036,17.87730346841566,100.68563637167877,730.7098003509875
2.083225,-21.43821833631832,-371.7142244848046,17.927737625326557,101.0509912718544,730.7098003509875
2.0837250000000003,-20.71664837236551,-371.7067361704264,17.978354459687544,101.41634617203003,730.7098003509875
2.084225,-22.798716726137968,-371.69879129709153,18.029153971498577,101.78170107220532,730.7098003509875
2.084725,-24.44874936611548,-371.6898898688031,18.08013616075974,102.14705597238093,730.7098003509875
2.0852250000000003,-24.20854674195079,-371.68113809143097,18.131301027470997,102.51241087255654,730.7098003509875
2.085725,-24.46706712052116,-371.67183019647626,18.18264857163229,102.87776577273183,730.7098003509875
2.086225,-25.496955219772257,-371.6624986291707,18.23417879324371,103.24312067290745,730.7098003509875
2.086725,-26.00734589980043,-371.6536730624193,18.285891692305185,103.60847557308271,730.7098003509875
2.087225,-24.43640318873037,-371.6454271563662,18.337787268816783,103.97383047325836,730.7098003509875
2.087725,-21.24890816804062,-371.63759714803876,18.389865522778425,104.33918537343364,730.7098003509875
2.088225,-20.049109446978143,-371.62963247894623,18.442126454190205,104.70454027360925,730.7098003509875
2.088725,-20.45856969598062,-371.62241434290155,18.494570063052077,105.06989517378489,730.7098003509875
2.089225,-19.54579520740857,-371.6146349773583,18.54719634936398,105.43525007396018,730.7098003509875
2.089725,-17.458515672951,-371.60719306536896,18.600005313126022,105.8006049741358,730.7098003509875
2.090225,-15.720158376304164,-371.59922828507496,18.65299695433815,106.1659598743114,730.7098003509875
2.090725,-14.780147430720424,-371.590862727109,18.70617127300032,106.53131477448669,730.7098003509875
2.091225,-15.498511699998703,-371.5819873428982,18.759528269112625,106.8966696746623,730.7098003509875
2.091725,-17.075903951985214,-371.5733114777128,18.813067942674973,107.26202457483761,730.7098003509875
2.092225,-17.089011945077896,-371.5636750851697,18.86679029368745,107.62737947501321,730.7098003509875
2.092725,-17.56505685403911,-371.5540039915039,18.920695322150017,107.99273437518882,-2224.556464129495
2.093225,-18.591937042705315,-371.5449344482061,18.974413619779572,106.88045614312472,-2224.556464129495
2.093725,-18.089564562866308,-371.53617554162867,19.027575778293137,105.76817791105958,-2224.556464129495
2.094225,-18.571652638509768,-371.5278941178709,19.080181797690614,104.65589967899545,-2224.556464129495
2.094725,-18.15662102560488,-371.5196463345581,19.132231677972115,103.54362144693033,-2224.556464129495
2.095225,-14.611171684225132,-371.5115723273064,19.183725419137584,102.43134321486521,-2224.556464129495
2.0957250000000003,-13.041609654187686,-371.5035998854201,19.234663021187018,101.31906498280007,-2224.556464129495
2.096225,-13.95457761581208,-371.4955053655959,19.28504448412037,100.20678675073593,-2224.556464129495
2.096725,-13.465526468533067,-371.48773396178444,19.334869807937736,99.09450851867085,-2224.556464129495
2.0972250000000003,-12.50829251038228,-371.47926843798876,19.384138992639073,97.98223028660573,-2224.556464129495
2.097725,-11.059600854704597,-371.4699015394052,19.432852038224333,96.86995205454159,-2224.556464129495
2.098225,-9.992856466658749,-371.45973979193536,19.48100894469356,95.75767382247747,-2224.556464129495
2.0987250000000004,-12.169383579716795,-371.4490270886193,19.528609712046837,94.64539559041135,-2224.556464129495
2.099225,-15.709318865263567,-371.43724512903236,19.575654340284004,93.53311735834724,-2224.556464129495
2.0997250000000003,-15.04302713120305,-371.4251138015114,19.62214282940518,92.4208391262821,-2224.556464129495
2.100225,-14.247268584709367,-371.4127090234214,19.668075179410273,91.30856089421798,-2224.556464129495
2.100725,-17.365793939090285,-371.4003792233301,19.713451390299387,90.19628266215287,-2224.556464129495
2.1012250000000003,-20.047740569252888,-371.38779921615554,19.758271462072457,89.08400443008772,-2224.556464129495
2.101725,-19.42742994461419,-371.3754799223705,19.802535394729468,87.9717261980236,-2224.556464129495
2.102225,-17.300320012817288,-371.3632952956596,19.84624318827043,86.85944796595948,-2224.556464129495
2.1027250000000004,-16.94091286754517,-371.3514232835769,19.889394842695452,85.74716973389337,-2224.556464129495
2.103225,-18.57277988268475,-371.3398106624234,19.93199035800436,84.63489150182923,-2224.556464129495
2.103725,-18.71881978215452,-371.32810045762267,19.974029734197234,83.5226132697651,-2224.556464129495
2.1042250000000005,-18.213041684532747,-371.31577459589295,20.015512971274152,82.410335037699,-2224.556464129495
2.104725,-18.02732203846269,-371.30293426681374,20.056440069234963,81.29805680563487,-2224.556464129495
2.105225,-17.604894475928248,-371.28923856516917,20.09681102807974,80.18577857357074,-2224.556464129495
2.105725,-17.390849382699265,-371.27511951816444,20.136625847808524,79.0735003415056,-2224.556464129495
2.106225,-17.16442994294535,-371.2600437958692,20.17588452842124,77.96122210944148,-2224.556464129495
2.106725,-18.62017458108088,-371.24440649140763,20.214587069917958,76.84894387737636,-2224.556464129495
2.107225,-19.541699493597243,-371.22889623941415,20.25273347229864,75.73666564531125,-2224.556464129495
2.107725,-20.93096908121364,-371.21305484724184,20.290323735563252,74.6243874132471,-2224.556464129495
2.108225,-21.74971697937888,-371.19751771719865,20.327357859711878,73.512109181182,-2224.556464129495
2.108725,-20.186038709343112,-371.18140649223864,20.363835844744465,72.39983094911688,-2224.556464129495
2.109225,-21.790970880585327,-371.16555747915686,20.39975769066099,71.28755271705273,-2224.556464129495
2.109725,-23.590768886644305,-371.1493745971646,20.435123397461506,70.17527448498763,-2224.556464129495
2.110225,-21.567891863072283,-371.1332479299591,20.469932965145972,69.06299625292351,-2224.556464129495
2.110725,-19.278161005308046,-371.11690899812766,20.504186393714427,67.95071802085839,-2224.556464129495
2.111225,-19.010668533983708,-371.1005724647619,20.537883683166854,66.83843978879325,-2224.556464129495
2.1117250000000003,-20.18387693448611,-371.08418851362734,20.571024833503238,65.72616155672813,-2224.556464129495
2.112225,-20.67885409987562,-371.06778210341224,20.603609844723568,64.61388332466402,-2224.556464129495
2.112725,-18.40167024351154,-371.05030578198966,20.6356387168279,63.50160509259889,-2224.556464129495
2.1132250000000004,-15.78988279162266,-371.03277248881807,20.667111449816193,62.38932686053377,-2224.556464129495
2.113725,-17.90306820554416,-371.01525661862416,20.698028043688424,61.27704862846964,-2224.556464129495
2.114225,-22.81110321373228,-370.9977105628669,20.728388498444627,60.164770396405515,-2224.556464129495
2.114725,-22.976866498514788,-370.9801463705794,20.758192814084826,59.0524921643404,-2224.556464129495
2.115225,-21.45326965656373,-370.9629801458977,20.787440990608985,57.94021393227527,-2224.556464129495
2.1157250000000003,-23.057213367346822,-370.9458544572201,20.816133028017116,56.82793570021015,-2224.556464129495
2.116225,-26.056660302669805,-370.9292272281453,20.84426892630919,55.71565746814602,-2224.556464129495
2.116725,-27.62759403482674,-370.9128106660468,20.871848685485258,54.603379236080904,-2224.556464129495
2.117225,-24.933801026571395,-370.8963686537071,20.898872305545268,53.49110100401676,-2224.556464129495
2.117725,-21.969002612623235,-370.880763717673,20.925339786489264,52.37882277195165,-2224.556464129495
2.118225,-23.102768245581604,-370.86554176025766,20.95125112831721,51.26654453988752,-2224.556464129495
2.118725,-25.051126138633062,-370.85115925029754,20.97660633102915,50.15426630782242,-2224.556464129495
2.119225,-24.23425771433769,-370.83752314140395,21.001405394625053,49.04198807575729,-2224.556464129495
2.119725,-21.555426700540856,-370.82397077241194,21.0256483191049,47.92970984369315,-2224.556464129495
2.120225,-19.98562362399541,-370.8106708096516,21.049335104468735,46.81743161162804,-2224.556464129495
2.120725,-20.60303803745316,-370.7970619957911,21.072465750716546,45.70515337956291,-2224.556464129495
2.121225,-21.931528456926355,-370.7837541451724,21.095040257848297,44.59287514749878,-2224.556464129495
2.121725,-21.84882717886645,-370.77081355012956,21.11705862586404,43.480596915433665,-2224.556464129495
2.122225,-20.95356112174978,-370.75788983314357,21.13852085476373,42.36831868336954,-2224.556464129495
2.122725,-23.23852902565276,-370.7458919593441,21.159426944547402,41.25604045130442,-2224.556464129495
2.123225,-24.119033823964205,-370.7342763220869,21.179776895215042,40.14376221923929,-2224.556464129495
2.123725,-22.1612738145334,-370.72344901272913,21.199570706766636,39.031483987175164,-2224.556464129495
2.124225,-23.06537970325116,-370.7126703864537,21.21880837920222,37.919205755110056,-2224.556464129495
2.124725,-23.55044622485696,-370.7029913004519,21.237489912521767,36.806927523044926,-2224.556464129495
2.125225,-20.87314998226944,-370.69339354935863,21.255615306725264,35.69464929098079,-2224.556464129495
2.125725,-19.95495479919405,-370.684798178368,21.27318456181274,34.58237105891569,-2224.556464129495
2.1262250000000003,-20.16108729169884,-370.6768792901057,21.290197677784185,33.47009282685056,-2224.556464129495
2.126725,-20.774793573255693,-370.6693983425377,21.306654654639583,32.35781459478642,-2224.556464129495
2.127225,-20.863280321008496,-370.66256427808923,21.322555492378967,31.245536362721303,-2224.556464129495
2.1277250000000003,-18.84778388866284,-370.65553717490906,21.337900191002316,30.133258130656188,-2224.556464129495
2.128225,-17.648356490595393,-370.6491597187599,21.352688750509618,29.020979898592064,-2224.556464129495
2.128725,-19.147366380025723,-370.64228058844225,21.366921170900902,27.908701666526948,-2224.556464129495
2.1292250000000004,-21.551324373760927,-370.6363621153185,21.380597452176158,26.79642343446183,-2224.556464129495
2.129725,-21.751152108692327,-370.63132300687715,21.393717594335367,25.6841452023977,-2224.556464129495
2.1302250000000003,-21.499052790737387,-370.6266393628843,21.406281597378555,24.57186697033257,-2224.556464129495
2.1307250000000004,-22.82038897749224,-370.622190601087,21.418289461305708,23.459588738267453,-2224.556464129495
2.131225,-24.150857581694847,-370.6181040779889,21.429741186116814,22.34731050620332,-2224.556464129495
2.1317250000000003,-24.43292379038145,-370.6145474070506,21.440636771811906,21.235032274138202,-2224.556464129495
2.132225,-23.589894948356022,-370.61168422266485,21.450976218390956,20.122754042074074,-2224.556464129495
2.132725,-22.01226397974231,-370.6084775381312,21.460759525853977,19.01047581000894,-2224.556464129495
2.1332250000000004,-21.725635348880367,-370.6055487152264,21.46998669420097,17.898197577943844,-2224.556464129495
2.133725,-21.585419266285253,-370.6033465342272,21.478657723431922,16.785919345879705,-2224.556464129495
2.134225,-21.868432873838668,-370.60067591944966,21.486772613546837,15.673641113815577,-2224.556464129495
2.1347250000000004,-20.89848470998323,-370.5979534993279,21.49433136454574,14.561362881749465,-2224.556464129495
2.135225,-18.58845973973117,-370.5943654538721,21.501333976428594,13.449084649685332,-2224.556464129495
2.135725,-18.038444674444943,-370.59048818801386,21.507780449195415,12.336806417621206,-2224.556464129495
2.136225,-19.18316333438561,-370.5863241036046,21.51367078284621,11.224528185556094,-2224.556464129495
2.136725,-20.557584545244858,-370.58146847083486,21.519004977380977,10.112249953490961,-2224.556464129495
2.137225,-21.35626731920045,-370.5769516839338,21.523783032799706,8.999971721426835,-2224.556464129495
2.137725,-22.632032723240428,-370.5719332560407,21.528004949102403,7.887693489361716,-2224.556464129495
2.138225,-22.269410255312515,-370.5668591833231,21.531670726289068,6.77541525729759,-2224.556464129495
2.138725,-21.311693801208268,-370.5618918808827,21.534780364359698,5.663137025232457,-2224.556464129495
2.139225,-24.6943730018889,-370.5565640640335,21.5373338633143,4.550858793167351,-2224.556464129495
2.139725,-25.27344142725165,-370.551454401917,21.539331223152868,3.438580561103225,-2224.556464129495
2.140225,-20.908019521048026,-370.54589072233176,21.5407724438754,2.3263023290380924,-2224.556464129495
2.140725,-19.49935559033595,-370.54035734875214,21.541657525481902,1.214024096972973,-2224.556464129495
2.141225,-20.47174686731908,-370.5342261117227,21.54198646797237,0.10174586490884674,-2224.556464129495
2.141725,-21.72406343993056,-370.52755829763015,21.541759271346816,-1.010532367156259,-2224.556464129495
2.1422250000000003,-21.49629122352336,-370.5205807556955,21.540975935605218,-2.1228105992213915,-2224.556464129495
2.142725,-18.13611892263899,-370.51267416623807,21.53963646074759,-3.2350888312855313,-2224.556464129495
2.143225,-16.398817441110328,-370.50443828158683,21.53774084677393,-4.34736706335065,-2224.556464129495
2.1437250000000003,-20.047341121293265,-370.49547335259797,21.535289093684234,-5.459645295415756,-2224.556464129495
2.144225,-23.731839123503978,-370.48603105128626,21.53228120147852,-6.571923527479896,-2224.556464129495
2.144725,-23.2404522784175,-370.47577460555897,21.52871717015676,-7.684201759545002,-2224.556464129495
2.145225,-23.204244409366066,-370.46490075720544,21.524596999718973,-8.796479991609129,-2224.556464129495
2.145725,-24.835643253397727,-370.45368954770873,21.519920690165154,-9.908758223674253,-2224.556464129495
2.1462250000000003,-27.03951722250096,-370.44150059934697,21.5146882414953,-11.021036455739372,-2224.556464129495
2.146725,-28.719380350692525,-370.42918900757974,21.508899653709413,-12.133314687803507,-2224.556464129495
2.147225,-25.82542438518033,-370.4156672996327,21.50255492680749,-13.245592919868626,-2224.556464129495
2.1477250000000003,-22.851485041916984,-370.4016606414241,21.495654060789544,-14.357871151933752,-2224.556464129495
2.148225,-24.92623119058697,-370.38713935750604,21.48819705565556,-15.470149383997878,-2224.556464129495
2.148725,-26.24404210951532,-370.3724052110543,21.480183911405543,-16.582427616063004,-2224.556464129495
2.149225,-23.91714398632412,-370.357954900079,21.471614628039504,-17.69470584812713,-2224.556464129495
2.149725,-21.769009787964485,-370.34283733322803,21.46248920555742,-18.806984080192244,-2224.556464129495
2.150225,-21.37757094589577,-370.3275475744844,21.45280764395931,-19.919262312256365,-2224.556464129495
2.150725,-22.177626458530245,-370.3114313645103,21.442569943245164,-21.031540544321494,-2224.556464129495
2.151225,-23.28016121417372,-370.29511100765393,21.431776103414983,-22.14381877638662,-2224.556464129495
2.151725,-22.90023432029013,-370.27829272830115,21.42042612446878,-23.256097008450748,-2224.556464129495
2.152225,-23.01260319720404,-370.26122056647307,21.408520006406533,-24.368375240515853,-2224.556464129495
2.152725,-27.005198275711905,-370.2439290946739,21.396057749228255,-25.480653472580993,-2224.556464129495
2.153225,-26.919649400299523,-370.2264320333561,21.38303935293396,-26.592931704645117,-2224.556464129495
2.153725,-23.89377709369976,-370.2086905405451,21.369464817523614,-27.705209936710226,-2224.556464129495
2.154225,-24.772755636648974,-370.1914131621919,21.35533414299725,-28.817488168774354,-2224.556464129495
2.154725,-25.27248261816069,-370.17344634289975,21.340647329354837,-29.92976640083948,-2224.556464129495
2.155225,-22.706022335712703,-370.15592506523296,21.325404376596403,-31.042044632904602,-2224.556464129495
2.155725,-20.48364592366313,-370.13813002761805,21.30960528472194,-32.15432286496873,-2224.556464129495
2.156225,-18.89844863800798,-370.1205773631806,21.293250053731427,-33.266601097033856,-2224.556464129495
2.156725,-19.330474580384863,-370.1035753389161,21.27633868362491,-34.37887932909798,-2224.556464129495
2.157225,-20.69269327977622,-370.0863178115689,21.258871174402344,-35.491157561163114,-2224.556464129495
2.157725,-18.44483156687585,-370.0692078399606,21.24084752606374,-36.60343579322823,-2224.556464129495
2.1582250000000003,-16.407005121546018,-370.05203702315447,21.222267738609098,-37.71571402529332,-2224.556464129495
2.158725,-18.631271574616267,-370.03520142935827,21.203131812038453,-38.82799225735746,-2224.556464129495
2.159225,-21.461489306511417,-370.01840701175155,21.183439746351752,-39.94027048942259,-2224.556464129495
2.1597250000000003,-22.28115132417709,-370.0014912572253,21.16319154154901,-41.05254872148771,-2224.556464129495
2.160225,-21.993320224604894,-369.98507831564166,21.142387197630264,-42.164826953551845,-2224.556464129495
2.160725,-21.05155897557449,-369.9682843855091,21.121026714595484,-43.277105185615966,-2224.556464129495
2.1612250000000004,-21.830049496551105,-369.95212533955544,21.099110092444633,-44.38938341768208,-2224.556464129495
2.161725,-23.117266069265217,-369.93577078673013,21.076637331177793,-45.501661649746204,-2224.556464129495
2.1622250000000003,-21.172151593975208,-369.92039434203923,21.053608430794895,-46.61393988181133,-2224.556464129495
2.162725,-18.36037021867316,-369.90482710527573,21.030023391295984,-47.72621811387546,-2224.556464129495
2.163225,-18.259427619456105,-369.8902453257149,21.00588221268102,-48.83849634594057,-2224.556464129495
2.1637250000000003,-19.18684833060043,-369.87577537524635,20.98118489495002,-49.95077457800569,-2224.556464129495
2.164225,-19.51389805980899,-369.8623253818028,20.955931438103015,-51.06305281006982,-2224.556464129495
2.164725,-18.34598709670979,-369.8496168257394,20.930121842139986,-52.17533104213395,-2224.556464129495
2.1652250000000004,-15.9465677475505,-369.8365612782972,20.903756107060868,-53.28760927420006,-2224.556464129495
2.165725,-14.435382084805358,-369.82414988020116,20.876834232865757,-54.399887506264186,-2224.556464129495
2.166225,-15.241563087082616,-369.8119024937271,20.849356219554636,-55.51216573832832,-2224.556464129495
2.1667250000000005,-15.707554490444483,-369.8000857825484,20.82132206712742,-56.624443970394424,-2224.556464129495
2.167225,-13.697749354529932,-369.78907387933185,20.792731775584226,-57.73672220245857,-2224.556464129495
2.167725,-14.030423497995752,-369.77822615514816,20.763585344924994,-58.8490004345227,-2224.556464129495
2.168225,-13.70665840857593,-369.76843946325994,20.733882775149702,-59.96127866658782,-2224.556464129495
2.168725,-12.74924614429435,-369.7590442536988,20.703624066258417,-61.07355689865195,-2224.556464129495
2.169225,-13.55701030440756,-369.74918834098554,20.672809218251054,-62.18583513071706,-2224.556464129495
2.169725,-13.01607260766492,-369.74031331422907,20.641438231127676,-63.298113362782175,-2224.556464129495
2.170225,-10.694754036131846,-369.7316274599399,20.609511104888277,-64.41039159484632,-2224.556464129495
2.170725,-10.358762812338306,-369.7239359111183,20.577027839532835,-65.52266982691144,-2224.556464129495
2.171225,-10.42490806866559,-369.71606138351945,20.543988435061355,-66.63494805897656,-2224.556464129495
2.171725,-10.639714423238225,-369.70905064065977,20.510392891473867,-67.74722629104069,-2224.556464129495
2.172225,-10.973797350508766,-369.70241328585416,20.476241208770315,-68.8595045231058,-2224.556464129495
2.172725,-9.23968930558116,-369.6957786789412,20.441533386950766,-69.97178275516993,-2224.556464129495
2.173225,-7.021382398642355,-369.6887402109455,20.406269426015154,-71.08406098723505,-2224.556464129495
2.173725,-7.778309857375348,-369.6826497161602,20.37044932596351,-72.19633921930017,-2224.556464129495
2.1742250000000003,-10.733716672104814,-369.67663919884126,20.33407308679583,-73.30861745136528,-2224.556464129495
2.174725,-11.766368942411846,-369.67082895978575,20.297140708512156,-74.4208956834294,-2224.556464129495
2.175225,-11.29968321158396,-369.66495542241876,20.259652191112405,-75.53317391549453,-2224.556464129495
2.1757250000000004,-12.353193549221778,-369.6594657065726,20.221607534596636,-76.64545214755967,-2224.556464129495
2.176225,-14.837417526464897,-369.65437605640017,20.183006738964856,-77.75773037962378,-2224.556464129495
2.176725,-15.701793108273916,-369.6493653484485,20.14384980421705,-78.87000861168792,-2224.556464129495
2.177225,-15.29242962304128,-369.64462207306,20.10413673035318,-79.98228684375303,-2224.556464129495
2.177725,-15.294961058547653,-369.64024191091,20.063867517373275,-81.09456507581817,-2224.556464129495
2.1782250000000003,-15.5070437337619,-369.63581999928454,20.02304216527734,-82.20684330788329,-2224.556464129495
2.178725,-13.894704092431471,-369.63127304140687,19.981660674065402,-83.31912153994742,-2224.556464129495
2.179225,-14.648045088569004,-369.6267621673081,19.939723043737395,-84.43139977201253,-2224.556464129495
2.179725,-14.82146354762796,-369.62232830546895,19.897229274293394,-85.54367800407665,-2224.556464129495
2.180225,-12.164972454652004,-369.61735009246325,19.854179365733323,-86.65595623614178,-2224.556464129495
2.180725,-10.860308219410856,-369.61305907430994,19.810573318057266,-87.7682344682059,-2224.556464129495
2.181225,-11.50746434777236,-369.6087590161557,19.766411131265134,-88.88051270027104,-2224.556464129495
2.181725,-14.16931492827016,-369.60391747314924,19.721692805356966,-89.99279093233613,-2224.556464129495
2.182225,-16.40771627487775,-369.59913810704575,19.676418340332795,-91.10506916440026,-2224.556464129495
2.182725,-18.63983445485458,-369.5945832556459,19.630587736192574,-92.2173473964654,-2224.556464129495
2.183225,-19.06686541537429,-369.5899271831994,19.584200992936307,-93.32962562853052,-2224.556464129495
2.183725,-19.62945621944653,-369.5849575715733,19.537258110564053,-94.44190386059465,-2224.556464129495
2.184225,-23.034169669686555,-369.5807655195267,19.48975908907573,-95.55418209265974,-2224.556464129495
2.184725,-24.12201795331101,-369.5762790327687,19.441703928471405,-96.66646032472387,-2224.556464129495
2.185225,-21.56180125296372,-369.57184564480445,19.39309262875101,-97.77873855678901,-2224.556464129495
2.185725,-19.7034850438034,-369.5668723643932,19.343925189914582,-98.89101678885413,-2224.556464129495
2.186225,-18.696958110819217,-369.5620175251581,19.294201611962166,-100.00329502091824,-2224.556464129495
2.186725,-20.994508720599384,-369.55716320829174,19.243921894893674,-101.1155732529834,-2224.556464129495
2.187225,-22.4872452148491,-369.55272864818846,19.193086038709147,-102.22785148504848,-2224.556464129495
2.187725,-19.57585136831625,-369.5473506836638,19.14169404340864,-103.34012971711263,-2224.556464129495
2.188225,-18.586339305819184,-369.5412379454554,19.089745908992054,-104.45240794917774,-2224.556464129495
2.1887250000000003,-22.117842433307807,-369.53449092367293,19.03724163545943,-105.56468618124289,-2224.556464129495
2.189225,-26.332587052954416,-369.52760575077525,18.984181222810815,-106.67696441330699,-2224.556464129495
2.189725,-26.978161557031434,-369.5205365664523,18.93056467104613,-107.7892426453721,-2224.556464129495
2.1902250000000003,-25.734167589839025,-369.51329625420635,18.87639198016541,-108.90152087743724,-2224.556464129495
2.190725,-27.90833859009414,-369.50557624302917,18.821663150168703,-110.01379910950136,-2224.556464129495
2.191225,-31.443679796830565,-369.4978581769531,18.766378181055916,-111.1260773415665,-2224.556464129495
2.1917250000000004,-31.52471691501409,-369.48965245847256,18.71053707282711,-112.2383555736316,-2224.556464129495
2.192225,-29.966557729194182,-369.4810472109795,18.6541398254823,-113.35063380569572,-2224.556464129495
2.1927250000000003,-28.96697085773876,-369.4727772626242,18.597186439021414,-114.46291203776087,-2224.556464129495
2.1932250000000004,-30.09870731936494,-369.46410216221045,18.539676913444506,-115.57519026982598,-2224.556464129495
2.193725,-31.41992946356,-369.4546845871565,18.481611248751605,-116.68746850189012,-2224.556464129495
2.1942250000000003,-31.06091469852987,-369.4454928980344,18.422989444942626,-117.7997467339552,-2224.556464129495
2.194725,-29.812453215782845,-369.43532408290247,18.363811502017665,-118.91202496601935,-2224.556464129495
2.195225,-28.654760622251565,-369.4257636845536,18.304077419976615,-120.02430319808447,-2224.556464129495
2.1957250000000004,-28.66303636217776,-369.4158478742673,18.24378719881954,-121.13658143014959,-2224.556464129495
2.196225,-29.97974923191743,-369.4056291037989,18.18294083854648,-122.24885966221373,-2224.556464129495
2.196725,-30.66299702570724,-369.3954052518648,18.12153833915739,-123.36113789427786,-2224.556464129495
2.1972250000000004,-29.89596578105995,-369.3851548378002,18.059579700652165,-124.47341612634398,-2224.556464129495
2.197725,-31.520214553680105,-369.3747762619152,17.997064923031004,-125.58569435840809,-2224.556464129495
2.198225,-33.107693830182924,-369.36458687015016,17.933994006293826,-126.69797259047223,-2224.556464129495
2.198725,-32.10992882721012,-369.35439653758726,17.870366950440552,-127.81025082253733,-2224.556464129495
2.199225,-31.480149082914927,-369.34368251396444,17.806183755471242,-128.92252905460248,-2224.556464129495
2.199725,-31.590423062128828,-369.3330596720642,17.741444421385964,-130.0348072866666,-2224.556464129495
2.200225,-31.1966606980216,-369.3222772738501,17.676148948184586,-131.1470855187317,-2224.556464129495
2.200725,-29.756189895481143,-369.31130381892547,17.61029733586724,-132.25936375079584,-2224.556464129495
2.201225,-27.4046740377485,-369.3003514473226,17.543889584433813,-133.37164198286095,-2224.556464129495
2.201725,-26.862187370700013,-369.28904776627235,17.476925693884336,-134.4839202149261,-2224.556464129495
2.202225,-27.759096700469733,-369.277695205696,17.409405664218898,-135.5961984469902,-2224.556464129495
2.202725,-25.78199169179681,-369.26619599238825,17.34132949543736,-136.70847667905534,-2224.556464129495
2.203225,-23.192190495103528,-369.25463433611736,17.2726971875398,-137.82075491112047,-2224.556464129495
2.203725,-23.52174048007152,-369.2426654238687,17.20350874052626,-138.9330331431846,-2224.556464129495
2.204225,-25.71805890923268,-369.2311800681604,17.133764154396626,-140.04531137524972,-2224.556464129495
2.2047250000000003,-26.90825920727988,-369.2194628600418,17.063463429150964,-141.1575896073148,-2224.556464129495
2.205225,-25.66392124171519,-369.2080011761858,16.992606564789327,-142.26986783937892,-2224.556464129495
2.205725,-24.813547471335383,-369.1968106404299,16.921193561311597,-143.38214607144408,-2224.556464129495
2.2062250000000003,-27.19968224475167,-369.18568373932857,16.84922441871784,-144.4944243035092,-2224.556464129495
2.206725,-28.70154229016585,-369.1742577247546,16.77669913700811,-145.60670253557333,-2224.556464129495
2.207225,-27.920714140889835,-369.1634813433943,16.70361771618228,-146.7189807676384,-2224.556464129495
2.207725,-26.081876821677543,-369.15218693559433,16.629980156240485,-147.83125899970256,-2224.556464129495
2.208225,-25.86644124573608,-369.1411339120434,16.55578645718259,-148.9435372317677,-2224.556464129495
2.2087250000000003,-26.959071535372857,-369.1304861979649,16.481036619008666,-150.0558154638328,-2224.556464129495
2.209225,-27.105340326375902,-369.12040092430243,16.40573064171878,-151.16809369589694,-2224.556464129495
2.209725,-25.581593806174325,-369.11008840728516,16.329868525312783,-152.28037192796205,-2224.556464129495
2.2102250000000003,-22.211817200299443,-369.09992973215464,16.253450269790765,-153.3926501600272,-2224.556464129495
2.210725,-20.10391396923628,-369.0898379948748,16.17647587515278,-154.5049283920913,-2224.556464129495
2.211225,-20.01746136996661,-369.079895994126,16.09894534139869,-155.6172066241564,-2224.556464129495
2.211725,-19.17167147070267,-369.0697279593681,16.020858668528636,-156.72948485622055,-2224.556464129495
2.212225,-18.276146949740934,-369.06042864101283,15.942215856542486,-157.84176308828566,-2224.556464129495
2.212725,-19.362678143884644,-369.0519059883053,15.86301690544037,-158.9540413203498,-2224.556464129495
2.213225,-20.30462393977322,-369.04326768400125,15.783261815222149,-160.06631955241494,-2224.556464129495
2.213725,-19.68614322992355,-369.03512726750404,15.702950585887903,-161.17859778448005,-2224.556464129495
2.214225,-19.544756158265773,-369.0268225587147,15.622083217437687,-162.2908760165442,-2224.556464129495
2.214725,-20.21400958632316,-369.0187168515299,15.540659709871372,-163.40315424860927,1230.8041675157428
2.215225,-19.744346039949047,-369.0098564045795,15.45911198326798,-162.7877521648512,1230.8041675157428
2.215725,-17.642144389001565,-369.00123713811837,15.37787195770654,-162.17235008109367,1230.8041675157428
2.216225,-15.334337177019709,-368.9928341667919,15.296939633186907,-161.55694799733558,1230.8041675157428
2.216725,-15.654672528768115,-368.9844431418477,15.21631500970922,-160.94154591357807,1230.8041675157428
2.217225,-16.16335748575485,-368.97638035403844,15.135998087273347,-160.32614382981998,1230.8041675157428
2.217725,-15.09903499892594,-368.9686908075298,15.05598886587935,-159.71074174606193,1230.8041675157428
2.218225,-12.780491237218426,-368.96142452814087,14.976287345527304,-159.09533966230438,1230.8041675157428
2.218725,-11.53699042070078,-368.95358258520326,14.896893526217065,-158.47993757854633,1230.8041675157428
2.219225,-14.551581135919935,-368.9458024835874,14.817807407948774,-157.86453549478878,1230.8041675157428
2.219725,-18.08854620190236,-368.93838404280547,14.739028990722293,-157.2491334110307,1230.8041675157428
2.220225,-17.09577547873321,-368.93073409745955,14.660558274537689,-156.6337313272726,1230.8041675157428
2.2207250000000003,-15.64749177260362,-368.92328660154124,14.582395259394964,-156.01832924351456,1230.8041675157428
2.221225,-17.926803340727584,-368.9163704901141,14.50453994529419,-155.40292715975704,1230.8041675157428
2.221725,-19.81963897906377,-368.9090704100838,14.426992332235226,-154.78752507599896,1230.8041675157428
2.2222250000000003,-19.69208038564017,-368.9017443284052,14.349752420218142,-154.17212299224084,1230.8041675157428
2.222725,-18.237794776746146,-368.894619376537,14.272820209243003,-153.55672090848333,1230.8041675157428
2.223225,-16.392259448115123,-368.88725004050116,14.196195699309742,-152.9413188247258,1230.8041675157428
2.2237250000000004,-16.17870559227892,-368.8803599034498,14.119878890418224,-152.32591674096716,1230.8041675157428
2.224225,-17.08055626306978,-368.8731125529009,14.043869782568724,-151.71051465720964,1230.8041675157428
2.2247250000000003,-17.037894741838706,-368.86651817039876,13.968168375761033,-151.09511257345156,1230.8041675157428
2.225225,-14.716075752053069,-368.86006852898305,13.89277466999529,-150.47971048969404,1230.8041675157428
2.225725,-12.513250668610947,-368.85315648474125,13.817688665271357,-149.86430840593596,1230.8041675157428
2.2262250000000003,-13.457839380757251,-368.8461115152404,13.742910361589303,-149.2489063221779,1230.8041675157428
2.226725,-14.338199583101323,-368.838260279321,13.668439758949194,-148.63350423842036,1230.8041675157428
2.227225,-14.809510173971267,-368.8311556848041,13.594276857350964,-148.0181021546628,1230.8041675157428
2.2277250000000004,-15.64340527082584,-368.82400710986093,13.520421656794483,-147.40270007090422,1230.8041675157428
2.228225,-16.757428690672718,-368.817045149213,13.446874157280012,-146.78729798714667,1230.8041675157428
2.228725,-17.87551139586994,-368.80998925539654,13.373634358807418,-146.17189590338913,1230.8041675157428
2.2292250000000005,-18.96203604228286,-368.8027402855058,13.300702261376573,-145.55649381963053,1230.8041675157428
2.229725,-19.88507451370776,-368.79501150222836,13.228077864987737,-144.94109173587302,1230.8041675157428
2.230225,-18.868181555061884,-368.7878697230412,13.155761169640781,-144.32568965211547,1230.8041675157428
2.230725,-17.238233534272737,-368.78054299537325,13.083752175335638,-143.7102875683574,1230.8041675157428
2.231225,-15.886948798156212,-368.7736279317921,13.012050882072439,-143.09488548459987,1230.8041675157428
2.231725,-14.92169676149995,-368.766810747698,12.940657289851055,-142.47948340084176,1230.8041675157428
2.232225,-15.182203600797568,-368.76004001195224,12.86957139867155,-141.8640813170837,1230.8041675157428
2.232725,-14.165048943294064,-368.7536492632469,12.798793208533985,-141.2486792333262,1230.8041675157428
2.233225,-12.157699841465764,-368.7470105937084,12.72832271943824,-140.6332771495681,1230.8041675157428
2.233725,-12.241042263211192,-368.740982907822,12.658159931384368,-140.01787506581,1230.8041675157428
2.234225,-15.178216415620124,-368.73479595883856,12.588304844372445,-139.4024729820525,1230.8041675157428
2.234725,-18.75315039218224,-368.7285632186074,12.518757458402334,-138.78707089829442,1230.8041675157428
2.235225,-19.0218830550062,-368.72229073768506,12.449517773474165,-138.17166881453687,1230.8041675157428
2.235725,-18.22871448322828,-368.71641744007684,12.380585789587812,-137.5562667307788,1230.8041675157428
2.236225,-20.167075265916623,-368.71104549154,12.311961506743339,-136.94086464702073,1230.8041675157428
2.2367250000000003,-22.715467521179544,-368.7056365324445,12.243644924940746,-136.32546256326265,1230.8041675157428
2.237225,-22.77525740492744,-368.70035114687283,12.17563604418009,-135.7100604795051,1230.8041675157428
2.237725,-20.41297880612438,-368.6955217725001,12.107934864461255,-135.09465839574705,1230.8041675157428
2.2382250000000004,-19.40968575454944,-368.69051261338115,12.040541385784303,-134.47925631198896,1230.8041675157428
2.238725,-20.484523095869008,-368.68624237025494,11.973455608149283,-133.86385422823145,1230.8041675157428
2.239225,-21.215156716919008,-368.6820556202581,11.906677531556145,-133.2484521444739,1230.8041675157428
2.239725,-20.812657724998257,-368.67852679980285,11.840207156004826,-132.63305006071585,1230.8041675157428
2.240225,-19.2649041506583,-368.67453563830185,11.774044481495386,-132.01764797695773,1230.8041675157428
2.2407250000000003,-19.2847782559332,-368.67093221719097,11.708189508027822,-131.40224589319968,1230.8041675157428
2.241225,-21.47819681013532,-368.66731309412717,11.642642235602198,-130.78684380944216,1230.8041675157428
2.241725,-21.885075576362603,-368.6640633123377,11.577402664218392,-130.17144172568408,1230.8041675157428
2.242225,-22.39130089505753,-368.6608402776126,11.512470793876526,-129.55603964192653,1230.8041675157428
2.242725,-23.32458389927028,-368.6581183452189,11.447846624576481,-128.94063755816845,1230.8041675157428
2.243225,-24.5641084078496,-368.65518572216274,11.383530156318372,-128.3252354744109,1230.8041675157428
2.243725,-24.73666146132232,-368.65200001743244,11.319521389102087,-127.70983339065283,1230.8041675157428
2.244225,-23.46447121513684,-368.64884925420466,11.255820322927677,-127.09443130689478,1230.8041675157428
2.244725,-23.77047531204523,-368.6457184469279,11.192426957795206,-126.47902922313726,1230.8041675157428
2.245225,-24.008834779228685,-368.6427155936591,11.129341293704556,-125.86362713937916,1230.8041675157428
2.245725,-22.15764589575594,-368.6398219389011,11.066563330655784,-125.24822505562108,1230.8041675157428
2.246225,-20.518393891965225,-368.6375073282065,11.004093068648945,-124.63282297186355,1230.8041675157428
2.246725,-20.53044281037898,-368.63536135236234,10.941930507683933,-124.01742088810549,1230.8041675157428
2.247225,-21.637041750818664,-368.6336844850919,10.880075647760854,-123.40201880434793,1230.8041675157428
2.247725,-21.004711996576287,-368.6320255773998,10.8185284888796,-122.78661672058988,1230.8041675157428
2.248225,-17.893279598727357,-368.6309132332763,10.757289031040225,-122.17121463683178,1230.8041675157428
2.248725,-16.828524279402664,-368.6289649295121,10.69635727424278,-121.55581255307425,1230.8041675157428
2.249225,-19.05698683646249,-368.6274943255625,10.635733218487163,-120.94041046931619,1230.8041675157428
2.249725,-21.19913222857946,-368.62599898189876,10.575416863773427,-120.3250083855581,1230.8041675157428
2.250225,-20.207256973614985,-368.6245880100773,10.51540821010162,-119.70960630180058,1230.8041675157428
2.250725,-19.051880158596816,-368.623128026522,10.455707257471637,-119.09420421804252,1230.8041675157428
2.2512250000000003,-20.54654177828353,-368.62153734469155,10.396314005883534,-118.47880213428444,1230.8041675157428
2.251725,-22.518068939622424,-368.6196146803352,10.337228455337366,-117.86340005052689,1230.8041675157428
2.252225,-22.059860009100063,-368.61767581343673,10.278450605833024,-117.24799796676882,1230.8041675157428
2.2527250000000003,-20.33635989419649,-368.61506671936826,10.219980457370555,-116.63259588301074,1230.8041675157428
2.253225,-20.724512118633747,-368.61252476390825,10.16181800995002,-116.01719379925323,1230.8041675157428
2.253725,-22.23888334334414,-368.60982574925856,10.103963263571316,-115.40179171549512,1230.8041675157428
2.2542250000000004,-21.45698987464214,-368.6072889819292,10.04641621823449,-114.78638963173707,1230.8041675157428
2.254725,-20.90588883795254,-368.6050822226927,9.989176873939591,-114.17098754797954,1230.8041675157428
2.2552250000000003,-19.519919283327983,-368.6026768018962,9.932245230686524,-113.55558546422144,1230.8041675157428
2.2557250000000004,-17.597272061819538,-368.60064332415766,9.875621288475333,-112.94018338046338,1230.8041675157428
2.256225,-16.996025633548662,-368.59793122053526,9.819305047306074,-112.32478129670584,1230.8041675157428
2.2567250000000003,-15.540577428225928,-368.5955144302011,9.76329650717864,-111.70937921294778,1230.8041675157428
2.257225,-14.930931060828328,-368.59218990095326,9.707595668093136,-111.09397712919025,1230.8041675157428
2.257725,-15.466700839731478,-368.5889866395418,9.652202530049463,-110.47857504543215,1230.8041675157428
2.2582250000000004,-16.580084301865497,-368.5853055040751,9.597117093047666,-109.8631729616741,1230.8041675157428
2.258725,-15.335667731746875,-368.58196741743643,9.5423393570878,-109.24777087791654,1230.8041675157428
2.259225,-14.25731469412401,-368.5776865423624,9.48786932216981,-108.63236879415904,1230.8041675157428
2.2597250000000004,-16.919485299652326,-368.5737143505931,9.433706988293608,-108.01696671040038,1230.8041675157428
2.260225,-17.511813941439083,-368.5698303791293,9.379852355459375,-107.4015646266429,1230.8041675157428
2.260725,-14.689668842719945,-368.5657381566043,9.326305423667021,-106.78616254288532,1230.8041675157428
2.261225,-12.689860764616908,-368.56182514930674,9.273066192916502,-106.17076045912728,1230.8041675157428
2.261725,-12.366697521482696,-368.55742453400444,9.22013466320786,-105.55535837536918,1230.8041675157428
2.262225,-14.413864603233373,-368.5528212995217,9.167510834541146,-104.93995629161168,1230.8041675157428
2.262725,-15.142771433822071,-368.5480350039847,9.115194706916261,-104.32455420785358,1230.8041675157428
2.263225,-10.589785589119082,-368.543099732208,9.063186280333303,-103.70915212409604,1230.8041675157428
2.263725,-8.093222044358589,-368.53782428096775,9.011485554792177,-103.09375004033797,1230.8041675157428
2.264225,-11.349498575184588,-368.5318957188775,8.960092530292929,-102.4783479565799,1230.8041675157428
2.264725,-15.745593370705658,-368.5250555765053,8.909007206835609,-101.86294587282237,1230.8041675157428
2.265225,-15.892063950760743,-368.5175444692896,8.858229584420119,-101.2475437890643,1230.8041675157428
2.265725,-13.206339260344768,-368.50965448406686,8.80775966304651,-100.63214170530622,1230.8041675157428
2.266225,-14.894002891689434,-368.50156966087326,8.757597442714824,-100.0167396215487,1230.8041675157428
2.266725,-18.53075887788888,-368.4929840366695,8.707742923424972,-99.4013375377906,1230.8041675157428
2.2672250000000003,-18.951460508337348,-368.4845889998916,8.658196105176998,-98.78593545403251,1230.8041675157428
2.267725,-16.020949120744984,-368.4756180518681,8.608956987970947,-98.17053337027497,1230.8041675157428
2.268225,-13.760067060866756,-368.4669045031355,8.560025571806735,-97.55513128651693,1230.8041675157428
2.2687250000000003,-13.949989854272555,-368.458063836172,8.511401856684401,-96.93972920275884,1230.8041675157428
2.269225,-14.937513406587628,-368.4493188108009,8.463085842603984,-96.3243271190013,1230.8041675157428
2.269725,-14.608371310358065,-368.4401615031175,8.415077529565409,-95.70892503524324,1230.8041675157428
2.270225,-11.151213550479858,-368.4312541163999,8.367376917568752,-95.0935229514857,1230.8041675157428
2.270725,-9.587118684753952,-368.42168535642145,8.319984006613936,-94.47812086772764,1230.8041675157428
2.2712250000000003,-12.229293150620412,-368.41220081500927,8.272898796700996,-93.86271878396956,1230.8041675157428
2.271725,-13.576637732503375,-368.4023181351675,8.226121287829974,-93.24731670021202,1230.8041675157428
2.272225,-14.364898026530472,-368.39202880777844,8.179651480000791,-92.63191461645395,1230.8041675157428
2.2727250000000003,-15.600851333127604,-368.38204336648386,8.13348937321349,-92.01651253269587,1230.8041675157428
2.273225,-17.427084675419437,-368.37160561118117,8.087634967468107,-91.40111044893834,1230.8041675157428
2.273725,-19.07650001431393,-368.3616708034727,8.042088262764564,-90.78570836518027,1230.8041675157428
2.274225,-18.76565720313147,-368.3516931852935,7.9968492591029365,-90.17030628142275,1230.8041675157428
2.274725,-19.914221917056704,-368.34238536127907,7.9519179564831495,-89.55490419766464,1230.8041675157428
2.275225,-19.98062892968369,-368.3330958241385,7.9072943549052805,-88.93950211390712,1230.8041675157428
2.275725,-17.706258186835118,-368.32401773211666,7.8629784543692525,-88.32410003014903,1230.8041675157428
2.276225,-16.087240470477163,-368.3152718488344,7.818970254875102,-87.70869794639097,1230.8041675157428
2.276725,-14.792222730219503,-368.3058733943766,7.7752697564228725,-87.09329586263344,1230.8041675157428
2.277225,-16.002162255421588,-368.2967007732432,7.731876959012479,-86.47789377887536,1230.8041675157428
2.277725,-16.802851176225136,-368.28764364054007,7.688791862643966,-85.86249169511728,1230.8041675157428
2.278225,-14.276734830897125,-368.2783210964961,7.646014467317371,-85.24708961135974,1230.8041675157428
2.278725,-13.705972926070537,-368.2687505791061,7.603544773032617,-84.63168752760168,1230.8041675157428
2.279225,-16.933891172202078,-368.25907683778445,7.561382779789778,-84.01628544384414,1230.8041675157428
2.279725,-19.33962549369729,-368.2491334096909,7.519528487588782,-83.40088336008607,1230.8041675157428
2.280225,-18.96882951313482,-368.2397895728993,7.4779818964296645,-82.78548127632799,1230.8041675157428
2.280725,-18.32334278639954,-368.23036645332184,7.436743006312464,-82.17007919257047,1230.8041675157428
2.281225,-18.99000098104328,-368.22103094577324,7.395811817237105,-81.5546771088124,1230.8041675157428
2.281725,-19.939729153485864,-368.21196489810455,7.355188329203657,-80.93927502505485,1230.8041675157428
2.282225,-20.13760627161464,-368.2035524033543,7.314872542212058,-80.32387294129677,1230.8041675157428
2.282725,-17.33679937647412,-368.1956856057767,7.274864456262336,-79.70847085753871,1230.8041675157428
2.2832250000000003,-16.186499926764462,-368.18826250730996,7.235164071354493,-79.09306877378063,1230.8041675157428
2.283725,-17.855752106216492,-368.18123933893565,7.1957713874885645,-78.47766669002309,1230.8041675157428
2.284225,-18.48936041758404,-368.1750170852981,7.156686404664478,-77.86226460626503,1230.8041675157428
2.2847250000000003,-18.119691404314672,-368.1688112031575,7.117909122882273,-77.24686252250693,1230.8041675157428
2.285225,-16.508056498770685,-368.16284568224336,7.07943954214198,-76.63146043874941,1230.8041675157428
2.285725,-15.409069391272316,-368.1569702652803,7.041277662443565,-76.01605835499188,1230.8041675157428
2.2862250000000004,-15.873781971452994,-368.1509845845388,7.003423483786963,-75.40065627123326,1230.8041675157428
2.286725,-15.843657989840576,-368.14550745854757,6.965877006172307,-74.78525418747573,1230.8041675157428
2.2872250000000003,-16.218551877882938,-368.1400922579509,6.928638229599496,-74.16985210371766,1230.8041675157428
2.287725,-15.984640062125344,-368.1345036584715,6.891707154068596,-73.55445001996013,1230.8041675157428
2.288225,-16.81548573691277,-368.1295638971802,6.8550837795795445,-72.93904793620204,1230.8041675157428
2.2887250000000003,-15.70312935062458,-368.12426181161044,6.81876810613237,-72.32364585244396,1230.8041675157428
2.289225,-14.0050437577241,-368.11968941582063,6.782760133727107,-71.70824376868644,1230.8041675157428
2.289725,-16.055001183315618,-368.1157158985403,6.747059862363723,-71.0928416849289,1230.8041675157428
2.2902250000000004,-16.766580567269504,-368.1128023093089,6.711667292042155,-70.47743960117026,1230.8041675157428
2.290725,-13.790881222333192,-368.1107132219059,6.6765824227625306,-69.86203751741274,1230.8041675157428
2.291225,-12.951606934733372,-368.10889710816974,6.641805254524783,-69.24663543365523,1230.8041675157428
2.2917250000000005,-13.887038350974452,-368.10769742073353,6.607335787328851,-68.6312333498966,1230.8041675157428
2.292225,-15.145418094081396,-368.10658664850627,6.573174021174861,-68.01583126613906,1230.8041675157428
2.292725,-15.60999060153726,-368.1060869215379,6.539319956062751,-67.40042918238154,1230.8041675157428
2.293225,-11.805072476752256,-368.10570250182633,6.505773591992486,-66.78502709862346,1230.8041675157428
2.293725,-8.728838284168411,-368.1055813415439,6.472534928964134,-66.16962501486593,1230.8041675157428
2.294225,-11.274636092715893,-368.1058086202397,6.43960396697763,-65.55422293110786,1230.8041675157428
2.294725,-13.823044028731292,-368.10618017985354,6.406980706033004,-64.93882084734979,1230.8041675157428
2.295225,-11.870516027937304,-368.1068175633495,6.374665146130287,-64.32341876359224,1230.8041675157428
2.295725,-9.915061647982956,-368.10732060996025,6.342657287269419,-63.708016679834174,1230.8041675157428
2.296225,-11.464350830531366,-368.1081689606326,6.310957129450431,-63.092614596076096,1230.8041675157428
2.296725,-15.189219575520667,-368.1088988637344,6.27956467267335,-62.47721251231856,1230.8041675157428
2.297225,-16.46981535175652,-368.1098712534014,6.248479916938119,-61.86181042856048,1230.8041675157428
2.297725,-15.03158549122082,-368.11161152583395,6.217702862244796,-61.24640834480296,1230.8041675157428
2.298225,-14.762329441258323,-368.11366842268956,6.187233508593322,-60.631006261044874,1230.8041675157428
2.298725,-17.118618604138575,-368.1164679715189,6.157071855983731,-60.01560417728681,1230.8041675157428
2.2992250000000003,-18.198911655114664,-368.11906035631,6.127217904416017,-59.400202093528726,1230.8041675157428
2.299725,-17.795831282646038,-368.12166279977043,6.097671653890209,-58.78480000977121,1230.8041675157428
2.300225,-16.572415770925282,-368.1240695638376,6.068433104406252,-58.16939792601312,1230.8041675157428
2.3007250000000004,-14.633109885885736,-368.1264793232505,6.039502255964177,-57.55399584225504,1230.8041675157428
2.301225,-13.475506639674649,-368.1290624174418,6.010879108564003,-56.93859375849751,1230.8041675157428
2.301725,-12.557305414387356,-368.13161608882484,5.98256366220571,-56.32319167473999,1230.8041675157428
2.302225,-12.62692696574586,-368.13354708665923,5.95455591688927,-55.7077895909819,1230.8041675157428
2.302725,-14.005095666312172,-368.1350858176642,5.926855872614709,-55.092387507223826,1230.8041675157428
2.3032250000000003,-16.37333462160782,-368.1362144251364,5.899463529382028,-54.47698542346575,1230.8041675157428
2.303725,-16.17028929464671,-368.13719453246375,5.87237888719125,-53.86158333970822,1230.8041675157428
2.304225,-14.848718981833803,-368.1379385856114,5.845601946042326,-53.24618125595015,1230.8041675157428
2.304725,-17.629019538881387,-368.1392046894193,5.819132705935305,-52.63077917219261,1230.8041675157428
2.305225,-19.361783002529823,-368.1409703857153,5.792971166870139,-52.01537708843453,1230.8041675157428
2.305725,-17.08010552412377,-368.14285194462536,5.767117328846875,-51.399975004677,1230.8041675157428
2.306225,-15.599499183110993,-368.14516652716594,5.741571191865468,-50.784572920918926,1230.8041675157428
2.306725,-13.847256051552202,-368.1474815609933,5.71633275592594,-50.16917083716085,1230.8041675157428
2.307225,-15.18221948658748,-368.1497058337252,5.691402021028313,-49.553768753403325,1230.8041675157428
2.307725,-17.49663196370537,-368.1511662926754,5.666778987172544,-48.93836666964524,1230.8041675157428
2.308225,-14.123678327588417,-368.15190381484894,5.642463654358651,-48.32296458588717,1230.8041675157428
2.308725,-11.510002528142644,-368.15207156198585,5.61845602258666,-47.70756250212963,1230.8041675157428
2.309225,-13.998770821773576,-368.1519437933763,5.594756091856527,-47.092160418371556,1230.8041675157428
2.309725,-19.72076878083464,-368.1514816299862,5.571363862168292,-46.476758334614026,1230.8041675157428
2.310225,-21.11714322488393,-368.15060733754257,5.548279333521918,-45.86135625085595,1230.8041675157428
2.310725,-18.495070610827963,-368.1493783939762,5.525502505917424,-45.24595416709788,1230.8041675157428
2.311225,-19.42358465123582,-368.14818129694936,5.503033379354825,-44.63055208334035,1230.8041675157428
2.311725,-22.420645036786446,-368.1463841452617,5.480871953834087,-44.01514999958227,1230.8041675157428
2.312225,-23.88215818148199,-368.1447483117245,5.459018229355229,-43.39974791582421,1230.8041675157428
2.312725,-21.983629744048493,-368.1428807820762,5.437472205918267,-42.78434583206667,1230.8041675157428
2.313225,-18.460829084546468,-368.14052121421963,5.416233883523167,-42.168943748308585,1230.8041675157428
2.3137250000000003,-18.250812640263653,-368.1387323816139,5.395303262169945,-41.5535416645505,1230.8041675157428
2.314225,-20.35928491320596,-368.13655326863,5.37468034185862,-40.93813958079297,1230.8041675157428
2.314725,-20.855771338275964,-368.13444283609783,5.354365122589156,-40.32273749703489,1230.8041675157428
2.3152250000000003,-18.46057020533192,-368.1312693155241,5.334357604361571,-39.707335413276816,1230.8041675157428
2.315725,-16.904198363376842,-368.12796439395873,5.314657787175883,-39.0919333295193,1230.8041675157428
2.316225,-18.65428359132729,-368.1243357655226,5.295265671032058,-38.47653124576122,1230.8041675157428
2.3167250000000004,-19.98938576902661,-368.1201766610745,5.27618125593011,-37.861129162003145,1230.8041675157428
2.317225,-20.469631012601106,-368.1148432159484,5.257404541870058,-37.24572707824561,1230.8041675157428
2.3177250000000003,-19.739486883383933,-368.10938384706867,5.238935528851869,-36.63032499448753,1230.8041675157428
2.3182250000000004,-20.52531742871126,-368.1037678120502,5.220774216875558,-36.01492291072946,1230.8041675157428
2.318725,-20.420940244894613,-368.0978729910741,5.202920605941143,-35.39952082697192,1230.8041675157428
2.3192250000000003,-19.40689223287305,-368.0919023963071,5.185374696048591,-34.784118743213845,1230.8041675157428
2.319725,-20.629642698535523,-368.08611015923253,5.168136487197932,-34.16871665945632,1230.8041675157428
2.320225,-20.03463902057197,-368.08015680895136,5.151205979389139,-33.553314575698245,1230.8041675157428
2.3207250000000004,-17.998765541165135,-368.0743125467525,5.134583172622223,-32.93791249194017,1230.8041675157428
2.321225,-18.1192567204234,-368.0685412439006,5.118268066897201,-32.32251040818263,1230.8041675157428
2.321725,-17.650223852688896,-368.06261807683353,5.102260662214058,-31.707108324425104,1230.8041675157428
2.3222250000000004,-18.056797456545336,-368.05724215806174,5.0865609585727665,-31.091706240666483,1230.8041675157428
2.322725,-19.52323898982377,-368.05148682062213,5.0711689559733815,-30.476304156908952,1230.8041675157428
2.323225,-16.798391707919745,-368.0448281137197,5.056084654415875,-29.860902073151422,1230.8041675157428
2.323725,-14.42080436707408,-368.03755395837345,5.041308053900234,-29.24549998939334,1230.8041675157428
2.324225,-16.465875658724833,-368.02995258637975,5.026839154426471,-28.630097905635267,1230.8041675157428
2.324725,-18.619906027803253,-368.02155348391864,5.012677955994601,-28.014695821877737,1230.8041675157428
2.325225,-17.6659004942085,-368.01344256310347,4.998824458604596,-27.399293738119663,1230.8041675157428
2.325725,-16.30867834380122,-368.00522238303427,4.9852786622564835,-26.78389165436213,1230.8041675157428
2.326225,-16.997708420050337,-367.99698422315066,4.972040566950238,-26.168489570604052,1230.8041675157428
2.326725,-19.01320461753717,-367.98870045246747,4.959110172685871,-25.553087486845975,1230.8041675157428
2.327225,-19.41448921020476,-367.9809967823998,4.946487479463395,-24.937685403088445,1230.8041675157428
2.327725,-18.02221931063689,-367.97370462090896,4.934172487282785,-24.322283319330364,1230.8041675157428
2.328225,-17.718839323284026,-367.9664301024008,4.922165196144056,-23.706881235572286,1230.8041675157428
2.328725,-19.051540643330995,-367.95950685553225,4.910465606047216,-23.091479151814756,1230.8041675157428
2.329225,-19.29371757573042,-367.9530994918542,4.899073716992244,-22.476077068056682,1230.8041675157428
2.3297250000000003,-18.98572810473376,-367.9465424871847,4.887989528979151,-21.860674984298605,1230.8041675157428
2.330225,-18.37013121426144,-367.9398419098119,4.877213042007947,-21.245272900541078,1230.8041675157428
2.330725,-16.254817196024796,-367.932957254755,4.866744256078612,-20.629870816783,1230.8041675157428
2.3312250000000003,-14.872375757190582,-367.925765397104,4.856583171191157,-20.01446873302492,1230.8041675157428
2.331725,-14.586620720650757,-367.918638475907,4.8467297873455895,-19.399066649267393,1230.8041675157428
2.332225,-14.29886748409261,-367.9110112223171,4.837184104541893,-18.783664565509316,1230.8041675157428
2.332725,-15.37549845769516,-367.9036142890698,4.827946122780083,-18.168262481751785,1230.8041675157428
2.333225,-17.323654884033594,-367.89626183598585,4.819015842060144,-17.552860397993708,1230.8041675157428
2.3337250000000003,-16.60741742959269,-367.8892725358535,4.810393262382083,-16.93745831423563,1230.8041675157428
2.334225,-15.555045296997951,-367.8821068931627,4.80207838374591,-16.3220562304781,1230.8041675157428
2.334725,-18.058018781457967,-367.87539859401176,4.794071206151607,-15.706654146720025,1230.8041675157428
2.3352250000000003,-19.497273515065743,-367.86902595058274,4.786371729599184,-15.091252062961946,1230.8041675157428
2.335725,-17.623067428776015,-367.86324912408395,4.778979954088646,-14.475849979204417,1230.8041675157428
2.336225,-15.681989489485744,-367.857715446695,4.77189587961998,-13.860447895446338,1230.8041675157428
2.336725,-13.989281013042412,-367.85340243974935,4.7651195061932015,-13.245045811688808,1230.8041675157428
2.337225,-15.078834624310172,-367.8491268754486,4.758650833808294,-12.629643727930734,-662.8690030712341
2.337725,-16.778125874469982,-367.8452280263635,4.752253153318948,-12.96107822946617,-662.8690030712341
2.338225,-12.615255480237602,-367.84096460262003,4.745689755578829,-13.292512731001896,-662.8690030712341
2.338725,-9.113688943240282,-367.8365850688584,4.738960640587942,-13.623947232537622,-662.8690030712341
2.339225,-10.444359242313656,-367.83186559328215,4.732065808346295,-13.955381734073056,-662.8690030712341
2.339725,-14.364631288044569,-367.8274983010098,4.72500525885387,-14.286816235608786,-662.8690030712341
2.340225,-15.133632327293046,-367.8229453003425,4.71777899211068,-14.618250737144512,-662.8690030712341
2.340725,-12.326217799304896,-367.8193194995317,4.710387008116728,-14.949685238679946,-662.8690030712341
2.341225,-12.82645762851666,-367.81549017364773,4.702829306872002,-15.281119740215672,-662.8690030712341
2.341725,-15.77300055002794,-367.812469575186,4.695105888376513,-15.612554241751106,-662.8690030712341
2.342225,-17.667140994129745,-367.80978429530126,4.687216752630252,-15.943988743286832,-662.8690030712341
2.342725,-15.62119593519337,-367.80796317667966,4.679161899633223,-16.275423244822566,-662.8690030712341
2.343225,-12.821262709122015,-367.8067047744858,4.670941329385431,-16.606857746357996,-662.8690030712341
2.343725,-13.685668217456293,-367.8062092933908,4.662555041886865,-16.93829224789372,-662.8690030712341
2.344225,-15.758616330554634,-367.80601720374307,4.65400303713754,-17.269726749429157,-662.8690030712341
2.344725,-15.261601361654078,-367.8058019673198,4.645285315137438,-17.60116125096489,-662.8690030712341
2.345225,-12.746610296905674,-367.8057756135073,4.636401875886569,-17.93259575250061,-662.8690030712341
2.3457250000000003,-11.200278341410275,-367.80489272861917,4.627352719384931,-18.26403025403634,-662.8690030712341
2.346225,-11.65235217649363,-367.8039795345892,4.6181378456325355,-18.595464755571776,-662.8690030712341
2.346725,-12.539133462367262,-367.8021070531223,4.608757254629362,-18.926899257107497,-662.8690030712341
2.3472250000000003,-12.457261874736888,-367.800743343215,4.599210946375421,-19.258333758643232,-662.8690030712341
2.347725,-11.61444003978734,-367.7995002208529,4.58949892087072,-19.58976826017866,-662.8690030712341
2.348225,-13.360244953768056,-367.79807968034754,4.579621178115253,-19.921202761714095,-662.8690030712341
2.3487250000000004,-13.95983448049989,-367.7969974837481,4.569577718109,-20.252637263250115,-662.8690030712341
2.349225,-12.834326915119089,-367.7957747006264,4.559368540851996,-20.58407176478555,-662.8690030712341
2.3497250000000003,-14.645370814841948,-367.7953488297129,4.548993646344216,-20.91550626632128,-662.8690030712341
2.350225,-14.636853130929078,-367.7952768567561,4.538453034585676,-21.24694076785671,-662.8690030712341
2.350725,-12.205798360268556,-367.79570005381186,4.527746705576361,-21.57837526939244,-662.8690030712341
2.3512250000000003,-11.617810014275063,-367.7974883933478,4.516874659316277,-21.909809770928163,-662.8690030712341
2.351725,-11.733632895697768,-367.79938167416225,4.505836895805436,-22.2412442724636,-662.8690030712341
2.352225,-12.394751978409124,-367.80208333247924,4.494633415043825,-22.572678773999034,-662.8690030712341
2.3527250000000004,-12.571449030464697,-367.8044272429346,4.483264217031429,-22.904113275535057,-662.8690030712341
2.353225,-10.5079218588783,-367.80631841037297,4.471729301768284,-23.235547777070494,-662.8690030712341
2.353725,-8.959976337098073,-367.8075804345029,4.460028669254372,-23.566982278605927,-662.8690030712341
2.3542250000000005,-10.716875353364838,-367.8086580725774,4.44816231948967,-23.89841678014195,-662.8690030712341
2.354725,-14.167503454108928,-367.8095311540929,4.436130252474222,-24.229851281677373,-662.8690030712341
2.355225,-13.493477642756186,-367.8099337321547,4.423932468208006,-24.56128578321281,-662.8690030712341
2.355725,-12.125978631122347,-367.81036269044307,4.4115689666910125,-24.892720284748535,-662.8690030712341
2.356225,-14.408360771987155,-367.8110607869917,4.39903974792326,-25.224154786283975,-662.8690030712341
2.356725,-15.460969742629516,-367.8122524575839,4.3863448119047295,-25.5555892878197,-662.8690030712341
2.357225,-15.382739648200602,-367.8138451657604,4.373484158635432,-25.88702378935543,-662.8690030712341
2.357725,-14.940454928618667,-367.81597695726134,4.3604577881153785,-26.218458290890865,-662.8690030712341
2.358225,-13.81450803317787,-367.81851091748155,4.347265700344546,-26.549892792426586,-662.8690030712341
2.358725,-13.70821003069985,-367.82088815525236,4.333907895322943,-26.881327293962322,-662.8690030712341
2.359225,-15.149938491893176,-367.82356668061414,4.320384373050585,-27.212761795497748,-662.8690030712341
2.359725,-15.859848240845484,-367.82629721782683,4.306695133527447,-27.544196297033476,-662.8690030712341
2.360225,-13.885311466576384,-367.8287570568917,4.292840176753555,-27.875630798568913,-662.8690030712341
2.360725,-13.250812181424166,-367.8310115900805,4.278819502728882,-28.207065300104638,-662.8690030712341
2.361225,-14.561448826639046,-367.8327320460559,4.264633111453442,-28.538499801640366,-662.8690030712341
2.3617250000000003,-14.776243633991616,-367.8334016453024,4.250281002927232,-28.869934303176095,-662.8690030712341
2.362225,-15.543659165040037,-367.8340481636011,4.235763177150268,-29.20136880471152,-662.8690030712341
2.362725,-15.994555990702898,-367.83449867243127,4.221079634122524,-29.532803306247253,-662.8690030712341
2.3632250000000004,-17.01555867275902,-367.83535677409054,4.206230373844011,-29.864237807782988,-662.8690030712341
2.363725,-17.655759876516807,-367.83614911359336,4.191215396314744,-30.195672309318418,-662.8690030712341
2.364225,-16.93003016374563,-367.83735068342025,4.176034701534709,-30.527106810853848,-662.8690030712341
2.364725,-17.64525939241935,-367.83835516831857,4.160688289503893,-30.85854131238958,-662.8690030712341
2.365225,-18.1898906150578,-367.83993900647494,4.1451761602223085,-31.189975813925308,-662.8690030712341
2.3657250000000003,-16.07176555920435,-367.84204108441077,4.129498313689957,-31.521410315461043,-662.8690030712341
2.366225,-14.402054009634208,-367.84430151968223,4.113654749906852,-31.852844816996463,-662.8690030712341
2.366725,-14.142739626095672,-367.8465933300439,4.097645468872964,-32.18427931853219,-662.8690030712341
2.367225,-15.411753390654836,-367.84892104918487,4.081470470588323,-32.515713820067624,-662.8690030712341
2.367725,-15.768384198122304,-367.8507808734119,4.0651297550529,-32.847148321603356,-662.8690030712341
2.368225,-12.726489182761297,-367.85268572553656,4.048623322266723,-33.17858282313878,-662.8690030712341
2.368725,-10.862333645275443,-367.8542726664349,4.031951172229766,-33.51001732467452,-662.8690030712341
2.369225,-12.756734334304763,-367.8553634942734,4.015113304942037,-33.841451826210246,-662.8690030712341
2.369725,-16.071939711266985,-367.85607821904637,3.998109720403558,-34.17288632774568,-662.8690030712341
2.370225,-15.304645485498222,-367.85633799927723,3.980940418614296,-34.504320829281404,-662.8690030712341
2.370725,-13.06463345167939,-367.85689527581906,3.963605399574265,-34.83575533081712,-662.8690030712341
2.371225,-15.115090235700563,-367.85759269768425,3.946104663283483,-35.16718983235256,-662.8690030712341
2.371725,-16.96067086499378,-367.8588665883671,3.928438209741916,-35.4986243338883,-662.8690030712341
2.372225,-17.028791421167217,-367.8605143592781,3.9106060389495982,-35.83005883542373,-662.8690030712341
2.372725,-15.05379886644746,-367.86225682140605,3.8926081509064967,-36.16149333695946,-662.8690030712341
2.373225,-13.564230327530073,-367.8642918933932,3.874444545612628,-36.492927838495184,-662.8690030712341
2.373725,-15.236276703871004,-367.86572182371066,3.8561152230680062,-36.82436234003061,-662.8690030712341
2.374225,-17.507858387771186,-367.8672170143426,3.8376201832726,-37.15579684156635,-662.8690030712341
2.374725,-16.213001859783212,-367.8684837123072,3.8189594262264266,-37.487231343102074,-662.8690030712341
2.375225,-13.202133171795277,-367.86949587275217,3.800132951929503,-37.81866584463751,-662.8690030712341
2.375725,-13.455369857959376,-367.8702459178722,3.7811407603817933,-38.15010034617323,-662.8690030712341
2.3762250000000003,-14.295852307840812,-367.87044959953016,3.7619828515833165,-38.48153484770896,-662.8690030712341
2.376725,-12.915494474366028,-367.8700011031106,3.7426592255340894,-38.8129693492444,-662.8690030712341
2.377225,-12.552647530859662,-367.8693499320568,3.7231698822340764,-39.14440385078012,-662.8690030712341
2.3777250000000003,-12.755406241050656,-367.8684568457865,3.7035148216832954,-39.47583835231585,-662.8690030712341
2.378225,-14.48591494368514,-367.86831811408865,3.6836940438817645,-39.80727285385128,-662.8690030712341
2.378725,-14.881744431341536,-367.86775377784073,3.663707548829448,-40.138707355387005,-662.8690030712341
2.3792250000000004,-12.95700475764666,-367.86816122682836,3.643555336526364,-40.470141856922744,-662.8690030712341
2.379725,-14.978157624686355,-367.86828917703286,3.6232374069725304,-40.80157635845818,-662.8690030712341
2.3802250000000003,-17.689187559320306,-367.86830909054515,3.6027537601679103,-41.1330108599939,-662.8690030712341
2.3807250000000004,-15.625709591540048,-367.8682399443416,3.5821043961125225,-41.46444536152963,-662.8690030712341
2.381225,-13.998253507290332,-367.86790931036893,3.5612893148063853,-41.79587986306505,-662.8690030712341
2.3817250000000003,-13.699683884302456,-367.8677782986347,3.5403085162494614,-42.1273143646008,-662.8690030712341
2.382225,-14.850729190042234,-367.8669964037363,3.519162000441789,-42.458748866136226,-662.8690030712341
2.382725,-16.016465427849898,-367.86620837252156,3.497849767383331,-42.79018336767196,-662.8690030712341
2.3832250000000004,-11.86371599418584,-367.8646067557528,3.476371817074103,-43.121617869207675,-662.8690030712341
2.383725,-8.925164499477667,-367.862826286996,3.454728149514128,-43.45305237074311,-662.8690030712341
2.384225,-10.565223345018456,-367.86060906849457,3.432918764703384,-43.78448687227855,-662.8690030712341
2.3847250000000004,-14.275198006735035,-367.8576038217792,3.4109436626418344,-44.115921373814565,-662.8690030712341
2.385225,-14.3306734257594,-367.85494625980203,3.388802843329555,-44.44735587535,-662.8690030712341
2.385725,-11.385769480559986,-367.85180833202554,3.366496306766509,-44.77879037688544,-662.8690030712341
2.386225,-13.720849664003916,-367.8494514084347,3.344024052952675,-45.11022487842116,-662.8690030712341
2.386725,-17.746783273964276,-367.84691601452886,3.3213860818880727,-45.44165937995689,-662.8690030712341
2.387225,-18.76301770497848,-367.8447273113177,3.2985823935727234,-45.77309388149232,-662.8690030712341
2.387725,-17.203979419839563,-367.8427389100996,3.275612988006585,-46.104528383028054,-662.8690030712341
2.388225,-15.302951404643167,-367.8405233717585,3.2524778651896997,-46.43596288456349,-662.8690030712341
2.388725,-16.01319528846905,-367.83881614733497,3.2291770251220266,-46.76739738609921,-662.8690030712341
2.389225,-17.897892986291396,-367.83688916569184,3.205710467803585,-47.098831887634944,-662.8690030712341
2.389725,-18.134295493786844,-367.834708177303,3.1820781932343976,-47.43026638917037,-662.8690030712341
2.390225,-14.798740816352128,-367.83221591607247,3.1582802014144202,-47.76170089070611,-662.8690030712341
2.390725,-12.341268841966352,-367.8287016682677,3.1343164923436753,-48.09313539224183,-662.8690030712341
2.391225,-13.703299548071044,-367.8248134110437,3.110187066022184,-48.42456989377726,-662.8690030712341
2.391725,-15.48346941189988,-367.8202016440432,3.085891922449903,-48.75600439531299,-662.8690030712341
2.3922250000000003,-15.71517279163129,-367.81560659470756,3.0614310616268545,-49.08743889684872,-662.8690030712341
2.392725,-14.418955578351506,-367.8113552150628,3.0368044835530594,-49.41887339838414,-662.8690030712341
2.393225,-15.5475250227634,-367.80674840470266,3.012012188228475,-49.75030789991989,-662.8690030712341
2.3937250000000003,-17.97350188312254,-367.80205425677855,2.9870541756531233,-50.08174240145561,-662.8690030712341
2.394225,-18.46241539602001,-367.7973797047718,2.9619304458270257,-50.41317690299104,-662.8690030712341
2.394725,-18.29758856329644,-367.7930131568853,2.9366409987501383,-50.744611404526765,-662.8690030712341
2.395225,-15.901642599010057,-367.7890405618328,2.9111858344225046,-51.0760459060622,-662.8690030712341
2.395725,-14.34385185382718,-367.78566482117054,2.88556495284408,-51.40748040759794,-662.8690030712341
2.3962250000000003,-15.937760621844324,-367.7824339822708,2.859778354014889,-51.73891490913365,-662.8690030712341
2.396725,-15.27493689818766,-367.7794153388857,2.833826037934953,-52.07034941066909,-662.8690030712341
2.397225,-13.829314251765814,-367.77628185317445,2.8077080046042258,-52.40178391220482,-662.8690030712341
2.3977250000000003,-14.81811602078194,-367.77329601226194,2.78142425402273,-52.733218413740545,-662.8690030712341
2.398225,-13.342726314806049,-367.769848008121,2.7549747861904916,-53.06465291527598,-662.8690030712341
2.398725,-11.509591828366815,-367.76629099228893,2.72835960110746,-53.39608741681171,-662.8690030712341
2.399225,-14.035425442956498,-367.7625574138331,2.7015786987736856,-53.727521918347136,-662.8690030712341
2.399725,-16.42864803384152,-367.75904079139593,2.6746320791891187,-54.05895641988287,-662.8690030712341
2.400225,-14.64052388896421,-367.7546672320779,2.6475197423538086,-54.390390921418295,-662.8690030712341
2.400725,-12.18984190481836,-367.75053268496885,2.6202416882677064,-54.72182542295403,-662.8690030712341
2.401225,-13.08682314417682,-367.746287821941,2.592797916930836,-55.05325992448976,-662.8690030712341
2.401725,-14.568859348566733,-367.74230894543564,2.5651884283432236,-55.3846944260252,-662.8690030712341
2.402225,-13.57052236947732,-367.7382986540643,2.537413222504817,-55.71612892756092,-662.8690030712341
2.402725,-10.810505607222058,-367.7349696049537,2.5094722994156435,-56.04756342909664,-662.8690030712341
2.403225,-8.561290336051806,-367.73202482363916,2.481365659075727,-56.378997930632075,-662.8690030712341
2.403725,-9.766985008510574,-367.7297261742955,2.453093301485018,-56.710432432167806,-662.8690030712341
2.404225,-12.683301792574168,-367.72768493258144,2.4246552266435657,-57.04186693370323,-662.8690030712341
2.404725,-11.48234358415517,-367.72508457849233,2.3960514345513197,-57.373301435238965,-662.8690030712341
2.405225,-8.66156132227787,-367.72203113279284,2.3672819252083075,-57.704735936774696,-662.8690030712341
2.405725,-8.680292924752115,-367.71865979410705,2.3383466986145525,-58.03617043831013,-662.8690030712341
2.406225,-8.906441702863214,-367.71497496262214,2.309245754770004,-58.367604939845855,-662.8690030712341
2.406725,-8.885942941666313,-367.7116740858386,2.279979093674713,-58.699039441381295,-662.8690030712341
2.407225,-8.466849162395151,-367.7086504830755,2.2505467153286283,-59.03047394291703,-662.8690030712341
2.407725,-7.252629292827891,-367.70558767998625,2.220948619731776,-59.36190844445274,-662.8690030712341
2.4082250000000003,-7.631977624327575,-367.7025424618208,2.1911848068841557,-59.69334294598847,-662.8690030712341
2.408725,-6.778389473017613,-367.69973690934023,2.1612552767857944,-60.0247774475239,-662.8690030712341
2.409225,-5.978011998881511,-367.69683345262655,2.131160029436639,-60.356211949059634,-662.8690030712341
2.4097250000000003,-8.433607865677033,-367.6944646848191,2.1008990648367143,-60.68764645059537,-662.8690030712341
2.410225,-7.929444888905299,-367.69195004781636,2.0704723829860505,-61.01908095213079,-662.8690030712341
2.410725,-4.955849716964314,-367.6900479029937,2.0398799838846178,-61.35051545366622,-662.8690030712341
2.4112250000000004,-5.445465035869451,-367.688217732714,2.0091218675323623,-61.68194995520225,-662.8690030712341
2.411725,-6.626259114907862,-367.68694673754896,1.9781980339293956,-62.013384456737676,-662.8690030712341
2.4122250000000003,-7.546117973595668,-367.685203493901,1.9471084830756313,-62.34481895827342,-662.8690030712341
2.412725,-8.653197938083451,-367.68339452024327,1.9158532149711287,-62.67625345980885,-662.8690030712341
2.413225,-4.175745990194597,-367.6821914175341,1.88443222961583,-63.00768796134457,-662.8690030712341
2.4137250000000003,-0.5317098604983386,-367.6809047622556,1.852845527009763,-63.339122462880304,-662.8690030712341
2.414225,-4.181999654341547,-367.67922756009983,1.8210931071529566,-63.67055696441573,-662.8690030712341
2.414725,-7.402953821831725,-367.6774949957376,1.7891749700453825,-64.00199146595116,-662.8690030712341
2.4152250000000004,-5.12873536021272,-367.67602827741763,1.7570911156869835,-64.33342596748719,-662.8690030712341
2.415725,-2.6889495162795094,-367.67511532638207,1.7248415440778737,-64.66486046902263,-662.8690030712341
2.416225,-4.320328488934534,-367.6743099546891,1.6924262552179965,-64.99629497055805,-662.8690030712341
2.4167250000000005,-7.649441558828025,-367.6737992015718,1.6598452491072937,-65.32772947209409,-662.8690030712341
2.417225,-10.139044102621032,-367.6737081460308,1.6270985257458817,-65.65916397362953,-662.8690030712341
2.417725,-8.236709182483496,-367.67411460762725,1.5941860851337004,-65.99059847516496,-662.8690030712341
2.418225,-5.545576844645602,-367.67428074142185,1.5611079272707238,-66.32203297670067,-662.8690030712341
2.418725,-6.969311556838394,-367.6746031970718,1.5278640521570073,-66.65346747823611,-662.8690030712341
2.419225,-9.778528117743653,-367.6755394622651,1.4944544597924942,-66.98490197977183,-662.8690030712341
2.419725,-9.23389322424185,-367.67633099809046,1.4608791501772138,-67.31633648130757,-662.8690030712341
2.420225,-5.745924255533216,-367.677424777457,1.427138123311195,-67.647770982843,-662.8690030712341
2.420725,-3.973903115621833,-367.6778232780434,1.3932313791943778,-67.97920548437872,-662.8690030712341
2.421225,-3.8847685826542646,-367.67832370703377,1.359158917826793,-68.31063998591445,-662.8690030712341
2.421725,-5.6300719945918525,-367.678934617941,1.3249207392084705,-68.64207448744989,-662.8690030712341
2.422225,-7.1185298858257084,-367.67960930706585,1.2905168433393512,-68.97350898898563,-662.8690030712341
2.422725,-6.6009593383155,-367.68118600482507,1.255947230219493,-69.30494349052105,-662.8690030712341
2.423225,-8.5376123862816,-367.6825178306093,1.2212118998488375,-69.63637799205678,-662.8690030712341
2.423725,-10.33736486808285,-367.6839531032637,1.1863108522274128,-69.9678124935925,-662.8690030712341
2.4242250000000003,-11.21627128323671,-367.68560683100276,1.1512440873552208,-70.29924699512823,-662.8690030712341
2.424725,-14.068111454445354,-367.6875668849263,1.1160116052322935,-70.63068149666367,-662.8690030712341
2.425225,-13.717459303957131,-367.6897230538843,1.0806134058585655,-70.9621159981994,-662.8690030712341
2.4257250000000004,-10.09130262203406,-367.69181927474176,1.0450494892340705,-71.2935504997351,-662.8690030712341
2.426225,-9.450809532535809,-367.69443743036277,1.0093198553588387,-71.62498500127056,-662.8690030712341
2.426725,-10.430120183288563,-367.69748597206143,0.9734245042328387,-71.95641950280599,-662.8690030712341
2.427225,-10.024312215435764,-367.7008896496578,0.9373634358560399,-72.28785400434172,-662.8690030712341
2.427725,-9.18313145806794,-367.70446242048536,0.9011366502284729,-72.61928850587745,-662.8690030712341
2.4282250000000003,-7.118586423175353,-367.7078076209984,0.8647441473501383,-72.95072300741316,-662.8690030712341
2.428725,-5.728886086212333,-367.7117629145961,0.8281859272210678,-73.2821575089486,-662.8690030712341
2.429225,-9.024908895824266,-367.7155105883494,0.791461989841197,-73.61359201048433,-662.8690030712341
2.429725,-13.401708131419264,-367.71868536678807,0.7545723352105923,-73.94502651201977,-662.8690030712341
2.430225,-13.006255150036916,-367.7219038146597,0.7175169633291857,-74.27646101355549,-662.8690030712341
2.430725,-11.330389037824634,-367.72529320725994,0.6802958741970453,-74.60789551509092,-662.8690030712341
2.431225,-13.54085773451815,-367.729174182566,0.6429090678141028,-74.93933001662666,-662.8690030712341
2.431725,-15.790415587484,-367.73328306369075,0.6053565441803934,-75.27076451816238,-662.8690030712341
2.432225,-16.633523168952255,-367.73681732188726,0.5676383032959488,-75.60219901969782,-662.8690030712341
2.432725,-13.789009185995416,-367.7408832425369,0.5297543451607035,-75.93363352123355,-662.8690030712341
2.433225,-9.96741149622623,-367.74521698795076,0.4917046697746899,-76.26506802276928,-662.8690030712341
2.433725,-11.149880697240206,-367.7495381359127,0.45348927713794285,-76.59650252430471,-662.8690030712341
2.434225,-14.100073325037052,-367.7543109827544,0.41510816725039384,-76.92793702584042,-662.8690030712341
2.434725,-13.452754589799166,-367.7588107734996,0.37656134011211095,-77.25937152737586,-662.8690030712341
2.435225,-10.461117307761134,-367.7629198650651,0.33784879572302623,-77.59080602891159,-662.8690030712341
2.435725,-10.00150364774152,-367.7665501199702,0.2989705340831735,-77.92224053044733,-662.8690030712341
2.436225,-11.41978589451827,-367.76995163498304,0.2599265551925878,-78.25367503198275,-662.8690030712341
2.436725,-12.604818791600056,-367.77254350608416,0.22071685905119884,-78.58510953351848,-662.8690030712341
2.437225,-12.6595758411651,-367.77421475967446,0.18134144565904242,-78.91654403505422,-662.8690030712341
2.437725,-11.463420420457345,-367.7765074247664,0.14180031501615384,-79.24797853658964,-662.8690030712341
2.438225,-12.790131223497369,-367.77835886586365,0.10209346712246199,-79.57941303812538,-662.8690030712341
2.4387250000000003,-12.04216803259964,-367.7802572891132,0.0622209019780023,-79.91084753966109,-662.8690030712341
2.439225,-10.034548989225662,-367.78202723536305,0.02218261958280959,-80.24228204119652,-662.8690030712341
2.439725,-11.90156204997442,-367.78359087467567,-0.018021380063186196,-80.57371654273226,-662.8690030712341
2.4402250000000003,-12.54346462106028,-367.78525405781147,-0.058391096959949644,-80.905151044268,-662.8690030712341
2.440725,-9.796911353362656,-367.7869221299154,-0.09892653110744525,-81.23658554580342,-662.8690030712341
2.441225,-9.198232572089076,-367.78906597778786,-0.139627682505744,-81.56802004733915,-662.8690030712341
2.4417250000000004,-10.66163466815654,-367.7910560603989,-0.180494551154812,-81.89945454887487,-662.8690030712341
2.442225,-12.004562673634268,-367.793163317828,-0.22152713705461008,-82.2308890504103,-662.8690030712341
2.4427250000000003,-12.699025781419495,-367.7946278899275,-0.262725440205213,-82.56232355194605,-662.8690030712341
2.4432250000000004,-9.492315137132078,-367.7953314086794,-0.30408946060658343,-82.89375805348176,-662.8690030712341
2.443725,-5.698863420719545,-367.7955338828943,-0.34561919825868515,-83.2251925550172,-662.8690030712341
2.4442250000000003,-8.183839502878289,-367.7955337190452,-0.3873146531615918,-83.55662705655293,-662.8690030712341
2.444725,-10.859390973876582,-367.7951734542291,-0.429175825315229,-83.88806155808835,-662.8690030712341
2.445225,-7.5423605663698705,-367.7948422950521,-0.47120271471967096,-84.21949605962409,-662.8690030712341
2.4457250000000004,-6.186794898972055,-367.79462716784695,-0.5133953213748805,-84.55093056115982,-662.8690030712341
2.446225,-7.8124994072465395,-367.7946541105295,-0.5557536452808223,-84.88236506269524,-662.8690030712341
2.446725,-9.048119405304115,-367.79394909485177,-0.5982776864375298,-85.21379956423067,-662.8690030712341
2.4472250000000004,-11.477713400788868,-367.7931282986728,-0.6409674448450808,-85.5452340657667,-662.8690030712341
2.447725,-11.114856814596484,-367.79178003092176,-0.683822920503324,-85.87666856730215,-662.8690030712341
2.448225,-8.881307508146955,-367.79129474311696,-0.7268441134123353,-86.20810306883757,-662.8690030712341
2.448725,-9.996144490565214,-367.7906936027295,-0.7700310235721523,-86.5395375703733,-662.8690030712341
2.449225,-12.900035158895164,-367.79033135943445,-0.8133836509827383,-86.87097207190902,-662.8690030712341
2.449725,-11.829143403440508,-367.7898141036706,-0.856901995644052,-87.20240657344445,-662.8690030712341
2.450225,-9.038582716458818,-367.78868834462094,-0.9005860575561727,-87.53384107498019,-662.8690030712341
2.450725,-7.891664055090587,-367.7865792835875,-0.9444358367190221,-87.86527557651561,-662.8690030712341
2.451225,-6.331637049309041,-367.7846956701574,-0.9884513331326785,-88.19671007805135,-662.8690030712341
2.451725,-6.015690790090059,-367.7823108303458,-1.032632546797103,-88.52814457958708,-662.8690030712341
2.452225,-6.96646371079954,-367.77987878272427,-1.0769794777122565,-88.85957908112249,-662.8690030712341
2.452725,-6.8516152961452494,-367.77707954777435,-1.1214921258782165,-89.19101358265826,-662.8690030712341
2.453225,-8.574121965297588,-367.7744480275504,-1.1661704912949435,-89.52244808419395,-662.8690030712341
2.453725,-8.23547408830873,-367.7722770756972,-1.2110145739623999,-89.8538825857294,-662.8690030712341
2.454225,-7.716486960743867,-367.77012887584345,-1.2560243738806638,-90.18531708726513,-662.8690030712341
2.4547250000000003,-11.140268282427824,-367.7682245097793,-1.3011998910496951,-90.51675158880084,-662.8690030712341
2.455225,-12.002685183210293,-367.766209012713,-1.346541125469454,-90.84818609033628,-662.8690030712341
2.455725,-9.037252456293194,-367.76457453730677,-1.3920480771400212,-91.17962059187201,-662.8690030712341
2.4562250000000003,-7.738812793590459,-367.763477693719,-1.4377207460613568,-91.51105509340773,-662.8690030712341
2.456725,-8.021771910739698,-367.7619086563098,-1.483559132233419,-91.84248959494317,-662.8690030712341
2.457225,-9.183192404393978,-367.76058144547824,-1.5295632356562894,-92.1739240964789,-662.8690030712341
2.457725,-9.73182081081018,-367.7591354169338,-1.5757330563298884,-92.50535859801433,-662.8690030712341
2.458225,-6.244822203242298,-367.75692630411777,-1.6220685942542936,-92.83679309955008,-662.8690030712341
2.4587250000000003,-3.756967746318612,-367.7548553632485,-1.6685698494294683,-93.16822760108582,-662.8690030712341
2.459225,-7.234100653690059,-367.75224401963777,-1.7152368218553695,-93.49966210262122,309.73080077823863
2.459725,-11.90672517021894,-367.7497255220673,-1.7619479365565978,-93.34479670223203,309.73080077823863
2.4602250000000003,-10.889434085665943,-367.74699762446556,-1.8085816185576336,-93.18993130184288,309.73080077823863
2.460725,-9.818746052421517,-367.74436334787015,-1.8551378678584312,-93.03506590145385,309.73080077823863
2.461225,-12.18417326666184,-367.7418684433423,-1.9016166844590763,-92.88020050106466,309.73080077823863
2.461725,-14.225537048339472,-367.73926978699336,-1.948018068359486,-92.72533510067564,309.73080077823863
2.462225,-15.997853204482416,-367.736638384756,-1.9943420195597414,-92.57046970028647,309.73080077823863
2.462725,-13.665358688255314,-367.7348142498543,-2.040588538059762,-92.41560429989742,309.73080077823863
2.463225,-9.685916263155717,-367.73307161177553,-2.0867576238596284,-92.26073889950827,309.73080077823863
2.463725,-10.95062776616206,-367.73140400378986,-2.132849276959301,-92.10587349911908,309.73080077823863
2.464225,-13.77486341214066,-367.729614638624,-2.1788634973587375,-91.95100809873006,309.73080077823863
2.464725,-11.736832205375167,-367.728580928772,-2.224800285058021,-91.7961426983409,309.73080077823863
2.465225,-8.589113201277986,-367.7272046884243,-2.27065964005711,-91.64127729795172,309.73080077823863
2.465725,-9.111008249349254,-367.72591966828503,-2.316441562355963,-91.48641189756269,309.73080077823863
2.466225,-11.163073321351812,-367.72450381924625,-2.362146051954662,-91.3315464971735,309.73080077823863
2.466725,-12.30257846290314,-367.72304777910955,-2.4077731088531267,-91.17668109678448,309.73080077823863
2.467225,-13.79300890923272,-367.7213084843521,-2.4533227330514364,-91.02181569639531,309.73080077823863
2.467725,-12.52961313336171,-367.7196296828544,-2.4987949245495518,-90.86695029600612,309.73080077823863
2.468225,-14.367833131146025,-367.71758781097685,-2.5441896833474322,-90.7120848956171,309.73080077823863
2.468725,-17.202891812702976,-367.7164143586749,-2.5895070094451587,-90.55721949522793,309.73080077823863
2.469225,-16.11770957243481,-367.7151067448509,-2.6347469028426507,-90.40235409483888,309.73080077823863
2.469725,-15.627663972809406,-367.71403847007775,-2.6799093635399878,-90.24748869444971,309.73080077823863
2.470225,-13.865953679656531,-367.71301391221493,-2.72499439153713,-90.09262329406056,309.73080077823863
2.4707250000000003,-11.855397302348662,-367.7119424228297,-2.770001986834079,-89.93775789367137,309.73080077823863
2.471225,-12.40214248130994,-367.7110177902233,-2.8149321494307924,-89.78289249328235,309.73080077823863
2.471725,-12.086417754939436,-367.710473922826,-2.859784879327351,-89.62802709289318,309.73080077823863
2.4722250000000003,-10.876596387482948,-367.7099977409619,-2.904560176523715,-89.47316169250401,309.73080077823863
2.472725,-10.39821444272992,-367.71005797632546,-2.949258041019845,-89.31829629211498,309.73080077823863
2.473225,-10.006536837215249,-367.70989321880086,-2.9938784728157812,-89.16343089172594,309.73080077823863
2.4737250000000004,-9.744307894138617,-367.709677706736,-3.038421471911601,-89.00856549133663,309.73080077823863
2.474225,-13.074702665676224,-367.70918498721085,-3.082887038307147,-88.8537000909476,309.73080077823863
2.4747250000000003,-14.307753885296083,-367.7085989572605,-3.127275172002538,-88.69883469055841,309.73080077823863
2.475225,-11.820055113982953,-367.70811349993824,-3.1715858729976962,-88.54396929016939,309.73080077823863
2.475725,-12.76799188475879,-367.707947596164,-3.2158191412926986,-88.38910388978024,309.73080077823863
2.4762250000000003,-15.711752314670417,-367.70819809541854,-3.2599749768875057,-88.23423848939106,309.73080077823863
2.476725,-15.964682275490892,-367.7086460924637,-3.304053379782079,-88.07937308900202,309.73080077823863
2.477225,-13.81984055129524,-367.70906362225213,-3.348054349976459,-87.92450768861296,309.73080077823863
2.4777250000000004,-11.58606924531391,-367.709949891641,-3.3919778874707225,-87.76964228822366,309.73080077823863
2.478225,-11.21862127606405,-367.7109721064138,-3.4358239922647122,-87.61477688783464,309.73080077823863
2.478725,-14.11317405084736,-367.71265886274864,-3.4795926643585076,-87.45991148744561,309.73080077823863
2.4792250000000005,-14.465301045950586,-367.71424287103423,-3.5232839037521857,-87.3050460870563,309.73080077823863
2.479725,-10.696227993282584,-367.7158699971033,-3.566897710445594,-87.15018068666726,309.73080077823863
2.480225,-10.746528420889542,-367.71703761457326,-3.610434084438806,-86.99531528627823,309.73080077823863
2.480725,-11.976579766254826,-367.71788029859584,-3.653893025731862,-86.84044988588906,309.73080077823863
2.481225,-11.300330820089885,-367.7188149331504,-3.6972745343246864,-86.68558448550002,309.73080077823863
2.481725,-11.315028913755633,-367.7194930570447,-3.7405786102173533,-86.53071908511086,309.73080077823863
2.482225,-10.939054574258808,-367.7201563468054,-3.7838052534098257,-86.37585368472169,309.73080077823863
2.482725,-10.584397774477036,-367.7208083067846,-3.826954463902066,-86.22098828433265,309.73080077823863
2.483225,-11.67108231127862,-367.72186750839774,-3.8700262416941493,-86.06612288394348,309.73080077823863
2.483725,-10.97193485757197,-367.72289419886243,-3.9130205867860375,-85.91125748355431,309.73080077823863
2.484225,-9.95504518303542,-367.7242660430223,-3.955937499177693,-85.75639208316528,309.73080077823863
2.484725,-11.733317897941411,-367.7258340289807,-3.9987769788691923,-85.6015266827761,309.73080077823863
2.485225,-11.520534804808896,-367.7278457167069,-4.04153902586046,-85.44666128238707,309.73080077823863
2.485725,-9.198100618395076,-367.7299107983362,-4.084223640151571,-85.29179588199791,309.73080077823863
2.486225,-9.748530033159588,-367.7322323752891,-4.126830821742486,-85.13693048160873,309.73080077823863
2.4867250000000003,-10.126211765213023,-367.7347453778408,-4.169360570633207,-84.98206508121955,309.73080077823863
2.487225,-10.793409283981203,-367.73767100711416,-4.211812886823696,-84.82719968083052,309.73080077823863
2.487725,-11.446263529108084,-367.73995137085217,-4.254187770314028,-84.67233428044135,309.73080077823863
2.4882250000000004,-7.455884529081554,-367.7425214011708,-4.296485221104166,-84.51746888005219,309.73080077823863
2.488725,-4.428821716810735,-367.7450153939537,-4.338705239194071,-84.36260347966315,309.73080077823863
2.489225,-8.437747046046468,-367.74755743139076,-4.380847824583783,-84.20773807927411,309.73080077823863
2.489725,-10.566159942054568,-367.75030430401983,-4.422912977273337,-84.05287267888495,309.73080077823863
2.490225,-7.412503852997124,-367.75282116667586,-4.464900697262695,-83.89800727849578,309.73080077823863
2.4907250000000003,-6.3722905302098285,-367.75492307752296,-4.506810984551859,-83.74314187810661,309.73080077823863
2.491225,-8.973016920536153,-367.757859646656,-4.548643839140793,-83.58827647771757,309.73080077823863
2.491725,-11.702461909629768,-367.7604018697898,-4.590399261029569,-83.4334110773284,309.73080077823863
2.492225,-13.224870117283364,-367.7634170699492,-4.632077250218113,-83.27854567693937,309.73080077823863
2.492725,-9.98509483094056,-367.7667609522799,-4.6736778067064995,-83.12368027655019,309.73080077823863
2.493225,-8.563021949519142,-367.7701129154622,-4.715200930494653,-82.96881487616116,309.73080077823863
2.493725,-11.649793749897125,-367.7737948191386,-4.756646621582651,-82.81394947577199,309.73080077823863
2.494225,-12.682399007937414,-367.7774732012992,-4.798014879970452,-82.65908407538282,309.73080077823863
2.494725,-10.160642763659355,-367.78107929189764,-4.839305705658024,-82.50421867499378,309.73080077823863
2.495225,-7.559066956995643,-367.78413389231787,-4.880519098645438,-82.34935327460461,309.73080077823863
2.495725,-6.861194977243232,-367.7868786057233,-4.921655058932657,-82.19448787421543,309.73080077823863
2.496225,-7.087702252175532,-367.7898196991802,-4.962713586519644,-82.03962247382641,309.73080077823863
2.496725,-8.001490688869158,-367.7926410880291,-5.003694681406473,-81.88475707343723,309.73080077823863
2.497225,-8.107274849669846,-367.7954370027978,-5.044598343593072,-81.7298916730482,309.73080077823863
2.497725,-8.141308392709067,-367.79780746995664,-5.0854245730795125,-81.57502627265904,309.73080077823863
2.498225,-10.551667960937646,-367.80047100959786,-5.12617336986576,-81.42016087226988,309.73080077823863
2.498725,-11.296039217928255,-367.8035464629994,-5.166844733951774,-81.26529547188085,309.73080077823863
2.499225,-11.104014739178702,-367.80647891795866,-5.207438665337631,-81.11043007149166,309.73080077823863
2.499725,-13.662123923373752,-367.80969258698417,-5.247955164023293,-80.95556467110248,309.73080077823863
2.500225,-11.700666213009008,-367.8132176041743,-5.288394230008723,-80.80069927071345,309.73080077823863
2.500725,-9.155707193875433,-367.817035448475,-5.328755863293997,-80.64583387032428,309.73080077823863
2.5012250000000003,-9.671533462649254,-367.82100633203976,-5.369040063879075,-80.49096846993511,309.73080077823863
2.501725,-8.934937164890233,-367.8248314235599,-5.409246831763925,-80.33610306954608,309.73080077823863
2.502225,-9.258190490191588,-367.82856738898374,-5.449376166948613,-80.1812376691569,309.73080077823863
2.5027250000000003,-9.262986689331456,-367.8317460480651,-5.489428069433107,-80.02637226876774,309.73080077823863
2.503225,-6.45601227106809,-367.8351521539239,-5.529402539217371,-79.87150686837869,309.73080077823863
2.503725,-5.580840729812311,-367.83796006060277,-5.569299576301475,-79.71664146798953,309.73080077823863
2.5042250000000004,-10.856788567034982,-367.8407810445724,-5.609119180685387,-79.56177606760036,309.73080077823863
2.504725,-13.399513827013754,-367.8435303139744,-5.648861352369067,-79.40691066721133,309.73080077823863
2.5052250000000003,-11.089131934356704,-367.845820072698,-5.688526091352589,-79.25204526682217,309.73080077823863
2.5057250000000004,-11.807093227985405,-367.8483417557058,-5.7281133976359175,-79.097179866433,309.73080077823863
2.506225,-13.231564768876115,-367.8510448902211,-5.767623271219015,-78.94231446604397,309.73080077823863
2.5067250000000003,-14.415933857497503,-367.8535921705587,-5.807055712101953,-78.78744906565478,309.73080077823863
2.507225,-14.58011591111239,-367.8565217478798,-5.846410720284661,-78.63258366526576,309.73080077823863
2.507725,-10.317109379051912,-367.85948338935486,-5.88568829576721,-78.47771826487657,309.73080077823863
2.5082250000000004,-7.366060958810709,-367.86245367926347,-5.924888438549563,-78.32285286448742,309.73080077823863
2.508725,-9.608125692324077,-367.86564232176585,-5.964011148631688,-78.16798746409836,309.73080077823863
2.509225,-10.78382386589614,-367.86900710966927,-6.003056426013618,-78.01312206370933,309.73080077823863
2.5097250000000004,-8.831758099506567,-367.8724326747313,-6.042024270695425,-77.85825666332003,309.73080077823863
2.510225,-7.532541303609951,-367.87575312582806,-6.080914682676966,-77.703391262931,309.73080077823863
2.510725,-7.944604793624213,-367.87854160029127,-6.119727661958311,-77.54852586254196,309.73080077823863
2.511225,-9.850994455064091,-367.88124570537,-6.1584632085395,-77.3936604621528,309.73080077823863
2.511725,-12.200456491250772,-367.88367532410217,-6.19712132242049,-77.23879506176361,309.73080077823863
2.512225,-12.715596669775076,-367.88642147612984,-6.235702003601254,-77.0839296613746,309.73080077823863
2.512725,-12.317758112817724,-367.8883782692115,-6.274205252081856,-76.92906426098541,309.73080077823863
2.513225,-12.215071028053874,-367.89110569123613,-6.312631067862229,-76.77419886059639,309.73080077823863
2.513725,-12.035982497902804,-367.89345034390897,-6.350979450942443,-76.61933346020723,309.73080077823863
2.514225,-12.71900179946737,-367.8955078589148,-6.389250401322463,-76.46446805981805,309.73080077823863
2.514725,-13.276689351539684,-367.8974800205793,-6.427443919002254,-76.30960265942902,309.73080077823863
2.515225,-10.472665618067198,-367.8997061649779,-6.465560003981885,-76.15473725903983,309.73080077823863
2.515725,-7.277398750346551,-367.90200316301014,-6.503598656261318,-75.99987185865066,309.73080077823863
2.516225,-8.794133004490451,-367.9044939025472,-6.5415598758405284,-75.84500645826164,309.73080077823863
2.516725,-10.031791300480553,-367.9070555912412,-6.579443662719572,-75.69014105787245,309.73080077823863
2.5172250000000003,-9.550621117564768,-367.90971271005714,-6.617250016898423,-75.5352756574833,309.73080077823863
2.517725,-8.841609363249379,-367.91163696033516,-6.654978938377047,-75.38041025709425,309.73080077823863
2.518225,-6.149067709379288,-367.9126698210104,-6.6926304271555095,-75.22554485670508,309.73080077823863
2.5187250000000003,-6.686949390745312,-367.9138250069715,-6.730204483233777,-75.07067945631591,309.73080077823863
2.519225,-10.248646617625464,-367.9148414698711,-6.767701106611818,-74.91581405592689,309.73080077823863
2.519725,-8.945670081271889,-367.9157268059713,-6.8051202972896965,-74.7609486555377,309.73080077823863
2.520225,-8.138915586307922,-367.9162517424145,-6.8424620552673465,-74.60608325514868,309.73080077823863
2.520725,-10.213380272760812,-367.9171032861249,-6.879726380544835,-74.4512178547595,309.73080077823863
2.5212250000000003,-10.075797618226824,-367.9175717457656,-6.916913273122132,-74.29635245437034,309.73080077823863
2.521725,-10.979092640296797,-367.9182957620428,-6.9540227329991975,-74.14148705398131,309.73080077823863
2.522225,-12.403076555935836,-367.91929386060065,-6.991054760176104,-73.98662165359214,309.73080077823863
2.5227250000000003,-10.938404005491638,-367.92096863792955,-7.028009354652815,-73.83175625320295,309.73080077823863
2.523225,-10.71872040680194,-367.92291445800123,-7.0648865164293,-73.67689085281393,309.73080077823863
2.523725,-13.497427152678958,-367.9255801158406,-7.101686245505623,-73.52202545242474,309.73080077823863
2.524225,-12.463888894454817,-367.92819701765666,-7.138408541881717,-73.36716005203571,309.73080077823863
2.524725,-9.828385650406352,-367.9310675641133,-7.175053405557648,-73.21229465164656,309.73080077823863
2.525225,-10.047601026964657,-367.9337004639205,-7.211620836533355,-73.0574292512575,309.73080077823863
2.525725,-9.269598216159752,-367.9366830885491,-7.248110834808898,-72.90256385086835,309.73080077823863
2.526225,-8.251755527171298,-367.9396581473633,-7.2845234003842485,-72.74769845047918,309.73080077823863
2.526725,-8.943233050766793,-367.9421649365536,-7.320858533259369,-72.59283305009015,309.73080077823863
2.527225,-9.56451000222756,-367.9449198502582,-7.35711623343433,-72.43796764970097,309.73080077823863
2.527725,-11.223832868740102,-367.9467596367675,-7.393296500909095,-72.2831022493118,309.73080077823863
2.528225,-12.764501960420915,-367.94917784273224,-7.429399335683632,-72.12823684892277,309.73080077823863
2.528725,-12.051028151585292,-367.9516899848014,-7.46542473775801,-71.97337144853358,309.73080077823863
2.529225,-12.336373087235724,-367.9543366614202,-7.501372707132159,-71.81850604814457,309.73080077823863
2.529725,-15.931245510073154,-367.95747381278557,-7.537243243806146,-71.6636406477554,309.73080077823863
2.530225,-14.81441582183418,-367.96135096399917,-7.5730363477799365,-71.50877524736622,309.73080077823863
2.530725,-10.621517054719735,-367.96524360661834,-7.608752019053503,-71.35390984697719,309.73080077823863
2.531225,-10.44811764075688,-367.96995036439074,-7.64439025762691,-71.19904444658802,309.73080077823863
2.531725,-11.16664722967264,-367.97433340093784,-7.679951063500085,-71.04417904619898,309.73080077823863
2.532225,-11.332583788452324,-367.9791618938669,-7.7154344366731005,-70.88931364580982,309.73080077823863
2.532725,-9.862566657042205,-367.9839155795089,-7.750840377145918,-70.73444824542064,309.73080077823863
2.5332250000000003,-6.425954967462536,-367.98848050536833,-7.786168884918544,-70.57958284503148,309.73080077823863
2.533725,-7.697689668777596,-367.9926462481912,-7.821419959990943,-70.42471744464244,309.73080077823863
2.534225,-12.835190872431898,-367.99710672368246,-7.856593602363179,-70.26985204425327,309.73080077823863
2.5347250000000003,-13.398388221710984,-368.00115828007677,-7.891689812035218,-70.11498664386409,309.73080077823863
2.535225,-11.7562898998383,-368.00495606047804,-7.926708589007034,-69.96012124347506,309.73080077823863
2.535725,-14.121667163431994,-368.00924932112406,-7.961649933278656,-69.80525584308603,309.73080077823863
2.5362250000000004,-16.799183055505434,-368.0135797419369,-7.996513844850143,-69.65039044269672,309.73080077823863
2.536725,-17.949701533492455,-368.0182323540705,-8.031300323721375,-69.49552504230768,309.73080077823863
2.5372250000000003,-16.470816609574648,-368.0230502675672,-8.066009369892443,-69.34065964191852,309.73080077823863
2.537725,-12.840101226648311,-368.0278109863329,-8.100640983363284,-69.18579424152948,309.73080077823863
2.538225,-14.103580626483062,-368.0324532345832,-8.135195164133966,-69.03092884114032,309.73080077823863
2.5387250000000003,-16.426112742457722,-368.03819722290245,-8.16967191220445,-68.87606344075114,309.73080077823863
2.539225,-14.636525025797956,-368.04396673228416,-8.204071227574708,-68.72119804036211,309.73080077823863
2.539725,-12.435817715088046,-368.04999781970713,-8.238393110244775,-68.56633263997307,309.73080077823863
2.5402250000000004,-12.130426227191387,-368.056075874048,-8.272637560214706,-68.41146723958376,309.73080077823863
2.540725,-13.267126494816276,-368.06123148936797,-8.30680457748438,-68.25660183919473,309.73080077823863
2.541225,-15.02471715438825,-368.06616270213067,-8.340894162053862,-68.1017364388057,309.73080077823863
2.5417250000000005,-15.492933307573995,-368.0708197618153,-8.374906313923209,-67.94687103841639,309.73080077823863
2.542225,-15.144768681340423,-368.0753098540174,-8.408841033092301,-67.79200563802735,309.73080077823863
2.542725,-16.279024132659035,-368.0799659884855,-8.442698319561197,-67.63714023763832,309.73080077823863
2.543225,-17.19280805094551,-368.08443094493924,-8.476478173329932,-67.48227483724915,309.73080077823863
2.543725,-16.777721921661694,-368.0892427025847,-8.510180594398442,-67.32740943686012,309.73080077823863
2.544225,-16.2970621602002,-368.09428354639425,-8.543805582766783,-67.17254403647095,309.73080077823863
2.544725,-15.260116411960375,-368.09953980760787,-8.577353138434933,-67.01767863608177,309.73080077823863
2.545225,-13.162330793512757,-368.1048396230174,-8.610823261402858,-66.86281323569274,309.73080077823863
2.545725,-12.072328477048275,-368.1106463181407,-8.64421595167062,-66.70794783530356,309.73080077823863
2.546225,-12.833834920897042,-368.1160921986067,-8.677531209238184,-66.5530824349144,309.73080077823863
2.546725,-12.38045728100794,-368.12120418933284,-8.710769034105525,-66.39821703452537,309.73080077823863
2.547225,-11.90707331669626,-368.12650018421107,-8.7439294262727,-66.2433516341362,309.73080077823863
2.547725,-11.942708964118712,-368.1318471075699,-8.777012385739656,-66.08848623374718,309.73080077823863
2.548225,-10.57469942324267,-368.13689536190515,-8.810017912506444,-65.93362083335799,309.73080077823863
2.548725,-11.687154140369548,-368.1416357209597,-8.842946006573035,-65.77875543296881,309.73080077823863
2.5492250000000003,-14.92623674342469,-368.1462461726765,-8.875796667939433,-65.62389003257965,309.73080077823863
2.549725,-13.804707095724815,-368.15040356037645,-8.908569896605607,-65.46902463219061,309.73080077823863
2.550225,-11.989112627856418,-368.1544591866689,-8.941265692571617,-65.31415923180144,309.73080077823863
2.5507250000000004,-13.34179430679601,-368.158647341717,-8.97388405583743,-65.15929383141226,309.73080077823863
2.551225,-14.581292043450038,-368.16284544928266,-9.006424986403022,-65.00442843102324,309.73080077823863
2.551725,-13.480360840327071,-368.1678988221485,-9.03888848426842,-64.84956303063422,309.73080077823863
2.552225,-11.85341338881363,-368.17257413702606,-9.071274549433648,-64.69469763024503,309.73080077823863
2.552725,-10.342020814158454,-368.17788286608356,-9.103583181898683,-64.53983222985586,309.73080077823863
2.5532250000000003,-10.39785767106393,-368.1836264473053,-9.135814381663526,-64.38496682946669,309.73080077823863
2.553725,-12.175547440069629,-368.18900284357653,-9.167968148728145,-64.23010142907765,309.73080077823863
2.554225,-10.652691270234229,-368.19485792480435,-9.200044483092597,-64.07523602868848,309.73080077823863
2.554725,-8.418758833953799,-368.20040572378326,-9.232043384756826,-63.92037062829946,309.73080077823863
2.555225,-8.776554895149584,-368.2059701963318,-9.263964853720891,-63.76550522791028,309.73080077823863
2.555725,-8.828327338762795,-368.2110651926101,-9.295808889984725,-63.61063982752125,309.73080077823863
2.556225,-9.49367107170103,-368.21611750175657,-9.327575493548403,-63.455774427132084,309.73080077823863
2.556725,-10.419745422529438,-368.22076729633693,-9.359264664411882,-63.30090902674291,309.73080077823863
2.557225,-9.788089984337176,-368.2253494356136,-9.390876402575138,-63.14604362635387,309.73080077823863
2.557725,-11.203044305470655,-368.23005834854024,-9.422410708038226,-62.991178225964696,309.73080077823863
2.558225,-11.745811833027238,-368.2347483882066,-9.453867580801123,-62.836312825575526,309.73080077823863
2.558725,-11.15092469459096,-368.2401002376158,-9.485247020863799,-62.6814474251865,309.73080077823863
2.559225,-12.579675725591152,-368.2464471162824,-9.516549028226303,-62.526582024797335,309.73080077823863
2.559725,-11.216621658365954,-368.252612213995,-9.547773602888588,-62.3717166244083,309.73080077823863
2.560225,-8.575369202580964,-368.25916929198877,-9.578920744850707,-62.21685122401912,309.73080077823863
2.560725,-8.425069369192173,-368.26617721257105,-9.60999045411263,-62.061985823629946,309.73080077823863
2.561225,-8.499617613945592,-368.273545942505,-9.64098273067433,-61.90712042324091,309.73080077823863
2.561725,-7.086667979125188,-368.28109994016893,-9.671897574535864,-61.75225502285175,309.73080077823863
2.562225,-7.296552012990349,-368.28893862773236,-9.7027349856972,-61.59738962246258,309.73080077823863
2.562725,-6.245149773969278,-368.29604165002047,-9.733494964158318,-61.44252422207354,309.73080077823863
2.563225,-2.9651306847364447,-368.30257516914645,-9.764177509919268,-61.287658821684374,309.73080077823863
2.5637250000000003,-6.176135542432847,-368.3091709325945,-9.794782622980028,-61.132793421295204,309.73080077823863
2.564225,-10.296281245491128,-368.31533363839475,-9.825310303340556,-60.97792802090616,309.73080077823863
2.564725,-8.48748117404627,-368.32135630724997,-9.855760551000923,-60.82306262051701,309.73080077823863
2.5652250000000003,-8.15237649757557,-368.3265613419534,-9.886133365961092,-60.66819722012782,309.73080077823863
2.565725,-10.350620756564169,-368.3322173581236,-9.916428748221042,-60.513331819738795,309.73080077823863
2.566225,-10.82215700982881,-368.3375071398388,-9.946646697780823,-60.35846641934961,309.73080077823863
2.5667250000000004,-11.412232272709138,-368.3439800753698,-9.976787214640414,-60.203601018960455,309.73080077823863
2.567225,-9.82912867607858,-368.3507690428704,-10.00685029879978,-60.04873561857141,309.73080077823863
2.5677250000000003,-7.145804692987197,-368.3581005847544,-10.036835950258979,-59.89387021818224,309.73080077823863
2.5682250000000004,-8.13339989188978,-368.36588884549417,-10.066744169017982,-59.739004817793074,309.73080077823863
2.568725,-9.3740143761956,-368.3733527168474,-10.096574955076765,-59.584139417404046,309.73080077823863
2.5692250000000003,-6.782195849918489,-368.3804516295553,-10.126328308435381,-59.42927401701487,309.73080077823863
2.569725,-5.031318276983045,-368.3870198380673,-10.156004229093774,-59.274408616625834,309.73080077823863
2.570225,-6.9666159596884665,-368.3936014722403,-10.185602717051998,-59.11954321623667,309.73080077823863
2.5707250000000004,-7.035945204434173,-368.40013576421586,-10.215123772310031,-58.964677815847494,309.73080077823863
2.571225,-7.30434470871359,-368.4062750867694,-10.244567394867843,-58.80981241545847,309.73080077823863
2.571725,-10.127045484693364,-368.4120368435718,-10.273933584725455,-58.654947015069425,309.73080077823863
2.5722250000000004,-10.991678099867093,-368.41725960353995,-10.303222341882927,-58.50008161468012,309.73080077823863
2.572725,-11.549842310994334,-368.42206952083234,-10.332433666340155,-58.345216214291085,309.73080077823863
2.573225,-11.677496333909485,-368.4270443696795,-10.36156755809719,-58.19035081390205,309.73080077823863
2.573725,-10.908817021898388,-368.43196943722097,-10.39062401715405,-58.03548541351289,309.73080077823863
2.574225,-13.872180390371849,-368.4367810782044,-10.419603043510719,-57.88062001312371,309.73080077823863
2.574725,-13.06616868048476,-368.44241373264384,-10.448504637167169,-57.725754612734676,309.73080077823863
2.575225,-9.00337034763522,-368.4476718540902,-10.477328798123448,-57.570889212345506,309.73080077823863
2.575725,-8.749834706308068,-368.4531881711473,-10.506075526379506,-57.41602381195647,309.73080077823863
2.576225,-10.392921873891732,-368.4588268811441,-10.534744821935396,-57.2611584115673,309.73080077823863
2.576725,-11.70025935756798,-368.46390534969794,-10.563336684791095,-57.10629301117813,309.73080077823863
2.577225,-11.44827716538634,-368.4694132103782,-10.591851114946568,-56.95142761078909,309.73080077823863
2.577725,-9.283740956959113,-368.4744634623983,-10.620288112401877,-56.79656221039993,309.73080077823863
2.578225,-8.684387788972286,-368.4785618480622,-10.648647677156985,-56.64169681001075,309.73080077823863
2.578725,-12.35340235521839,-368.4820276334128,-10.676929809211881,-56.48683140962172,309.73080077823863
2.579225,-14.732480489093422,-368.48477511934885,-10.705134508566605,-56.33196600923255,309.73080077823863
2.5797250000000003,-13.179860286384551,-368.4874154511826,-10.733261775221129,-56.177100608843375,309.73080077823863
2.580225,-13.472316111356497,-368.49001649196754,-10.761311609175443,-56.022235208454354,309.73080077823863
2.580725,-14.454524459267343,-368.49286293208803,-10.789284010429581,-55.86736980806517,309.73080077823863
2.5812250000000003,-14.665606851855092,-368.49563925846223,-10.817178978983526,-55.712504407676,309.73080077823863
2.581725,-15.449825657320138,-368.4984708980146,-10.84499651483725,-55.55763900728697,309.73080077823863
2.582225,-13.651242038791016,-368.5022443374166,-10.872736617990805,-55.402773606897796,309.73080077823863
2.582725,-11.829162514348996,-368.50619581693627,-10.900399288444147,-55.24790820650877,309.73080077823863
2.583225,-13.373826718384285,-368.5101234711442,-10.92798452619731,-55.09304280611959,309.73080077823863
2.5837250000000003,-14.688657469091424,-368.51403218610193,-10.955492331250277,-54.938177405730414,309.73080077823863
2.584225,-13.623013882992828,-368.517996392489,-10.982922703603032,-54.783312005341394,309.73080077823863
2.584725,-12.968710079182255,-368.5214934361995,-11.010275643255618,-54.62844660495222,309.73080077823863
2.5852250000000003,-13.275124911658867,-368.5245083907011,-11.037551150208008,-54.47358120456305,309.73080077823863
2.585725,-13.793674576830991,-368.52766027353925,-11.064749224460174,-54.31871580417401,309.73080077823863
2.586225,-15.495295637120568,-368.5304310790562,-11.09186986601217,-54.16385040378484,309.73080077823863
2.586725,-16.40660742515781,-368.533203240791,-11.11891307486395,-54.00898500339581,309.73080077823863
2.587225,-15.83922880142527,-368.5358167661977,-11.145878851015562,-53.85411960300664,309.73080077823863
2.587725,-17.439949619077762,-368.53850815191055,-11.17276719446695,-53.69925420261762,309.73080077823863
2.588225,-17.86667306287425,-368.541504334271,-11.199578105218173,-53.54438880222843,309.73080077823863
2.588725,-16.032730962459944,-368.54470564774596,-11.226311583269197,-53.389523401839256,309.73080077823863
2.589225,-17.567980195785957,-368.5483502335999,-11.252967628620008,-53.23465800145023,309.73080077823863
2.589725,-18.39679105502469,-368.5529489563935,-11.279546241270642,-53.07979260106107,309.73080077823863
2.590225,-15.550760480038054,-368.55769470945467,-11.306047421221088,-52.92492720067188,309.73080077823863
2.590725,-14.590916350698944,-368.562359238022,-11.332471168471308,-52.77006180028285,309.73080077823863
2.591225,-15.900258933366963,-368.5672098121703,-11.358817483021364,-52.61519639989369,309.73080077823863
2.591725,-15.989830544594437,-368.5719584002011,-11.385086364871196,-52.46033099950465,309.73080077823863
2.592225,-16.13539555774016,-368.5767729107329,-11.411277814020858,-52.30546559911548,309.73080077823863
2.592725,-15.04367590060106,-368.58144723664174,-11.43739183047033,-52.15060019872631,309.73080077823863
2.593225,-13.356055254791476,-368.5857885436812,-11.463428414219583,-51.99573479833727,309.73080077823863
2.593725,-16.026278239661185,-368.59025372737443,-11.489387565268661,-51.840869397948104,309.73080077823863
2.594225,-17.958998286676483,-368.5948432773642,-11.515269283617522,-51.68600399755907,309.73080077823863
2.594725,-15.840567612559935,-368.59937765623505,-11.541073569266215,-51.53113859716991,309.73080077823863
2.595225,-16.74675838646537,-368.60429777686016,-11.566800422214708,-51.37627319678073,309.73080077823863
2.5957250000000003,-18.99670834258756,-368.6091836554463,-11.592449842463013,-51.22140779639155,309.73080077823863
2.596225,-18.43938267052661,-368.6146845747111,-11.618021830011097,-51.06654239600253,309.73080077823863
2.596725,-18.14727606461666,-368.62105855975074,-11.64351638485901,-50.91167699561335,309.73080077823863
2.5972250000000003,-16.841987496607437,-368.62786486534225,-11.668933507006727,-50.75681159522418,309.73080077823863
2.597725,-16.562920471237067,-368.6355049287747,-11.694273196454228,-50.60194619483516,309.73080077823863
2.598225,-18.64843487961837,-368.64301194597266,-11.719535453201535,-50.44708079444611,309.73080077823863
2.5987250000000004,-17.243761143672163,-368.6509601341039,-11.744720277248694,-50.292215394056804,309.73080077823863
2.599225,-14.598059037822406,-368.65857897278704,-11.769827668595608,-50.137349993667776,309.73080077823863
2.5997250000000003,-14.502083124195384,-368.6666733803411,-11.79485762724235,-49.98248459327859,309.73080077823863
2.600225,-14.4221238922327,-368.6745013652421,-11.819810153188879,-49.82761919288957,309.73080077823863
2.600725,-14.546786043100685,-368.68172583997017,-11.844685246435239,-49.672753792500394,309.73080077823863
2.6012250000000003,-14.91524671117476,-368.6887059950575,-11.869482906981398,-49.517888392111225,309.73080077823863
2.601725,-15.417497840528291,-368.6957817339176,-11.894203134827343,-49.3630229917222,309.73080077823863
2.602225,-16.776838577106265,-368.70311544308737,-11.91884592997309,-49.208157591333155,309.73080077823863
2.6027250000000004,-18.517334774188782,-368.7103821549707,-11.94341129241869,-49.05329219094385,309.73080077823863
2.603225,-18.29232018032858,-368.71762689262357,-11.967899222164053,-48.898426790554815,309.73080077823863
2.603725,-17.761944737659256,-368.7251767180166,-11.992309719209219,-48.74356139016579,309.73080077823863
2.6042250000000005,-19.66512409184692,-368.7332005770566,-12.016642783554238,-48.588695989776475,309.73080077823863
2.604725,-17.645823641970626,-368.74159779586125,-12.040898415199013,-48.43383058938744,309.73080077823863
2.605225,-14.054799458556529,-368.75067860074404,-12.065076614143596,-48.2789651889984,309.73080077823863
2.605725,-14.615911589343291,-368.7601103555279,-12.089177380388007,-48.12409978860923,309.73080077823863
2.606225,-14.500070203098982,-368.7692385217898,-12.113200713932201,-47.9692343882202,309.73080077823863
2.606725,-13.676025186819867,-368.7787458593993,-12.137146614776226,-47.814368987831024,309.73080077823863
2.607225,-13.03586411453465,-368.78745759959304,-12.161015082920045,-47.659503587441854,309.73080077823863
2.607725,-11.099669026929876,-368.79639415516385,-12.184806118363658,-47.50463818705283,309.73080077823863
2.608225,-11.497659037792276,-368.8047821986175,-12.208519721107097,-47.34977278666366,309.73080077823863
2.608725,-16.134898152471116,-368.81317799626817,-12.232155891150338,-47.19490738627448,309.73080077823863
2.609225,-17.13031420974813,-368.8217067764147,-12.255714628493365,-47.04004198588545,309.73080077823863
2.609725,-14.50324879850788,-368.82958128437787,-12.279195933136219,-46.88517658549629,309.73080077823863
2.610225,-15.378326346838302,-368.837587751444,-12.302599805078856,-46.73031118510724,309.73080077823863
2.610725,-17.49371493595829,-368.84560571228496,-12.32592624432132,-46.57544578471808,309.73080077823863
2.611225,-17.401493208613537,-368.85385434931493,-12.349175250863588,-46.4205803843289,309.73080077823863
2.6117250000000003,-16.19955276354482,-368.86215771418665,-12.372346824705664,-46.26571498393974,309.73080077823863
2.612225,-13.67959857762968,-368.87089256319376,-12.395440965847524,-46.1108495835507,309.73080077823863
2.612725,-12.35428656860148,-368.8795518570239,-12.41845767428921,-45.95598418316153,309.73080077823863
2.6132250000000004,-14.601125029834265,-368.8889216521406,-12.441396950030704,-45.80111878277236,309.73080077823863
2.613725,-14.863234610165025,-368.8983030683123,-12.464258793071975,-45.64625338238333,309.73080077823863
2.614225,-13.38780287593726,-368.90716492435024,-12.48704320341306,-45.491387981994286,309.73080077823863
2.614725,-12.895058479451077,-368.91610577555036,-12.50975018105397,-45.336522581605124,309.73080077823863
2.615225,-12.430739745119398,-368.9241634393204,-12.53237972599468,-45.18165718121595,309.73080077823863
2.6157250000000003,-13.953294522439796,-368.93167346444426,-12.554931838235197,-45.02679178082677,309.73080077823863
2.616225,-15.517957056721931,-368.9385069839309,-12.577406517775502,-44.87192638043774,309.73080077823863
2.616725,-15.203342382809344,-368.9448526919747,-12.599803764615633,-44.71706098004857,309.73080077823863
2.617225,-15.135305376362288,-368.95135684304387,-12.622123578755543,-44.562195579659544,309.73080077823863
2.617725,-15.004288016720524,-368.9577610161141,-12.644365960195284,-44.407330179270375,309.73080077823863
2.618225,-14.94694360400612,-368.96452110712966,-12.666530908934812,-44.25246477888133,309.73080077823863
2.618725,-16.491187960296266,-368.9713117130591,-12.688618424974162,-44.09759937849216,309.73080077823863
2.619225,-16.40088254951937,-368.9778175315178,-12.710628508313317,-43.942733978102986,309.73080077823863
2.619725,-13.859053288017767,-368.98423935136435,-12.73256115895226,-43.78786857771396,309.73080077823863
2.620225,-12.937000874673126,-368.99058351702814,-12.754416376891024,-43.633003177324795,309.73080077823863
2.620725,-14.332264570815443,-368.9972584338441,-12.776194162129597,-43.47813777693562,309.73080077823863
2.621225,-15.001713068379075,-369.0034412949952,-12.79789451466796,-43.32327237654659,309.73080077823863
2.621725,-15.453174126433929,-369.00992270229256,-12.819517434506139,-43.16840697615742,309.73080077823863
2.622225,-14.078164875693798,-369.01573655135843,-12.84106292164411,-43.01354157576838,309.73080077823863
2.622725,-11.516796218001364,-369.02106785347115,-12.862530976081903,-42.85867617537921,309.73080077823863
2.623225,-12.788613718873416,-369.02626405399104,-12.883921597819503,-42.703810774990046,309.73080077823863
2.623725,-16.471221893946343,-369.0303957781413,-12.905234786856889,-42.548945374601004,309.73080077823863
2.624225,-15.741462008288934,-369.0347955456861,-12.926470543194101,-42.394079974211834,309.73080077823863
2.624725,-13.826266502086412,-369.0388275521212,-12.947628866831112,-42.23921457382267,309.73080077823863
2.625225,-15.208762107000414,-369.0429754883475,-12.968709757767922,-42.08434917343363,309.73080077823863
2.625725,-16.466145575665955,-369.04758107379894,-12.989713216004544,-41.92948377304446,309.73080077823863
2.6262250000000003,-17.859120831243224,-369.05185631065746,-13.010639241540977,-41.7746183726553,309.73080077823863
2.626725,-16.60847260279454,-369.0565551311903,-13.031487834377197,-41.619752972266255,309.73080077823863
2.627225,-13.85308904655652,-369.0610808018651,-13.052258994513238,-41.46488757187708,309.73080077823863
2.6277250000000003,-14.667354167742284,-369.06547554782867,-13.072952721949083,-41.31002217148791,309.73080077823863
2.628225,-17.058957736600757,-369.0702113219123,-13.093569016684722,-41.15515677109888,309.73080077823863
2.628725,-15.060512298656173,-369.0743693873932,-13.11410787872018,-41.000291370709704,309.73080077823863
2.6292250000000004,-12.123116046251312,-369.0785096437197,-13.134569308055445,-40.845425970320534,309.73080077823863
2.629725,-13.47679372149239,-369.0822673788056,-13.154953304690496,-40.690560569931506,309.73080077823863
2.6302250000000003,-13.971568664762808,-369.0858785089985,-13.175259868625373,-40.53569516954233,309.73080077823863
2.6307250000000004,-13.243564715660622,-369.0890715519134,-13.195488999860054,-40.380829769153166,309.73080077823863
2.631225,-14.354238939979206,-369.0920738322873,-13.21564069839452,-40.225964368764124,309.73080077823863
2.6317250000000003,-14.56703173609922,-369.0949322465417,-13.235714964228812,-40.07109896837496,309.73080077823863
2.632225,-16.047877364700437,-369.0980327574601,-13.255711797362892,-39.91623356798593,309.73080077823863
2.632725,-17.207899334079237,-369.10108931692156,-13.275631197796795,-39.76136816759675,309.73080077823863
2.6332250000000004,-15.253324227346038,-369.1041845192108,-13.2954731655305,-39.60650276720759,309.73080077823863
2.633725,-16.200123224586875,-369.1077967431319,-13.315237700564,-39.451637366818545,309.73080077823863
2.634225,-18.652114082693988,-369.1119936178655,-13.334924802897296,-39.29677196642951,309.73080077823863
2.6347250000000004,-15.717784928727776,-369.11653164806876,-13.354534472530439,-39.14190656604021,309.73080077823863
2.635225,-13.491168249065506,-369.12167509148287,-13.374066709463351,-38.98704116565117,309.73080077823863
2.635725,-14.25522642113145,-369.12661272161796,-13.393521513696067,-38.832175765262136,309.73080077823863
2.636225,-13.991943395258527,-369.1315815449115,-13.412898885228607,-38.67731036487297,309.73080077823863
2.636725,-14.504087560067273,-369.13600871410335,-13.432198824060952,-38.522444964483796,309.73080077823863
2.637225,-13.711889018130725,-369.1400042982733,-13.451421330193089,-38.36757956409476,309.73080077823863
2.637725,-11.303226275342004,-369.143679460352,-13.470566403625044,-38.212714163705584,309.73080077823863
2.638225,-12.219144144068627,-369.14750094523157,-13.489634044356793,-38.057848763316564,309.73080077823863
2.638725,-15.560495362220204,-369.15131142999104,-13.50862425238836,-37.902983362927394,309.73080077823863
2.639225,-15.922541073609196,-369.1544564030754,-13.52753702771973,-37.74811796253821,309.73080077823863
2.639725,-16.243981901617634,-369.1580886033735,-13.546372370350891,-37.59325256214919,309.73080077823863
2.640225,-18.12864716319154,-369.1617805358373,-13.565130280281874,-37.43838716176002,309.73080077823863
2.640725,-17.437217843736057,-369.1656898251124,-13.583810757512664,-37.283521761370835,309.73080077823863
2.641225,-17.937637205104647,-369.1700972082401,-13.60241380204324,-37.128656360981815,309.73080077823863
2.641725,-18.45649323767657,-369.17485285912227,-13.620939413873643,-36.97379096059262,309.73080077823863
2.6422250000000003,-16.1120080026633,-369.17987393257715,-13.63938759300385,-36.81892556020347,309.73080077823863
2.642725,-15.555405461512516,-369.18508563583777,-13.657758339433842,-36.66406015981443,309.73080077823863
2.643225,-16.081670843279724,-369.1908833563523,-13.676051653163656,-36.50919475942525,309.73080077823863
2.6437250000000003,-14.965956395185364,-369.1967715482532,-13.694267534193278,-36.35432935903609,309.73080077823863
2.644225,-14.394064614193818,-369.20248032344495,-13.712405982522688,-36.19946395864706,309.73080077823863
2.644725,-14.972180221003883,-369.2080049854387,-13.73046699815192,-36.04459855825789,309.73080077823863
2.645225,-14.382874408485204,-369.21373669863175,-13.748450581080942,-35.889733157868854,309.73080077823863
2.645725,-14.835403218036566,-369.21895633547547,-13.766356731309788,-35.73486775747968,309.73080077823863
2.6462250000000003,-16.802902281902686,-369.22398602184995,-13.784185448838434,-35.58000235709051,309.73080077823863
2.646725,-17.359566405855336,-369.22900486620415,-13.801936733666874,-35.42513695670148,309.73080077823863
2.647225,-18.20260516551348,-369.23438027876375,-13.819610585795129,-35.2702715563123,309.73080077823863
2.6477250000000003,-19.099034540356143,-369.24001527268615,-13.837207005223197,-35.11540615592314,309.73080077823863
2.648225,-17.18554703113427,-369.2460245827551,-13.854725991951053,-34.960540755534105,309.73080077823863
2.648725,-17.743796813717243,-369.2520802415307,-13.872167545978728,-34.80567535514493,309.73080077823863
2.649225,-20.16875925101775,-369.25870710750104,-13.889531667306194,-34.6508099547559,309.73080077823863
2.649725,-17.820285400352855,-369.26470999068715,-13.906818355933478,-34.495944554366716,309.73080077823863
2.650225,-14.861923992071988,-369.2718233784133,-13.924027611860556,-34.34107915397769,309.73080077823863
2.650725,-15.715362616230228,-369.2787395255054,-13.941159435087453,-34.186213753588525,309.73080077823863
2.651225,-16.497803432870963,-369.28588553247465,-13.958213825614157,-34.03134835319935,309.73080077823863
2.651725,-17.290453706406183,-369.2920875070712,-13.975190783440649,-33.87648295281031,309.73080077823863
2.652225,-16.736615368277175,-369.29872174336197,-13.992090308566965,-33.72161755242115,309.73080077823863
2.652725,-13.86958293436748,-369.3049902338553,-14.00891240099308,-33.566752152031974,309.73080077823863
2.653225,-15.014468812932076,-369.3111762949725,-14.02565706071899,-33.41188675164294,309.73080077823863
2.653725,-18.33543449389205,-369.3171110625293,-14.042324287744718,-33.25702135125376,309.73080077823863
2.654225,-17.746930811926923,-369.3233922108344,-14.058914082070238,-33.102155950864734,309.73080077823863
2.654725,-16.851827684580865,-369.3298170849907,-14.075426443695582,-32.947290550475564,309.73080077823863
2.655225,-18.37612095350533,-369.335993980272,-14.091861372620727,-32.792425150086395,309.73080077823863
2.655725,-18.96107266807287,-369.3428932502781,-14.108218868845666,-32.63755974969736,309.73080077823863
2.656225,-18.58368168953614,-369.3502419335937,-14.12449893237042,-32.48269434930819,309.73080077823863
2.656725,-17.402835099886815,-369.3581660576853,-14.14070156319497,-32.327828948919155,309.73080077823863
2.657225,-16.684047118391824,-369.3663597328386,-14.156826761319339,-32.172963548529985,309.73080077823863
2.657725,-17.42305423988385,-369.37422484374554,-14.172874526743511,-32.01809814814081,309.73080077823863
2.6582250000000003,-17.499787923241687,-369.3821918316073,-14.188844859467489,-31.86323274775164,309.73080077823863
2.658725,-16.31645579601838,-369.3907514523132,-14.204737759491257,-31.708367347362607,309.73080077823863
2.659225,-14.903330729633248,-369.39942765800294,-14.220553226814847,-31.553501946973434,309.73080077823863
2.6597250000000003,-15.05430215664054,-369.40838133916446,-14.236291261438243,-31.39863654658427,309.73080077823863
2.660225,-15.536350711122916,-369.41733353262185,-14.251951863361429,-31.243771146195233,309.73080077823863
2.660725,-15.381012593170244,-369.4259776593564,-14.267535032584421,-31.0889057458062,309.73080077823863
2.6612250000000004,-15.67492348528218,-369.4347142586143,-14.283040769107245,-30.934040345416893,309.73080077823863
2.661725,-16.529226165318637,-369.4435686515228,-14.29846907292985,-30.779174945027858,309.73080077823863
2.6622250000000003,-17.439484629205896,-369.45275894211136,-14.31381994405227,-30.624309544638685,309.73080077823863
2.662725,-17.674365541542848,-369.4619893385448,-14.329093382474483,-30.469444144249653,309.73080077823863
2.663225,-17.130744114873202,-369.47207830686256,-14.344289388196517,-30.314578743860476,309.73080077823863
2.6637250000000003,-18.104441613767563,-369.4823919126193,-14.35940796121835,-30.159713343471314,309.73080077823863
2.664225,-17.48211176342253,-369.4929097746852,-14.374449101539986,-30.00484794308228,309.73080077823863
2.664725,-14.567979295244296,-369.5037704536916,-14.38941280916142,-29.849982542693244,309.73080077823863
2.6652250000000004,-13.77277481548892,-369.514610578476,-14.40429908408269,-29.695117142303936,309.73080077823863
2.665725,-13.433408293957276,-369.5258384589945,-14.419107926303735,-29.540251741914904,309.73080077823863
2.666225,-13.02013489169064,-369.5365815679837,-14.433839335824585,-29.385386341525866,309.73080077823863
2.6667250000000005,-12.491988328740328,-369.5477873732527,-14.448493312645265,-29.230520941136557,309.73080077823863
2.667225,-10.111965578975353,-369.5590187438608,-14.463069856765728,-29.075655540747523,309.73080077823863
2.667725,-9.135974336082905,-369.5707415487509,-14.477568968186002,-28.9207901403585,309.73080077823863
2.668225,-11.59155209514724,-369.5820626623403,-14.491990646906089,-28.76592473996932,309.73080077823863
2.668725,-13.76248481589165,-369.5935740277152,-14.506334892925967,-28.611059339580287,309.73080077823863
2.669225,-12.105550007184666,-369.6055241417097,-14.520601706245664,-28.456193939191117,309.73080077823863
2.669725,-11.473421476403526,-369.6173397525658,-14.534791086865166,-28.301328538801947,309.73080077823863
2.670225,-13.737162634094116,-369.62939626748346,-14.548903034784463,-28.146463138412912,309.73080077823863
2.670725,-15.4469699727058,-369.6410998470972,-14.562937550003577,-27.991597738023742,309.73080077823863
2.671225,-14.819991372938304,-369.6531490410894,-14.576894632522496,-27.836732337634572,309.73080077823863
2.671725,-12.379236229288274,-369.6655603751041,-14.590774282341208,-27.681866937245537,309.73080077823863
2.672225,-10.39742860496812,-369.67791080283604,-14.60457649945974,-27.527001536856368,309.73080077823863
2.672725,-11.987475434664743,-369.6906741188087,-14.618301283878061,-27.372136136467333,309.73080077823863
2.673225,-12.748104645803815,-369.70334285856654,-14.631948635596203,-27.217270736078163,309.73080077823863
2.673725,-10.916628536020678,-369.71588381083404,-14.64551855461415,-27.062405335688993,309.73080077823863
2.6742250000000003,-9.196929686377292,-369.72782357368743,-14.659011040931903,-26.907539935299827,309.73080077823863
2.674725,-8.627561493841593,-369.7391848487318,-14.672426094549445,-26.75267453491079,309.73080077823863
2.675225,-9.841536086249578,-369.7510256007384,-14.685763715466809,-26.597809134521615,309.73080077823863
2.6757250000000004,-11.741936711660852,-369.76208433490604,-14.699023903683974,-26.44294373413245,309.73080077823863
2.676225,-12.015075377661695,-369.7731727197664,-14.712206659200938,-26.288078333743414,309.73080077823863
2.676725,-11.336388446645843,-369.78405853280594,-14.725311982017704,-26.13321293335438,309.73080077823863
2.677225,-12.55532655269106,-369.79468256961263,-14.73833987213429,-25.978347532965202,309.73080077823863
2.677725,-14.035243180370998,-369.80497295020035,-14.751290329550676,-25.823482132576036,309.73080077823863
2.6782250000000003,-14.539349734485024,-369.81508343537115,-14.764163354266874,-25.66861673218687,309.73080077823863
2.678725,-14.982224614004178,-369.8256052385947,-14.776958946282866,-25.513751331797828,309.73080077823863
2.679225,-13.107205280994904,-369.8358975670656,-14.78967710559867,-25.35888593140866,309.73080077823863
2.679725,-10.970745675116593,-369.8454332278635,-14.80231783221427,-25.20402053101963,309.73080077823863
2.680225,-11.460086715072723,-369.85545099065104,-14.814881126129686,-25.049155130630457,309.73080077823863
2.680725,-11.70056587539206,-369.8644167655447,-14.827366987344899,-24.89428973024142,309.73080077823863
2.681225,-10.83589295917908,-369.87382629678194,-14.839775415859924,-24.739424329852252,309.73080077823863
2.681725,-10.335362124082012,-369.8824273259377,-14.852106411674757,-24.58455892946308,309.73080077823863
2.682225,-8.563959437785925,-369.89060735353513,-14.864359974789384,-24.429693529074047,309.73080077823863
2.682725,-7.960442426225166,-369.8980038818909,-14.876536105203828,-24.27482812868488,309.73080077823863
2.683225,-11.167967177753118,-369.90536283391884,-14.888634802918077,-24.1199627282957,309.73080077823863
2.683725,-13.038781572182677,-369.9119733118841,-14.900656067932122,-23.965097327906673,309.73080077823863
2.684225,-12.148566199502254,-369.91854956941137,-14.912599900245983,-23.810231927517503,309.73080077823863
2.684725,-12.528133584574244,-369.9250166717436,-14.924466299859636,-23.655366527128468,309.73080077823863
2.685225,-13.616666872214555,-369.931142365967,-14.936255266773106,-23.500501126739294,309.73080077823863
2.685725,-14.77259575555575,-369.9376182808831,-14.947966800986384,-23.345635726350125,309.73080077823863
2.686225,-15.511550818737874,-369.9430140698942,-14.959600902499455,-23.190770325961097,309.73080077823863
2.686725,-13.414723630744538,-369.9484952153705,-14.971157571312343,-23.035904925571916,309.73080077823863
2.687225,-11.77917251606681,-369.9536424452019,-14.982636807425033,-22.88103952518275,309.73080077823863
2.687725,-12.941975559508789,-369.95837575987866,-14.994038610837523,-22.72617412479372,309.73080077823863
2.688225,-13.153310695003205,-369.9636429310751,-15.005362981549828,-22.57130872440455,309.73080077823863
2.6887250000000003,-11.390560748847069,-369.9685776977888,-15.016609919561933,-22.416443324015376,309.73080077823863
2.689225,-11.109719180837232,-369.9726722160469,-15.02777942487384,-22.261577923626344,309.73080077823863
2.689725,-12.081227831189045,-369.9770602626932,-15.038871497485557,-22.106712523237164,309.73080077823863
2.6902250000000003,-10.601887020622934,-369.9805487849403,-15.049886137397083,-21.951847122848,309.73080077823863
2.690725,-12.122660935702084,-369.98452670208803,-15.060823344608405,-21.796981722458966,309.73080077823863
2.691225,-13.70260536911737,-369.9880329495771,-15.07168311911954,-21.642116322069796,309.73080077823863
2.6917250000000004,-13.531012347932888,-369.9915932573609,-15.082465460930482,-21.487250921680623,309.73080077823863
2.692225,-15.147599235241392,-369.99504567526503,-15.093170370041218,-21.33238552129159,309.73080077823863
2.6927250000000003,-14.462462879564836,-369.9985617778074,-15.10379784645177,-21.17752012090242,309.73080077823863
2.6932250000000004,-13.126780408754817,-370.0019973704704,-15.114347890162128,-21.02265472051325,309.73080077823863
2.693725,-16.017510696429394,-370.00525532344875,-15.124820501172282,-20.867789320124217,309.73080077823863
2.6942250000000003,-15.22200581324565,-370.00892134870065,-15.135215679482249,-20.71292391973504,309.73080077823863
2.694725,-11.119202921832978,-370.01260872684986,-15.145533425092015,-20.55805851934601,309.73080077823863
2.695225,-10.73079362071326,-370.01639669958104,-15.155773738001592,-20.403193118956843,309.73080077823863
2.6957250000000004,-11.468232254519034,-370.0196538963317,-15.165936618210976,-20.24832771856767,309.73080077823863
2.696225,-11.90429409373114,-370.02306357597206,-15.17602206572016,-20.093462318178634,309.73080077823863
2.696725,-12.017269060149925,-370.02699503357763,-15.186030080529147,-19.938596917789596,309.73080077823863
2.6972250000000004,-9.476641421595009,-370.0308177974462,-15.195960662637951,-19.783731517400295,309.73080077823863
2.697725,-8.274083231482205,-370.0346295824294,-15.205813812046555,-19.628866117011256,309.73080077823863
2.698225,-10.89646067058216,-370.0382550107208,-15.215589528754952,-19.474000716622225,309.73080077823863
2.698725,-13.495432522847992,-370.0419956430766,-15.22528781276317,-19.31913531623305,309.73080077823863
2.699225,-12.760995450837656,-370.0463213006656,-15.234908664071195,-19.16426991584388,309.73080077823863
2.699725,-11.676914599492898,-370.0512069955567,-15.244452082679011,-19.009404515454843,309.73080077823863
2.700225,-12.397472966699146,-370.0562363008593,-15.253918068586646,-18.85453911506568,309.73080077823863
2.700725,-12.546377069456486,-370.0618287851502,-15.263306621794081,-18.699673714676646,309.73080077823863
2.701225,-12.53847258776595,-370.06795066018583,-15.272617742301321,-18.544808314287476,309.73080077823863
2.701725,-11.22172908476568,-370.07343023128414,-15.28185143010837,-18.3899429138983,309.73080077823863
2.702225,-9.079444738712244,-370.07934474113443,-15.291007685215215,-18.23507751350927,309.73080077823863
2.702725,-9.103221891411415,-370.08559391530304,-15.30008650762188,-18.0802121131201,309.73080077823863
2.703225,-9.389030982545965,-370.09294160516725,-15.309087897328343,-17.925346712730928,309.73080077823863
2.703725,-9.27044068587989,-370.1000088256528,-15.318011854334609,-17.770481312341893,701.1816183886067
2.704225,-8.721454470444954,-370.1073685933568,-15.32680944728848,-17.419890503147474,701.1816183886067
2.7047250000000003,-8.571713577646516,-370.1144786499932,-15.335431744837761,-17.069299693953052,701.1816183886067
2.705225,-8.954572069599305,-370.12160501947017,-15.343878746982437,-16.718708884758946,701.1816183886067
2.705725,-10.091128995807114,-370.1287317739979,-15.352150453722517,-16.368118075564524,701.1816183886067
2.7062250000000003,-10.800240496192565,-370.1360450211825,-15.360246865058002,-16.017527266370106,701.1816183886067
2.706725,-11.196436462104929,-370.1434891659553,-15.368167980988892,-15.666936457175996,701.1816183886067
2.707225,-12.55560191317456,-370.1510434297357,-15.37591380151518,-15.316345647981576,701.1816183886067
2.707725,-11.835806130542986,-370.159122246547,-15.383484326636866,-14.965754838787467,701.1816183886067
2.708225,-10.127795631781606,-370.1670201494292,-15.390879556353967,-14.615164029593043,701.1816183886067
2.7087250000000003,-12.24479753168385,-370.1753178043912,-15.398099490666464,-14.264573220398626,701.1816183886067
2.709225,-13.305498907658158,-370.1835268567274,-15.405144129574362,-13.913982411204515,701.1816183886067
2.709725,-10.207520426593833,-370.19196333232446,-15.412013473077666,-13.563391602010094,701.1816183886067
2.7102250000000003,-8.438753545880271,-370.2007327735669,-15.418707521176374,-13.212800792815676,701.1816183886067
2.710725,-9.07753948489126,-370.20923662619504,-15.42522627387048,-12.862209983621565,701.1816183886067
2.711225,-10.39264390558673,-370.2180510378888,-15.431569731159994,-12.511619174427146,701.1816183886067
2.711725,-11.873437142201505,-370.2267996729735,-15.437737893044911,-12.161028365233033,701.1816183886067
2.712225,-9.293961384761886,-370.2355151567541,-15.443730759525227,-11.810437556038615,701.1816183886067
2.712725,-6.530691460261326,-370.24463753160956,-15.449548330600944,-11.459846746844505,701.1816183886067
2.713225,-9.131465448155478,-370.2537978237029,-15.45519060627207,-11.109255937650085,701.1816183886067
2.713725,-11.835314673491174,-370.26310331331666,-15.460657586538598,-10.758665128455664,701.1816183886067
2.714225,-11.039406273618251,-370.2720492477445,-15.465949271400525,-10.408074319261555,701.1816183886067
2.714725,-10.410797303752258,-370.28087427170743,-15.47106566085786,-10.057483510067135,701.1816183886067
2.715225,-11.391575983457312,-370.2902450922731,-15.476006754910598,-9.706892700872714,701.1816183886067
2.715725,-12.117597925650228,-370.29981164353416,-15.480772553558728,-9.356301891678603,701.1816183886067
2.716225,-13.185769975199332,-370.30999004865845,-15.485363056802273,-9.005711082484185,701.1816183886067
2.716725,-12.901825458289728,-370.3203272534913,-15.489778264641219,-8.655120273290073,701.1816183886067
2.717225,-11.366632862239632,-370.33054820512564,-15.494018177075565,-8.304529464095658,701.1816183886067
2.717725,-11.669653787051985,-370.3408739592534,-15.498082794105315,-7.953938654901233,701.1816183886067
2.718225,-12.063703328695432,-370.3509999408154,-15.501972115730462,-7.603347845707125,701.1816183886067
2.718725,-10.897520113170753,-370.36129742329564,-15.50568614195102,-7.252757036512705,701.1816183886067
2.719225,-9.73510994807363,-370.3712905367922,-15.509224872766977,-6.902166227318595,701.1816183886067
2.719725,-9.816138791614154,-370.38172485832865,-15.512588308178339,-6.551575418124177,701.1816183886067
2.720225,-10.259617673694736,-370.39171131063,-15.515776448185102,-6.2009846089297564,701.1816183886067
2.7207250000000003,-10.97636575344475,-370.4012648768038,-15.518789292787266,-5.850393799735336,701.1816183886067
2.721225,-12.017964764027685,-370.4111464714399,-15.521626841984837,-5.499802990541227,701.1816183886067
2.721725,-13.537467541066045,-370.42109110760657,-15.52428909577781,-5.1492121813468055,701.1816183886067
2.7222250000000003,-15.39210989852332,-370.4313216681026,-15.526776054166186,-4.798621372152383,701.1816183886067
2.722725,-15.723750749259972,-370.4419112773167,-15.52908771714996,-4.448030562958276,701.1816183886067
2.723225,-15.381052726259863,-370.4531691126356,-15.53122408472914,-4.097439753764166,701.1816183886067
2.7237250000000004,-15.418842026953978,-370.463703401237,-15.533185156903725,-3.7468489445694355,701.1816183886067
2.724225,-15.181613036846528,-370.4745593298645,-15.534970933673709,-3.3962581353753256,701.1816183886067
2.7247250000000003,-13.578739062736933,-370.4849837091466,-15.536581415039104,-3.045667326180903,701.1816183886067
2.725225,-12.149664938448092,-370.495682240352,-15.538016600999892,-2.695076516986794,701.1816183886067
2.725725,-10.73492227458046,-370.50657728853696,-15.539276491556087,-2.344485707792375,701.1816183886067
2.7262250000000003,-10.100665092439131,-370.5176924638625,-15.540361086707684,-1.993894898597955,701.1816183886067
2.726725,-11.00201804685265,-370.52854429377686,-15.541270386454686,-1.6433040894038453,701.1816183886067
2.727225,-10.201984619190211,-370.53958805338965,-15.542004390797086,-1.2927132802097356,701.1816183886067
2.7277250000000004,-9.783484948795085,-370.5501592387937,-15.542563099734894,-0.942122471015006,701.1816183886067
2.728225,-12.110423389478084,-370.5616052117132,-15.542946513268106,-0.5915316618208966,701.1816183886067
2.728725,-13.008146008511565,-370.5725770135898,-15.543154631396714,-0.24094085262678547,701.1816183886067
2.7292250000000005,-13.222438042710184,-370.5834456303309,-15.543187454120732,0.10964995656794611,701.1816183886067
2.729725,-14.484606068253791,-370.59392906554757,-15.543044981440147,0.4602407657620538,701.1816183886067
2.730225,-14.436139283881474,-370.6050486939744,-15.542727213354972,0.8108315749561632,701.1816183886067
2.730725,-13.82857212285136,-370.61605333530645,-15.542234149865195,1.1614223841505837,701.1816183886067
2.731225,-12.916621765288772,-370.6265360006058,-15.541565790970823,1.512013193344693,701.1816183886067
2.731725,-10.873826298149565,-370.6374428201139,-15.54072213667185,1.8626040025391135,701.1816183886067
2.732225,-10.074735222168275,-370.64796718945166,-15.539703186968275,2.2131948117335325,701.1816183886067
2.732725,-11.46611624052382,-370.6580510411972,-15.538508941860114,2.5637856209276433,701.1816183886067
2.733225,-10.335181520214492,-370.6682888005126,-15.537139401347346,2.914376430122064,701.1816183886067
2.733725,-8.88952104189968,-370.6785469422528,-15.53559456542999,3.264967239316485,701.1816183886067
2.734225,-9.477771066356432,-370.6888154223589,-15.533874434108036,3.6155580485105925,701.1816183886067
2.734725,-10.057173987322884,-370.69928051363746,-15.53197900738148,3.9661488577050146,701.1816183886067
2.735225,-11.58879982454746,-370.7098743927731,-15.529908285250329,4.316739666899122,701.1816183886067
2.735725,-11.788334815323092,-370.7201180226228,-15.527662267714582,4.667330476093542,701.1816183886067
2.736225,-11.211477493206216,-370.7306555393561,-15.525240954774233,5.017921285287965,701.1816183886067
2.7367250000000003,-12.112258035180894,-370.74128456879356,-15.522644346429294,5.368512094482384,701.1816183886067
2.737225,-13.11886935461266,-370.7521285851635,-15.519872442679752,5.719102903676493,701.1816183886067
2.737725,-12.478367147206212,-370.76334430661944,-15.516925243525614,6.069693712870912,701.1816183886067
2.7382250000000004,-10.868211533915076,-370.7741640548503,-15.513802748966883,6.420284522065334,701.1816183886067
2.738725,-10.65448127079286,-370.78479924739827,-15.510504959003553,6.770875331259441,701.1816183886067
2.739225,-10.203993013709953,-370.7950806112037,-15.507031873635626,7.121466140453549,701.1816183886067
2.739725,-9.044426662638733,-370.8050466557713,-15.5033834928631,7.472056949647973,701.1816183886067
2.740225,-9.296729221090567,-370.8144458893572,-15.499559816685975,7.822647758842395,701.1816183886067
2.7407250000000003,-9.657116213501869,-370.82393649644905,-15.495560845104253,8.173238568036812,701.1816183886067
2.741225,-9.679595654551653,-370.8331500467025,-15.491386578117938,8.523829377230923,701.1816183886067
2.741725,-10.452917012094169,-370.84248129949395,-15.487037015727022,8.874420186425342,701.1816183886067
2.742225,-9.343465489491262,-370.8509005845558,-15.482512157931518,9.225010995619453,701.1816183886067
2.742725,-8.834209377841157,-370.85936995946025,-15.477812004731405,9.575601804813873,701.1816183886067
2.743225,-10.96162787970969,-370.86758872960417,-15.472936556126703,9.926192614007984,701.1816183886067
2.743725,-10.615351101024087,-370.8758691475806,-15.467885812117398,10.276783423202401,701.1816183886067
2.744225,-8.813382494080008,-370.88373553878887,-15.462659772703498,10.627374232396825,701.1816183886067
2.744725,-9.369839141856977,-370.8921100930901,-15.457258437885,10.977965041590933,701.1816183886067
2.745225,-10.286564412504983,-370.8996234245484,-15.451681807661904,11.328555850785355,701.1816183886067
2.745725,-10.916126341645176,-370.9071945232446,-15.445929882034214,11.679146659979777,701.1816183886067
2.746225,-10.529077860821989,-370.91444225023076,-15.440002661001927,12.029737469173881,701.1816183886067
2.746725,-8.985818635184886,-370.9217237321204,-15.43390014456504,12.380328278368307,701.1816183886067
2.747225,-9.709764172375712,-370.92870211504777,-15.427622332723557,12.730919087562413,701.1816183886067
2.747725,-12.058237869597525,-370.93565979505195,-15.421169225477477,13.08150989675683,701.1816183886067
2.748225,-10.9462896002484,-370.9418954625408,-15.414540822826797,13.43210070595125,701.1816183886067
2.748725,-9.06160139875721,-370.94849334812454,-15.40773712477153,13.78269151514536,701.1816183886067
2.749225,-9.184993737602037,-370.95462463340556,-15.400758131311656,14.13328232433978,701.1816183886067
2.749725,-9.217787500489846,-370.9607308139785,-15.393603842447183,14.483873133534203,701.1816183886067
2.750225,-9.022261639704832,-370.9670245750794,-15.386274258178124,14.834463942728311,701.1816183886067
2.750725,-9.05073746493853,-370.9732807081239,-15.378769378504458,15.185054751922733,701.1816183886067
2.7512250000000003,-8.809624472181898,-370.9799577804787,-15.371089203426196,15.53564556111715,701.1816183886067
2.751725,-10.19442911047155,-370.9863092479573,-15.363233732943344,15.886236370311263,701.1816183886067
2.752225,-12.277747947313696,-370.9921661409047,-15.355202967055886,16.23682717950568,701.1816183886067
2.7527250000000003,-12.120343195038206,-370.99768728378,-15.346996905763831,16.587417988700103,701.1816183886067
2.753225,-12.204870123125794,-371.00357723161056,-15.338615549067187,16.938008797894213,701.1816183886067
2.753725,-14.188902068450446,-371.0092003421,-15.330058896965939,17.28859960708863,701.1816183886067
2.7542250000000004,-13.059984276837753,-371.0146403366143,-15.321326949460094,17.639190416283057,701.1816183886067
2.754725,-10.72356234139112,-371.0198307094803,-15.312419706549658,17.98978122547716,701.1816183886067
2.7552250000000003,-10.709646771714356,-371.0249254852787,-15.303337168234616,18.34037203467158,701.1816183886067
2.7557250000000004,-10.369269786537249,-371.0298571343939,-15.29407933451498,18.690962843866004,701.1816183886067
2.756225,-9.5852274423719,-371.0343400600068,-15.284646205390754,19.04155365306012,701.1816183886067
2.7567250000000003,-9.297620203673151,-371.0388682759594,-15.275037780861922,19.39214446225453,701.1816183886067
2.757225,-7.394031986673282,-371.04291638702995,-15.265254060928505,19.742735271448645,701.1816183886067
2.757725,-7.507360883556648,-371.04728073459785,-15.255295045590477,20.093326080643056,701.1816183886067
2.7582250000000004,-11.60027917395001,-371.05245482107256,-15.245160734847854,20.443916889837485,701.1816183886067
2.758725,-12.92670398896,-371.05705863923436,-15.234851128700642,20.794507699031595,701.1816183886067
2.759225,-11.288208753118631,-371.0619538990727,-15.224366227148831,21.1450985082257,701.1816183886067
2.7597250000000004,-12.76215504024186,-371.0666565021261,-15.213706030192409,21.495689317420435,701.1816183886067
2.760225,-14.559387696649466,-371.0716569325169,-15.202870537831407,21.84628012661454,701.1816183886067
2.760725,-14.39477386222885,-371.07669858178497,-15.191859750065806,22.19687093580865,701.1816183886067
2.761225,-13.20492857979843,-371.08182494921914,-15.180673666895599,22.54746174500307,701.1816183886067
2.761725,-10.427777200347494,-371.0867679742073,-15.169312288320793,22.898052554197488,701.1816183886067
2.762225,-9.57027804638346,-371.0912192960225,-15.157775614341405,23.248643363391597,701.1816183886067
2.762725,-11.573094961865651,-371.09608605145206,-15.146063644957403,23.599234172586026,701.1816183886067
2.763225,-10.935897691346282,-371.1009102485888,-15.134176380168821,23.949824981780132,701.1816183886067
2.763725,-8.519891409367485,-371.1059081502995,-15.122113819975626,24.300415790974547,701.1816183886067
2.764225,-9.296059469419747,-371.11121394514174,-15.10987596437784,24.651006600168966,701.1816183886067
2.764725,-11.18102283922487,-371.1165431044641,-15.097462813375461,25.001597409363082,701.1816183886067
2.765225,-12.872474880681423,-371.1220317374654,-15.084874366968474,25.3521882185575,701.1816183886067
2.765725,-14.315638751850624,-371.1282854828717,-15.072110625156899,25.70277902775192,701.1816183886067
2.766225,-13.683430726982412,-371.13422517671853,-15.059171587940728,26.05336983694603,701.1816183886067
2.766725,-14.06475659976374,-371.14091368342656,-15.046057255319955,26.40396064614045,701.1816183886067
2.7672250000000003,-16.543018474302123,-371.1469512718058,-15.032767627294582,26.754551455334877,701.1816183886067
2.767725,-15.204188620617373,-371.15293232658007,-15.019302703864623,27.10514226452898,701.1816183886067
2.768225,-12.97564747997792,-371.1590236958698,-15.005662485030054,27.455733073723408,701.1816183886067
2.7687250000000003,-13.583596955878756,-371.1651284684288,-14.991846970790888,27.80632388291782,701.1816183886067
2.769225,-12.51176916767935,-371.1710153407828,-14.97785616114714,28.156914692111936,701.1816183886067
2.769725,-11.14326247068652,-371.17685276674683,-14.963690056098779,28.507505501306344,701.1816183886067
2.770225,-11.394256769523086,-371.1835563824463,-14.949348655645835,28.858096310500464,701.1816183886067
2.770725,-11.6068152157725,-371.190695823063,-14.934831959788282,29.208687119694876,701.1816183886067
2.7712250000000003,-13.118357431349043,-371.19760882347737,-14.920139968526131,29.559277928889298,701.1816183886067
2.771725,-14.087385100326426,-371.2049142986548,-14.905272681859396,29.909868738083404,701.1816183886067
2.772225,-12.274003673280657,-371.21193374649414,-14.890230099788054,30.260459547277833,701.1816183886067
2.7727250000000003,-12.245327749502994,-371.21916936861555,-14.875012222312108,30.61105035647225,701.1816183886067
2.773225,-14.796262387514048,-371.2267670432076,-14.85961904943158,30.96164116566636,701.1816183886067
2.773725,-14.778244042481958,-371.2346160615439,-14.84405058114645,31.31223197486078,701.1816183886067
2.774225,-13.020565394237089,-371.2432452079491,-14.828306817456724,31.66282278405489,701.1816183886067
2.774725,-12.688035138025246,-371.25170057462805,-14.812387758362393,32.01341359324931,701.1816183886067
2.775225,-13.27440314150638,-371.26043450967444,-14.796293403863482,32.36400440244341,701.1816183886067
2.775725,-13.686391922658371,-371.26876449971445,-14.780023753959954,32.71459521163784,701.1816183886067
2.776225,-13.020944603442455,-371.27690499689356,-14.763578808651832,33.065186020832265,701.1816183886067
2.776725,-12.036581844103807,-371.2851006273356,-14.746958567939124,33.41577683002637,701.1816183886067
2.777225,-12.80938865623544,-371.29350047159255,-14.730163031821807,33.76636763922079,701.1816183886067
2.777725,-14.792911920792914,-371.3015997577198,-14.713192200299895,34.11695844841522,701.1816183886067
2.778225,-14.211778414819658,-371.3099426144849,-14.696046073373397,34.46754925760932,701.1816183886067
2.778725,-12.956792557177849,-371.3183351705168,-14.678724651042286,34.81814006680374,701.1816183886067
2.779225,-12.936557253661991,-371.32692472782645,-14.661227933306597,35.16873087599786,701.1816183886067
2.779725,-13.163723106581497,-371.33532398110106,-14.643555920166294,35.519321685192274,701.1816183886067
2.780225,-12.812808668788753,-371.3443903171353,-14.625708611621395,35.86991249438669,701.1816183886067
2.780725,-12.667325890138898,-371.35389943056737,-14.607686007671912,36.2205033035808,701.1816183886067
2.781225,-11.948492814069608,-371.3635377631236,-14.589488108317816,36.571094112775214,701.1816183886067
2.781725,-12.096704518007874,-371.37301340782835,-14.57111491355914,36.92168492196934,701.1816183886067
2.782225,-13.96338767014576,-371.38254758482236,-14.55256642339585,37.272275731163745,701.1816183886067
2.782725,-13.291205037328735,-371.3922315155714,-14.533842637827963,37.62286654035817,701.1816183886067
2.7832250000000003,-12.986487502932087,-371.4013856900716,-14.514943556855478,37.97345734955259,701.1816183886067
2.783725,-14.542605754053596,-371.4106730093908,-14.495869180478417,38.32404815874669,701.1816183886067
2.784225,-13.40913700049371,-371.41993719518865,-14.476619508696738,38.67463896794112,701.1816183886067
2.7847250000000003,-12.39350670570334,-371.4290245761453,-14.45719454151046,39.02522977713554,701.1816183886067
2.785225,-12.641380454430728,-371.43804148403217,-14.437594278919608,39.37582058632965,701.1816183886067
2.785725,-11.932070845374108,-371.44724934025186,-14.417818720924155,39.726411395523755,701.1816183886067
2.7862250000000004,-11.874381909257396,-371.4563899003096,-14.397867867524067,40.07700220471849,701.1816183886067
2.786725,-11.337837091535064,-371.4650938363829,-14.37774171871942,40.4275930139126,701.1816183886067
2.7872250000000003,-9.331262653652528,-371.47405303066193,-14.357440274510159,40.77818382310702,701.1816183886067
2.787725,-9.487072089198689,-371.48239679729625,-14.33696353489632,41.12877463230113,701.1816183886067
2.788225,-11.655615704931192,-371.4907031760329,-14.316311499877864,41.47936544149555,701.1816183886067
2.7887250000000003,-11.490692588043329,-371.49949800786453,-14.29548416945481,41.829956250689975,701.1816183886067
2.789225,-10.896645672575634,-371.50793009517855,-14.274481543627177,42.180547059884084,701.1816183886067
2.789725,-11.997031442355995,-371.51661131002317,-14.253303622394949,42.531137869078194,701.1816183886067
2.7902250000000004,-12.546806704928006,-371.524254630897,-14.231950405758084,42.881728678272914,701.1816183886067
2.790725,-13.261611795240308,-371.53207835758644,-14.210421893716664,43.23231948746703,701.1816183886067
2.791225,-11.871178363397826,-371.53914857641155,-14.188718086270642,43.58291029666115,701.1816183886067
2.7917250000000005,-9.693393129579157,-371.5466869380392,-14.166838983419986,43.933501105855875,701.1816183886067
2.792225,-10.582700738364602,-371.55309927292956,-14.144784585164771,44.28409191504997,701.1816183886067
2.792725,-11.309970824176162,-371.5598845797907,-14.122554891504958,44.63468272424409,701.1816183886067
2.793225,-9.887834061704991,-371.5667213674297,-14.100149902440533,44.98527353343851,701.1816183886067
2.793725,-8.770055121215018,-371.5735915984574,-14.077569617971527,45.33586434263262,701.1816183886067
2.794225,-8.677907995747486,-371.5803345966976,-14.054814038097904,45.68645515182704,701.1816183886067
2.794725,-9.622916396567016,-371.58645613044007,-14.031883162819684,46.037045961021455,701.1816183886067
2.795225,-10.568494813660095,-371.59251613004017,-14.008776992136887,46.387636770215565,701.1816183886067
2.795725,-10.897255997237329,-371.5990472219804,-13.985495526049473,46.73822757940999,701.1816183886067
2.796225,-11.2498415778828,-371.6054656592112,-13.962038764557466,47.08881838860441,701.1816183886067
2.796725,-11.983565339996073,-371.6122515789525,-13.938406707660876,47.43940919779852,701.1816183886067
2.797225,-12.582525265441062,-371.6187280021778,-13.914599355359666,47.79000000699294,701.1816183886067
2.797725,-11.39117378973591,-371.6250847979301,-13.890616707653889,48.14059081618705,701.1816183886067
2.798225,-11.20628031517658,-371.63088196323184,-13.86645876454349,48.49118162538147,701.1816183886067
2.798725,-11.314803137222023,-371.636536291035,-13.84212552602849,48.841772434575894,701.1816183886067
2.7992250000000003,-9.311769310511842,-371.6418198505275,-13.817616992108894,49.192363243770316,701.1816183886067
2.799725,-8.411490233663589,-371.6469190343648,-13.792933162784726,49.54295405296442,701.1816183886067
2.800225,-9.062899957957407,-371.65167162401747,-13.768074038055937,49.89354486215884,701.1816183886067
2.8007250000000004,-9.748543034405165,-371.65704392532393,-13.74303961792255,50.24413567135325,701.1816183886067
2.801225,-10.34048762108888,-371.6619955061175,-13.717829902384592,50.59472648054737,701.1816183886067
2.801725,-9.619854311678417,-371.6671501812127,-13.692444891442033,50.945317289741475,701.1816183886067
2.802225,-8.816829537845248,-371.6719320420446,-13.666884585094856,51.29590809893591,701.1816183886067
2.802725,-9.84280765921058,-371.67689735434027,-13.641148983343074,51.64649890813032,701.1816183886067
2.8032250000000003,-11.78156979784799,-371.68200113449444,-13.615238086186706,51.99708971732475,701.1816183886067
2.803725,-10.691400951625656,-371.6867818496327,-13.589151893625758,52.34768052651884,701.1816183886067
2.804225,-9.075060405909824,-371.6916811331661,-13.562890405660193,52.69827133571327,701.1816183886067
2.804725,-9.569505412786931,-371.69625029854876,-13.536453622290052,53.04886214490738,701.1816183886067
2.805225,-9.692249348999846,-371.7006747368524,-13.509841543515291,53.3994529541018,701.1816183886067
2.805725,-10.661001352161012,-371.70452500457674,-13.483054169335956,53.7500437632959,701.1816183886067
2.806225,-9.683525915637947,-371.70835694312876,-13.456091499752,54.100634572490335,701.1816183886067
2.806725,-7.556467756390056,-371.7120575744734,-13.428953534763446,54.45122538168476,701.1816183886067
2.807225,-9.425429343580818,-371.7156197487048,-13.401640274370322,54.80181619087885,701.1816183886067
2.807725,-11.606328581066116,-371.71918198475345,-13.374151718572577,55.152407000073275,701.1816183886067
2.808225,-10.621405184708188,-371.72290541772634,-13.346487867370229,55.502997809267704,701.1816183886067
2.808725,-9.870198553185991,-371.72698088446776,-13.318648720763312,55.853588618461814,701.1816183886067
2.809225,-10.17514855694495,-371.73152522319026,-13.290634278751774,56.20417942765623,701.1816183886067
2.809725,-10.02725361359639,-371.73499027548695,-13.262444541335661,56.55477023685034,701.1816183886067
2.810225,-10.530688230990274,-371.7392416959123,-13.23407950851493,56.90536104604476,701.1816183886067
2.810725,-9.886011666811532,-371.7429219137879,-13.2055391802896,57.25595185523918,701.1816183886067
2.811225,-9.375383655962938,-371.7473553331565,-13.176823556659699,57.606542664433285,701.1816183886067
2.811725,-10.51316760900074,-371.75215484496516,-13.147932637625173,57.95713347362771,701.1816183886067
2.812225,-11.02903505310409,-371.75751687908223,-13.118866423186045,58.30772428282212,701.1816183886067
2.812725,-10.242539917627006,-371.7626393001579,-13.089624913342359,58.658315092016245,701.1816183886067
2.813225,-10.993807914381012,-371.76725244937717,-13.060208108094038,59.00890590121066,701.1816183886067
2.8137250000000003,-11.75857403384288,-371.7717813062546,-13.030616007441122,59.359496710405075,701.1816183886067
2.814225,-10.37084496883008,-371.776547934218,-13.00084861138364,59.710087519599185,701.1816183886067
2.814725,-9.889786789055574,-371.7805032930152,-12.970905919921535,60.06067832879361,701.1816183886067
2.8152250000000003,-9.923658856251512,-371.78490028137395,-12.940787933054825,60.41126913798803,701.1816183886067
2.815725,-9.373726013609645,-371.7895017217075,-12.910494650783551,60.76185994718214,701.1816183886067
2.816225,-9.69583242832497,-371.79378632317037,-12.88002607310765,61.11245075637657,701.1816183886067
2.8167250000000004,-8.02610072836245,-371.7988331239718,-12.849382200027158,61.46304156557099,701.1816183886067
2.817225,-6.645825736895432,-371.803820279871,-12.81856303154209,61.8136323747651,701.1816183886067
2.8177250000000003,-7.904304761060122,-371.809001343842,-12.787568567652395,62.164223183959514,701.1816183886067
2.8182250000000004,-9.509171649564347,-371.814598357749,-12.756398808358107,62.514813993153936,701.1816183886067
2.818725,-9.927407975299896,-371.8203191501522,-12.725053753659248,62.86540480234803,701.1816183886067
2.8192250000000003,-9.517757061181127,-371.82646084234574,-12.693533403555769,63.21599561154247,701.1816183886067
2.819725,-10.139869199698,-371.83241222928166,-12.661837758047712,63.566586420736556,701.1816183886067
2.820225,-10.78951796704584,-371.8383753277801,-12.629966817135038,63.91717722993098,701.1816183886067
2.8207250000000004,-11.725029090364322,-371.8442796607073,-12.597920580817762,64.2677680391254,701.1816183886067
2.821225,-11.063863240625237,-371.8505000350276,-12.565699049095917,64.61835884831952,701.1816183886067
2.821725,-8.819313393588832,-371.856535161004,-12.533302221969478,64.96894965751363,701.1816183886067
2.8222250000000004,-9.465129921323594,-371.8622703868953,-12.500730099438384,65.31954046670836,701.1816183886067
2.822725,-10.64063843424776,-371.8683591621222,-12.46798268150275,65.67013127590246,701.1816183886067
2.823225,-9.388660003433053,-371.87450702086636,-12.435059968162516,66.02072208509658,701.1816183886067
2.823725,-9.586368396705463,-371.88120862290896,-12.40196195941766,66.37131289429098,701.1816183886067
2.824225,-10.091590531789064,-371.8882663038418,-12.368688655268203,66.72190370348541,701.1816183886067
2.824725,-9.737495269902317,-371.89536539222513,-12.335240055714184,67.07249451267953,701.1816183886067
2.825225,-11.52058139675354,-371.90264305169194,-12.30161616075553,67.42308532187394,701.1816183886067
2.825725,-12.070646691863583,-371.9099113809024,-12.267816970392317,67.77367613106806,701.1816183886067
2.826225,-11.98491268611399,-371.9177545652882,-12.233842484624471,68.12426694026247,-948.050745529225
2.826725,-13.449399620474534,-371.92561740783384,-12.199898857497521,67.65024156749772,-948.050745529225
2.827225,-13.38439660465101,-371.93418851094214,-12.166192243056983,67.17621619473337,-948.050745529225
2.827725,-11.844646064248469,-371.942372284051,-12.132722641302793,66.7021908219686,-948.050745529225
2.828225,-12.63874745375492,-371.9510717555273,-12.099490052234989,66.22816544920381,-948.050745529225
2.828725,-13.663597855624449,-371.95892390086124,-12.066494475853599,65.75414007643947,-948.050745529225
2.829225,-11.70142669778394,-371.9676020748995,-12.033735912158559,65.28011470367471,-948.050745529225
2.8297250000000003,-10.324970932553882,-371.9758286184464,-12.0012143611499,64.80608933090993,-948.050745529225
2.830225,-10.854937344807023,-371.98398787109085,-11.968929822827654,64.33206395814557,-948.050745529225
2.830725,-11.939066893631052,-371.9921389620594,-11.93688229719176,63.858038585380804,-948.050745529225
2.8312250000000003,-13.004799903328948,-372.00091906557583,-11.905071784242251,63.38401321261603,-948.050745529225
2.831725,-11.348508911096395,-372.00965177520874,-11.873498283979153,62.90998783985169,-948.050745529225
2.832225,-9.517394577145218,-372.0179580493004,-11.842161796402408,62.43596246708691,-948.050745529225
2.832725,-10.942095922514437,-372.02697847333314,-11.811062321512074,61.961937094322565,-948.050745529225
2.833225,-12.513530709485105,-372.03594389797473,-11.780199859308091,61.4879117215578,-948.050745529225
2.8337250000000003,-11.89940901950542,-372.0451902943635,-11.749574409790494,61.01388634879302,-948.050745529225
2.834225,-10.868664795584928,-372.0546422763913,-11.719185972959307,60.53986097602866,-948.050745529225
2.834725,-10.941158462604893,-372.06375915037734,-11.689034548814476,60.06583560326391,-948.050745529225
2.8352250000000003,-11.777740869813254,-372.0725205100387,-11.659120137356025,59.59181023049914,-948.050745529225
2.835725,-12.569580493445931,-372.08126786111546,-11.62944273858398,59.11778485773478,-948.050745529225
2.836225,-12.183178202373885,-372.089955444136,-11.600002352498294,58.64375948497001,-948.050745529225
2.836725,-11.556888672676765,-372.0984568091836,-11.570798979099017,58.169734112205674,-948.050745529225
2.837225,-12.26654907670495,-372.10684707387105,-11.541832618386096,57.695708739440896,-948.050745529225
2.837725,-13.27388308100495,-372.1148449349853,-11.513103270359583,57.221683366676544,-948.050745529225
2.838225,-12.883494664041445,-372.12282407676554,-11.484610935019425,56.747657993911766,-948.050745529225
2.838725,-12.095367270534725,-372.1307199961596,-11.456355612365652,56.273632621146994,-948.050745529225
2.839225,-12.293140426444795,-372.13852320622095,-11.42833730239828,55.79960724838265,-948.050745529225
2.839725,-11.382522654002294,-372.14621905056913,-11.400556005117275,55.32558187561788,-948.050745529225
2.840225,-11.380669607626633,-372.1535151680314,-11.373011720522646,54.8515565028531,-948.050745529225
2.840725,-11.60920998077703,-372.16103711858005,-11.345704448614427,54.37753113008875,-948.050745529225
2.841225,-10.766661893350836,-372.16829622799406,-11.318634189392563,53.903505757323984,-948.050745529225
2.841725,-12.31355293878013,-372.1757155953285,-11.291800942857108,53.42948038455964,-948.050745529225
2.842225,-12.709857593624708,-372.18245597308083,-11.26520470900801,52.955455011794875,-948.050745529225
2.842725,-11.943190811888684,-372.18982609937785,-11.238845487845296,52.48142963903009,-948.050745529225
2.843225,-13.057368190440028,-372.19623798699183,-11.212723279368987,52.007404266265745,-948.050745529225
2.843725,-13.360131733177388,-372.2027847116992,-11.186838083579035,51.533378893500974,-948.050745529225
2.844225,-12.536688482197246,-372.2085412094218,-11.161189900475492,51.05935352073663,-948.050745529225
2.844725,-11.65590977463579,-372.21448006787995,-11.135778730058306,50.58532814797185,-948.050745529225
2.845225,-10.870475060904884,-372.2197144583485,-11.110604572327503,50.11130277520708,-948.050745529225
2.8457250000000003,-10.695511566935654,-372.2250312738928,-11.085667427283084,49.637277402442315,-948.050745529225
2.846225,-10.74443112280213,-372.22991994934716,-11.060967294925067,49.16325202967796,-948.050745529225
2.846725,-9.593125357721783,-372.23440090615134,-11.036504175253409,48.6892266569132,-948.050745529225
2.8472250000000003,-7.932535512056293,-372.2392739797764,-11.012278068268138,48.21520128414842,-948.050745529225
2.847725,-8.48555528461201,-372.24417828552487,-10.988288973969267,47.741175911384076,-948.050745529225
2.848225,-9.809717754454402,-372.24893114041384,-10.96453689235678,47.267150538619724,-948.050745529225
2.8487250000000004,-9.5146134057395,-372.2530805236977,-10.941021823430631,46.793125165854526,-948.050745529225
2.849225,-9.939019537736794,-372.25691417832263,-10.917743767190906,46.319099793090174,-948.050745529225
2.8497250000000003,-10.075533069433384,-372.2605577531635,-10.894702723637547,45.84507442032541,-948.050745529225
2.850225,-10.035064392148398,-372.2639312309037,-10.871898692770591,45.37104904756106,-948.050745529225
2.850725,-10.171233638473282,-372.2665853907583,-10.849331674589989,44.897023674796294,-948.050745529225
2.8512250000000003,-9.201117720818695,-372.2692949760111,-10.827001669095777,44.42299830203152,-948.050745529225
2.851725,-8.601860447348637,-372.27168215147054,-10.804908676287965,43.94897292926717,-948.050745529225
2.852225,-8.559922244644465,-372.27408088393423,-10.783052696166532,43.47494755650282,-948.050745529225
2.8527250000000004,-8.246419465697825,-372.2756790204658,-10.761433728731445,43.00092218373762,-948.050745529225
2.853225,-7.506363721020365,-372.27703315655236,-10.740051773982781,42.526896810973284,-948.050745529225
2.853725,-6.941182331583383,-372.27831665742997,-10.7189068319205,42.052871438208925,-948.050745529225
2.8542250000000005,-7.566439549656222,-372.28021614867674,-10.697998902544557,41.578846065443734,-948.050745529225
2.854725,-7.725395712402983,-372.2818822011993,-10.677327985855037,41.10482069267938,-948.050745529225
2.855225,-8.08703393021696,-372.2838657989709,-10.656894081851902,40.63079531991503,-948.050745529225
2.855725,-8.434668025704678,-372.2859387494966,-10.63669719053513,40.156769947150266,-948.050745529225
2.856225,-8.328144546199635,-372.2880278697068,-10.616737311904757,39.682744574385914,-948.050745529225
2.856725,-9.613729097633907,-372.29010154081493,-10.597014445960747,39.20871920162114,-948.050745529225
2.857225,-9.651059464949736,-372.29207257645805,-10.577528592703121,38.73469382885638,-948.050745529225
2.857725,-7.993647222317277,-372.29432062772247,-10.558279752131895,38.26066845609203,-948.050745529225
2.858225,-8.141982646093908,-372.2966139299909,-10.539267924247035,37.786643083327256,-948.050745529225
2.858725,-7.973927119611686,-372.2984973868034,-10.520493109048555,37.312617710562485,-948.050745529225
2.859225,-7.127657611342403,-372.3003718803484,-10.501955306536479,36.83859233779814,-948.050745529225
2.859725,-6.905159385167648,-372.30218901269063,-10.48365451671076,36.36456696503337,-948.050745529225
2.860225,-6.456754670207419,-372.304108735761,-10.465590739571448,35.89054159226902,-948.050745529225
2.860725,-6.6612121549003644,-372.30578558564696,-10.447763975118495,35.41651621950424,-948.050745529225
2.861225,-7.551128893287301,-372.30804303678076,-10.430174223351928,34.94249084673947,-948.050745529225
2.8617250000000003,-6.85833593176074,-372.3106672741324,-10.412821484271747,34.4684654739747,-948.050745529225
2.862225,-6.42847796908705,-372.3132479117426,-10.395705757877957,33.99444010121036,-948.050745529225
2.862725,-7.177678321478635,-372.3157738597248,-10.37882704417054,33.52041472844558,-948.050745529225
2.8632250000000004,-7.237440408091311,-372.3184252701239,-10.362185343149502,33.04638935568081,-948.050745529225
2.863725,-6.444876621186177,-372.32097640822496,-10.345780654814861,32.57236398291646,-948.050745529225
2.864225,-7.128629083538803,-372.32371971684427,-10.329612979166601,32.09833861015211,-948.050745529225
2.864725,-7.00265622424642,-372.32678610202606,-10.313682316204714,31.62431323738734,-948.050745529225
2.865225,-5.872507451179072,-372.3297459129095,-10.297988665929205,31.150287864622566,-948.050745529225
2.8657250000000003,-5.962979309018387,-372.3327201088809,-10.282532028340079,30.676262491857795,-948.050745529225
2.866225,-5.17937738630925,-372.33564638813215,-10.267312403437352,30.202237119093443,-948.050745529225
2.866725,-5.79962275119385,-372.3391242058597,-10.25232979122099,29.72821174632868,-948.050745529225
2.867225,-7.491525631076527,-372.3419027372876,-10.237584191691026,29.25418637356432,-948.050745529225
2.867725,-6.069736673649329,-372.34532388796765,-10.223075604847429,28.780161000799556,-948.050745529225
2.868225,-4.5904647161799,-372.34863136472757,-10.208804030690228,28.30613562803521,-948.050745529225
2.868725,-6.026237990755769,-372.3520880359902,-10.194769469219398,27.832110255270436,-948.050745529225
2.869225,-6.952088271772604,-372.3560482121904,-10.18097192043495,27.35808488250566,-948.050745529225
2.869725,-5.72286930586839,-372.3600142362483,-10.167411384336896,26.884059509741316,-948.050745529225
2.870225,-5.133614326642939,-372.3641800322829,-10.15408786092521,26.410034136976538,-948.050745529225
2.870725,-5.041905078955428,-372.36844145757556,-10.14100135019991,25.936008764211763,-948.050745529225
2.871225,-5.430041316324546,-372.3732293658762,-10.128151852161,25.461983391447415,-948.050745529225
2.871725,-7.549795958511092,-372.3783269982608,-10.115539366808463,24.987958018682647,-948.050745529225
2.872225,-7.344261331658148,-372.38353338352647,-10.103163894142323,24.5139326459183,-948.050745529225
2.872725,-5.632838166528091,-372.3888522237853,-10.09102543416255,24.039907273153535,-948.050745529225
2.873225,-7.8947045540214305,-372.39404972777584,-10.07912398686916,23.565881900388764,-948.050745529225
2.873725,-8.926267556215185,-372.3989736128041,-10.067459552262163,23.09185652762442,-948.050745529225
2.874225,-7.374321181391039,-372.40435444915784,-10.056032130341539,22.61783115485964,-948.050745529225
2.874725,-7.138116677992896,-372.4096063906075,-10.044841721107295,22.143805782094866,-948.050745529225
2.875225,-6.809891682061506,-372.41496511363374,-10.033888324559445,21.66978040933052,-948.050745529225
2.875725,-6.678890061193384,-372.4198343377631,-10.023171940697967,21.195755036565746,-948.050745529225
2.8762250000000003,-7.335532588502957,-372.42498522880055,-10.012692569522871,20.721729663800968,-948.050745529225
2.876725,-5.794793164359556,-372.4300686468934,-10.002450211034173,20.247704291036623,-948.050745529225
2.877225,-4.579054265538764,-372.43585659317483,-9.99244486523184,19.773678918271855,-948.050745529225
2.8777250000000003,-6.100871674141579,-372.4420443431588,-9.98267653211589,19.299653545507084,-948.050745529225
2.878225,-6.879732085318416,-372.4481214750501,-9.973145211686333,18.82562817274274,-948.050745529225
2.878725,-6.274211936879857,-372.45446675459436,-9.963850903943152,18.351602799977965,-948.050745529225
2.8792250000000004,-7.233365321789058,-372.4610978943211,-9.954793608886353,17.877577427213193,-948.050745529225
2.879725,-8.118530726817543,-372.46766430951675,-9.94597332651594,17.403552054448845,-948.050745529225
2.8802250000000003,-8.041724139583152,-372.4740941334058,-9.937390056831902,16.929526681684074,-948.050745529225
2.8807250000000004,-8.330162412384698,-372.4802035752681,-9.92904379983425,16.4555013089193,-948.050745529225
2.881225,-7.39699828471404,-372.4865182336996,-9.920934555522983,15.98147593615495,-948.050745529225
2.8817250000000003,-7.318552070288293,-372.4924955438726,-9.913062323898096,15.507450563390178,-948.050745529225
2.882225,-8.495632767860618,-372.49825004147874,-9.905427104959598,15.03342519062583,-948.050745529225
2.882725,-7.149578451161952,-372.50405432097676,-9.898028898707475,14.559399817861063,-948.050745529225
2.8832250000000004,-5.907902082630321,-372.5101173951698,-9.89086770514173,14.085374445096289,-948.050745529225
2.883725,-6.604815187910947,-372.51596893935096,-9.883943524262378,13.61134907233194,-948.050745529225
2.884225,-7.338327549966851,-372.5216481115291,-9.877256356069408,13.137323699567593,-948.050745529225
2.8847250000000004,-7.171603109421168,-372.52754045759633,-9.870806200562804,12.663298326802392,-948.050745529225
2.885225,-7.600207649288459,-372.53319137865816,-9.864593057742601,12.189272954038048,-948.050745529225
2.885725,-7.744200064727674,-372.539691534758,-9.858616927608773,11.715247581273701,-948.050745529225
2.886225,-7.798148688962753,-372.5459099736247,-9.852877810161328,11.241222208508926,-948.050745529225
2.886725,-9.515071515528188,-372.55239045130253,-9.847375705400262,10.767196835744151,-948.050745529225
2.887225,-9.678158816307624,-372.55859091665997,-9.842110613325582,10.293171462979807,-948.050745529225
2.887725,-8.502523866348678,-372.56472428596754,-9.83708253393728,9.819146090215042,-948.050745529225
2.888225,-9.167661878495062,-372.57094005326974,-9.832291467235367,9.345120717450685,-948.050745529225
2.888725,-8.61674144312421,-372.57660045364184,-9.82773741321983,8.871095344685921,-948.050745529225
2.889225,-8.048612377640598,-372.5822394599591,-9.82342037189068,8.397069971921146,-948.050745529225
2.889725,-8.6447355880789,-372.5880024684795,-9.819340343247916,7.923044599156798,-948.050745529225
2.890225,-8.14998366116345,-372.59307800364564,-9.815497327291526,7.449019226392021,-948.050745529225
2.890725,-7.773869511836642,-372.5983374031926,-9.81189132402152,6.9749938536272476,-948.050745529225
2.891225,-8.392630643707168,-372.6032832659446,-9.808522333437898,6.5009684808629,-948.050745529225
2.891725,-8.600763390990297,-372.6081471442391,-9.805390355540657,6.02694310809814,-948.050745529225
2.8922250000000003,-8.00492462349668,-372.61331639789324,-9.802495390329796,5.5529177353333665,-948.050745529225
2.892725,-8.800138836674874,-372.6185721280378,-9.799837437805323,5.078892362569018,-948.050745529225
2.893225,-8.67361604485214,-372.6236027526953,-9.79741649796723,4.604866989804242,-948.050745529225
2.8937250000000003,-8.287519585327448,-372.6285584647652,-9.795232570815516,4.130841617039472,-948.050745529225
2.894225,-9.52367694182094,-372.63359291215534,-9.79328565635019,3.656816244275117,-948.050745529225
2.894725,-8.825479331921855,-372.63827365931996,-9.791575754571245,3.1827908715103503,-948.050745529225
2.895225,-7.844097125767705,-372.64282977564153,-9.790102865478678,2.708765498745999,-948.050745529225
2.895725,-8.458383523220181,-372.64721582870726,-9.788866989072499,2.234740125981229,-948.050745529225
2.8962250000000003,-8.143743752885971,-372.65114646924786,-9.787868125352698,1.7607147532164593,-948.050745529225
2.896725,-8.694632430719228,-372.6548846192665,-9.78710627431928,1.2866893804521078,-948.050745529225
2.897225,-9.573099804943084,-372.65825374017743,-9.786581435972248,0.8126640076873413,-948.050745529225
2.8977250000000003,-8.330942125981213,-372.6609219683441,-9.786293610311596,0.3386386349225679,-948.050745529225
2.898225,-8.230778210450236,-372.66437779199254,-9.786242797337325,-0.1353867378417802,-948.050745529225
2.898725,-9.231474356181534,-372.66749815186284,-9.786428997049436,-0.6094121106065535,-948.050745529225
2.899225,-9.52986738331358,-372.67072528708746,-9.78685220944793,-1.083437483370905,-948.050745529225
2.899725,-8.293423139747977,-372.67453119649616,-9.787512434532806,-1.5574628561356716,-948.050745529225
2.900225,-8.004620491431844,-372.67829830407686,-9.788409672304066,-2.031488228900023,-948.050745529225
2.900725,-8.33415640367646,-372.6816865175071,-9.789543922761705,-2.5055136016647923,-948.050745529225
2.901225,-8.537302296735383,-372.68508576447715,-9.790915185905732,-2.979538974429566,-948.050745529225
2.901725,-8.844239984916726,-372.6884107397303,-9.792523461736137,-3.4535643471939177,-948.050745529225
2.902225,-7.501234619022815,-372.6917659994064,-9.794368750252923,-3.927589719958681,-948.050745529225
2.902725,-7.706756205920412,-372.6954624014636,-9.796451051456094,-4.401615092723454,-948.050745529225
2.903225,-9.30061344859753,-372.69910124209343,-9.798770365345648,-4.875640465487802,-948.050745529225
2.903725,-8.381799082878727,-372.7024811687909,-9.801326691921584,-5.349665838252576,-948.050745529225
2.904225,-8.149595856505819,-372.70613447581775,-9.804120031183897,-5.823691211016927,-948.050745529225
2.904725,-8.83002200477689,-372.70941322158325,-9.807150383132603,-6.297716583781697,-948.050745529225
2.905225,-9.024116933444477,-372.71282103692175,-9.810417747767682,-6.77174195654647,-948.050745529225
2.905725,-9.762237406660674,-372.7160567782094,-9.813922125089148,-7.245767329310815,-948.050745529225
2.906225,-8.959396815107345,-372.7194392893731,-9.817663515096996,-7.719792702075588,-948.050745529225
2.906725,-7.735540374941475,-372.7226451547644,-9.82164191779122,-8.193818074839943,-948.050745529225
2.907225,-8.15840295580398,-372.7264476207554,-9.825857333171832,-8.667843447604707,-948.050745529225
2.907725,-8.746993018927368,-372.72998536145803,-9.830309761238828,-9.141868820369478,-948.050745529225
2.9082250000000003,-7.25812882662229,-372.73383043167615,-9.834999201992204,-9.615894193134249,-948.050745529225
2.908725,-6.731713326668467,-372.7379687681721,-9.83992565543196,-10.089919565898601,-948.050745529225
2.909225,-8.018631061852938,-372.74175745191883,-9.8450891215581,-10.563944938663374,-948.050745529225
2.9097250000000003,-7.685401730226642,-372.7459921851472,-9.85048960037063,-11.037970311428145,-948.050745529225
2.910225,-7.5010971455753745,-372.7506180058361,-9.856127091869531,-11.511995684192488,-948.050745529225
2.910725,-7.696979506104759,-372.75478396750844,-9.862001596054814,-11.98602105695684,-948.050745529225
2.9112250000000004,-7.090841782146339,-372.7591918657938,-9.868113112926489,-12.460046429722032,-948.050745529225
2.911725,-9.033921857388613,-372.7631762146058,-9.87446164248454,-12.934071802486388,-948.050745529225
2.9122250000000003,-9.749797609672092,-372.7669698236012,-9.881047184728976,-13.408097175251152,-948.050745529225
2.912725,-6.935289940830602,-372.77102692599647,-9.88786973965979,-13.882122548015506,-948.050745529225
2.913225,-6.852566396538299,-372.7752964698921,-9.894929307276989,-14.356147920780277,-948.050745529225
2.9137250000000003,-8.200941024162027,-372.77973051558877,-9.902225887580576,-14.830173293545043,-948.050745529225
2.914225,-7.805329986965998,-372.7849774161296,-9.909759480570532,-15.304198666309402,-948.050745529225
2.914725,-6.407040940397489,-372.7901693829137,-9.917530086246874,-15.778224039073745,-948.050745529225
2.9152250000000004,-5.594751372398816,-372.7957222938645,-9.925537704609612,-16.25224941183894,-948.050745529225
2.915725,-5.749303981452739,-372.80140446412145,-9.933782335658718,-16.726274784603287,-948.050745529225
2.916225,-6.68956825525453,-372.8069684136144,-9.942263979394207,-17.20030015736764,-948.050745529225
2.9167250000000005,-7.648595380188898,-372.81211948767776,-9.950982635816091,-17.67432553013283,-948.050745529225
2.917225,-6.269947595205862,-372.81742208919576,-9.959938304924343,-18.14835090289718,-948.050745529225
2.917725,-6.757113926843141,-372.82279830163196,-9.96913098671898,-18.622376275661523,-948.050745529225
2.918225,-8.4421867487203,-372.8284326417225,-9.978560681200005,-19.096401648426305,-948.050745529225
2.918725,-7.530569090955218,-372.8342027394509,-9.988227388367404,-19.57042702119065,-948.050745529225
2.919225,-7.4807080404670945,-372.8400098405758,-9.998131108221193,-20.044452393955417,-948.050745529225
2.919725,-7.416852029471253,-372.84578747914566,-10.008271840761365,-20.51847776672019,-948.050745529225
2.920225,-6.728250543665014,-372.8513371105141,-10.01864958598791,-20.992503139484548,-948.050745529225
2.920725,-7.266145881580132,-372.8571359370273,-10.029264343900845,-21.46652851224931,-948.050745529225
2.921225,-6.228386517423902,-372.86280447203717,-10.040116114500169,-21.940553885014083,-948.050745529225
2.921725,-5.265200175776824,-372.8688799358349,-10.05120489778586,-22.41457925777843,-948.050745529225
2.922225,-5.725719020644992,-372.8740206881245,-10.062530693757946,-22.888604630543202,-948.050745529225
2.922725,-5.902812521218463,-372.87989248095687,-10.074093502416401,-23.362630003307554,-948.050745529225
2.923225,-5.923213410724646,-372.8858230804166,-10.085893323761248,-23.83665537607232,-948.050745529225
2.923725,-6.581896170986336,-372.8916996551601,-10.09793015779248,-24.31068074883709,-948.050745529225
2.9242250000000003,-7.216707648556204,-372.8977495092281,-10.110204004510093,-24.78470612160186,-948.050745529225
2.924725,-6.9418470540971695,-372.9033184574421,-10.122714863914078,-25.258731494366216,-948.050745529225
2.925225,-7.422859766473641,-372.90861729241396,-10.135462736004458,-25.732756867130988,-948.050745529225
2.9257250000000004,-7.798782039660631,-372.9134847889486,-10.148447620781221,-26.206782239895755,-948.050745529225
2.926225,-6.966593249066284,-372.9181524125679,-10.16166951824435,-26.68080761266011,-948.050745529225
2.926725,-7.641946796660564,-372.92274291646896,-10.175128428393865,-27.15483298542446,-948.050745529225
2.927225,-7.467000824929146,-372.9273427559708,-10.188824351229771,-27.628858358189227,-948.050745529225
2.927725,-5.974977112193823,-372.93173319667153,-10.202757286752059,-28.102883730953995,-948.050745529225
2.9282250000000003,-6.208823314992798,-372.93654320451753,-10.216927234960735,-28.576909103718766,-948.050745529225
2.928725,-6.321207928131279,-372.9407303191353,-10.231334195855776,-29.050934476483118,-948.050745529225
2.929225,-5.713725818150157,-372.9450498691265,-10.245978169437219,-29.52495984924789,-948.050745529225
2.929725,-6.13868398717513,-372.9494941292486,-10.26085915570502,-29.998985222012237,-948.050745529225
2.930225,-6.115001180891302,-372.9541170257623,-10.275977154659227,-30.47301059477701,-948.050745529225
2.930725,-5.626149764320422,-372.9587250700925,-10.291332166299794,-30.94703596754136,-948.050745529225
2.931225,-6.40776513432093,-372.9635951047573,-10.306924190626761,-31.421061340306135,-948.050745529225
2.931725,-7.32353502552116,-372.9678986366365,-10.322753227640112,-31.8950867130709,-948.050745529225
2.932225,-6.636090777272456,-372.97244329419914,-10.338819277339832,-32.369112085835255,-948.050745529225
2.932725,-7.048153655340798,-372.976774885828,-10.355122339725948,-32.843137458600026,-948.050745529225
2.933225,-6.40828312516318,-372.98078102752766,-10.37166241479844,-33.31716283136479,-948.050745529225
2.933725,-5.459418639070342,-372.9846600168612,-10.388439502557304,-33.79118820412914,-948.050745529225
2.934225,-7.109049775155174,-372.9888095757551,-10.40545360300257,-34.26521357689391,-948.050745529225
2.934725,-6.656134303891522,-372.9931556843088,-10.422704716134195,-34.73923894965826,-948.050745529225
2.935225,-4.933972817250931,-372.99708082228784,-10.44019284195222,-35.213264322423036,-948.050745529225
2.935725,-5.502063210220117,-373.00146465955066,-10.457917980456632,-35.6872896951878,-948.050745529225
2.936225,-5.576653626665503,-373.00545957825983,-10.475880131647406,-36.16131506795215,-948.050745529225
2.936725,-5.298757481189753,-373.00978539179135,-10.494079295524578,-36.635340440716924,-948.050745529225
2.937225,-5.813752405613913,-373.01404119228437,-10.512515472088136,-37.1093658134817,-948.050745529225
2.937725,-4.969164108177287,-373.0183263923848,-10.531188661338055,-37.58339118624605,-948.050745529225
2.938225,-4.268235489392099,-373.0231051546088,-10.550098863274375,-38.05741655901082,-948.050745529225
2.9387250000000003,-5.806951313530328,-373.0273890232641,-10.56924607789708,-38.53144193177559,-948.050745529225
2.939225,-5.69078012436809,-373.03157276842353,-10.588630305206147,-39.005467304539934,-948.050745529225
2.939725,-4.583891758114431,-373.03564955732776,-10.608251545201616,-39.4794926773047,-948.050745529225
2.9402250000000003,-4.90659513598783,-373.0394922771435,-10.62810979788346,-39.953518050069476,-948.050745529225
2.940725,-4.381114762023392,-373.04354440203576,-10.64820506325168,-40.42754342283382,-948.050745529225
2.941225,-5.386103730137746,-373.04824708142615,-10.668537341306296,-40.9015687955986,-948.050745529225
2.9417250000000004,-7.088084265662408,-373.0527448296815,-10.689106632047292,-41.37559416836337,-948.050745529225
2.942225,-5.701864772721048,-373.05721574210065,-10.709912935474653,-41.84961954112772,-948.050745529225
2.9427250000000003,-4.928808409383029,-373.06217476945903,-10.730956251588413,-42.3236449138925,-948.050745529225
2.9432250000000004,-6.545410857002833,-373.06663975368923,-10.75223658038856,-42.79767028665726,-948.050745529225
2.943725,-6.825518433899039,-373.0713006088153,-10.773753921875066,-43.27169565942161,-948.050745529225
2.9442250000000003,-5.724987492440915,-373.0757762535586,-10.795508276047977,-43.745721032186374,-948.050745529225
2.944725,-4.855402915696897,-373.0808187671336,-10.817499642907249,-44.21974640495073,-948.050745529225
2.945225,-4.239858204192464,-373.0859933203779,-10.839728022452924,-44.6937717777155,-948.050745529225
2.9457250000000004,-4.236023600550967,-373.09180592790955,-10.862193414684981,-45.167797150480276,-948.050745529225
2.946225,-4.934561002451721,-373.0972644755524,-10.884895819603397,-45.64182252324462,-948.050745529225
2.946725,-3.668060420649815,-373.103060496582,-10.907835237208198,-46.11584789600897,-948.050745529225
2.9472250000000004,-2.965730995970457,-373.1081033250045,-10.931011667499424,-46.58987326877417,-948.050745529225
2.947725,-5.118377756550004,-373.1134528168621,-10.95442511047699,-47.063898641538515,-948.050745529225
2.948225,-4.667402431670207,-373.11918008022695,-10.978075566140932,-47.53792401430286,208.0949536353932
2.948725,-4.228024945246423,-373.1251852281413,-11.00181851627889,-47.43387653748513,208.0949536353932
2.949225,-5.557606610291283,-373.1310040117629,-11.025509442678437,-47.32982906066739,208.0949536353932
2.949725,-5.231003570498944,-373.13697733073525,-11.049148345339553,-47.225781583849766,208.0949536353932
2.950225,-5.392289150617087,-373.14295518990383,-11.07273522426228,-47.12173410703203,208.0949536353932
2.950725,-5.271008161514304,-373.14892305457556,-11.096270079446578,-47.01768663021439,208.0949536353932
2.951225,-4.103048369921918,-373.1546944987111,-11.11975291089249,-46.91363915339666,208.0949536353932
2.951725,-3.732171902955667,-373.16111710769496,-11.14318371859999,-46.80959167657892,208.0949536353932
2.952225,-4.079170042154107,-373.16735778632494,-11.166562502569064,-46.70554419976129,208.0949536353932
2.952725,-3.338546739775746,-373.17419330572255,-11.189889262799747,-46.601496722943565,208.0949536353932
2.953225,-2.230141789604034,-373.1813627923489,-11.213163999292025,-46.49744924612583,208.0949536353932
2.953725,-3.629284310827072,-373.1879212059365,-11.23638671204587,-46.393401769308184,208.0949536353932
2.954225,-3.3358248291650296,-373.1943167739869,-11.259557401061326,-46.28935429249045,208.0949536353932
2.9547250000000003,-2.99557311404455,-373.2007080657985,-11.282676066338375,-46.18530681567273,208.0949536353932
2.955225,-4.553641201351248,-373.20757054640995,-11.305742707876997,-46.08125933885509,208.0949536353932
2.955725,-3.970012207194807,-373.2139476554456,-11.328757325677223,-45.97721186203736,208.0949536353932
2.9562250000000003,-5.147364842667479,-373.2209905811025,-11.351719919739047,-45.873164385219624,208.0949536353932
2.956725,-6.520829660139976,-373.2281597546549,-11.374630490062438,-45.76911690840198,208.0949536353932
2.957225,-4.634426768837736,-373.23539809050584,-11.397489036647444,-45.66506943158426,208.0949536353932
2.957725,-5.151600160134698,-373.24242847024664,-11.420295559494019,-45.561021954766616,208.0949536353932
2.958225,-6.386037852127695,-373.24916428212714,-11.443050058602205,-45.45697447794888,208.0949536353932
2.9587250000000003,-5.466007568417968,-373.25588732504775,-11.465752533971981,-45.35292700113116,208.0949536353932
2.959225,-4.571514655482889,-373.262491543145,-11.488402985603331,-45.24887952431351,208.0949536353932
2.959725,-4.427480322123072,-373.26916279303464,-11.51100141349629,-45.14483204749579,208.0949536353932
2.9602250000000003,-4.737061562623216,-373.27560401140806,-11.533547817650843,-45.04078457067805,208.0949536353932
2.960725,-4.526477243088964,-373.2820979884448,-11.556042198066967,-44.936737093860415,208.0949536353932
2.961225,-5.257337893951791,-373.28842482669836,-11.578484554744698,-44.832689617042675,208.0949536353932
2.961725,-4.98169576156137,-373.294818403921,-11.600874887684002,-44.72864214022504,208.0949536353932
2.962225,-5.300235574527631,-373.30093674010516,-11.623213196884917,-44.62459466340731,208.0949536353932
2.962725,-6.853783198961494,-373.30717808045705,-11.645499482347404,-44.52054718658967,208.0949536353932
2.963225,-5.838859942796568,-373.31309383602814,-11.667733744071503,-44.41649970977194,208.0949536353932
2.963725,-5.921298895966871,-373.3193821213498,-11.68991598205719,-44.31245223295421,208.0949536353932
2.964225,-6.476246046924125,-373.32608325054207,-11.71204619630445,-44.20840475613657,208.0949536353932
2.964725,-5.328629619659221,-373.333376840958,-11.734124386813324,-44.10435727931884,208.0949536353932
2.965225,-5.994501462451088,-373.34025817022933,-11.756150553583785,-44.00030980250111,208.0949536353932
2.965725,-5.496487216061424,-373.34727456554845,-11.77812469661582,-43.896262325683466,208.0949536353932
2.966225,-4.15995443610132,-373.3543093863435,-11.800046815909466,-43.79221484886573,208.0949536353932
2.966725,-4.3942028937879964,-373.3610920076749,-11.82191691146468,-43.6881673720481,208.0949536353932
2.967225,-4.906029535026756,-373.36773727432444,-11.843734983281509,-43.584119895230366,208.0949536353932
2.967725,-5.040088389657436,-373.37446791494096,-11.865501031359928,-43.48007241841264,208.0949536353932
2.968225,-5.069025976602273,-373.38142479160314,-11.887215055699913,-43.37602494159499,208.0949536353932
2.968725,-5.668913092731827,-373.3883196199471,-11.908877056301513,-43.271977464777265,208.0949536353932
2.969225,-5.4596527838059625,-373.39468920382427,-11.930487033164686,-43.167929987959624,208.0949536353932
2.969725,-6.201760957148299,-373.4015403429971,-11.952044986289472,-43.0638825111419,208.0949536353932
2.970225,-6.878923323039162,-373.40834009227007,-11.973550915675842,-42.959835034324165,208.0949536353932
2.9707250000000003,-5.13181466692789,-373.4150569871348,-11.995004821323809,-42.85578755750643,208.0949536353932
2.971225,-5.787029242087252,-373.42175142673824,-12.016406703233345,-42.75174008068879,208.0949536353932
2.971725,-6.43840184991212,-373.4284892253458,-12.037756561404496,-42.647692603871064,208.0949536353932
2.9722250000000003,-4.727952944245966,-373.43583190958145,-12.059054395837231,-42.54364512705334,208.0949536353932
2.972725,-5.396167315765312,-373.44253448301544,-12.080300206531541,-42.43959765023569,208.0949536353932
2.973225,-5.509241559358003,-373.4494159801376,-12.101493993487445,-42.33555017341805,208.0949536353932
2.9737250000000004,-4.669953623860797,-373.45559278206935,-12.122635756704973,-42.231502696600224,208.0949536353932
2.974225,-5.698817625159768,-373.461700777676,-12.143725496184059,-42.12745521978259,208.0949536353932
2.9747250000000003,-5.887366386261858,-373.4678861610714,-12.16476321192475,-42.023407742964864,208.0949536353932
2.975225,-5.4210245838126685,-373.4740795806776,-12.18574890392702,-41.919360266147216,208.0949536353932
2.975725,-5.415504992330063,-373.4803202356259,-12.206682572190894,-41.81531278932949,208.0949536353932
2.9762250000000003,-5.90183475529715,-373.4867009563493,-12.227564216716361,-41.711265312511756,208.0949536353932
2.976725,-5.546460995780729,-373.4933241889428,-12.2483938375034,-41.60721783569412,208.0949536353932
2.977225,-5.719700014620997,-373.50004055605996,-12.269171434552032,-41.50317035887648,208.0949536353932
2.9777250000000004,-5.854451136311193,-373.50713201465925,-12.28989700786229,-41.39912288205865,208.0949536353932
2.978225,-4.7051381906211365,-373.51415604951,-12.310570557434104,-41.295075405241015,208.0949536353932
2.978725,-5.776450008639401,-373.5209124294831,-12.33119208326751,-41.191027928423374,208.0949536353932
2.9792250000000005,-6.270170018076774,-373.5278001708334,-12.351761585362544,-41.08698045160556,208.0949536353932
2.979725,-5.057801963584665,-373.53474561080367,-12.372279063719128,-40.982932974787914,208.0949536353932
2.980225,-6.167852906389337,-373.54141887786875,-12.392744518337306,-40.87888549797028,208.0949536353932
2.980725,-6.226039452684219,-373.5481308831817,-12.413157949217094,-40.77483802115255,208.0949536353932
2.981225,-5.65856696338264,-373.55487142952137,-12.433519356358454,-40.670790544334906,208.0949536353932
2.981725,-5.924546496154035,-373.56144374470057,-12.453828739761423,-40.56674306751719,208.0949536353932
2.982225,-5.082745394094149,-373.56802613212915,-12.474086099425984,-40.46269559069944,208.0949536353932
2.982725,-4.595342861919047,-373.57463511774654,-12.49429143535212,-40.3586481138818,208.0949536353932
2.983225,-5.109243089349173,-373.58138391210946,-12.514444747539862,-40.25460063706407,208.0949536353932
2.983725,-5.257532955458504,-373.58856828599835,-12.534546035989198,-40.15055316024634,208.0949536353932
2.984225,-3.629622044107932,-373.59501134986186,-12.554595300700106,-40.046505683428705,208.0949536353932
2.984725,-3.4926784998673286,-373.6020739526389,-12.574592541672622,-39.94245820661097,208.0949536353932
2.985225,-4.711787922235057,-373.6092115731571,-12.594537758906712,-39.83841072979333,208.0949536353932
2.985725,-4.624942882293842,-373.616324977771,-12.614430952402412,-39.7343632529756,208.0949536353932
2.986225,-5.589776372055908,-373.62344190214975,-12.634272122159702,-39.630315776157865,208.0949536353932
2.9867250000000003,-5.094853281775849,-373.6311181876847,-12.654061268178582,-39.52626829934013,208.0949536353932
2.987225,-4.621502054818997,-373.6381151372715,-12.673798390459035,-39.4222208225225,208.0949536353932
2.987725,-6.61488300788042,-373.6453432967413,-12.6934834890011,-39.31817334570477,208.0949536353932
2.9882250000000004,-6.4986720029172655,-373.65245496067126,-12.713116563804757,-39.21412586888703,208.0949536353932
2.988725,-4.828043384601945,-373.65966953964846,-12.732697614869984,-39.1100783920694,208.0949536353932
2.989225,-4.76174701511402,-373.66686104915135,-12.752226642196804,-39.00603091525176,208.0949536353932
2.989725,-4.594545921209401,-373.6739499778634,-12.77170364578523,-38.90198343843403,208.0949536353932
2.990225,-3.980389522366252,-373.68100378423696,-12.791128625635247,-38.7979359616163,208.0949536353932
2.9907250000000003,-3.744757932192614,-373.6884629343961,-12.81050158174686,-38.693888484798556,208.0949536353932
2.991225,-3.1172324043221784,-373.6957282257922,-12.829822514120044,-38.58984100798092,208.0949536353932
2.991725,-2.584778493334972,-373.70320397541275,-12.849091422754835,-38.485793531163196,208.0949536353932
2.992225,-3.891054393537715,-373.71063093228395,-12.868308307651205,-38.38174605434555,208.0949536353932
2.992725,-4.2293624808564605,-373.71840907474973,-12.88747316880918,-38.27769857752782,208.0949536353932
2.993225,-3.747506195583007,-373.72616451601965,-12.906586006228727,-38.17365110071018,208.0949536353932
2.993725,-5.220132165308192,-373.7343527295245,-12.925646819909884,-38.06960362389246,208.0949536353932
2.994225,-5.57851256639564,-373.7418975626804,-12.94465560985263,-37.96555614707472,208.0949536353932
2.994725,-5.234667662382442,-373.74938395767003,-12.963612376056956,-37.86150867025709,208.0949536353932
2.995225,-5.673101004007139,-373.7574547045315,-12.982517118522884,-37.75746119343935,208.0949536353932
2.995725,-5.19150920846065,-373.76512879953094,-13.001369837250408,-37.653413716621614,208.0949536353932
2.996225,-4.704688569170338,-373.77307232550436,-13.020170532239499,-37.54936623980397,208.0949536353932
2.996725,-4.392268530164248,-373.7801546568926,-13.038919203490206,-37.445318762986254,208.0949536353932
2.997225,-3.2030133806232093,-373.7873460534351,-13.057615851002486,-37.34127128616861,208.0949536353932
2.997725,-2.6014649741817992,-373.7944184786713,-13.076260474776369,-37.23722380935088,208.0949536353932
2.998225,-3.799491357629853,-373.80189032794414,-13.094853074811851,-37.13317633253315,208.0949536353932
2.998725,-3.918209758498503,-373.80941257906113,-13.113393651108899,-37.02912885571551,208.0949536353932
2.999225,-2.828617868530622,-373.8170556516727,-13.131882203667557,-36.92508137889778,208.0949536353932
2.999725,-3.795953964569141,-373.8248800110187,-13.15031873248781,-36.82103390208004,208.0949536353932
3.000225,-4.582277543300154,-373.832897471807,-13.168703237569634,-36.71698642526241,208.0949536353932
3.000725,-5.158064499698689,-373.84132077476715,-13.187035718913066,-36.61293894844467,208.0949536353932
3.0012250000000003,-5.650993576428443,-373.84972820448746,-13.205316176518089,-36.508891471626946,208.0949536353932
3.001725,-4.146216678532036,-373.85834833688716,-13.223544610384689,-36.40484399480931,208.0949536353932
3.002225,-3.5438080509633307,-373.8672294587042,-13.241721020512896,-36.30079651799157,208.0949536353932
3.0027250000000003,-4.59824554065703,-373.87574592665965,-13.259845406902697,-36.19674904117384,208.0949536353932
3.003225,-4.1125708265823615,-373.88425998504624,-13.277917769554065,-36.0927015643562,208.0949536353932
3.003725,-3.045581459437236,-373.89249963885254,-13.295938108467046,-35.98865408753847,208.0949536353932
3.0042250000000004,-2.510775593304234,-373.9006514920009,-13.313906423641615,-35.88460661072074,208.0949536353932
3.004725,-2.3066348237925665,-373.9094939711237,-13.331822715077763,-35.7805591339031,208.0949536353932
3.0052250000000003,-3.3089020061042502,-373.9172792873058,-13.349686982775516,-35.67651165708537,208.0949536353932
3.0057250000000004,-3.979829129979848,-373.9255491945366,-13.36749922673486,-35.57246418026763,208.0949536353932
3.006225,-3.344688741887204,-373.9338633106232,-13.38525944695578,-35.468416703449996,208.0949536353932
3.0067250000000003,-3.326607334774817,-373.9419473919912,-13.402967643438307,-35.36436922663226,208.0949536353932
3.007225,-4.609202864224043,-373.95017507828464,-13.420623816182408,-35.26032174981463,208.0949536353932
3.007725,-4.7275917132674605,-373.9587426321169,-13.438227965188114,-35.15627427299689,208.0949536353932
3.0082250000000004,-4.303955411964328,-373.96741249690604,-13.45578009045542,-35.05222679617916,208.0949536353932
3.008725,-4.091387199010136,-373.97602497827273,-13.473280191984296,-34.94817931936153,208.0949536353932
3.009225,-3.1838070702159813,-373.9842340018617,-13.49072826977476,-34.84413184254389,208.0949536353932
3.0097250000000004,-3.524183695366547,-373.99230567263845,-13.50812432382685,-34.74008436572606,208.0949536353932
3.010225,-3.90792582747441,-374.0000620211535,-13.525468354140495,-34.63603688890842,208.0949536353932
3.010725,-2.8879176352956337,-374.0078662597889,-13.542760360715734,-34.53198941209079,208.0949536353932
3.011225,-3.1390128672183404,-374.0155858567836,-13.560000343552586,-34.427941935273054,208.0949536353932
3.011725,-3.712824539049171,-374.02356506611807,-13.57718830265102,-34.32389445845532,208.0949536353932
3.012225,-3.5682109465862,-374.03175434591003,-13.594324238011037,-34.21984698163769,208.0949536353932
3.012725,-4.047961110975047,-374.0399596038331,-13.611408149632657,-34.11579950481995,208.0949536353932
3.013225,-4.817679864663329,-374.0485287209281,-13.628440037515853,-34.01175202800231,208.0949536353932
3.013725,-4.481321173874139,-374.0564708336217,-13.645419901660656,-33.90770455118459,208.0949536353932
3.014225,-4.009686470035787,-374.06439785283953,-13.66234774206705,-33.80365707436685,208.0949536353932
3.014725,-4.299908383764361,-374.0723313102577,-13.679223558735018,-33.69960959754922,208.0949536353932
3.015225,-3.894774605571508,-374.0801414360301,-13.696047351664594,-33.59556212073147,208.0949536353932
3.015725,-4.077222525032493,-374.08850643956225,-13.712819120855762,-33.491514643913746,208.0949536353932
3.016225,-4.1037693047700525,-374.096781680264,-13.7295388663085,-33.38746716709611,208.0949536353932
3.016725,-2.6402902670512605,-374.10489306648594,-13.746206588022853,-33.283419690278386,208.0949536353932
3.0172250000000003,-3.13144283172495,-374.1124895088541,-13.762822285998793,-33.179372213460645,208.0949536353932
3.017725,-4.191826417823855,-374.119973997296,-13.779385960236311,-33.075324736643005,208.0949536353932
3.018225,-3.547421411633782,-374.12779505200814,-13.795897610735432,-32.97127725982527,208.0949536353932
3.0187250000000003,-3.7719192183201,-374.1356343261527,-13.812357237496146,-32.867229783007545,208.0949536353932
3.019225,-3.900355134998775,-374.14366689602144,-13.828764840518435,-32.763182306189904,208.0949536353932
3.019725,-3.4477041566717603,-374.1514761026072,-13.845120419802331,-32.65913482937217,208.0949536353932
3.020225,-3.430995600333961,-374.1588712944996,-13.861423975347805,-32.55508735255454,208.0949536353932
3.020725,-3.3773344216511108,-374.1663338446311,-13.877675507154882,-32.451039875736804,208.0949536353932
3.0212250000000003,-2.9484896332715245,-374.17376488187045,-13.893875015223554,-32.34699239891908,208.0949536353932
3.021725,-2.6796696940117224,-374.18118035047195,-13.910022499553799,-32.24294492210144,208.0949536353932
3.022225,-2.4161876537745086,-374.18911411224116,-13.926117960145653,-32.1388974452837,208.0949536353932
3.0227250000000003,-1.9792475220721688,-374.19684558378066,-13.94216139699909,-32.03484996846596,208.0949536353932
3.023225,-2.9266169959089554,-374.2050396098664,-13.958152810114115,-31.930802491648333,208.0949536353932
3.023725,-3.6801022673668498,-374.21334228675863,-13.974092199490737,-31.826755014830603,208.0949536353932
3.024225,-3.160836732449041,-374.2213320491661,-13.989979565128937,-31.72270753801296,208.0949536353932
3.024725,-3.3432194688640244,-374.2288398736807,-14.005814907028746,-31.618660061195232,208.0949536353932
3.025225,-3.66997615738068,-374.2366407319177,-14.02159822519013,-31.51461258437759,208.0949536353932
3.025725,-4.2862767684634,-374.2442702067936,-14.03732951961312,-31.410565107559858,208.0949536353932
3.026225,-4.4575083755232745,-374.25211960457557,-14.053008790297703,-31.306517630742135,208.0949536353932
3.026725,-2.9840875355679684,-374.2596360774287,-14.06863603724386,-31.20247015392449,208.0949536353932
3.027225,-1.9247398638307984,-374.2674024975421,-14.084211260451623,-31.098422677106758,208.0949536353932
3.027725,-2.4955292078230937,-374.27487687874424,-14.099734459920976,-30.99437520028902,208.0949536353932
3.028225,-2.744377853691222,-374.28255491983805,-14.115205635651906,-30.890327723471383,208.0949536353932
3.028725,-1.7878221760488782,-374.2903094156323,-14.130624787644447,-30.78628024665366,208.0949536353932
3.029225,-1.0713984383275978,-374.29825602106655,-14.145991915898557,-30.682232769836016,208.0949536353932
3.029725,-1.2263722858220452,-374.30607857138534,-14.161307020414275,-30.57818529301829,208.0949536353932
3.030225,-2.160779963096765,-374.3138974653488,-14.176570101191588,-30.47413781620056,208.0949536353932
3.030725,-3.18791542460704,-374.322021379529,-14.191781158230473,-30.370090339382923,208.0949536353932
3.031225,-3.0018954595157386,-374.3297362863381,-14.206940191530967,-30.26604286256519,208.0949536353932
3.031725,-2.361449890119244,-374.33766473429733,-14.222047201093035,-30.16199538574755,208.0949536353932
3.032225,-3.228054030188603,-374.3454858995766,-14.237102186916713,-30.057947908929815,208.0949536353932
3.032725,-4.212047540892815,-374.3533820752553,-14.252105149001975,-29.953900432112082,208.0949536353932
3.0332250000000003,-3.310896974057306,-374.361138320892,-14.267056087348834,-29.849852955294356,208.0949536353932
3.033725,-2.4342716706101912,-374.3692579880572,-14.28195500195727,-29.74580547847671,208.0949536353932
3.034225,-2.03144431465775,-374.37760374192595,-14.296801892827306,-29.641758001658985,208.0949536353932
3.0347250000000003,-1.6889465977052776,-374.38545819937457,-14.311596759958936,-29.537710524841245,208.0949536353932
3.035225,-1.7491325891192029,-374.39284481857055,-14.326339603352146,-29.433663048023615,208.0949536353932
3.035725,-1.5540793264927415,-374.40056132945267,-14.341030423006941,-29.329615571205974,208.0949536353932
3.0362250000000004,-1.2693846253298442,-374.4085161169448,-14.35566921892336,-29.22556809438815,208.0949536353932
3.036725,-1.5661744652149214,-374.4165882339681,-14.37025599110134,-29.121520617570514,208.0949536353932
3.0372250000000003,-1.9764761338901669,-374.42488814611636,-14.384790739540925,-29.017473140752777,208.0949536353932
3.037725,-2.050925654063233,-374.43324668212387,-14.399273464242091,-28.913425663935143,208.0949536353932
3.038225,-2.608778792113952,-374.4413881692897,-14.41370416520486,-28.809378187117407,208.0949536353932
3.0387250000000003,-2.6171949350213675,-374.44980758636734,-14.42808284242922,-28.70533071029968,208.0949536353932
3.039225,-2.1431637439582896,-374.4582124052946,-14.442409495915156,-28.60128323348204,208.0949536353932
3.039725,-2.286831815196557,-374.46680990020707,-14.456684125662685,-28.49723575666439,208.0949536353932
3.0402250000000004,-2.1855988795568786,-374.4749789837723,-14.470906731671828,-28.393188279846573,208.0949536353932
3.040725,-1.8695634777806704,-374.482997550785,-14.48507731394254,-28.289140803028932,208.0949536353932
3.041225,-1.876973287715164,-374.49055435528794,-14.499195872474843,-28.185093326211298,208.0949536353932
3.0417250000000005,-1.3210556591730145,-374.49792963692835,-14.513262407268762,-28.081045849393472,208.0949536353932
3.042225,-0.8220146089526267,-374.505474650223,-14.527276918324244,-27.97699837257584,208.0949536353932
3.042725,-1.7299373802239528,-374.5129289243692,-14.54123940564132,-27.872950895758198,208.0949536353932
3.043225,-2.1163514043657825,-374.5205121841637,-14.555149869220003,-27.768903418940464,208.0949536353932
3.043725,-1.6513995457269537,-374.52753491366747,-14.569008309060262,-27.664855942122824,208.0949536353932
3.044225,-1.6159684919340556,-374.53500743359086,-14.582814725162118,-27.560808465305094,208.0949536353932
3.044725,-1.4464128096190323,-374.54224245805443,-14.596569117525576,-27.45676098848736,208.0949536353932
3.045225,-2.6123608545317825,-374.54913991187374,-14.610271486150605,-27.352713511669727,208.0949536353932
3.045725,-3.531832615549907,-374.55584297741933,-14.623921831037238,-27.24866603485199,208.0949536353932
3.046225,-2.169800328469889,-374.56266282995557,-14.637520152185466,-27.14461855803426,208.0949536353932
3.046725,-1.6021294004220017,-374.5697505026606,-14.651066449595271,-27.04057108121662,208.0949536353932
3.047225,-2.7838487333356325,-374.5772607429256,-14.664560723266682,-26.93652360439889,208.0949536353932
3.047725,-3.552885751818136,-374.58462861602857,-14.678002973199662,-26.83247612758125,208.0949536353932
3.048225,-3.2815508494546606,-374.5913046752308,-14.691393199394259,-26.72842865076352,208.0949536353932
3.048725,-2.7010358524313407,-374.5983477256466,-14.70473140185044,-26.62438117394579,208.0949536353932
3.0492250000000003,-2.601269021897531,-374.6051827994052,-14.718017580568214,-26.52033369712806,208.0949536353932
3.049725,-3.4709887181809003,-374.61210341321276,-14.731251735547566,-26.41628622031042,208.0949536353932
3.050225,-3.85622760706794,-374.6189772632242,-14.744433866788519,-26.31223874349269,208.0949536353932
3.0507250000000004,-2.787837388370492,-374.6254896026359,-14.757563974291067,-26.20819126667495,208.0949536353932
3.051225,-2.4347508413314443,-374.6318914189511,-14.770642058055195,-26.104143789857314,208.0949536353932
3.051725,-2.7803143017202294,-374.6383835173662,-14.783668118080907,-26.000096313039677,208.0949536353932
3.052225,-2.6477570603007763,-374.64413431904774,-14.79664215436823,-25.89604883622195,208.0949536353932
3.052725,-2.901299738774321,-374.65007970850917,-14.809564166917141,-25.792001359404214,208.0949536353932
3.0532250000000003,-2.54052370898163,-374.65648259872813,-14.822434155727644,-25.687953882586484,208.0949536353932
3.053725,-2.164826688141481,-374.6628906167547,-14.835252120799725,-25.58390640576884,208.0949536353932
3.054225,-3.2703657919825857,-374.6697958669065,-14.848018062133411,-25.47985892895111,208.0949536353932
3.054725,-3.4915268092214204,-374.67689304948794,-14.860731979728673,-25.375811452133473,208.0949536353932
3.055225,-3.564376565775232,-374.68344621039216,-14.873393873585538,-25.271763975315743,208.0949536353932
3.055725,-3.818272385976819,-374.69070353293006,-14.886003743703988,-25.167716498498105,208.0949536353932
3.056225,-3.858788245963789,-374.6973592931841,-14.898561590084034,-25.063669021680376,208.0949536353932
3.056725,-3.5874368188623045,-374.7037740488683,-14.911067412725675,-24.959621544862646,208.0949536353932
3.057225,-3.1793205998105227,-374.71043190734053,-14.923521211628893,-24.855574068045005,208.0949536353932
3.057725,-3.3988014277045493,-374.71661355774347,-14.935922986793717,-24.75152659122727,208.0949536353932
3.058225,-2.9174125998128724,-374.7228813799032,-14.94827273822013,-24.64747911440954,208.0949536353932
3.058725,-2.1861212832900074,-374.7288252840222,-14.960570465908123,-24.5434316375919,208.0949536353932
3.059225,-2.4120986070342174,-374.73529337054595,-14.972816169857719,-24.439384160774164,208.0949536353932
3.059725,-2.5157038384241006,-374.7423431198591,-14.985009850068897,-24.33533668395653,208.0949536353932
3.060225,-3.464499501887992,-374.74944331101887,-14.997151506541673,-24.2312892071388,208.0949536353932
3.060725,-3.8130344831004512,-374.7572154464493,-15.00924113927604,-24.127241730321064,208.0949536353932
3.061225,-3.6007048681760865,-374.7648686594172,-15.021278748271994,-24.02319425350343,208.0949536353932
3.061725,-4.412945190818918,-374.77303805518613,-15.033264333529543,-23.919146776685693,208.0949536353932
3.062225,-5.040414389980636,-374.7815094884889,-15.045197895048688,-23.81509929986797,208.0949536353932
3.062725,-5.278637811131677,-374.78962666532846,-15.057079432829406,-23.711051823050326,208.0949536353932
3.063225,-4.851401995721512,-374.7978460264216,-15.06890894687173,-23.607004346232596,208.0949536353932
3.0637250000000003,-4.293081139598638,-374.8057671480391,-15.080686437175649,-23.502956869414863,208.0949536353932
3.064225,-4.204516835943993,-374.81373746736006,-15.092411903741146,-23.398909392597222,208.0949536353932
3.064725,-3.700790339682333,-374.8214214119815,-15.10408534656824,-23.294861915779496,208.0949536353932
3.0652250000000003,-3.6592823374304784,-374.82907769175665,-15.115706765656931,-23.19081443896176,208.0949536353932
3.065725,-3.597238640157067,-374.83684466238975,-15.127276161007204,-23.08676696214413,208.0949536353932
3.066225,-3.4934254390165345,-374.84470197954187,-15.138793532619074,-22.982719485326392,208.0949536353932
3.0667250000000004,-3.764523536345293,-374.8527536844487,-15.150258880492538,-22.87867200850866,208.0949536353932
3.067225,-4.092378300673603,-374.8609788810109,-15.161672204627578,-22.774624531691025,208.0949536353932
3.0677250000000003,-4.983230494824282,-374.8695129347329,-15.173033505024224,-22.670577054873295,208.0949536353932
3.0682250000000004,-5.142165205173192,-374.87843950179695,-15.184342781682458,-22.56652957805556,208.0949536353932
3.068725,-4.798649066464849,-374.8874853662743,-15.19560003460228,-22.46248210123792,208.0949536353932
3.0692250000000003,-5.199188756458281,-374.8968659756008,-15.206805263783695,-22.358434624420187,208.0949536353932
3.069725,-4.831423155438051,-374.90605997847456,-15.217958469226692,-22.254387147602547,208.0949536353932
3.070225,-5.094229696644876,-374.91554986626073,-15.229059650931294,-22.15033967078482,208.0949536353932
3.0707250000000004,-5.12879068718796,-374.92534142406345,-15.240108808897489,-22.046292193967087,208.0949536353932
3.071225,-4.045659714041007,-374.9346758827252,-15.251105943125259,-21.942244717149453,208.0949536353932
3.071725,-3.934382935837181,-374.94354911200986,-15.262051053614629,-21.83819724033181,208.0949536353932
3.0722250000000004,-3.908634219337462,-374.95229497607613,-15.2729441403656,-21.734149763513983,208.0949536353932
3.072725,-4.395484276085657,-374.9610599426625,-15.283785203378148,-21.63010228669635,208.0949536353932
3.073225,-4.566638814720608,-374.9693310512596,-15.294574242652285,-21.52605480987871,208.0949536353932
3.073725,-3.804543756864997,-374.97733222422374,-15.305311258188027,-21.422007333060975,208.0949536353932
3.074225,-3.919725049747021,-374.9857134261756,-15.315996249985348,-21.317959856243245,208.0949536353932
3.074725,-4.196035723071725,-374.99427096231295,-15.326629218044264,-21.213912379425608,208.0949536353932
3.075225,-4.848817822133162,-375.00323926554495,-15.337210162364778,-21.109864902607875,208.0949536353932
3.075725,-4.471227114578873,-375.01247140516324,-15.347739082946871,-21.005817425790234,208.0949536353932
3.076225,-3.4823469950728887,-375.02168594711964,-15.358215979790561,-20.901769948972508,208.0949536353932
3.076725,-3.7430528967524266,-375.031299296813,-15.368640852895851,-20.797722472154774,208.0949536353932
3.077225,-4.152090757548428,-375.0405723009758,-15.379013702262712,-20.693674995337133,208.0949536353932
3.077725,-4.227699692030714,-375.0501208692656,-15.389334527891181,-20.5896275185194,208.0949536353932
3.078225,-3.7406836809788215,-375.0590555547316,-15.399603329781241,-20.485580041701674,208.0949536353932
3.078725,-3.2161474352195976,-375.06784025713773,-15.409820107932884,-20.381532564884033,208.0949536353932
3.079225,-3.527596085684512,-375.0754156944569,-15.419984862346121,-20.277485088066296,208.0949536353932
3.0797250000000003,-3.494719742444515,-375.08338428123983,-15.430097593020957,-20.173437611248566,208.0949536353932
3.080225,-3.55040846134744,-375.09078583395825,-15.440158299957373,-20.06939013443093,208.0949536353932
3.080725,-3.2031915487140394,-375.0985150734569,-15.450166983155386,-19.965342657613203,208.0949536353932
3.0812250000000003,-2.69045092132623,-375.10570528584486,-15.46012364261499,-19.861295180795466,208.0949536353932
3.081725,-2.9333934193286626,-375.1132379385294,-15.470028278336178,-19.757247703977825,208.0949536353932
3.082225,-3.1177337181005296,-375.12092926264376,-15.479880890318967,-19.6532002271601,208.0949536353932
3.082725,-3.167346023884478,-375.1284483155612,-15.489681478563332,-19.549152750342458,208.0949536353932
3.083225,-3.206627305366553,-375.13572906936724,-15.499430043069307,-19.445105273524728,208.0949536353932
3.0837250000000003,-3.2385099838302067,-375.14277826142194,-15.509126583836867,-19.341057796706995,208.0949536353932
3.084225,-3.515767828374924,-375.1500539186841,-15.518771100866008,-19.23701031988935,208.0949536353932
3.084725,-3.34279668538021,-375.1577714638242,-15.528363594156755,-19.132962843071624,208.0949536353932
3.0852250000000003,-3.533533272439377,-375.1653066216188,-15.53790406370909,-19.028915366253887,208.0949536353932
3.085725,-3.7912083570484887,-375.1726040530629,-15.547392509523007,-18.924867889436257,208.0949536353932
3.086225,-3.149430603161924,-375.17921049758075,-15.556828931598522,-18.82082041261852,208.0949536353932
3.086725,-2.535193580221588,-375.1851017270335,-15.566213329935625,-18.716772935800883,208.0949536353932
3.087225,-2.0887668757970035,-375.1909476849949,-15.57554570453432,-18.612725458983157,208.0949536353932
3.087725,-2.122314251922862,-375.19638570312475,-15.5848260553946,-18.508677982165512,208.0949536353932
3.088225,-2.280368197118845,-375.2020412896641,-15.594054382516484,-18.40463050534778,208.0949536353932
3.088725,-1.420393990319398,-375.20715415990475,-15.603230685899955,-18.30058302853005,208.0949536353932
3.089225,-1.0263367059567303,-375.21238979001674,-15.612354965545014,-18.196535551712415,208.0949536353932
3.089725,-2.0931413083933217,-375.2180115207831,-15.621427221451668,-18.092488074894682,208.0949536353932
3.090225,-2.972545696249714,-375.2241444294851,-15.630447453619912,-17.98844059807695,208.0949536353932
3.090725,-2.8950743442037563,-375.2298343794636,-15.639415662049743,-17.88439312125931,208.0949536353932
3.091225,-2.862158335159698,-375.23577819201114,-15.648331846741172,-17.78034564444158,208.0949536353932
3.091725,-2.80548855910368,-375.24233993221895,-15.657196007694182,-17.67629816762394,208.0949536353932
3.092225,-3.330029149615568,-375.24876508694075,-15.666008144908792,-17.572250690806204,208.0949536353932
3.092725,-3.99411632773039,-375.25527552738623,-15.674768258384995,-17.468203213988478,208.0949536353932
3.093225,-3.277781798144116,-375.26140993435416,-15.683476348122777,-17.36415573717084,208.0949536353932
3.093725,-1.7892809798051783,-375.26734651189906,-15.692132414122167,-17.260108260353107,208.0949536353932
3.094225,-1.5675198085220114,-375.2730816945181,-15.700736456383133,-17.156060783535466,208.0949536353932
3.094725,-1.83911167407888,-375.27822808192815,-15.709288474905692,-17.052013306717736,208.0949536353932
3.095225,-1.5689555591052442,-375.28290350372197,-15.717788469689854,-16.947965829900003,208.0949536353932
3.0957250000000003,-1.3525647574794577,-375.2881028791627,-15.726236440735606,-16.843918353082273,208.0949536353932
3.096225,-0.8764823117213105,-375.2930317257443,-15.734632388042936,-16.739870876264636,208.0949536353932
3.096725,-1.1683759027702765,-375.29864318006116,-15.742976311611866,-16.635823399446902,208.0949536353932
3.0972250000000003,-2.853970188417612,-375.3046257149355,-15.751268211442387,-16.53177592262917,208.0949536353932
3.097725,-3.5243944564658136,-375.31146498784653,-15.759508087534494,-16.427728445811535,208.0949536353932
3.098225,-3.371822542769165,-375.3186333612864,-15.76769593988819,-16.323680968993898,208.0949536353932
3.0987250000000004,-3.3695135557191533,-375.3262593045473,-15.775831768503494,-16.219633492176076,208.0949536353932
3.099225,-3.582778145653392,-375.3339318031693,-15.78391557338037,-16.11558601535843,208.0949536353932
3.0997250000000003,-4.327325819868233,-375.3417758811639,-15.791947354518848,-16.011538538540698,208.0949536353932
3.100225,-4.169098544586304,-375.34900964068987,-15.79992711191891,-15.907491061723062,208.0949536353932
3.100725,-3.1266446078456926,-375.3562330869474,-15.807854845580572,-15.803443584905331,208.0949536353932
3.1012250000000003,-2.58678044710306,-375.3627714564687,-15.815730555503823,-15.699396108087601,208.0949536353932
3.101725,-2.6042117910946,-375.3691476183199,-15.823554241688653,-15.595348631269962,208.0949536353932
3.102225,-2.990061426972626,-375.3752540786196,-15.831325904135081,-15.491301154452323,208.0949536353932
3.1027250000000004,-2.929359577411057,-375.3814701306527,-15.839045542843113,-15.387253677634499,208.0949536353932
3.103225,-2.536450545658389,-375.3879155483905,-15.846713157812722,-15.283206200816856,208.0949536353932
3.103725,-2.3185874146645697,-375.3947429598651,-15.854328749043923,-15.179158723999219,208.0949536353932
3.1042250000000005,-3.238637089815768,-375.4010291135271,-15.861892316536725,-15.075111247181393,208.0949536353932
3.104725,-4.158429671695463,-375.40852539227575,-15.86940386029111,-14.971063770363756,208.0949536353932
3.105225,-3.4426834126597994,-375.4165894574203,-15.876863380307082,-14.867016293546115,208.0949536353932
3.105725,-3.4076736769534355,-375.4256333643602,-15.884270876584653,-14.762968816728387,208.0949536353932
3.106225,-3.5485989593819824,-375.43479274509076,-15.89162634912381,-14.658921339910748,208.0949536353932
3.106725,-3.032657341343149,-375.44395437953943,-15.898929797924565,-14.554873863093016,208.0949536353932
3.107225,-3.525927059951819,-375.452712603864,-15.906181222986907,-14.450826386275287,208.0949536353932
3.107725,-3.730192364142469,-375.46146860003944,-15.913380624310832,-14.346778909457646,208.0949536353932
3.108225,-3.267545063215787,-375.46991206677,-15.920528001896363,-14.242731432639918,208.0949536353932
3.108725,-3.203853428313568,-375.4785743066534,-15.927623355743481,-14.138683955822183,208.0949536353932
3.109225,-3.4573623959934863,-375.4870637711794,-15.934666685852182,-14.034636479004545,208.0949536353932
3.109725,-3.507127823216623,-375.4952726834422,-15.941657992222481,-13.93058900218681,208.0949536353932
3.110225,-3.5052922211509205,-375.5026976098139,-15.948597274854365,-13.826541525369173,208.0949536353932
3.110725,-3.3180635531831384,-375.5101211632028,-15.95548453374785,-13.722494048551443,208.0949536353932
3.111225,-2.561409416895544,-375.5183541473517,-15.962319768902924,-13.618446571733713,208.0949536353932
3.1117250000000003,-2.4838636408990857,-375.5267163463233,-15.96910298031959,-13.514399094915978,208.0949536353932
3.112225,-3.186272119091908,-375.53566078780784,-15.975834167997839,-13.41035161809834,208.0949536353932
3.112725,-2.756709939136748,-375.5456849522268,-15.982513331937685,-13.30630414128061,208.0949536353932
3.1132250000000004,-2.3394000014041567,-375.55589460539807,-15.989140472139123,-13.202256664462878,208.0949536353932
3.113725,-2.642037628032033,-375.5668827963036,-15.995715588602145,-13.09820918764524,208.0949536353932
3.114225,-2.584270059655565,-375.5777656007358,-16.002238681326762,-12.9941617108276,208.0949536353932
3.114725,-3.4948385388996868,-375.588286043646,-16.008709750312974,-12.89011423400987,208.0949536353932
3.115225,-4.079295112742639,-375.5985375864693,-16.015128795560774,-12.786066757192138,208.0949536353932
3.1157250000000003,-3.373598202274679,-375.6077075322091,-16.02149581707017,-12.682019280374405,208.0949536353932
3.116225,-3.08882459107024,-375.6169633558569,-16.027810814841153,-12.577971803556764,208.0949536353932
3.116725,-3.1008910782985257,-375.62613416224065,-16.034073788873723,-12.473924326739034,208.0949536353932
3.117225,-3.452804085008131,-375.6346062151306,-16.040284739167888,-12.369876849921399,208.0949536353932
3.117725,-2.979599508560779,-375.64325872260457,-16.046443665723647,-12.265829373103665,208.0949536353932
3.118225,-1.655684026249015,-375.65251784173,-16.052550568540987,-12.161781896286023,208.0949536353932
3.118725,-1.0944176857775303,-375.66126536162415,-16.058605447619932,-12.057734419468293,208.0949536353932
3.119225,-1.6966587291930644,-375.6699820476197,-16.06460830296046,-11.953686942650563,208.0949536353932
3.119725,-2.26469144879448,-375.6794388738356,-16.070559134562576,-11.849639465832924,208.0949536353932
3.120225,-1.9189041726167184,-375.689652238308,-16.07645794242629,-11.745591989015193,208.0949536353932
3.120725,-1.7534800062479003,-375.70027229100367,-16.082304726551598,-11.641544512197463,208.0949536353932
3.121225,-2.1504617215674857,-375.71058660883784,-16.08809948693849,-11.537497035379825,208.0949536353932
3.121725,-2.488362148491392,-375.7211462098906,-16.09384222358698,-11.43344955856209,208.0949536353932
3.122225,-3.067184183023137,-375.73146640583036,-16.099532936497052,-11.32940208174445,208.0949536353932
3.122725,-2.516705078864637,-375.7416738074362,-16.10517162566872,-11.225354604926718,208.0949536353932
3.123225,-1.4780792425821838,-375.751001902419,-16.11075829110198,-11.121307128108988,208.0949536353932
3.123725,-1.2570355054920463,-375.76003758123596,-16.116292932796828,-11.01725965129135,208.0949536353932
3.124225,-0.7285577666848112,-375.7687067879185,-16.121775550753274,-10.91321217447362,208.0949536353932
3.124725,-0.5995979310917149,-375.77740270954666,-16.127206144971304,-10.809164697655888,208.0949536353932
3.125225,-0.5099748387354868,-375.7854694125495,-16.13258471545093,-10.705117220838245,208.0949536353932
3.125725,-0.2184186518945151,-375.7939182159506,-16.13791126219214,-10.601069744020517,208.0949536353932
3.1262250000000003,-0.979627982324215,-375.80221298122,-16.143185785194948,-10.497022267202786,208.0949536353932
3.126725,-1.9071185511936288,-375.8114893049649,-16.148408284459343,-10.392974790385145,208.0949536353932
3.127225,-2.6990311063658274,-375.8206169864544,-16.153578759985333,-10.288927313567415,208.0949536353932
3.1277250000000003,-2.969375631361242,-375.8305318055575,-16.158697211772918,-10.184879836749685,208.0949536353932
3.128225,-3.339987709151805,-375.84083747118524,-16.16376363982208,-10.080832359932048,208.0949536353932
3.128725,-3.498837654353645,-375.8518182540073,-16.168778044132843,-9.976784883114313,208.0949536353932
3.1292250000000004,-2.7389865728505973,-375.8618535736562,-16.173740424705198,-9.872737406296585,208.0949536353932
3.129725,-2.917524724244411,-375.87190487266736,-16.178650781539144,-9.768689929478944,208.0949536353932
3.1302250000000003,-2.560266809456519,-375.8817949227985,-16.183509114634678,-9.664642452661212,208.0949536353932
3.1307250000000004,-1.6574415949620305,-375.89065460970625,-16.188315423991806,-9.56059497584348,208.0949536353932
3.131225,-1.6994353005977092,-375.89901587407866,-16.193069709610523,-9.45654749902584,208.0949536353932
3.1317250000000003,-1.368034689489765,-375.90699526849687,-16.19777197149083,-9.352500022208112,208.0949536353932
3.132225,-1.4587390060002057,-375.9146641795667,-16.20242220963273,-9.248452545390474,208.0949536353932
3.132725,-2.409157858938616,-375.92254802801375,-16.207020424036223,-9.14440506857274,208.0949536353932
3.1332250000000004,-2.7097238885299952,-375.9305221698278,-16.2115666147013,-9.040357591755008,208.0949536353932
3.133725,-2.708614156189628,-375.93902751933246,-16.216060781627974,-8.936310114937369,208.0949536353932
3.134225,-3.2357492137353487,-375.94789496705897,-16.220502924816234,-8.832262638119731,208.0949536353932
3.1347250000000004,-3.953209438165911,-375.9570658963092,-16.224893044266093,-8.728215161301907,208.0949536353932
3.135225,-3.7295473580082033,-375.9669082790933,-16.229231139977543,-8.624167684484265,208.0949536353932
3.135725,-3.469108445904427,-375.9765242736157,-16.233517211950574,-8.520120207666627,208.0949536353932
3.136225,-2.9350372720483184,-375.98676940895484,-16.237751260185206,-8.4160727308489,208.0949536353932
3.136725,-1.594059966594738,-375.99600973938635,-16.24193328468143,-8.312025254031166,208.0949536353932
3.137225,-1.5743502422408562,-376.00519492214136,-16.246063285439238,-8.207977777213527,208.0949536353932
3.137725,-0.7061970725665132,-376.0137737283444,-16.25014126245864,-8.103930300395795,208.0949536353932
3.138225,0.2457750270193086,-376.02184259203017,-16.25416721573963,-7.999882823578155,208.0949536353932
3.138725,0.1527217474065499,-376.02933528385176,-16.25814114528222,-7.895835346760424,208.0949536353932
3.139225,0.6122337561434644,-376.03652746589063,-16.262063051086397,-7.791787869942693,208.0949536353932
3.139725,0.2693930692575527,-376.0438085402857,-16.26593293315216,-7.687740393125056,208.0949536353932
3.140225,-0.9834983894658736,-376.0512050549148,-16.269750791479517,-7.5836929163073235,208.0949536353932
3.140725,-2.1190432003584334,-376.059105431729,-16.27351662606847,-7.479645439489593,208.0949536353932
3.141225,-2.8579036582031807,-376.0674850663384,-16.277230436919005,-7.375597962671953,208.0949536353932
3.141725,-3.645175939508421,-376.07569806026106,-16.28089222403114,-7.27155048585422,208.0949536353932
3.1422250000000003,-4.56255653473695,-376.08403992692234,-16.28450198740486,-7.167503009036491,208.0949536353932
3.142725,-5.576539107738672,-376.0925694256299,-16.288059727040174,-7.063455532218852,208.0949536353932
3.143225,-6.214600133558362,-376.1018593212734,-16.291565442937085,-6.959408055401122,208.0949536353932
3.1437250000000003,-5.560151156835073,-376.1113266733487,-16.295019135095583,-6.855360578583389,208.0949536353932
3.144225,-4.955215180948712,-376.12043834705685,-16.298420803515665,-6.751313101765751,208.0949536353932
3.144725,-5.455667143456475,-376.129028387644,-16.301770448197342,-6.647265624948018,208.0949536353932
3.145225,-6.1010536754590845,-376.1369972632762,-16.30506806914061,-6.5432181481303795,208.0949536353932
3.145725,-6.191402305717057,-376.1445088159871,-16.30831366634547,-6.439170671312647,208.0949536353932
3.1462250000000003,-6.255340811630459,-376.1515747384768,-16.311507239811927,-6.3351231944949165,208.0949536353932
3.146725,-6.096074150777385,-376.15814010032295,-16.314648789539966,-6.231075717677278,208.0949536353932
3.147225,-6.871070208870959,-376.164872921532,-16.317738315529606,-6.127028240859547,208.0949536353932
3.1477250000000003,-8.253624319304574,-376.1716892654411,-16.32077581778083,-6.022980764041816,208.0949536353932
3.148225,-8.339211352481641,-376.1781769843696,-16.323761296293647,-5.918933287224176,208.0949536353932
3.148725,-7.916824753492554,-376.18511176274984,-16.326694751068054,-5.814885810406445,208.0949536353932
3.149225,-7.696394485161188,-376.1922808553297,-16.32957618210405,-5.710838333588805,208.0949536353932
3.149725,-8.015042977819796,-376.2000163421414,-16.332405589401642,-5.606790856771074,208.0949536353932
3.150225,-8.163715157806,-376.2081509902157,-16.335182972960823,-5.502743379953436,208.0949536353932
3.150725,-7.819674617027495,-376.21626837607784,-16.33790833278159,-5.398695903135705,208.0949536353932
3.151225,-6.4149543964356965,-376.2247968152666,-16.340581668863955,-5.2946484263179725,208.0949536353932
3.151725,-5.086255140103633,-376.2326981331728,-16.343202981207906,-5.190600949500334,208.0949536353932
3.152225,-5.917744507295064,-376.23983988588225,-16.34577226981346,-5.086553472682601,208.0949536353932
3.152725,-6.124061835983596,-376.2463849771189,-16.348289534680593,-4.982505995864871,208.0949536353932
3.153225,-5.083110198623031,-376.2522692589577,-16.35075477580932,-4.878458519047231,208.0949536353932
3.153725,-4.858778890333167,-376.25787884387483,-16.353167993199644,-4.7744110422295005,208.0949536353932
3.154225,-4.627213604034547,-376.26325376401456,-16.35552918685155,-4.670363565411861,208.0949536353932
3.154725,-4.711977785527481,-376.2688612756914,-16.357838356765058,-4.566316088594131,208.0949536353932
3.155225,-6.211340818724356,-376.27534715329784,-16.360095502940144,-4.462268611776399,208.0949536353932
3.155725,-7.300997268409459,-376.2809891999838,-16.36230062537683,-4.35822113495876,208.0949536353932
3.156225,-7.00487994278865,-376.28755408437615,-16.364453724075105,-4.254173658141029,208.0949536353932
3.156725,-7.971998886136215,-376.2941426991842,-16.36655479903497,-4.15012618132339,208.0949536353932
3.157225,-10.351253004035726,-376.301007737282,-16.36860385025643,-4.046078704505659,208.0949536353932
3.157725,-11.804883878868528,-376.30778325611726,-16.370600877739477,-3.9420312276879264,208.0949536353932
3.1582250000000003,-12.64376071152623,-376.31519435708077,-16.37254588148412,-3.8379837508701957,208.0949536353932
3.158725,-12.857809138682166,-376.32205296982545,-16.374438861490347,-3.733936274052557,208.0949536353932
3.159225,-12.781237019589415,-376.3286315639088,-16.376279817758167,-3.6298887972348246,208.0949536353932
3.1597250000000003,-13.658392413033672,-376.3344175617654,-16.378068750287582,-3.5258413204170944,208.0949536353932
3.160225,-14.379539553775402,-376.34035567451724,-16.37980565907859,-3.4217938435994544,208.0949536353932
3.160725,-13.691872395544726,-376.3456655576639,-16.381490544131182,-3.3177463667818157,208.0949536353932
3.1612250000000004,-12.919286826970117,-376.35113540894025,-16.38312340544537,-3.2136988899639913,208.0949536353932
3.161725,-13.301194748971463,-376.35590811133,-16.384704243021144,-3.109651413146354,208.0949536353932
3.1622250000000003,-14.434154319717084,-376.3613450859679,-16.38623305685852,-3.0056039363286216,208.0949536353932
3.162725,-15.16121816375173,-376.36672954350394,-16.387709846957474,-2.9015564595109824,208.0949536353932
3.163225,-15.902017640712328,-376.37235140938833,-16.389134613318024,-2.7975089826932518,208.0949536353932
3.1637250000000003,-16.777145601720335,-376.37834414934514,-16.39050735594017,-2.69346150587552,208.0949536353932
3.164225,-17.428384657441118,-376.38443418329894,-16.391828074823902,-2.589414029057881,208.0949536353932
3.164725,-18.175102159879003,-376.39123370408777,-16.393096769969222,-2.485366552240242,208.0949536353932
3.1652250000000004,-17.433836611240622,-376.39782902858724,-16.394313441376145,-2.3813190754224185,208.0949536353932
3.165725,-16.218431289669773,-376.40433195356076,-16.395478089044644,-2.2772715986047793,208.0949536353932
3.166225,-15.08164689978781,-376.41052190512283,-16.396590712974746,-2.1732241217871398,208.0949536353932
3.1667250000000005,-14.26466274995426,-376.41648225378077,-16.39765131316644,-2.0691766449693167,208.0949536353932
3.167225,-13.732698957312971,-376.4224429802798,-16.398659889619715,-1.9651291681516772,208.0949536353932
3.167725,-13.009129201999688,-376.4277667640473,-16.399616442334587,-1.8610816913340391,208.0949536353932
3.168225,-13.07074823540552,-376.43228416798433,-16.40052097131105,-1.7570342145163076,208.0949536353932
3.168725,-14.5497181960224,-376.43746111110187,-16.401373476549107,-1.6529867376986684,208.0949536353932
3.169225,-15.589682740631948,-376.44179094128793,-16.402173958048746,-1.5489392608809374,208.0949536353932
3.169725,-16.013344668198958,-376.4464139237003,-16.402922415809982,-1.4448917840632056,208.0949536353932
3.170225,-16.878276108620746,-376.4511789842274,-16.40361884983281,-1.3408443072455667,208.0949536353932
3.170725,-17.790906811715022,-376.4564655526319,-16.404263260117226,-1.2367968304278345,208.0949536353932
3.171225,-17.45391534212926,-376.4621966090593,-16.40485564666324,-1.132749353610104,208.0949536353932
3.171725,-17.33155610388685,-376.468333967428,-16.40539600947084,-1.028701876792465,208.0949536353932
3.172225,-16.26181021357197,-376.47480503177144,-16.40588434854003,-0.9246543999747341,208.0949536353932
3.172725,-14.310811168237166,-376.4812925282492,-16.406320663870815,-0.8206069231570949,208.0949536353932
3.173225,-13.783081381064925,-376.48741326541347,-16.406704955463187,-0.7165594463393627,208.0949536353932
3.173725,-13.655967941627065,-376.4934870120848,-16.407037223317158,-0.6125119695216322,208.0949536353932
3.1742250000000003,-12.757788309266612,-376.49905956233573,-16.407317467432712,-0.5084644927039,208.0949536353932
3.174725,-12.33419946164534,-376.5047710177556,-16.40754568780986,-0.4044170158862617,208.0949536353932
3.175225,-13.807279283686018,-376.50960388842344,-16.4077218844486,-0.3003695390685296,208.0949536353932
3.1757250000000004,-14.39354658261276,-376.5143734867335,-16.40784605734893,-0.19632206225079907,208.0949536353932
3.176225,-14.572145411377257,-376.51897359789103,-16.407918206510846,-0.09227458543315996,208.0949536353932
3.176725,-15.789561771842695,-376.52349441773816,-16.40793833193436,0.011772891384479036,208.0949536353932
3.177225,-16.128660504162326,-376.52810627592396,-16.407906433619463,0.11582036820221042,208.0949536353932
3.177725,-16.017877250648617,-376.5328238593581,-16.40782251156616,0.2198678450199422,208.0949536353932
3.1782250000000003,-16.39506522883346,-376.53782288632283,-16.407686565774444,0.32391532183767313,208.0949536353932
3.178725,-16.27393181102927,-376.5433808852703,-16.40749859624432,0.42796279865531217,208.0949536353932
3.179225,-14.927844384277469,-376.5485576166471,-16.407258602975787,0.5320102754730436,208.0949536353932
3.179725,-14.460848038715252,-376.5542413923647,-16.406966585968846,0.6360577522906822,208.0949536353932
3.180225,-13.664290480464562,-376.55901918381755,-16.406622545223495,0.7401052291084139,208.0949536353932
3.180725,-12.85804552331868,-376.56462905396035,-16.40622648073974,0.8441527059260531,208.0949536353932
3.181225,-12.351651459661785,-376.5702743570697,-16.405778392517572,0.9482001827437848,208.0949536353932
3.181725,-11.866862978437489,-376.57611417385135,-16.405278280556992,1.0522476595615156,208.0949536353932
3.182225,-12.179982137492846,-376.5810651317386,-16.40472614485801,1.1562951363791547,208.0949536353932
3.182725,-11.725975763705389,-376.5859349504555,-16.404121985420616,1.2603426131968858,208.0949536353932
3.183225,-11.470881678655974,-376.5903988725616,-16.40346580224481,1.364390090014617,208.0949536353932
3.183725,-11.718673098218776,-376.5951810271845,-16.4027575953306,1.4684375668322567,208.0949536353932
3.184225,-11.225367894798923,-376.599880692329,-16.40199736467798,1.5724850436499875,208.0949536353932
3.184725,-9.805597300629202,-376.6045475642199,-16.40118511028695,1.676532520467627,208.0949536353932
3.185225,-8.563457248929794,-376.6096812069901,-16.400320832157515,1.780579997285358,208.0949536353932
3.185725,-7.96815134069889,-376.61520555381145,-16.39940453028967,1.8846274741030897,208.0949536353932
3.186225,-6.704498009398707,-376.620932061287,-16.39843620468341,1.9886749509207289,208.0949536353932
3.186725,-6.003329497411869,-376.6268022280452,-16.397415855338743,2.09272242773846,208.0949536353932
3.187225,-5.188304120950379,-376.63297896653313,-16.39634348225567,2.1967699045561915,208.0949536353932
3.187725,-4.431364451258199,-376.6391799128254,-16.39521908543419,2.30081738137383,208.0949536353932
3.188225,-4.417137566493844,-376.64540520289967,-16.3940426648743,2.4048648581915617,208.0949536353932
3.1887250000000003,-4.419496369536589,-376.65158187559626,-16.392814220575996,2.5089123350092932,208.0949536353932
3.189225,-3.701860698184357,-376.6579269244281,-16.39153375253929,2.612959811826932,208.0949536353932
3.189725,-3.0760109167670366,-376.6638524290493,-16.390201260764172,2.7170072886446643,208.0949536353932
3.1902250000000003,-3.3256088474680707,-376.6697055211531,-16.38881674525064,2.8210547654623945,208.0949536353932
3.190725,-3.262748428593905,-376.6747629880934,-16.387380205998706,2.9251022422800337,208.0949536353932
3.191225,-2.8936847955072524,-376.68079242186485,-16.385891643008364,3.0291497190977648,208.0949536353932
3.1917250000000004,-2.787865619804655,-376.68686929571214,-16.38435105627961,3.1331971959154963,208.0949536353932
3.192225,-3.0941781400608983,-376.6935178789018,-16.382758445812446,3.237244672733135,208.0949536353932
3.1927250000000003,-2.8892972819097538,-376.7005181252424,-16.381113811606877,3.3412921495508665,490.67261080501015
3.1932250000000004,-3.4817834286962865,-376.70746498060316,-16.37938183145575,3.5866284549534533,490.67261080501015
3.193725,-4.385413842790154,-376.7149669762,-16.37752718315192,3.831964760355823,490.67261080501015
3.1942250000000003,-4.821009740470773,-376.7221208513498,-16.375549866695394,4.07730106575841,490.67261080501015
3.194725,-5.415551077813894,-376.72944022124,-16.373449882086163,4.322637371160778,490.67261080501015
3.195225,-4.325124371042959,-376.73691826527175,-16.37122722932423,4.567973676563366,490.67261080501015
3.1957250000000004,-4.568558313659695,-376.74435294556304,-16.368881908409602,4.813309981965953,490.67261080501015
3.196225,-4.750765892582784,-376.7514868816226,-16.366413919342268,5.058646287368322,490.67261080501015
3.196725,-3.5952651036922227,-376.75847761839486,-16.363823262122235,5.303982592770691,490.67261080501015
3.1972250000000004,-3.327970115309792,-376.76564119661396,-16.361109936749493,5.549318898173496,490.67261080501015
3.197725,-2.825096693094296,-376.7726885489969,-16.35827394322406,5.794655203575865,490.67261080501015
3.198225,-2.650375871154432,-376.7798432008326,-16.355315281545924,6.0399915089782334,490.67261080501015
3.198725,-3.3124698948455524,-376.78756626364196,-16.352233951715082,6.285327814380821,490.67261080501015
3.199225,-3.630551065432632,-376.7953096523071,-16.349029953731534,6.530664119783409,490.67261080501015
3.199725,-2.762158575316846,-376.8028909549653,-16.3457032875953,6.776000425185778,490.67261080501015
3.2002250000000005,-3.08739193000256,-376.81068344372153,-16.34225395330635,7.021336730588582,490.67261080501015
3.200725,-4.545641261164038,-376.81857835295386,-16.33868195086471,7.266673035990734,490.67261080501015
3.201225,-3.9054265091327167,-376.8269606005918,-16.334987280270365,7.512009341393319,490.67261080501015
3.2017250000000006,-3.2960426129883,-376.83499992728673,-16.33116994152331,7.757345646796126,490.67261080501015
3.202225,-3.425839942616405,-376.8431268840445,-16.32722993462357,8.002681952198278,490.67261080501015
3.202725,-2.5333590868513083,-376.8511747905736,-16.323167259571118,8.248018257600865,490.67261080501015
3.2032250000000007,-1.8480358238936023,-376.8591299918573,-16.318981916365967,8.493354563003669,490.67261080501015
3.203725,-2.119037045020596,-376.866560707712,-16.314673905008114,8.73869086840582,490.67261080501015
3.204225,-1.6901027006317726,-376.8742241458026,-16.31024322549756,8.984027173808405,490.67261080501015
3.204725,-2.111742250783797,-376.88185664964243,-16.305689877834308,9.229363479210775,490.67261080501015
3.205225,-3.5960202252169715,-376.88901727464867,-16.30101386201835,9.474699784613362,490.67261080501015
3.205725,-4.765932599155418,-376.89596512404273,-16.29621517804969,9.720036090015949,490.67261080501015
3.206225,-5.060509172555314,-376.90303611594385,-16.29129382592834,9.965372395418319,490.67261080501015
3.206725,-5.712262534539784,-376.9094866426936,-16.286249805654275,10.210708700820906,490.67261080501015
3.207225,-6.80086429243899,-376.9166132055138,-16.28108311722751,10.456045006223492,490.67261080501015
3.207725,-6.672073774878816,-376.92352934872815,-16.275793760648053,10.70138131162586,490.67261080501015
3.208225,-5.667992817203324,-376.9309717172895,-16.27038173591589,10.946717617028451,490.67261080501015
3.208725,-4.219409884403521,-376.9380370122934,-16.264847043031022,11.192053922430818,490.67261080501015
3.209225,-3.450123930498104,-376.945616881678,-16.25918968199346,11.437390227833404,490.67261080501015
3.209725,-3.302355493016047,-376.9523692741171,-16.25340965280319,11.682726533235993,490.67261080501015
3.210225,-2.3890026633958974,-376.9589913964767,-16.24750695546022,11.928062838638361,490.67261080501015
3.210725,-2.398779567838289,-376.9655484824213,-16.24148158996455,12.17339914404095,490.67261080501015
3.211225,-2.4456154366627425,-376.9719511530783,-16.235333556316174,12.418735449443535,490.67261080501015
3.211725,-3.7009466567084366,-376.9778086595645,-16.22906285451511,12.664071754845907,490.67261080501015
3.212225,-6.823560043439754,-376.98420894656596,-16.222669484561333,12.90940806024849,490.67261080501015
3.2127250000000003,-7.258775142622559,-376.9897221580242,-16.21615344645485,13.154744365651078,490.67261080501015
3.213225,-6.604267279812492,-376.99609221783055,-16.209514740195683,13.400080671053447,490.67261080501015
3.213725,-8.447996410005478,-377.00166559150796,-16.202753365783806,13.645416976456033,490.67261080501015
3.2142250000000003,-8.86534572566872,-377.0076385293542,-16.195869323219224,13.890753281858622,490.67261080501015
3.214725,-6.718384555410482,-377.0134872645824,-16.188862612501946,14.13608958726099,490.67261080501015
3.215225,-5.475667739791857,-377.01972774623704,-16.181733233631963,14.381425892663577,490.67261080501015
3.2157250000000004,-5.318692714606772,-377.02608256073984,-16.17448118660928,14.626762198066166,490.67261080501015
3.216225,-4.470763755859563,-377.03193596036584,-16.1671064714339,14.872098503468532,490.67261080501015
3.2167250000000003,-5.04763099914072,-377.03809266098364,-16.15960908810581,15.11743480887112,490.67261080501015
3.217225,-5.692037473723875,-377.0441384807693,-16.151989036625032,15.36277111427349,490.67261080501015
3.217725,-5.094902752368553,-377.0506469395626,-16.14424631699154,15.608107419676077,490.67261080501015
3.2182250000000003,-6.781718281164322,-377.0568362712531,-16.136380929205348,15.853443725078664,490.67261080501015
3.218725,-9.60157926925905,-377.0632247725885,-16.128392873266463,16.098780030481034,490.67261080501015
3.219225,-9.56241799643798,-377.0697688034557,-16.120282149174873,16.3441163358834,490.67261080501015
3.2197249999999995,-8.855154491104654,-377.0759820783049,-16.112048756930587,16.589452641285774,490.67261080501015
3.220225,-9.537100853573834,-377.08180928473536,-16.103692696533585,16.834788946688576,490.67261080501015
3.2207250000000003,-9.305730012703927,-377.0876800627215,-16.095213967983888,17.080125252091165,490.67261080501015
3.221225,-8.160033032355885,-377.0936392019888,-16.086612571281496,17.325461557493533,490.67261080501015
3.221725,-6.462109898050956,-377.1000008876953,-16.077888506426397,17.57079786289612,490.67261080501015
3.2222250000000003,-5.206933481276902,-377.1068381922437,-16.06904177341859,17.816134168298706,490.67261080501015
3.222725,-5.031461539081932,-377.1138847979754,-16.060072372258098,18.06147047370108,490.67261080501015
3.223225,-5.179692075085213,-377.12115349678885,-16.050980302944904,18.306806779103443,490.67261080501015
3.2237250000000004,-5.323232181316713,-377.1286303969597,-16.041765565478986,18.552143084506252,490.67261080501015
3.224225,-5.237879085907369,-377.1360639604595,-16.032428159860387,18.797479389908617,490.67261080501015
3.2247250000000003,-5.9314203573497855,-377.14366701307006,-16.02296808608908,19.042815695311205,490.67261080501015
3.2252250000000005,-6.820099825653718,-377.1512661065913,-16.01338534416507,19.288152000713787,490.67261080501015
3.225725,-7.511307378716952,-377.1595515442371,-16.003679934088368,19.533488306116165,490.67261080501015
3.2262250000000003,-6.787763525226241,-377.16784352390744,-15.993851855858958,19.778824611518747,490.67261080501015
3.2267250000000005,-5.648461484984609,-377.1763930216011,-15.983901109476843,20.024160916921335,490.67261080501015
3.227225,-6.050036098482069,-377.18484045378335,-15.973827694942047,20.26949722232349,490.67261080501015
3.2277250000000004,-5.795419726690214,-377.19341294490675,-15.963631612254526,20.514833527726296,490.67261080501015
3.228225,-4.537019514168335,-377.20188013077365,-15.953312861414314,20.760169833128664,490.67261080501015
3.228725,-4.857145536302271,-377.21065665972503,-15.942871442421406,21.005506138531036,490.67261080501015
3.2292250000000005,-5.1414720121884585,-377.2196827244508,-15.932307355275777,21.250842443933834,490.67261080501015
3.229725,-4.932183402387928,-377.22894738471206,-15.921620599977466,21.496178749336206,490.67261080501015
3.230225,-5.651899670568641,-377.2388017346111,-15.910811176526455,21.74151505473857,490.67261080501015
3.2307250000000005,-6.0932757090626914,-377.2482422478013,-15.899879084922722,21.98685136014138,490.67261080501015
3.231225,-5.627552702377999,-377.2580982766089,-15.888824325166318,22.23218766554353,490.67261080501015
3.231725,-6.903921938313911,-377.26789486530504,-15.877646897257188,22.47752397094612,490.67261080501015
3.232225000000001,-8.158736179872198,-377.2775714316582,-15.86634680119534,22.722860276349138,490.67261080501015
3.232725,-7.213649420940401,-377.2871389165919,-15.854924036980846,22.968196581751073,490.67261080501015
3.233225,-6.827786592914211,-377.2968177270015,-15.84337860461361,23.213532887153665,490.67261080501015
3.233725,-7.677961017710402,-377.3066524211125,-15.831710504093682,23.458869192556243,490.67261080501015
3.234225,-7.560900362014854,-377.31671456968303,-15.81991973542106,23.704205497958615,490.67261080501015
3.234725,-8.286421973271464,-377.3268135703809,-15.808006298595723,23.9495418033612,490.67261080501015
3.235225,-8.596489920990589,-377.33726168331975,-15.795970193617704,24.19487810876357,490.67261080501015
3.235725,-7.809390470995817,-377.3476728552855,-15.783811420486963,24.44021441416616,490.67261080501015
3.236225,-8.382808536636372,-377.35759473540327,-15.771529979203526,24.685550719568745,490.67261080501015
3.236725,-8.41066604385653,-377.36786318721533,-15.759125869767399,24.930887024971113,490.67261080501015
3.237225,-7.294462344047082,-377.3782853181892,-15.746599092178558,25.176223330373702,490.67261080501015
3.237725,-6.966214071879618,-377.3889184336543,-15.733949646437011,25.421559635776287,490.67261080501015
3.238225,-6.523838556141105,-377.39938918082026,-15.721177532542779,25.66689594117866,490.67261080501015
3.238725,-6.131026814215622,-377.4099688046319,-15.708282750495838,25.912232246581247,490.67261080501015
3.239225,-6.399421974228236,-377.4204111785716,-15.695265300296205,26.157568551983616,490.67261080501015
3.239725,-5.960617739874825,-377.4307078793843,-15.68212518194386,26.4029048573862,490.67261080501015
3.240225,-5.533978616610824,-377.4408260153618,-15.668862395438808,26.64824116278879,490.67261080501015
3.240725,-7.109189084304492,-377.4506515851361,-15.655476940781075,26.893577468191157,490.67261080501015
3.241225,-7.666526901157885,-377.46038796035873,-15.641968817970621,27.138913773593742,490.67261080501015
3.241725,-6.971076505530152,-377.4704247011004,-15.628338027007473,27.38425007899633,490.67261080501015
3.242225,-8.040634706609557,-377.4803624235427,-15.61458456789163,27.6295863843987,490.67261080501015
3.242725,-7.8985045841318655,-377.4905035878081,-15.600708440623075,27.874922689801288,490.67261080501015
3.243225,-6.717749000782722,-377.5005840809087,-15.586709645201832,28.12025899520366,490.67261080501015
3.243725,-6.802102094985135,-377.50999434895726,-15.572588181627875,28.365595300606245,490.67261080501015
3.244225,-6.100327673371291,-377.5195557664016,-15.558344049901214,28.61093160600883,490.67261080501015
3.2447250000000003,-4.210930333447418,-377.5289024437081,-15.543977250021856,28.856267911411422,490.67261080501015
3.245225,-4.372213702008248,-377.53790266553284,-15.529487781989808,29.101604216813787,490.67261080501015
3.245725,-5.142269813271896,-377.5474434752959,-15.514875645805043,29.34694052221637,490.67261080501015
3.2462250000000004,-4.333236634807199,-377.55699532064773,-15.500140841467584,29.59227682761896,490.67261080501015
3.246725,-4.364388439427421,-377.5664338128504,-15.485283368977427,29.83761313302133,490.67261080501015
3.2472250000000003,-5.426788148040745,-377.5750424141608,-15.470303228334563,30.082949438423917,490.67261080501015
3.247725,-5.9248327215638765,-377.58354661773234,-15.455200419539006,30.32828574382629,490.67261080501015
3.248225,-6.723878009830926,-377.5916459660566,-15.439974942590737,30.573622049228877,490.67261080501015
3.2487250000000003,-7.775973862191241,-377.59976516231853,-15.424626797489772,30.81895835463146,490.67261080501015
3.249225,-7.198694958933224,-377.6083679174605,-15.409155984236111,31.06429466003383,490.67261080501015
3.249725,-7.219216567693746,-377.6168487145161,-15.393562502829742,31.309630965436416,490.67261080501015
3.2502250000000004,-7.1898544843930505,-377.6257218809477,-15.377846353270662,31.554967270839004,490.67261080501015
3.250725,-6.568188692737391,-377.6343193968985,-15.362007535558902,31.800303576241372,490.67261080501015
3.2512250000000003,-5.761755599229643,-377.6425596514074,-15.34604604969443,32.04563988164396,490.67261080501015
3.2517250000000004,-4.884779619780472,-377.6510810976508,-15.329961895677249,32.290976187046546,490.67261080501015
3.252225,-4.653377591016428,-377.65882306183545,-15.313755073507384,32.536312492448914,490.67261080501015
3.2527250000000003,-4.382867395449983,-377.66661813925606,-15.297425583184802,32.781648797851496,490.67261080501015
3.253225,-3.945993348785068,-377.6742273496221,-15.280973424709535,33.02698510325388,490.67261080501015
3.253725,-4.280049928247904,-377.6817555563859,-15.264398598081552,33.27232140865646,490.67261080501015
3.2542250000000004,-5.249616017261362,-377.68923418290706,-15.24770110330087,33.51765771405905,490.67261080501015
3.254725,-4.868835775088431,-377.69650600832006,-15.230880940367499,33.762994019461416,490.67261080501015
3.2552250000000003,-4.891371925888977,-377.7039324467762,-15.21393810928141,34.008330324864005,490.67261080501015
3.2557250000000004,-5.238196618090567,-377.71113123554295,-15.196872610042622,34.253666630266586,490.67261080501015
3.256225,-3.886149416610984,-377.71871822792633,-15.17968444265115,34.49900293566896,490.67261080501015
3.2567250000000003,-3.1459550895767374,-377.72576326116354,-15.162373607106957,34.74433924107154,490.67261080501015
3.2572250000000005,-3.371564979876604,-377.73298548471087,-15.144940103410063,34.98967554647413,490.67261080501015
3.257725,-1.648657507232794,-377.7404389641275,-15.12738393156049,35.23501185187651,490.67261080501015
3.2582250000000004,-0.313817779931301,-377.74823359719284,-15.109705091558194,35.48034815727909,490.67261080501015
3.258725,-0.9681972299719908,-377.7560800507419,-15.091903583403216,35.72568446268146,490.67261080501015
3.259225,-0.5924201974792462,-377.76389331363515,-15.07397940709553,35.971020768083825,490.67261080501015
3.2597250000000004,0.466344337454981,-377.7716257576277,-15.055932562635114,36.21635707348663,490.67261080501015
3.260225,-0.1281146025154485,-377.77925275034715,-15.037763050022033,36.46169337888901,490.67261080501015
3.260725,-0.7107648389128943,-377.7870520053347,-15.019470869256248,36.70702968429137,490.67261080501015
3.2612250000000005,-0.3372534547502715,-377.79491231429216,-15.001056020337726,36.95236598969418,490.67261080501015
3.261725,-0.7797229726296294,-377.80302957949493,-14.982518503266538,37.19770229509653,490.67261080501015
3.262225,-0.7714625591973607,-377.8113931582061,-14.963858318042654,37.443038600498916,490.67261080501015
3.2627250000000005,0.5406626262565414,-377.81960958246015,-14.94507546466603,37.68837490590172,490.67261080501015
3.263225,0.0303021630784308,-377.8276562736168,-14.926169943136756,37.93371121130387,490.67261080501015
3.263725,-1.1408778601097505,-377.8361106271936,-14.907141753454745,38.17904751670646,490.67261080501015
3.2642250000000006,-0.1320412283186112,-377.8444750025503,-14.88799089562002,38.42438382210926,490.67261080501015
3.264725,-0.3988697597873422,-377.85309699372345,-14.86871736963264,38.66972012751141,490.67261080501015
3.265225,-1.404806609246094,-377.8617236226483,-14.84932117549253,38.91505643291399,490.67261080501015
3.2657250000000007,-1.3188633965912695,-377.87009712670726,-14.829802313199698,39.16039273831681,490.67261080501015
3.266225,-1.703703112146299,-377.87865060425156,-14.810160782754213,39.40572904371896,490.67261080501015
3.266725,-1.7990640258350037,-377.8874741931166,-14.790396584155998,39.65106534912154,490.67261080501015
3.267225,-1.086121107847959,-377.8964979609222,-14.770509717405098,39.896401654523906,490.67261080501015
3.267725,-1.063556076496901,-377.9056914468045,-14.750500182501481,40.1417379599265,490.67261080501015
3.268225,-0.5648665206046941,-377.9148617083852,-14.730367979445159,40.38707426532909,490.67261080501015
3.268725,0.4559865089785929,-377.92399184718533,-14.710113108236156,40.63241057073146,490.67261080501015
3.269225,0.3505944085618159,-377.9331149004944,-14.689735568874433,40.87774687613404,490.67261080501015
3.269725,0.1643857046040864,-377.94223597823856,-14.669235361360007,41.12308318153663,490.67261080501015
3.270225,0.1729849937682886,-377.95120601657754,-14.648612485692901,41.368419486939004,490.67261080501015
3.270725,0.1431356384792309,-377.9603780506878,-14.627866941873075,41.613755792341586,490.67261080501015
3.271225,0.3203763585318453,-377.969543892294,-14.606998729900562,41.85909209774396,490.67261080501015
3.271725,-0.2257407637645128,-377.9790340291428,-14.586007849775333,42.104428403146535,490.67261080501015
3.272225,-1.3491313657901705,-377.9885903961296,-14.5648943014974,42.349764708549124,490.67261080501015
3.272725,-0.4206316832764174,-377.99837050189404,-14.54365808506679,42.5951010139515,490.67261080501015
3.273225,0.5684226481331878,-378.0081054936043,-14.522299200483458,42.84043731935408,490.67261080501015
3.273725,0.4481031667226901,-378.0181272006403,-14.500817647747422,43.08577362475667,490.67261080501015
3.274225,1.0995403199606095,-378.0280557466737,-14.479213426858704,43.33110993015904,490.67261080501015
3.274725,1.666016861760372,-378.03784415741535,-14.457486537817266,43.576446235561626,490.67261080501015
3.2752250000000003,1.9966391951812112,-378.04772810777314,-14.43563698062313,43.82178254096422,490.67261080501015
3.275725,2.3638635667822543,-378.0577458515538,-14.413664755276308,44.06711884636658,490.67261080501015
3.276225,1.6461026773559897,-378.06775492515203,-14.391569861776764,44.31245515176917,490.67261080501015
3.2767250000000003,0.072637631933519,-378.0776693400972,-14.369352300124522,44.55779145717176,490.67261080501015
3.277225,-0.2784486343021352,-378.0875724485335,-14.347012070319598,44.80312776257413,490.67261080501015
3.277725,-0.599292056664414,-378.0975857472073,-14.324549172361953,45.04846406797672,490.67261080501015
3.2782250000000004,-1.857867256045016,-378.10813961313403,-14.301963606251608,45.2938003733793,490.67261080501015
3.278725,-2.710243339039917,-378.11852287040085,-14.27925537198858,45.539136678781674,490.67261080501015
3.2792250000000003,-2.7336002178693537,-378.1285983937078,-14.256424469572828,45.78447298418426,490.67261080501015
3.279725,-1.987609905530272,-378.139142434533,-14.2334708990044,46.02980928958662,490.67261080501015
3.280225,-1.038681219423477,-378.14906772887764,-14.21039466028325,46.27514559498922,490.67261080501015
3.2807250000000003,-0.1525376724187742,-378.15934890381897,-14.187195753409393,46.52048190039179,490.67261080501015
3.281225,-0.2175870610830352,-378.1689121637118,-14.163874178382862,46.765818205794176,490.67261080501015
3.281725,0.404089967547702,-378.1787822060526,-14.14042993520363,47.01115451119654,490.67261080501015
3.2822249999999995,1.0219165360550997,-378.1884064158814,-14.116863023871693,47.256490816598905,490.67261080501015
3.282725,0.2217090295324433,-378.1977855655861,-14.093173444387011,47.501827122001714,490.67261080501015
3.2832250000000003,-0.6661186976355067,-378.20738006469924,-14.069361196749652,47.74716342740429,490.67261080501015
3.283725,-1.4374301410153023,-378.21732587523826,-14.04542628095961,47.992499732806664,490.67261080501015
3.284225,-2.2840537228937494,-378.2272792933879,-14.021368697016852,48.237836038209245,490.67261080501015
3.2847250000000003,-2.1762967612590645,-378.23738451428943,-13.997188444921386,48.48317234361184,490.67261080501015
3.285225,-2.1564222881185366,-378.2474908232831,-13.972885524673245,48.7285086490142,490.67261080501015
3.285725,-2.455023240633828,-378.25740739189524,-13.948459936272398,48.97384495441657,490.67261080501015
3.2862250000000004,-1.3668624051736713,-378.26689558320504,-13.923911679718811,49.219181259819386,490.67261080501015
3.286725,-0.2856127187297165,-378.27671211387593,-13.899240755012563,49.464517565221755,490.67261080501015
3.2872250000000003,-0.054719303430339,-378.2861498893677,-13.874447162153597,49.70985387062434,490.67261080501015
3.2877250000000005,0.4048767418168307,-378.29551420286657,-13.849530901141922,49.95519017602693,490.67261080501015
3.288225,0.9083441492858556,-378.3053004425816,-13.824491971977576,50.2005264814293,490.67261080501015
3.2887250000000003,0.5306253611232459,-378.3149191388658,-13.7993303746605,50.44586278683188,490.67261080501015
3.2892250000000005,-0.1330728581902489,-378.32445383734034,-13.774046109190726,50.69119909223448,490.67261080501015
3.289725,-0.5448730843175741,-378.3337735146085,-13.748639175568293,50.936535397636625,490.67261080501015
3.2902250000000004,-1.4878653044778285,-378.3428356094962,-13.723109573793096,51.181871703039434,490.67261080501015
3.290725,-1.8427691803269144,-378.35124115111364,-13.697457303865239,51.427208008441795,490.67261080501015
3.291225,-1.6146178021909108,-378.36009248928593,-13.671682365784681,51.67254431384417,490.67261080501015
3.2917250000000005,-1.972055897902537,-378.3686871907042,-13.645784759551375,51.91788061924697,490.67261080501015
3.292225,-1.883119772087817,-378.3773917985247,-13.619764485165415,52.16321692464934,490.67261080501015
3.292725,-1.0066634090162994,-378.3864048247163,-13.593621542626758,52.40855323005171,490.67261080501015
3.2932250000000005,-0.4121505663114421,-378.39532129450504,-13.567355931935348,52.65388953545451,490.67261080501015
3.293725,-0.4724048965006514,-378.40413470689145,-13.540967653091307,52.899225840856666,490.67261080501015
3.294225,-0.3861924328821963,-378.41309964342196,-13.514456706094517,53.14456214625925,490.67261080501015
3.294725000000001,-0.4599645743609175,-378.4216843506878,-13.487823090944984,53.38989845166228,490.67261080501015
3.295225,-0.928380023707324,-378.4306479441146,-13.461066807642863,53.63523475706421,490.67261080501015
3.295725,-1.3101115691417615,-378.4392213175396,-13.434187856187974,53.88057106246679,490.67261080501015
3.296225,-1.830520896258958,-378.4482281402664,-13.40718623658038,54.12590736786938,490.67261080501015
3.296725,-2.739447409004205,-378.45657201139795,-13.380061948820108,54.371243673271756,490.67261080501015
3.297225,-2.6623405299648586,-378.46489080533115,-13.352814992907113,54.61657997867433,490.67261080501015
3.297725,-1.9573155580940995,-378.47260861219445,-13.325445368841441,54.86191628407671,490.67261080501015
3.298225,-1.9500463624863031,-378.4804974259442,-13.297953076623042,55.107252589479295,490.67261080501015
3.298725,-1.9523600266313368,-378.4883934927739,-13.270338116251944,55.35258889488188,490.67261080501015
3.299225,-1.5642166407010478,-378.49659614950264,-13.242600487728165,55.59792520028425,490.67261080501015
3.299725,-0.4137233788948341,-378.50472102330554,-13.214740191051662,55.84326150568684,490.67261080501015
3.300225,-0.3516800069324773,-378.5134066455758,-13.186757226222461,56.08859781108943,490.67261080501015
3.300725,-0.9434698913391488,-378.52193420421986,-13.158651593240581,56.33393411649179,490.67261080501015
3.301225,-1.0446157684619757,-378.52988570423844,-13.130423292105974,56.579270421894385,490.67261080501015
3.301725,-1.6794051620213182,-378.5376493988926,-13.102072322818696,56.824606727296754,490.67261080501015
3.302225,-1.909150476979092,-378.54557535573684,-13.073598685378686,57.06994303269934,490.67261080501015
3.302725,-1.688988710224325,-378.55346996525526,-13.045002379785975,57.315279338101924,490.67261080501015
3.303225,-2.1365984768842714,-378.5613479009104,-13.01628340604059,57.56061564350429,490.67261080501015
3.303725,-2.251541781910023,-378.5691104845538,-12.987441764142476,57.80595194890688,490.67261080501015
3.304225,-0.9349365950460352,-378.57729962399753,-12.958477454091664,58.05128825430946,490.67261080501015
3.304725,-0.1319259030565732,-378.584696736232,-12.929390475888177,58.29662455971184,490.67261080501015
3.305225,-0.452621642883514,-378.5925017715845,-12.900180829531958,58.54196086511442,490.67261080501015
3.305725,-0.1722690541287675,-378.5996117036518,-12.870848515023065,58.78729717051679,490.67261080501015
3.306225,0.1662058114138572,-378.6072035999219,-12.84139353236145,59.032633475919376,490.67261080501015
3.306725,-0.4688941491903325,-378.61379126929705,-12.811815881547131,59.27796978132197,490.67261080501015
3.3072250000000003,-0.8949244523317,-378.62033544948895,-12.782115562580108,59.52330608672455,490.67261080501015
3.307725,-1.6071944302929633,-378.6266890956799,-12.752292575460409,59.76864239212692,490.67261080501015
3.308225,-2.751929841898245,-378.63339713133286,-12.722346920187984,60.01397869752952,490.67261080501015
3.3087250000000004,-2.692994980750849,-378.639941602689,-12.69227859676286,60.25931500293209,490.67261080501015
3.309225,-2.538233453080061,-378.64670362217964,-12.66208760518506,60.50465130833447,490.67261080501015
3.3097250000000003,-2.663167823995574,-378.6533646324957,-12.631773945454531,60.74998761373705,490.67261080501015
3.310225,-2.295951073823972,-378.65993520663494,-12.601337617571328,60.99532391913942,490.67261080501015
3.310725,-1.0765509509027624,-378.66620196961367,-12.570778621535396,61.24066022454201,490.67261080501015
3.3112250000000003,-0.3405508081109906,-378.672843684081,-12.540096957346769,61.48599652994459,490.67261080501015
3.311725,-0.6402265524177865,-378.67937711760675,-12.509292625005461,61.731332835346954,490.67261080501015
3.312225,-0.3965565976722317,-378.68596617191827,-12.478365624511428,61.976669140749564,490.67261080501015
3.3127250000000004,-0.471953881862836,-378.6925219207684,-12.447315955864692,62.22200544615213,490.67261080501015
3.313225,-1.437244042540902,-378.6987964009525,-12.416143619065284,62.46734175155451,490.67261080501015
3.3137250000000003,-2.103367987436527,-378.70478714743814,-12.384848614113144,62.71267805695709,490.67261080501015
3.3142250000000004,-2.7439257195226947,-378.7107194136351,-12.353430941008304,62.958014362359684,490.67261080501015
3.314725,-3.426192575868897,-378.7163817385988,-12.321890599750791,63.20335066776206,490.67261080501015
3.3152250000000003,-3.311338905564498,-378.7219451558298,-12.290227590340548,63.448686973164634,-1126.6680495459364
3.315725,-2.8017199235809365,-378.7278103174334,-12.258644080360177,62.88535294839199,-1126.6680495459364
3.316225,-2.488351313487956,-378.73354668637126,-12.227342237392167,62.32201892361882,-1126.6680495459364
3.3167250000000004,-1.834165098276756,-378.73991535244267,-12.196322061436538,61.75868489884567,-1126.6680495459364
3.317225,-0.55859663602491,-378.7458819316593,-12.165583552493326,61.19535087407302,-1126.6680495459364
3.3177250000000003,0.2144524725621315,-378.7513923325361,-12.135126710562472,60.63201684929986,-1126.6680495459364
3.3182250000000004,0.1909198948111365,-378.7570458064603,-12.104951535644005,60.068682824526704,-1126.6680495459364
3.318725,0.2350427461863073,-378.762816539908,-12.075058027737953,59.50534879975405,-1126.6680495459364
3.3192250000000003,-0.2472583867222613,-378.76842750216395,-12.045446186844257,58.94201477498088,-1126.6680495459364
3.3197250000000005,-1.2110592945692789,-378.7741095399032,-12.01611601296295,58.378680750207735,-1126.6680495459364
3.320225,-1.8690738299546523,-378.78009384460654,-11.987067506094055,57.815346725435084,-1126.6680495459364
3.3207250000000004,-2.356217133232767,-378.78591667208525,-11.958300666237523,57.252012700661915,-1126.6680495459364
3.321225,-3.017413120155614,-378.7918140097129,-11.929815493393399,56.68867867588927,-1126.6680495459364
3.321725,-3.172924964343788,-378.79770212476194,-11.901611987561663,56.125344651116606,-1126.6680495459364
3.3222250000000004,-2.3530753844603747,-378.80384408556966,-11.873690148742266,55.56201062634296,-1126.6680495459364
3.322725,-1.738830101979903,-378.81023856159084,-11.846049976935303,54.998676601570295,-1126.6680495459364
3.323225,-1.2622557795961316,-378.81665422271954,-11.818691472140724,54.435342576797645,-1126.6680495459364
3.3237250000000005,-0.3480436165864377,-378.82329268285514,-11.791614634358487,53.87200855202398,-1126.6680495459364
3.324225,0.0021947176352953,-378.82971084824237,-11.76481946358868,53.30867452725133,-1126.6680495459364
3.324725,-0.0332496564347301,-378.83609271753556,-11.738305959831267,52.74534050247867,-1126.6680495459364
3.3252250000000005,-0.1106635973592365,-378.84251602064387,-11.712074123086188,52.182006477705016,-1126.6680495459364
3.325725,-0.9160899295326732,-378.84896065317474,-11.686123953353563,51.618672452932856,-1126.6680495459364
3.326225,-1.83373498915774,-378.85525693723304,-11.660455450633284,51.05533842815972,-1126.6680495459364
3.3267250000000006,-2.2063140125097496,-378.862307872283,-11.635068614925364,50.492004403386055,-1126.6680495459364
3.327225,-2.6383736720953026,-378.86881614908447,-11.609963446229903,49.9286703786139,-1126.6680495459364
3.327725,-3.1084635424451075,-378.8754298267943,-11.585139944546782,49.36533635384073,-1126.6680495459364
3.3282250000000007,-2.901187779326569,-378.8820563503121,-11.560598109876022,48.80200232906707,-1126.6680495459364
3.328725,-2.41264872736318,-378.88873312922925,-11.536337942217717,48.238668304294926,-1126.6680495459364
3.329225,-2.115652588662665,-378.8951624179523,-11.512359441571755,47.67533427952176,-1126.6680495459364
3.329725,-1.5104396882972708,-378.90250610749376,-11.488662607938203,47.112000254749105,-1126.6680495459364
3.330225,-1.071133772443476,-378.90973560403035,-11.465247441317011,46.54866622997595,-1126.6680495459364
3.330725,-1.179529942077088,-378.91751590955636,-11.442113941708211,45.98533220520281,-1126.6680495459364
3.331225,-1.3943832713493642,-378.92471570912187,-11.419262109111813,45.42199818043014,-1126.6680495459364
3.331725,-1.6960580023769314,-378.9326093911282,-11.396691943527786,44.858664155656996,-1126.6680495459364
3.332225,-2.049910751505854,-378.94005007988886,-11.37440344495614,44.295330130883826,-1126.6680495459364
3.332725,-2.533493223557768,-378.9479416025585,-11.352396613396907,43.73199610611118,-1126.6680495459364
3.333225,-2.8398296101763987,-378.95579978086784,-11.330671448850037,43.16866208133801,-1126.6680495459364
3.333725,-2.908240997950972,-378.9635160064288,-11.309227951315574,42.60532805656537,-1126.6680495459364
3.334225,-2.5329867996329,-378.97169530737415,-11.288066120793475,42.0419940317922,-1126.6680495459364
3.334725,-2.037956142360403,-378.9793645587866,-11.267185957283765,41.47866000701905,-1126.6680495459364
3.335225,-1.6608117956046669,-378.9871999734175,-11.246587460786461,40.91532598224639,-1126.6680495459364
3.335725,-1.0611517563305033,-378.9947244233731,-11.226270631301524,40.35199195747324,-1126.6680495459364
3.336225,-0.7683280370605746,-379.0025659287364,-11.206235468828977,39.78865793270008,-1126.6680495459364
3.336725,-0.7689961933152814,-379.0104671590429,-11.186481973368826,39.22532390792743,-1126.6680495459364
3.337225,-0.6338745929559437,-379.0188058510154,-11.167010144921052,38.66198988315427,-1126.6680495459364
3.3377250000000003,-0.992762276077386,-379.0268297485279,-11.14781998348566,38.0986558583811,-1126.6680495459364
3.338225,-1.6300762984358546,-379.0350402619576,-11.128911489062675,37.535321833608464,-1126.6680495459364
3.338725,-1.969265150206584,-379.0428302807182,-11.11028466165206,36.971987808835294,-1126.6680495459364
3.3392250000000003,-2.2406993882291184,-379.05068838221086,-11.091939501253828,36.408653784062146,-1126.6680495459364
3.339725,-2.212583862439814,-379.0579292990223,-11.073876007868,35.84531975928948,-1126.6680495459364
3.340225,-1.7387345724193186,-379.0654804671332,-11.056094181494544,35.28198573451633,-1126.6680495459364
3.3407250000000004,-1.3388016524218522,-379.0732493607592,-11.03859402213347,34.71865170974318,-1126.6680495459364
3.341225,-0.9206418220593672,-379.0811663544819,-11.0213755297848,34.15531768497053,-1126.6680495459364
3.3417250000000003,-0.4397541635437365,-379.0887052227111,-11.004438704448503,33.591983660197364,-1126.6680495459364
3.342225,-0.1735815163746721,-379.0969083335276,-10.987783546124609,33.028649635424706,-1126.6680495459364
3.342725,-0.2603731848819923,-379.1046482639185,-10.971410054813083,32.46531561065155,-1126.6680495459364
3.3432250000000003,-0.6748876760857796,-379.11208930941837,-10.955318230513944,31.9019815858784,-1126.6680495459364
3.343725,-1.4868423578049703,-379.1189988303118,-10.939508073227211,31.338647561105738,-1126.6680495459364
3.344225,-2.285104289800579,-379.1264181389648,-10.923979582952859,30.775313536333076,-1126.6680495459364
3.3447249999999995,-2.53712327786534,-379.1333269609348,-10.908732759690896,30.211979511560422,-1126.6680495459364
3.345225,-2.8840449942325046,-379.14016117708377,-10.893767603441287,29.648645486786766,-1126.6680495459364
3.3457250000000003,-3.0284595484487347,-379.1465956471247,-10.879084114204083,29.085311462013607,-1126.6680495459364
3.346225,-2.661707012623867,-379.15312743726986,-10.864682291979275,28.521977437240956,-1126.6680495459364
3.346725,-2.060577158011758,-379.15997017892715,-10.850562136766847,27.9586434124678,-1126.6680495459364
3.3472250000000003,-0.9158926599744696,-379.16660292232143,-10.836723648566796,27.395309387694642,-1126.6680495459364
3.347725,-0.2539013676858632,-379.17302685647707,-10.823166827379154,26.831975362921984,-1126.6680495459364
3.348225,-0.0348743870288477,-379.1797135837617,-10.809891673203895,26.268641338149333,-1126.6680495459364
3.3487250000000004,0.0909360856314071,-379.18586099024225,-10.796898186040995,25.705307313375673,-1126.6680495459364
3.349225,0.0666586831062312,-379.19236349017206,-10.784186365890509,25.141973288603015,-1126.6680495459364
3.3497250000000003,-0.3087787238969984,-379.1983263034678,-10.771756212752395,24.57863926382986,-1126.6680495459364
3.3502250000000005,-1.154891026020657,-379.2038821440656,-10.759607726626665,24.0153052390567,-1126.6680495459364
3.350725,-1.7045869418377364,-379.209085967362,-10.747740907513341,23.45197121428405,-1126.6680495459364
3.3512250000000003,-2.0112044393924773,-379.2144255654412,-10.736155755412389,22.888637189510895,-1126.6680495459364
3.3517250000000005,-2.228951515395287,-379.21917998374795,-10.724852270323824,22.32530316473774,-1126.6680495459364
3.352225,-1.6717553904508275,-379.2244075785254,-10.71383045224766,21.761969139965576,-1126.6680495459364
3.3527250000000004,-1.243881368599153,-379.2289062217182,-10.703090301183861,21.198635115191923,-1126.6680495459364
3.353225,-0.8493851459052397,-379.23366654650107,-10.692631817132462,20.635301090419265,-1126.6680495459364
3.353725,0.0654547387665664,-379.2378830841053,-10.682455000093452,20.071967065646614,-1126.6680495459364
3.3542250000000005,0.6722291297962084,-379.2427646917287,-10.67255985006681,19.508633040872958,-1126.6680495459364
3.354725,0.6603630734857862,-379.24749758073796,-10.662946367052571,18.945299016100297,-1126.6680495459364
3.355225,0.5683440781947291,-379.2523119953867,-10.65361455105072,18.381964991327635,-1126.6680495459364
3.3557250000000005,0.1823771759245416,-379.2562068839167,-10.64456440206124,17.81863096655399,-1126.6680495459364
3.356225,-0.6897876346766199,-379.2599664748413,-10.635795920084167,17.255296941781825,-1126.6680495459364
3.356725,-1.3670497867251137,-379.26340090944046,-10.627309105119467,16.691962917008674,-1126.6680495459364
3.357225000000001,-1.6876487038186627,-379.2672389498266,-10.61910395716714,16.12862889223452,-1126.6680495459364
3.357725,-2.3674778069930307,-379.27016461436386,-10.611180476227235,15.56529486746287,-1126.6680495459364
3.358225,-2.489969215055018,-379.2734077663769,-10.603538662299695,15.001960842689707,-1126.6680495459364
3.358725,-1.911278256852857,-379.27664037984607,-10.596178515384539,14.43862681791655,-1126.6680495459364
3.359225,-1.5003496488646615,-379.28020386214934,-10.589100035481778,13.875292793143899,-1126.6680495459364
3.359725,-0.8146567401118592,-379.2833752167657,-10.582303222591396,13.311958768370737,-1126.6680495459364
3.360225,-0.1554709422020132,-379.28639123705,-10.575788076713406,12.748624743598082,-1126.6680495459364
3.360725,0.1228876392816743,-379.2893655275648,-10.569554597847802,12.18529071882492,-1126.6680495459364
3.361225,0.058574214967464,-379.29232419163696,-10.56360278599458,11.621956694051764,-1126.6680495459364
3.361725,-0.1490402676018353,-379.2947688868272,-10.557932641153748,11.058622669279107,-1126.6680495459364
3.362225,-0.4022558546807389,-379.29758342859554,-10.552544163325301,10.495288644505962,-1126.6680495459364
3.362725,-1.190637833568084,-379.29995839847385,-10.54743735250924,9.9319546197328,-1126.6680495459364
3.363225,-1.6395054002408311,-379.30203723678324,-10.542612208705568,9.368620594960149,-1126.6680495459364
3.363725,-1.7696099379070418,-379.30393306453533,-10.53806873191428,8.805286570186986,-1126.6680495459364
3.364225,-1.848050499856709,-379.30584132676154,-10.533806922135382,8.241952545414332,-1126.6680495459364
3.364725,-1.2894748271799985,-379.30786707515483,-10.529826779368864,7.678618520641174,-1126.6680495459364
3.365225,-0.843794445987259,-379.3098642637511,-10.52612830361474,7.115284495868019,-1126.6680495459364
3.365725,-0.4599232984969725,-379.3114974093811,-10.522711494873,6.551950471095361,-1126.6680495459364
3.366225,0.1487647884449794,-379.31328674743224,-10.519576353143645,5.988616446322203,-1126.6680495459364
3.366725,0.4697354945989446,-379.314887457882,-10.516722878426675,5.425282421549051,-1126.6680495459364
3.367225,0.4550773314941662,-379.31675405571934,-10.514151070722095,4.861948396776396,-1126.6680495459364
3.367725,-0.1147576804218502,-379.3182680632233,-10.5118609300299,4.298614372003238,-1126.6680495459364
3.368225,-0.7325187257625531,-379.32012189941605,-10.509852456350094,3.7352803472305895,-1126.6680495459364
3.368725,-1.2034955986980678,-379.3218501145508,-10.50812564968267,3.1719463224574245,-1126.6680495459364
3.369225,-1.598020650699095,-379.3230391144037,-10.506680510027635,2.608612297684267,-1126.6680495459364
3.3697250000000003,-1.8564962425267548,-379.3241686438267,-10.505517037384987,2.0452782729111147,-1126.6680495459364
3.370225,-1.7372765293740606,-379.3253352438885,-10.504635231754724,1.4819442481384533,-1126.6680495459364
3.370725,-1.381251280632658,-379.3265198175729,-10.504035093136846,0.9186102233653017,-1126.6680495459364
3.3712250000000004,-1.0093745449684737,-379.3273683353421,-10.503716621531359,0.3552761985921435,-1126.6680495459364
3.371725,-0.2698918347730549,-379.32850258713154,-10.503679816938254,-0.2080578261805181,-1126.6680495459364
3.3722250000000003,0.3003353309347502,-379.3292218976982,-10.503924679357539,-0.7713918509536696,-1126.6680495459364
3.372725,0.1818659194942024,-379.32986778252973,-10.504451208789208,-1.3347258757263176,-1126.6680495459364
3.373225,0.1184190841779387,-379.33083151534754,-10.505259405233266,-1.8980599004994831,-1126.6680495459364
3.3737250000000003,-0.2679012425015753,-379.33127699556104,-10.506349268689709,-2.461393925272634,-1126.6680495459364
3.374225,-0.9096915692438003,-379.3322026678824,-10.507720799158538,-3.0247279500452957,-1126.6680495459364
3.374725,-1.3885205303727457,-379.3333708138482,-10.509373996639752,-3.5880619748184475,-1126.6680495459364
3.3752250000000004,-1.9049490952251704,-379.33471804988045,-10.511308861133356,-4.151395999591606,-1126.6680495459364
3.375725,-2.2584928763212586,-379.3362792937616,-10.513525392639346,-4.71473002436426,-1126.6680495459364
3.3762250000000003,-2.1059098269618515,-379.33735375231896,-10.51602359115772,-5.278064049137418,-1126.6680495459364
3.3767250000000004,-1.5888840958229251,-379.338080783884,-10.518803456688484,-5.841398073910577,-1126.6680495459364
3.377225,-0.7925852986987708,-379.3388912880885,-10.521864989231629,-6.404732098683225,-1126.6680495459364
3.3777250000000003,-0.2158840736345845,-379.3399217862234,-10.525208188787168,-6.96806612345639,-1126.6680495459364
3.378225,0.2513744928734535,-379.3413589223937,-10.528833055355083,-7.531400148229045,-1126.6680495459364
3.378725,0.7129846684252428,-379.34342704184235,-10.532739588935396,-8.0947341730022,-1126.6680495459364
3.3792250000000004,0.7567753260432555,-379.3457985168912,-10.536927789528091,-8.658068197775357,-1126.6680495459364
3.379725,0.5583379132723965,-379.3481174087917,-10.54139765713317,-9.221402222548013,-1126.6680495459364
3.3802250000000003,-0.2503241280782641,-379.3500080154532,-10.546149191750638,-9.784736247321176,-1126.6680495459364
3.3807250000000004,-1.0556103835323791,-379.3520902447123,-10.551182393380493,-10.34807027209432,-1126.6680495459364
3.381225,-1.3811546034529572,-379.35360770979946,-10.55649726202273,-10.91140429686698,-1126.6680495459364
3.3817250000000003,-1.791809486885708,-379.35579674047597,-10.56209379767736,-11.474738321640134,-1126.6680495459364
3.3822250000000005,-1.8876718187090096,-379.35789532608834,-10.567972000344373,-12.038072346413298,-1126.6680495459364
3.382725,-1.7067365334241902,-379.3603523092155,-10.574131870023768,-12.601406371185949,-1126.6680495459364
3.3832250000000004,-1.2568924787516047,-379.36283711705346,-10.580573406715558,-13.164740395959111,-1126.6680495459364
3.383725,-0.5065765906420812,-379.36514949527054,-10.587296610419727,-13.728074420731767,-1126.6680495459364
3.384225,0.2389573495509275,-379.3673959766947,-10.594301481136284,-14.291408445504414,-1126.6680495459364
3.3847250000000004,0.5023704098332065,-379.36997685612954,-10.601588018865238,-14.854742470278081,-1126.6680495459364
3.385225,0.4075115266240932,-379.3727726495452,-10.609156223606565,-15.418076495050734,-1126.6680495459364
3.385725,0.2924059884466229,-379.3755740217966,-10.617006095360281,-15.981410519823392,-1126.6680495459364
3.3862250000000005,-0.1976216107646609,-379.3788783443094,-10.625137634126395,-16.54474454459704,-1126.6680495459364
3.386725,-0.8555549551255226,-379.3827508976919,-10.633550839904883,-17.1080785693697,-1126.6680495459364
3.387225,-1.4424997263289474,-379.38647143980785,-10.642245712695756,-17.67141259414235,-1126.6680495459364
3.3877250000000005,-2.147260747864531,-379.3900870780598,-10.65122225249903,-18.234746618916013,-1126.6680495459364
3.388225,-2.3493853311003337,-379.39374882681466,-10.66048045931467,-18.79808064368817,-1126.6680495459364
3.388725,-2.182809497419735,-379.397695481127,-10.670020333142707,-19.361414668461325,-1126.6680495459364
3.3892250000000006,-1.9782018630925136,-379.4019311194923,-10.679841873983149,-19.924748693234985,-1126.6680495459364
3.389725,-1.3335168599169571,-379.40620965383783,-10.689945081835942,-20.488082718007135,-1126.6680495459364
3.390225,-0.8021293909115453,-379.4108141236367,-10.700329956701143,-21.051416742780294,-1126.6680495459364
3.3907250000000007,-0.4630908316062047,-379.4155251669743,-10.710996498578737,-21.614750767553943,-1126.6680495459364
3.391225,-0.284877731150167,-379.42017893857263,-10.721944707468692,-22.178084792326104,-1126.6680495459364
3.391725,-0.4568702995675851,-379.4247699262571,-10.733174583371051,-22.741418817099255,-1126.6680495459364
3.392225,-0.4358434662574921,-379.42946619843485,-10.74468612628579,-23.304752841871913,-1126.6680495459364
3.392725,-0.9836794346794864,-379.4346267886104,-10.75647933621292,-23.868086866645072,-1126.6680495459364
3.393225,-1.7802059001070254,-379.44011479466093,-10.768554213152443,-24.43142089141823,-1126.6680495459364
3.393725,-2.0289598364255124,-379.4453494001093,-10.780910757104337,-24.994754916190885,-1126.6680495459364
3.394225,-2.076902351709584,-379.4507058902216,-10.793548968068631,-25.558088940964044,-1126.6680495459364
3.394725,-1.9661090938552472,-379.45616801226345,-10.80646884604531,-26.121422965737203,-1126.6680495459364
3.395225,-1.9086292096636648,-379.46211598646045,-10.819670391034363,-26.684756990509857,-1126.6680495459364
3.395725,-1.5355709216730862,-379.4682102346143,-10.833153603035818,-27.24809101528302,-1126.6680495459364
3.396225,-1.0026863142829583,-379.4738961866391,-10.846918482049645,-27.811425040055678,-1126.6680495459364
3.396725,-0.5863572516786824,-379.4802359190314,-10.86096502807587,-28.374759064828833,-1126.6680495459364
3.397225,-0.3448413751241246,-379.486468099005,-10.875293241114482,-28.938093089601974,-1126.6680495459364
3.397725,-0.6480334375668141,-379.4930004230875,-10.889903121165469,-29.501427114374632,-1126.6680495459364
3.398225,-1.1313048839529365,-379.49966664676134,-10.904794668228853,-30.064761139147794,-1126.6680495459364
3.398725,-1.318862735643517,-379.5064129799577,-10.919967882304626,-30.628095163920953,-1126.6680495459364
3.399225,-1.5587210152348772,-379.5135412956119,-10.935422763392772,-31.19142918869361,-1126.6680495459364
3.399725,-2.113819825548224,-379.5205189642289,-10.951159311493319,-31.754763213466763,-1126.6680495459364
3.4002250000000003,-2.355272540564985,-379.52757989875914,-10.96717752660625,-32.31809723823992,-1126.6680495459364
3.400725,-2.095187752491708,-379.5346611473529,-10.983477408731552,-32.88143126301257,-1126.6680495459364
3.401225,-1.828384191001027,-379.5416237897974,-11.000058957869259,-33.444765287785735,-1126.6680495459364
3.4017250000000003,-1.3679970694860013,-379.54790482480485,-11.01692217401935,-34.00809931255888,-1126.6680495459364
3.402225,-0.9323867697410791,-379.55492003654643,-11.034067057181815,-34.57143333733154,-1126.6680495459364
3.402725,-0.9760444965458406,-379.56210016575903,-11.051493607356678,-35.134767362104704,-1126.6680495459364
3.4032250000000004,-0.844504263767111,-379.56934218767776,-11.06920182454393,-35.69810138687786,-1126.6680495459364
3.403725,-0.8809884386981398,-379.575999226899,-11.087191708743552,-36.26143541165052,-1126.6680495459364
3.4042250000000003,-1.4461490854103292,-379.5830186697378,-11.105463259955576,-36.82476943642367,-1126.6680495459364
3.404725,-1.8491297570829697,-379.5898530680923,-11.12401647817997,-37.38810346119633,-1126.6680495459364
3.405225,-2.350689141990894,-379.5968625291682,-11.142851363416767,-37.95143748596948,-1126.6680495459364
3.4057250000000003,-2.706673080685298,-379.6039383589147,-11.161967915665953,-38.51477151074264,-1126.6680495459364
3.406225,-2.6411486544665683,-379.61115072513843,-11.181366134927504,-39.0781055355153,-1126.6680495459364
3.406725,-2.3970521391041824,-379.61838317291995,-11.20104602120145,-39.64143956028795,-1126.6680495459364
3.4072249999999995,-1.850397719498828,-379.6255156032739,-11.221007574487775,-40.20477358506061,-1126.6680495459364
3.407725,-1.3129867083733415,-379.6320698861419,-11.241250794786522,-40.76810760983427,-1126.6680495459364
3.4082250000000003,-0.9739972201742282,-379.6389799367432,-11.261775682097639,-41.331441634607415,-1126.6680495459364
3.408725,-0.5031102543268189,-379.64563025363134,-11.282582236421122,-41.89477565938007,-1126.6680495459364
3.409225,-0.2356869981045279,-379.6527378394504,-11.303670457757011,-42.45810968415323,-1126.6680495459364
3.4097250000000003,-0.4708434133171716,-379.6600082767896,-11.325040346105292,-43.02144370892639,-1126.6680495459364
3.410225,-0.8988292193323,-379.66770306411394,-11.346691901465935,-43.58477773369904,-1126.6680495459364
3.410725,-1.3674145390748935,-379.6749745587756,-11.368625123838966,-44.1481117584717,-1126.6680495459364
3.4112250000000004,-1.8495816493636912,-379.68239416576216,-11.390840013224421,-44.71144578324536,-1126.6680495459364
3.411725,-2.020939420462765,-379.6897104081873,-11.413336569622226,-45.27477980801802,-1126.6680495459364
3.4122250000000003,-1.951763756252845,-379.69656526621856,-11.436114793032438,-45.838113832791166,-1126.6680495459364
3.4127250000000005,-1.9807136641283336,-379.7034545209042,-11.459174683455034,-46.40144785756433,-1126.6680495459364
3.413225,-1.6588303596335432,-379.7106230629637,-11.482516240889996,-46.96478188233697,-1126.6680495459364
3.4137250000000003,-0.8194479764645675,-379.71758200709064,-11.506139465337364,-47.52811590711014,-1126.6680495459364
3.4142250000000005,-0.1194142744257216,-379.72452957274373,-11.53004435679712,-48.09144993188329,-1126.6680495459364
3.414725,0.0886341268064264,-379.73156944690305,-11.55423091526922,-48.65478395665545,-1126.6680495459364
3.4152250000000004,0.2107985596648286,-379.738353339332,-11.57869914075377,-49.21811798142911,-1126.6680495459364
3.415725,0.2010190360657277,-379.7454173800176,-11.603449033250666,-49.78145200620177,-1126.6680495459364
3.416225,-0.0983198865277354,-379.75243170561544,-11.628480592759946,-50.34478603097442,-1126.6680495459364
3.4167250000000005,-0.453417424647556,-379.7594208229097,-11.653793819281658,-50.90812005574807,-1126.6680495459364
3.417225,-1.0587204763248916,-379.7667184889228,-11.679388712815712,-51.47145408052073,-1126.6680495459364
3.417725,-1.7206806019653118,-379.77318682907514,-11.705265273362153,-52.034788105293394,-1126.6680495459364
3.4182250000000005,-1.8562941128377275,-379.7799955399795,-11.731423500921023,-52.59812213006704,-1126.6680495459364
3.418725,-1.7422567511431095,-379.7861641921805,-11.75786339549221,-53.1614561548392,-1126.6680495459364
3.419225,-1.5667699953565315,-379.79279192851413,-11.784584957075834,-53.72479017961235,-1126.6680495459364
3.419725000000001,-0.9893092497311567,-379.7992197384876,-11.81158818567189,-54.28812420438651,-1126.6680495459364
3.420225,-0.542886722359802,-379.8056407994979,-11.83887308128021,-54.851458229158176,-1126.6680495459364
3.420725,-0.2556537787715615,-379.8121359570523,-11.866439643900991,-55.414792253931324,-1126.6680495459364
3.421225,0.1992061058166344,-379.81778580115343,-11.89428787353416,-55.97812627870448,-1126.6680495459364
3.421725,0.3776202351035927,-379.8236128732646,-11.92241777017969,-56.54146030347714,-1126.6680495459364
3.422225,0.1508599991243108,-379.82911821784796,-11.950829333837634,-57.1047943282503,-1126.6680495459364
3.422725,-0.188483859330267,-379.8350444464437,-11.979522564507935,-57.66812835302295,-1126.6680495459364
3.423225,-0.783570363304716,-379.8409879413135,-12.008497462190649,-58.231462377796106,-1126.6680495459364
3.423725,-1.008595928691793,-379.8465457392609,-12.037754026885752,-58.794796402569254,-1126.6680495459364
3.424225,-1.0373417686067232,-379.8524709421624,-12.067292258593211,-59.35813042734191,-1126.6680495459364
3.424725,-1.239958221389765,-379.85837023561504,-12.097112157313084,-59.921464452115075,-1126.6680495459364
3.425225,-1.1655205224011298,-379.8642593028768,-12.127213723045346,-60.48479847688824,-1126.6680495459364
3.425725,-0.7084373686515862,-379.8697158920274,-12.157596955789966,-61.04813250166089,-1126.6680495459364
3.426225,-0.2181359612490251,-379.8748576724593,-12.188261855547003,-61.611466526434036,-1126.6680495459364
3.426725,0.2751735543295879,-379.8802161488771,-12.219208422316393,-62.17480055120671,-1126.6680495459364
3.427225,0.609775055176836,-379.8852915750952,-12.2504366560982,-62.73813457597986,-1126.6680495459364
3.427725,0.4364700142816233,-379.8903449277406,-12.281946556892397,-63.30146860075301,-1126.6680495459364
3.428225,0.3041645042315475,-379.895123881374,-12.313738124698947,-63.86480262552568,-1126.6680495459364
3.428725,0.2404727887087102,-379.9004510872702,-12.345811359517914,-64.42813665029881,-1126.6680495459364
3.429225,-0.1074596730857349,-379.9053706235392,-12.378166261349266,-64.991470675072,-1126.6680495459364
3.429725,-0.6706134600434119,-379.91095970330935,-12.410802830192976,-65.55480469984464,-1126.6680495459364
3.430225,-0.870795458660675,-379.91614564281844,-12.443721066049106,-66.1181387246178,-1126.6680495459364
3.430725,-0.8433241218053673,-379.9213594593855,-12.47692096891759,-66.68147274939045,-1126.6680495459364
3.431225,-0.7148746188191222,-379.92633095692776,-12.510402538798488,-67.2448067741636,-1126.6680495459364
3.431725,-0.3563117178833848,-379.9312746528251,-12.544165775691777,-67.80814079893676,-1126.6680495459364
3.4322250000000003,-0.0843931966179176,-379.93614700325287,-12.578210679597447,-68.37147482370992,-1126.6680495459364
3.432725,0.1251633998948919,-379.9411186568011,-12.612537250515478,-68.93480884848258,-1126.6680495459364
3.433225,0.3358589054297872,-379.94622317899024,-12.647145488445922,-69.49814287325572,-1126.6680495459364
3.4337250000000004,0.411982520174644,-379.95168148418804,-12.682035393388757,-70.06147689802889,-1126.6680495459364
3.434225,0.1725921474636199,-379.95705174487233,-12.717206965343943,-70.62481092280154,-1126.6680495459364
3.4347250000000003,-0.1297789001473187,-379.96217338005,-12.752660204311551,-71.1881449475747,-1126.6680495459364
3.435225,-0.581159104110436,-379.96717690678827,-12.788395110291512,-71.75147897234734,-1126.6680495459364
3.435725,-1.0113539030875225,-379.9722481875417,-12.82441168328389,-72.31481299712051,-1126.6680495459364
3.4362250000000003,-1.031379919625567,-379.97757989303716,-12.860709923288656,-72.87814702189367,-1126.6680495459364
3.436725,-0.91511606414908,-379.98302932074625,-12.897289830305773,-73.44148104666633,-1126.6680495459364
3.437225,-0.7894182087359659,-379.98796263978824,-12.934151404335314,-74.00481507143948,1305.0623043277446
3.4377250000000004,-0.4961767806163897,-379.99320238757593,-12.970990679083002,-73.35228391927538,1305.0623043277446
3.438225,-0.1852376129603036,-379.99809570594954,-13.00750368825458,-72.69975276711186,1305.0623043277446
3.4387250000000003,0.2367271323441543,-380.0034209766739,-13.043690431850111,-72.04722161494777,1305.0623043277446
3.4392250000000004,0.5694331778216111,-380.0084259149014,-13.079550909869551,-71.3946904627837,1305.0623043277446
3.439725,0.4179594424327389,-380.01387317369455,-13.115085122312884,-70.74215931062018,1305.0623043277446
3.4402250000000003,0.1353304893539282,-380.01884048444356,-13.150293069180167,-70.0896281584561,1305.0623043277446
3.440725,-0.1408699609092095,-380.0240289501275,-13.185174750471333,-69.43709700629257,1305.0623043277446
3.441225,-0.5553082214082973,-380.0294498925592,-13.219730166186448,-68.7845658541285,1305.0623043277446
3.4417250000000004,-0.7332073726797702,-380.0347750687284,-13.25395931632548,-68.1320347019644,1305.0623043277446
3.442225,-0.9698998411730873,-380.0399505767788,-13.287862200888405,-67.4795035498009,1305.0623043277446
3.4427250000000003,-1.2266475410511797,-380.04535064727554,-13.321438819875278,-66.82697239763681,1305.0623043277446
3.4432250000000004,-0.9676372820651686,-380.0505834356235,-13.354689173286065,-66.17444124547269,1305.0623043277446
3.443725,-0.4202275513303918,-380.0562984877736,-13.38761326112074,-65.52191009330919,1305.0623043277446
3.4442250000000003,-0.0406472495820197,-380.0615856770701,-13.420211083379366,-64.86937894114511,1305.0623043277446
3.4447250000000005,0.1226188888468112,-380.06732318291677,-13.45248264006191,-64.21684778898103,1305.0623043277446
3.445225,0.3306631679808143,-380.07338950645226,-13.484427931168344,-63.56431663681751,1305.0623043277446
3.4457250000000004,0.3162869005229179,-380.0795667385181,-13.516046956698721,-62.911785484653414,1305.0623043277446
3.446225,0.2240820425736339,-380.08555570060247,-13.547339716652989,-62.25925433248991,1305.0623043277446
3.446725,-0.0684047976213092,-380.0916219768621,-13.578306211031173,-61.60672318032639,1305.0623043277446
3.4472250000000004,-0.6954482102186514,-380.0983108532984,-13.608946439833334,-60.95419202816173,1305.0623043277446
3.447725,-1.0879658137493269,-380.10492748172965,-13.639260403059358,-60.30166087599822,1305.0623043277446
3.448225,-1.304103474605736,-380.11166820001876,-13.669248100709302,-59.649129723834704,1305.0623043277446
3.4487250000000005,-1.3658086503571056,-380.118117540568,-13.698909532783214,-58.99659857167004,1305.0623043277446
3.449225,-1.1879512023485066,-380.12464349557484,-13.72824469928099,-58.34406741950652,1305.0623043277446
3.449725,-0.9452743037318218,-380.13125890055915,-13.757253600202684,-57.69153626734301,1305.0623043277446
3.4502250000000005,-0.6177083944027364,-380.1381527352066,-13.785936235548352,-57.03900511517835,1305.0623043277446
3.450725,-0.3065772654433492,-380.1444506595237,-13.81429260531786,-56.386473963015405,1305.0623043277446
3.451225,0.0233103604013132,-380.1515906322021,-13.842322709511334,-55.733942810851325,1305.0623043277446
3.4517250000000006,0.200863987274551,-380.15859858259506,-13.870026548128752,-55.08141165868666,1305.0623043277446
3.452225,-0.0529616574535378,-380.1657623416489,-13.897404121170016,-54.42888050652372,1305.0623043277446
3.452725,-0.3874699523860276,-380.1726129361159,-13.924455428635248,-53.776349354359645,1305.0623043277446
3.4532250000000007,-0.7948889734860354,-380.1798664986496,-13.951180470524415,-53.12381820219496,1305.0623043277446
3.453725,-1.0342078751515502,-380.1867041434072,-13.97757924683744,-52.47128705003203,1305.0623043277446
3.454225,-1.17053526821526,-380.1941668949452,-14.003651757574422,-51.818755897867945,1305.0623043277446
3.454725,-1.4258293891111398,-380.20141698426283,-14.029398002735293,-51.16622474570443,1305.0623043277446
3.455225,-1.3675775398281833,-380.2084687512551,-14.054817982320118,-50.51369359354033,1305.0623043277446
3.455725,-1.0738645633725887,-380.2157224955657,-14.079911696328857,-49.86116244137626,1305.0623043277446
3.456225,-0.6417020761786818,-380.2231179536515,-14.104679144761489,-49.20863128921275,1305.0623043277446
3.456725,-0.1641746133014587,-380.23056441411586,-14.129120327618063,-48.556100137048645,1305.0623043277446
3.457225,-0.0300774944127113,-380.23817326967077,-14.153235244898553,-47.90356898488456,1305.0623043277446
3.457725,-0.0546958088275892,-380.24583133707756,-14.177023896602943,-47.251037832721046,1305.0623043277446
3.458225,-0.0891157153808981,-380.2536005782532,-14.20048628273127,-46.59850668055695,1305.0623043277446
3.458725,-0.205941367189325,-380.26107131722927,-14.223622403283496,-45.945975528393454,1305.0623043277446
3.459225,-0.5112931718099476,-380.26790883428913,-14.246432258259658,-45.29344437622935,1305.0623043277446
3.459725,-0.9610267247702236,-380.27512450751965,-14.268915847659738,-44.640913224065265,1305.0623043277446
3.460225,-1.163116248519823,-380.2821172215588,-14.291073171483719,-43.98838207190175,1305.0623043277446
3.460725,-1.3193404747220572,-380.2897272871384,-14.312904229731632,-43.335850919737666,1305.0623043277446
3.461225,-1.150625534038159,-380.29700110209313,-14.334409022403474,-42.68331976757358,1305.0623043277446
3.461725,-0.8812198422484044,-380.304462265236,-14.355587549499205,-42.030788615410074,1305.0623043277446
3.462225,-0.7402666254654652,-380.31155070002825,-14.376439811018878,-41.37825746324598,1305.0623043277446
3.4627250000000003,-0.3846966388888574,-380.31889834762796,-14.396965806962466,-40.725726311081885,1305.0623043277446
3.463225,-0.2275024884572488,-380.3261214137443,-14.417165537329955,-40.07319515891838,1305.0623043277446
3.463725,-0.1043946409172947,-380.33287339497156,-14.437039002121379,-39.42066400675429,1305.0623043277446
3.4642250000000003,-0.0149489264841966,-380.3398967629061,-14.456586201336721,-38.76813285459019,1305.0623043277446
3.464725,-0.4105403960536088,-380.3473107868013,-14.475807134975964,-38.115601702426694,1305.0623043277446
3.465225,-0.7323082474187456,-380.3550210622162,-14.494701803039144,-37.46307055026259,1305.0623043277446
3.4657250000000004,-0.9397337797155756,-380.36243929616165,-14.513270205526242,-36.8105393980985,1305.0623043277446
3.466225,-1.1194950159614627,-380.3701376090272,-14.531512342437235,-36.158008245934994,1305.0623043277446
3.4667250000000003,-1.070275157123444,-380.37682266310406,-14.549428213772172,-35.50547709377091,1305.0623043277446
3.467225,-1.0289521996469977,-380.3836859972139,-14.567017819531006,-34.85294594160739,1305.0623043277446
3.467725,-0.8990200350977469,-380.39045416312,-14.584281159713774,-34.20041478944329,1305.0623043277446
3.4682250000000003,-0.5625967960419682,-380.3974474599302,-14.60121823432046,-33.547883637279206,1305.0623043277446
3.468725,-0.1623064877745914,-380.404813654306,-14.617829043351051,-32.895352485115694,1305.0623043277446
3.469225,0.0621495942178351,-380.4113552893936,-14.634113586805556,-32.24282133295218,1305.0623043277446
3.4697249999999995,0.1413207444166878,-380.41835901337384,-14.650071864683985,-31.59029018078867,1305.0623043277446
3.470225,0.0444015840411484,-380.4253268884976,-14.665703876986358,-30.93775902862401,1305.0623043277446
3.4707250000000003,-0.1600256369680161,-380.43225782809105,-14.681009623712628,-30.285227876459917,1305.0623043277446
3.471225,-0.376396852900826,-380.4392120561536,-14.695989104862813,-29.6326967242964,1305.0623043277446
3.471725,-0.5576706969128489,-380.44620646806845,-14.710642320436927,-28.980165572132318,1305.0623043277446
3.4722250000000003,-0.8120253939216369,-380.4530983718017,-14.724969270434954,-28.32763441996823,1305.0623043277446
3.472725,-0.9608038464321078,-380.45995506829337,-14.738969954856891,-27.675103267804726,1305.0623043277446
3.473225,-0.8292538438148751,-380.46684860809165,-14.752644373702747,-27.022572115641204,1305.0623043277446
3.4737250000000004,-0.567728875932653,-380.47372741865644,-14.76599252697254,-26.370040963476537,1305.0623043277446
3.474225,-0.2011565734063236,-380.4806628110382,-14.779014414666232,-25.717509811313025,1305.0623043277446
3.4747250000000003,0.0089059461189769,-380.4877652814963,-14.79171003678385,-25.064978659148935,1305.0623043277446
3.4752250000000005,0.2343386960812591,-380.49459440857487,-14.804079393325388,-24.412447506984844,1305.0623043277446
3.475725,0.296448450688864,-380.5014601672294,-14.816122484290833,-23.759916354821332,1305.0623043277446
3.4762250000000003,0.2714098351694981,-380.5085776044264,-14.827839309680206,-23.107385202657248,1305.0623043277446
3.4767250000000005,0.21906922895657,-380.5156169770697,-14.839229869493494,-22.45485405049315,1305.0623043277446
3.477225,-0.1717903681387604,-380.52309241355334,-14.850294163730688,-21.802322898330225,1305.0623043277446
3.4777250000000004,-0.53588770153338,-380.5304321024558,-14.861032192391825,-21.149791746165548,1305.0623043277446
3.478225,-0.7643704436071119,-380.53717678724206,-14.871443955476861,-20.497260594002043,1305.0623043277446
3.478725,-0.8164166878739906,-380.5438785224272,-14.881529452985818,-19.84472944183853,1305.0623043277446
3.4792250000000005,-0.6787454013650632,-380.5506668136152,-14.891288684918706,-19.19219828967385,1305.0623043277446
3.479725,-0.5784906080686523,-380.5580318100582,-14.900721651275498,-18.53966713751035,1305.0623043277446
3.480225,-0.3217325643833354,-380.5653416501633,-14.909828352056206,-17.88713598534684,1305.0623043277446
3.4807250000000005,0.0014893874551389,-380.57317692951585,-14.918608787260847,-17.23460483318218,1305.0623043277446
3.481225,0.2241015616516305,-380.58080781172737,-14.927062956889385,-16.582073681019235,1305.0623043277446
3.481725,0.4776089699763147,-380.5888588171993,-14.935190860941857,-15.92954252885515,1305.0623043277446
3.482225000000001,0.3778496993876589,-380.5966076822316,-14.942992499418258,-15.277011376689902,1305.0623043277446
3.482725,0.0719734090713264,-380.60465331313696,-14.950467872318546,-14.62448022452754,1305.0623043277446
3.483225,-0.0767697748061778,-380.61287611955584,-14.957616979642772,-13.971949072363456,1305.0623043277446
3.483725,-0.3516854899634086,-380.6214458837311,-14.964439821390915,-13.319417920199372,1305.0623043277446
3.484225,-0.6311774202817879,-380.6295517117146,-14.970936397562967,-12.666886768035853,1305.0623043277446
3.484725,-0.7119981821595094,-380.63787293293535,-14.977106708158951,-12.01435561587177,1305.0623043277446
3.485225,-0.7455601109817045,-380.6459038309404,-14.982950753178844,-11.361824463708256,1305.0623043277446
3.485725,-0.6175695578538137,-380.65394360892105,-14.988468532622658,-10.709293311544167,1305.0623043277446
3.486225,-0.1950047791918588,-380.6620671450425,-14.993660046490389,-10.056762159380078,1305.0623043277446
3.486725,0.1193461892468347,-380.67048636322414,-14.998525294782038,-9.404231007216568,1305.0623043277446
3.487225,0.2560835860416712,-380.67861282571846,-15.003064277497604,-8.751699855052472,1305.0623043277446
3.487725,0.4465034009472143,-380.6871535229903,-15.00727699463709,-8.09916870288839,1305.0623043277446
3.488225,0.4425638172287967,-380.6955245523398,-15.01116344620049,-7.446637550724876,1305.0623043277446
3.488725,0.2333198401951281,-380.7037253401615,-15.014723632187815,-6.794106398560786,1305.0623043277446
3.489225,0.0981414025870736,-380.71175465148883,-15.017957552599052,-6.141575246397267,1305.0623043277446
3.489725,-0.1813925300872355,-380.71982724104566,-15.020865207434213,-5.489044094233183,1305.0623043277446
3.490225,-0.4901324746821706,-380.72831080849255,-15.023446596693287,-4.836512942069092,1305.0623043277446
3.490725,-0.6787534835949486,-380.73650938920497,-15.025701720376281,-4.18398178990558,1305.0623043277446
3.491225,-0.6344817004249438,-380.74467123709945,-15.027630578483189,-3.5314506377414827,1305.0623043277446
3.491725,-0.4111597029788402,-380.75325525791385,-15.029233171014022,-2.878919485577399,1305.0623043277446
3.492225,-0.1739118831634976,-380.76182682828426,-15.030509497968769,-2.2263883334138863,1305.0623043277446
3.492725,0.0331622194535978,-380.77075474769083,-15.031459559347434,-1.573857181249789,1305.0623043277446
3.493225,0.2202759607688228,-380.77903090719064,-15.032083355150018,-0.9213260290862902,1305.0623043277446
3.493725,0.4176634462885142,-380.7869544279773,-15.032380885376522,-0.2687948769221927,1305.0623043277446
3.494225,0.4840644821710723,-380.794991379489,-15.032352150026943,0.3837362752418911,1305.0623043277446
3.4947250000000003,0.3094042212569908,-380.80341086229976,-15.031997149101281,1.0362674274059818,1305.0623043277446
3.495225,-0.0273882474520262,-380.8117260160973,-15.03131588259954,1.6887985795694873,1305.0623043277446
3.495725,-0.2830064436370468,-380.81977218955143,-15.030308350521707,2.341329731733585,1305.0623043277446
3.4962250000000004,-0.4388711603253417,-380.828280994601,-15.028974552867801,2.9938608838976686,1305.0623043277446
3.496725,-0.5100467540793879,-380.83673838556035,-15.027314489637815,3.646392036061181,1305.0623043277446
3.4972250000000003,-0.6309815887014083,-380.8443203071613,-15.02532816083174,4.298923188225272,1305.0623043277446
3.497725,-0.5479326537171288,-380.8523436132484,-15.023015566449592,4.951454340388791,1305.0623043277446
3.498225,-0.2362181368154018,-380.8605454780154,-15.020376706491351,5.603985492552875,1305.0623043277446
3.4987250000000003,-0.031269581991807,-380.868550703709,-15.017411580957035,6.256516644716966,1305.0623043277446
3.499225,0.1935893446173673,-380.8767611377566,-15.014120189846638,6.909047796880477,1305.0623043277446
3.499725,0.3947306054347243,-380.8849839771428,-15.010502533160155,7.561578949044568,1305.0623043277446
3.5002250000000004,0.2453761072979989,-380.89310855086933,-15.00655861089759,8.214110101208652,1305.0623043277446
3.500725,0.1076601974217685,-380.9007495578597,-15.002288423058946,8.86664125337217,1305.0623043277446
3.5012250000000003,0.0739344144432703,-380.90800850390116,-14.997691969644219,9.519172405536263,1305.0623043277446
3.5017250000000004,-0.2915984989258307,-380.91546409411086,-14.992769250653408,10.171703557700345,1305.0623043277446
3.502225,-0.5479169089057454,-380.9229602809989,-14.98752026608652,10.824234709863859,1305.0623043277446
3.5027250000000003,-0.5655611521519204,-380.93064649903795,-14.981945015943541,11.476765862027955,1305.0623043277446
3.503225,-0.7169865313440873,-380.9386802153856,-14.976043500224495,12.129297014191462,1305.0623043277446
3.503725,-0.5606840438301073,-380.946546292074,-14.96981571892935,12.78182816635555,1305.0623043277446
3.5042250000000004,-0.2040480833007304,-380.9536268028468,-14.96326167205813,13.434359318519629,1305.0623043277446
3.504725,-0.1112128515706035,-380.9607093563882,-14.956381359610836,14.086890470683157,1305.0623043277446
3.5052250000000003,-0.0275506047457007,-380.96781907886293,-14.949174781587452,14.739421622847237,1305.0623043277446
3.5057250000000004,0.2192939355948812,-380.9749577201019,-14.941641937987985,15.391952775011323,1305.0623043277446
3.506225,0.2383361483547713,-380.9824765897722,-14.933782828812442,16.044483927174834,1305.0623043277446
3.5067250000000003,0.0373223841340096,-380.9902015346728,-14.925597454060808,16.697015079338932,1305.0623043277446
3.5072250000000005,-0.1158203507448274,-380.9979575155728,-14.917085813733095,17.349546231503023,1305.0623043277446
3.507725,-0.4316211667807506,-381.0051626547022,-14.90824790782931,18.002077383666524,1305.0623043277446
3.5082250000000004,-0.7140260060016204,-381.01243602562846,-14.899083736349432,18.654608535830626,1305.0623043277446
3.508725,-0.7500814495574393,-381.01966903364445,-14.889593299293482,19.30713968799413,1305.0623043277446
3.509225,-0.7196102483525451,-381.02643733032784,-14.879776596661449,19.959670840157642,1305.0623043277446
3.5097250000000004,-0.6690251539423265,-381.033612170206,-14.869633628453315,20.612201992322316,1305.0623043277446
3.510225,-0.5000071489776942,-381.04081030780736,-14.859164394669122,21.26473314448582,1305.0623043277446
3.510725,-0.2836009383230307,-381.0482662067881,-14.84836889530884,21.91726429664934,1305.0623043277446
3.5112250000000005,-0.0329486775312174,-381.0557767863868,-14.83724713037246,22.569795448814013,1305.0623043277446
3.511725,0.1388846026984938,-381.0631287831447,-14.825799099860022,23.222326600977514,1305.0623043277446
3.512225,0.1066637961859631,-381.07070562158253,-14.814024803771495,23.874857753141033,1305.0623043277446
3.5127250000000005,-0.1330600707171631,-381.0780634723206,-14.801924242106871,24.527388905305692,1305.0623043277446
3.513225,-0.3584650772373061,-381.0852350429742,-14.789497414866196,25.17992005746863,1305.0623043277446
3.513725,-0.4277976962217856,-381.0928343331214,-14.776744322049417,25.832451209632723,1305.0623043277446
3.5142250000000006,-0.7244911953998985,-381.1000840284032,-14.763664963656543,26.48498236179738,1305.0623043277446
3.514725,-0.9368878395564584,-381.10844679834616,-14.750259339687624,27.13751351396032,1305.0623043277446
3.515225,-0.9841929837242208,-381.1161406835585,-14.736527450142594,27.790044666124416,1305.0623043277446
3.5157250000000007,-0.8703766306963029,-381.12390458264645,-14.722469295021476,28.442575818289075,1305.0623043277446
3.516225,-0.5571575074378143,-381.1317938669966,-14.708084874324312,29.095106970452015,1305.0623043277446
3.516725,-0.3090937403480061,-381.1390573510167,-14.69337418805104,29.74763812261609,1305.0623043277446
3.517225,-0.1520027858393395,-381.1466107877194,-14.678337236201699,30.400169274779614,1305.0623043277446
3.517725,-0.0465137880544558,-381.15450053104706,-14.66297401877626,31.0527004269437,1305.0623043277446
3.518225,-0.0460265503033369,-381.1626180186106,-14.647284535774745,31.705231579107785,1305.0623043277446
3.518725,-0.0233557429546463,-381.1707379957088,-14.63126878719716,32.3577627312713,1305.0623043277446
3.519225,-0.1193396457263075,-381.17883881790596,-14.614926773043477,33.01029388343539,1305.0623043277446
3.519725,-0.5611620740274404,-381.1869043071061,-14.598258493313713,33.66282503559948,1305.0623043277446
3.520225,-0.8484782604277609,-381.19484834829166,-14.58126394800788,34.315356187762994,1305.0623043277446
3.520725,-0.8813453964221111,-381.20252623709575,-14.563943137125952,34.967887339927096,1305.0623043277446
3.521225,-0.8923842589059447,-381.2101018759589,-14.546296060667956,35.6204184920906,1305.0623043277446
3.521725,-0.8255704414371978,-381.21834305083746,-14.528322718633866,36.27294964425469,1305.0623043277446
3.522225,-0.6420926023462108,-381.22604589122506,-14.510023111023694,36.925480796418775,1305.0623043277446
3.522725,-0.4744573305851697,-381.2339080182857,-14.491397237837454,37.57801194858228,1305.0623043277446
3.523225,-0.2271533200991304,-381.2412841355397,-14.472445099075117,38.230543100746374,1305.0623043277446
3.523725,0.1175495935701899,-381.2487899272194,-14.453166694736694,38.883074252910475,1305.0623043277446
3.524225,0.0938307765277025,-381.2559551069118,-14.433562024822207,39.53560540507397,1305.0623043277446
3.524725,-0.0258321322344231,-381.2636439714679,-14.413631089331624,40.188136557238074,1305.0623043277446
3.5252250000000003,-0.1113896792033197,-381.2707858838904,-14.393373888264955,40.840667709402155,1305.0623043277446
3.525725,-0.3109266953564341,-381.2779546909226,-14.372790421622225,41.493198861565666,1305.0623043277446
3.526225,-0.5198006874531516,-381.2849624771169,-14.351880689403393,42.14573001372976,1305.0623043277446
3.5267250000000003,-0.6221739282306327,-381.2917716277037,-14.330644691608482,42.79826116589384,1305.0623043277446
3.527225,-0.6209013588609247,-381.29874204023713,-14.309082428237508,43.45079231805735,1305.0623043277446
3.527725,-0.7788496830362199,-381.3057458246663,-14.28719389929043,44.10332347022145,1305.0623043277446
3.5282250000000004,-0.6428667385175941,-381.3125517623777,-14.26497910476727,44.755854622385534,1305.0623043277446
3.528725,-0.293446748644338,-381.31939592393917,-14.242438044668045,45.40838577454904,1305.0623043277446
3.5292250000000003,-0.1917881252333473,-381.3263482661955,-14.219570718992724,46.06091692671315,1305.0623043277446
3.529725,-0.0988436661433605,-381.3326932022361,-14.196377127741341,46.713448078876645,1305.0623043277446
3.530225,-0.0178611587561569,-381.33964253858346,-14.172857270913854,47.36597923104073,1305.0623043277446
3.5307250000000003,-0.1647335149861083,-381.3459451501908,-14.149011148510287,48.018510383204834,1305.0623043277446
3.531225,-0.2158086867900935,-381.35255878956036,-14.124838760530654,48.67104153536834,1305.0623043277446
3.531725,-0.1821736632137982,-381.35877530405696,-14.10034010697494,49.32357268753184,1305.0623043277446
3.5322249999999995,-0.5768229528873849,-381.36484464669917,-14.075515187843148,49.97610383969536,1305.0623043277446
3.532725,-0.8214590982952223,-381.371034488083,-14.050364003135229,50.62863499186003,1305.0623043277446
3.5332250000000003,-0.7801798164300261,-381.37685481218074,-14.02488655285125,51.28116614402413,1305.0623043277446
3.533725,-0.6801787700399846,-381.38273993938213,-13.99908283699121,51.93369729618764,1305.0623043277446
3.534225,-0.4869273163924331,-381.3890207646986,-13.972952855555068,52.586228448351726,1305.0623043277446
3.5347250000000003,-0.474823734952488,-381.3950043538832,-13.946496608542844,53.23875960051582,1305.0623043277446
3.535225,-0.4498538201399266,-381.40144943485416,-13.919714095954559,53.89129075267934,1305.0623043277446
3.535725,-0.2366498936494142,-381.4073165350654,-13.892605317790194,54.543821904842844,1305.0623043277446
3.5362250000000004,-0.0105490225015092,-381.4132192360741,-13.865170274049698,55.19635305700751,1305.0623043277446
3.536725,-0.0786900051599733,-381.4187357645836,-13.837408964733168,55.848884209171025,1305.0623043277446
3.5372250000000003,-0.3280453024393106,-381.42408625776983,-13.809321389840532,56.50141536133509,1305.0623043277446
3.5377250000000005,-0.5525458069925614,-381.42942005579647,-13.780907549371813,57.1539465134992,1305.0623043277446
3.538225,-0.5898272737272718,-381.43437701233063,-13.75216744332704,57.806477665662705,1305.0623043277446
3.5387250000000003,-0.5929445171598645,-381.43971453218865,-13.723101071706155,58.45900881782679,1305.0623043277446
3.5392250000000005,-0.7323658753262601,-381.4447946474834,-13.693708434509192,59.11153996999089,1305.0623043277446
3.539725,-0.7040057086037997,-381.44993434211926,-13.663989531736199,59.76407112215381,1305.0623043277446
3.5402250000000004,-0.5530002665211043,-381.45547054271606,-13.633944363387045,60.416602274318485,1305.0623043277446
3.540725,-0.4156925821310925,-381.4613359783292,-13.603572929461862,61.069133426482004,1305.0623043277446
3.541225,-0.2362774253319436,-381.466894251557,-13.572875229960598,61.72166457864551,1305.0623043277446
3.5417250000000005,0.0497420753485114,-381.4726140100004,-13.541851264883196,62.37419573081017,1305.0623043277446
3.542225,-0.0242606960203675,-381.4779311648913,-13.510501034229767,63.02672688297369,1305.0623043277446
3.542725,-0.2205581803424635,-381.4836202991621,-13.478824538000257,63.679258035137195,1305.0623043277446
3.5432250000000005,-0.2623409737537506,-381.4894068885448,-13.446821776194607,64.3317891873019,1305.0623043277446
3.543725,-0.3434491722108078,-381.4959682851889,-13.414492748812963,64.9843203394648,1305.0623043277446
3.544225,-0.6302628777888726,-381.50149400687866,-13.381837455855177,65.6368514916289,1305.0623043277446
3.544725000000001,-0.7699601707111327,-381.5074257447823,-13.348855897321252,66.28938264379414,1305.0623043277446
3.545225,-0.8025793864970501,-381.51297223932204,-13.315548073211392,66.9419137959565,1305.0623043277446
3.545725,-0.8939849890610552,-381.51858649126217,-13.28191398352536,67.59444494812058,1305.0623043277446
3.546225,-0.5721415373189391,-381.5242295723508,-13.247953628263248,68.24697610028467,1305.0623043277446
3.546725,-0.2692414582917832,-381.52995542004425,-13.213667007425085,68.8995072524482,1305.0623043277446
3.547225,-0.2857973959218473,-381.5357279291916,-13.17905412101081,69.55203840461228,1305.0623043277446
3.547725,-0.2113110974362491,-381.54146731866433,-13.144114969020482,70.2045695567758,1305.0623043277446
3.548225,-0.0176489907568998,-381.54743195383674,-13.108849551454043,70.85710070893988,1305.0623043277446
3.548725,-0.095244887637195,-381.5536517437069,-13.073257868311517,71.50963186110395,1305.0623043277446
3.549225,-0.1509177311828416,-381.55980412099376,-13.037339919592945,72.16216301326747,1305.0623043277446
3.549725,-0.3409981714060608,-381.5662211162222,-13.001095705298258,72.81469416543158,1305.0623043277446
3.550225,-0.7588002348107675,-381.572798084404,-12.96452522542749,73.46722531759565,1305.0623043277446
3.550725,-0.8756439584903543,-381.5795357291067,-12.92762847998067,74.11975646975917,1305.0623043277446
3.551225,-0.7486558463845676,-381.58622787032476,-12.890405468957738,74.77228762192325,1305.0623043277446
3.551725,-0.7243110582230121,-381.59330206398835,-12.852856192358752,75.42481877408676,1305.0623043277446
3.552225,-0.6798749910852291,-381.6004716955469,-12.814980650183658,76.07734992625086,1305.0623043277446
3.552725,-0.5439691742386089,-381.6070731791511,-12.77677884243248,76.72988107841496,1305.0623043277446
3.553225,-0.2756480062534941,-381.61427520026643,-12.738250769105251,77.38241223057845,1305.0623043277446
3.553725,0.0385618649062125,-381.6214083710177,-12.699396430201906,78.03494338274255,1305.0623043277446
3.554225,0.0821420976155524,-381.628303817474,-12.660215825722487,78.68747453490664,1305.0623043277446
3.554725,-0.011383707907362,-381.6361588911989,-12.62070895566701,79.34000568707015,1305.0623043277446
3.555225,-0.0114867756563353,-381.64316461671234,-12.58087582003542,79.99253683923425,1305.0623043277446
3.555725,-0.331216800462489,-381.6508793799572,-12.540716418827785,80.64506799139775,1305.0623043277446
3.556225,-0.4223237871988301,-381.6587979126373,-12.500230752044034,81.29759914356184,1305.0623043277446
3.556725,-0.3961490607694093,-381.66660138651076,-12.459418819684203,81.95013029572594,1305.0623043277446
3.5572250000000003,-0.6496618815148806,-381.6747208340482,-12.418280621748279,82.60266144789001,1305.0623043277446
3.557725,-0.7846253695885831,-381.6830584914301,-12.376816158236316,83.25519260005353,1305.0623043277446
3.558225,-0.6613615870757069,-381.6913122360061,-12.335025429148233,83.90772375221762,1305.0623043277446
3.5587250000000004,-0.3950283651943631,-381.69940687932115,-12.292908434484072,84.56025490438171,1305.0623043277446
3.559225,-0.3242707843396436,-381.70795592328085,-12.250465174243862,85.21278605654523,1305.0623043277446
3.5597250000000003,-0.074127984836684,-381.71639138306034,-12.207695648427537,85.86531720870931,-944.0601175236126
3.560225,-0.0921797855930607,-381.72500786680814,-12.164880997337894,85.39328714994778,-944.0601175236126
3.560725,-0.2364852181740818,-381.7333398594131,-12.122302361277596,84.92125709118581,-944.0601175236126
3.5612250000000003,-0.0244631195751288,-381.7419677092529,-12.07995974024668,84.44922703242385,-944.0601175236126
3.561725,-0.0989349443505782,-381.7506428623896,-12.03785313424518,83.9771969736623,-944.0601175236126
3.562225,-0.519652102744881,-381.759615664561,-11.995982543273028,83.50516691490034,-944.0601175236126
3.5627250000000004,-0.7124193968571726,-381.7682771643471,-11.954347967330254,83.03313685613837,-944.0601175236126
3.563225,-0.6321106564854292,-381.77723631570456,-11.9129494064169,82.56110679737684,-944.0601175236126
3.5637250000000003,-0.7232859108768682,-381.78617034507295,-11.871786860532886,82.08907673861486,-944.0601175236126
3.5642250000000004,-0.6549442278517906,-381.7952175093116,-11.830860329678254,81.6170466798529,-944.0601175236126
3.564725,-0.5926296580194372,-381.8043597943568,-11.790169813853044,81.14501662109136,-944.0601175236126
3.5652250000000003,-0.6856576734795162,-381.8137231649664,-11.749715313057173,80.6729865623294,-944.0601175236126
3.565725,-0.5548762119581938,-381.82321036417176,-11.709496827290721,80.20095650356785,-944.0601175236126
3.566225,-0.2707032444961234,-381.8327399691813,-11.669514356553615,79.7289264448059,-944.0601175236126
3.5667250000000004,-0.4344594315291951,-381.8422800679621,-11.629767900845888,79.25689638604392,-944.0601175236126
3.567225,-0.5387171879050998,-381.85204793057676,-11.590257460167578,78.78486632728237,-944.0601175236126
3.5677250000000003,-0.574565662340173,-381.86207080996786,-11.550983034518618,78.31283626852041,-944.0601175236126
3.5682250000000004,-0.7705717815998988,-381.8717824229587,-11.511944623899032,77.84080620975845,-944.0601175236126
3.568725,-0.6934239144455685,-381.88178153905665,-11.473142228308864,77.36877615099691,-944.0601175236126
3.5692250000000003,-0.7747968499293145,-381.89164310167814,-11.434575847748043,76.89674609223493,-944.0601175236126
3.5697250000000005,-0.8351054475171065,-381.90140148858706,-11.396245482216607,76.42471603347299,-944.0601175236126
3.570225,-0.8472335075847994,-381.9111905611705,-11.35815113171458,75.95268597471143,-944.0601175236126
3.5707250000000004,-0.8690395512559206,-381.92106871883607,-11.320292796241903,75.48065591594947,-944.0601175236126
3.571225,-0.6164670708441756,-381.9314564211608,-11.28267047579864,75.00862585718792,-944.0601175236126
3.571725,-0.4338215016754784,-381.9411725207842,-11.245284170384757,74.53659579842639,-944.0601175236126
3.5722250000000004,-0.5690155570630319,-381.95161211309704,-11.208133880000187,74.064565739664,-944.0601175236126
3.572725,-0.7099908826411301,-381.9620785741122,-11.171219604645065,73.59253568090247,-944.0601175236126
3.573225,-0.5219782636862498,-381.97278716158485,-11.134541344319326,73.12050562214091,-944.0601175236126
3.5737250000000005,-0.6080113849208894,-381.98331367362044,-11.098099099022903,72.64847556337853,-944.0601175236126
3.574225,-0.6922105669218622,-381.99383149498516,-11.061892868755923,72.17644550461699,-944.0601175236126
3.574725,-0.6602284306168518,-382.003497253995,-11.025922653518322,71.70441544585543,-944.0601175236126
3.5752250000000005,-0.8751931426090092,-382.0132005177162,-10.990188453310044,71.23238538709305,-944.0601175236126
3.575725,-0.9188955115356024,-382.02300805866366,-10.954690268131237,70.76035532833193,-944.0601175236126
3.576225,-0.5454110039159437,-382.0328638126029,-10.919428097981752,70.28832526956997,-944.0601175236126
3.5767250000000006,-0.4872547885050389,-382.04283976908386,-10.884401942861611,69.81629521080757,-944.0601175236126
3.577225,-0.6605342589090826,-382.05358606701327,-10.849611802770951,69.34426515204646,-944.0601175236126
3.577725,-0.517846746774522,-382.0638916672861,-10.815057677709607,68.87223509328449,-944.0601175236126
3.5782250000000007,-0.4355773997386281,-382.07419372914035,-10.780739567677614,68.4002050345221,-944.0601175236126
3.578725,-0.4208318574400976,-382.08457185981285,-10.746657472675093,67.928174975761,-944.0601175236126
3.579225,-0.3570295496381462,-382.0953293649689,-10.712811392701893,67.45614491699901,-944.0601175236126
3.579725,-0.5357597668258335,-382.10523940339027,-10.6792013277581,66.98411485823748,-944.0601175236126
3.580225,-0.8108591567790958,-382.11520663793937,-10.645827277843662,66.51208479947552,-944.0601175236126
3.580725,-0.769493437534592,-382.12499702134755,-10.612689242958604,66.04005474071354,-944.0601175236126
3.581225,-0.6645332267532755,-382.1344766604537,-10.579787223102953,65.568024681952,-944.0601175236126
3.581725,-0.752396168059589,-382.14410873122813,-10.547121218276656,65.09599462319004,-944.0601175236126
3.582225,-0.6970026034700991,-382.15360510133996,-10.514691228479741,64.62396456442808,-944.0601175236126
3.582725,-0.6132117319413205,-382.1622915170782,-10.482497253712236,64.15193450566652,-944.0601175236126
3.583225,-0.4929782846161004,-382.17145929327336,-10.450539293974085,63.67990444690457,-944.0601175236126
3.583725,-0.2371199803703826,-382.1800917729504,-10.418817349265337,63.20787438814302,-944.0601175236126
3.584225,-0.0868728505025423,-382.1892292800795,-10.387331419585946,62.73584432938105,-944.0601175236126
3.584725,-0.1860338932443955,-382.1977344624768,-10.356081504935938,62.26381427061909,-944.0601175236126
3.585225,-0.2926792080317352,-382.20631470939907,-10.325067605315336,61.79178421185754,-944.0601175236126
3.585725,-0.3826490907342973,-382.2149996990037,-10.294289720724086,61.31975415309557,-944.0601175236126
3.586225,-0.3151499403269241,-382.2234226897845,-10.263747851162218,60.84772409433362,-944.0601175236126
3.586725,-0.2343061524445878,-382.23157394981587,-10.23344199662976,60.37569403557208,-944.0601175236126
3.587225,-0.5296359919266247,-382.2394941022093,-10.203372157126651,59.903663976810115,-944.0601175236126
3.5877250000000003,-0.6679006290668484,-382.24728465295897,-10.173538332652928,59.43163391804814,-944.0601175236126
3.588225,-0.5048609428511328,-382.2550171827242,-10.143940523208611,58.9596038592866,-944.0601175236126
3.588725,-0.2610841511417304,-382.2627180413635,-10.11457872879365,58.48757380052464,-944.0601175236126
3.5892250000000003,-0.1153139287330102,-382.2701422380093,-10.085452949408069,58.01554374176267,-944.0601175236126
3.589725,-0.0584068913413947,-382.2778257989313,-10.056563185051893,57.54351368300113,-944.0601175236126
3.590225,-0.1183184522773534,-382.28500750016946,-10.027909435725071,57.07148362423916,-944.0601175236126
3.5907250000000004,-0.0733800849160715,-382.29172183626395,-9.999491701427633,56.599453565477205,-944.0601175236126
3.591225,0.3113392829940639,-382.2978435128972,-9.9713099821596,56.12742350671566,-944.0601175236126
3.5917250000000003,0.0804238798842095,-382.3042638375172,-9.943364277920924,55.65539344795369,-944.0601175236126
3.592225,-0.2561144974941827,-382.3106100758053,-9.915654588711652,55.18336338919215,-944.0601175236126
3.592725,-0.2350675091062643,-382.31698106168653,-9.888180914531736,54.71133333043018,-944.0601175236126
3.5932250000000003,-0.2592670101681232,-382.3229192458702,-9.860943255381205,54.23930327166821,-944.0601175236126
3.593725,-0.2938868978813483,-382.32894672270623,-9.833941611260078,53.76727321290667,-944.0601175236126
3.594225,-0.1230076423629173,-382.3350580763883,-9.807175982168328,53.295243154145126,-944.0601175236126
3.5947249999999995,-0.3271242274808515,-382.3407963832484,-9.780646368105959,52.823213095383586,-944.0601175236126
3.595225,-0.4159665089751484,-382.3461367619751,-9.754352769072929,52.351183036621194,-944.0601175236126
3.5957250000000003,-0.0428998430002512,-382.3519892726098,-9.728295185069298,51.87915297785924,-944.0601175236126
3.596225,-0.0588996690587108,-382.35701102392545,-9.702473616095075,51.407122919097695,-944.0601175236126
3.596725,-0.0690257281515243,-382.3620320701213,-9.676888062150207,50.935092860335736,-944.0601175236126
3.5972250000000003,0.0186165726551442,-382.36624965992473,-9.651538523234718,50.46306280157377,-944.0601175236126
3.597725,-0.1685122569615891,-382.3707088424109,-9.626424999348638,49.991032742812216,-944.0601175236126
3.598225,-0.278649296430251,-382.37456793433853,-9.601547490491937,49.519002684050676,-944.0601175236126
3.5987250000000004,-0.0400629605616842,-382.3782775324687,-9.576905996664573,49.04697262528829,-944.0601175236126
3.599225,-0.1377385182814578,-382.38184832557346,-9.552500517866632,48.574942566526744,-944.0601175236126
3.5997250000000003,-0.308844397716132,-382.3853685959326,-9.528331054098052,48.10291250776479,-944.0601175236126
3.6002250000000005,-0.3172616014105617,-382.388506940723,-9.504397605358852,47.63088244900282,-944.0601175236126
3.600725,-0.4365850252641329,-382.3914267695226,-9.480700171649053,47.15885239024128,-944.0601175236126
3.6012250000000003,-0.16139215914431,-382.3943160694813,-9.457238752968616,46.68682233147931,-944.0601175236126
3.6017250000000005,0.0001024200507662,-382.39700985765904,-9.434013349317558,46.214792272717354,-944.0601175236126
3.602225,-0.1411861837054683,-382.39975141088,-9.411023960695923,45.74276221395622,-944.0601175236126
3.6027250000000004,-0.3152169003641933,-382.4021627832095,-9.388270587103609,45.27073215519384,-944.0601175236126
3.603225,-0.1836302531018658,-382.4044171923055,-9.365753228540713,44.79870209643229,-944.0601175236126
3.603725,0.0120063360040502,-382.40648298352716,-9.3434718850072,44.32667203767075,-944.0601175236126
3.604225000000001,-0.0656772813808599,-382.4078578016475,-9.32142655650301,43.85464197890795,-944.0601175236126
3.604725,-0.1223573010371561,-382.4091177752884,-9.299617243028276,43.38261192014682,-944.0601175236126
3.605225,-0.4053819114038218,-382.41027200642316,-9.278043944582903,42.910581861385275,-944.0601175236126
3.605725000000001,-0.3466555114389816,-382.4116420084306,-9.256706661166858,42.43855180262247,-944.0601175236126
3.606225,-0.0043341032223576,-382.4125108049334,-9.235605392780288,41.966521743861776,-944.0601175236126
3.606725,-0.1261673701435019,-382.4129840775935,-9.214740139423041,41.4944916850998,-944.0601175236126
3.607225000000001,-0.3514898374616725,-382.4130770108656,-9.194110901095137,41.022461626337005,-944.0601175236126
3.607725,-0.2844961834795907,-382.4127799257342,-9.173717677796708,40.5504315675763,-944.0601175236126
3.608225,-0.2231021442803339,-382.4116513080008,-9.153560469527601,40.07840150881434,-944.0601175236126
3.608725,-0.1769340733256952,-382.41112204223384,-9.133639276287877,39.60637145005237,-944.0601175236126
3.609225,0.0002550668789124,-382.41040250507143,-9.113954098077553,39.13434139129082,-944.0601175236126
3.609725,-0.2328361803767721,-382.4096111700271,-9.094504934896591,38.66231133252886,-944.0601175236126
3.610225,-0.3849302738963248,-382.4079423700263,-9.075291786745028,38.19028127376732,-944.0601175236126
3.610725,-0.2935274332056653,-382.40660839104095,-9.05631465362283,37.71825121500535,-944.0601175236126
3.611225,-0.1896703469309152,-382.4045105355862,-9.03757353553001,37.24622115624339,-944.0601175236126
3.611725,-0.2437873539097403,-382.40286024002074,-9.019068432466588,36.77419109748185,-944.0601175236126
3.612225,-0.2327084008181494,-382.4009606598448,-9.000799344432533,36.30216103871988,-944.0601175236126
3.612725,-0.3838659576018151,-382.39902335052193,-8.982766271427856,35.830130979957914,-944.0601175236126
3.613225,-0.4419836570953148,-382.3966962310551,-8.96496921345258,35.358100921196375,-944.0601175236126
3.613725,-0.1027209466191857,-382.3945294238597,-8.947408170506666,34.88607086243441,-944.0601175236126
3.614225,-0.1407577290745009,-382.39223915609045,-8.930083142590147,34.41404080367286,-944.0601175236126
3.614725,-0.2754166641358778,-382.3895264629735,-8.912994129702998,33.942010744910895,-944.0601175236126
3.615225,-0.378313840029243,-382.38677856209387,-8.896141131845228,33.469980686148936,-944.0601175236126
3.615725,-0.4042558777847423,-382.384094439283,-8.879524149016852,32.99795062738739,-944.0601175236126
3.616225,-0.258248622832183,-382.3809766314668,-8.86314318121784,32.52592056862542,-944.0601175236126
3.616725,-0.1873608453538457,-382.3779390513185,-8.846998228448216,32.053890509863464,-944.0601175236126
3.617225,-0.366239480135203,-382.3749675678588,-8.831089290707983,31.581860451101917,-944.0601175236126
3.617725,-0.5360924084938808,-382.3724713339524,-8.815416367997116,31.109830392339955,-944.0601175236126
3.618225,-0.4066703370050989,-382.36943375033366,-8.799979460315647,30.637800333578408,-944.0601175236126
3.618725,-0.3124493426592164,-382.36612646958247,-8.784778567663542,30.165770274816445,-944.0601175236126
3.619225,-0.220200773118785,-382.36324641842657,-8.76981369004082,29.69374021605448,-944.0601175236126
3.619725,-0.2507653366096367,-382.3607443866265,-8.75508482744749,29.221710157292936,-944.0601175236126
3.620225,-0.4523009156083539,-382.35831632210875,-8.74059197988353,28.749680098530973,-944.0601175236126
3.620725,-0.4226654538720943,-382.3556564741419,-8.726335147348948,28.277650039769007,-1516.6911614557516
3.621225,-0.1131158146148192,-382.35377770670607,-8.712385908724256,27.519304459041553,-1516.6911614557516
3.621725,-0.2748979379253751,-382.3515740697375,-8.69881584288991,26.760958878313424,-1516.6911614557516
3.622225,-0.4757651206089773,-382.3488142289573,-8.685624949845943,26.00261329758597,-1516.6911614557516
3.622725,-0.4035307207988314,-382.34643316813253,-8.67281322959233,25.24426771685784,-1516.6911614557516
3.623225,-0.566054233855148,-382.34441085349846,-8.660380682129077,24.48592213612971,-1516.6911614557516
3.623725,-0.4579763567522633,-382.3426925083825,-8.648327307456201,23.727576555402255,-1516.6911614557516
3.624225,-0.3166531600483449,-382.3412301100492,-8.63665310557368,22.969230974674126,-1516.6911614557516
3.624725,-0.4759978021247062,-382.3397604295067,-8.625358076481522,22.210885393945997,-1516.6911614557516
3.625225,-0.6101672837091389,-382.3385225397886,-8.614442220179734,21.45253981321854,-1516.6911614557516
3.625725,-0.5160535740655562,-382.3373688309396,-8.603905536668302,20.69419423249041,-1516.6911614557516
3.626225,-0.4414697239047627,-382.3367344901816,-8.593748025947246,19.935848651762957,-1516.6911614557516
3.626725,-0.3778873551577929,-382.3360772395023,-8.583969688016543,19.17750307103483,-1516.6911614557516
3.627225,-0.3012498900214355,-382.33575846476043,-8.574570522876204,18.419157490306695,-1516.6911614557516
3.627725,-0.5705719991842175,-382.33558813586274,-8.565550530526238,17.660811909579245,-1516.6911614557516
3.628225,-0.6148939944522286,-382.3357012064355,-8.556909710966627,16.902466328851112,-1516.6911614557516
3.628725,-0.3496586843128336,-382.33591637120145,-8.548648064197382,16.144120748122987,-1516.6911614557516
3.629225,-0.2920874397191063,-382.3363705967356,-8.540765590218507,15.385775167395531,-1516.6911614557516
3.629725,-0.5122157481731688,-382.33735483838115,-8.533262289029988,14.627429586667402,-1516.6911614557516
3.630225,-0.6321845463466385,-382.33872818122376,-8.526138160631842,13.869084005939943,-1516.6911614557516
3.630725,-0.5983371862829143,-382.3402259295886,-8.51939320502405,13.110738425211814,-1516.6911614557516
3.631225,-0.4200126891095045,-382.34191651164895,-8.513027422206624,12.352392844483688,-1516.6911614557516
3.631725,-0.3269126734286777,-382.3434344210464,-8.507040812179566,11.59404726375623,-1516.6911614557516
3.632225000000001,-0.4973185647535837,-382.3456060880572,-8.501433374942858,10.835701683026754,-1516.6911614557516
3.632725,-0.5826266326650364,-382.347883953233,-8.496205110496536,10.07735610229997,-1516.6911614557516
3.633225,-0.4831874684470357,-382.3503771606126,-8.491356018840571,9.319010521572517,-1516.6911614557516
3.633725,-0.3015475047326831,-382.3530046314618,-8.486886099974964,8.560664940844388,-1516.6911614557516
3.634225,-0.2780850773630462,-382.3558404010132,-8.482795353899727,7.80231936011693,-1516.6911614557516
3.634725,-0.3281782108858285,-382.35820663859823,-8.479083780614848,7.043973779388802,-1516.6911614557516
3.635225,-0.4481067410502374,-382.3613365267894,-8.475751380120336,6.285628198660673,-1516.6911614557516
3.635725,-0.3888051256874022,-382.3640066170124,-8.472798152416187,5.527282617933217,-1516.6911614557516
3.636225000000001,-0.1683803290278294,-382.3675135554849,-8.470224097502399,4.768937037203741,-1516.6911614557516
3.636725,-0.3284433612942969,-382.37089641190704,-8.46802921537898,4.010591456476958,-1516.6911614557516
3.637225,-0.3512254389465888,-382.37488897012645,-8.466213506045925,3.252245875749506,-1516.6911614557516
3.637725000000001,-0.3880158982133451,-382.37890710599885,-8.464776969503228,2.4939002950200297,-1516.6911614557516
3.638225,-0.4608092743027123,-382.38310135786816,-8.463719605750905,1.7355547142939207,-1516.6911614557516
3.638725,-0.2814925204070269,-382.3874267218515,-8.463041414788938,0.9772091335657883,-1516.6911614557516
3.6392250000000006,-0.1510985147703256,-382.39141145794986,-8.462742396617339,0.218863552836989,-1516.6911614557516
3.639725,-0.2472550801895529,-382.39548499544793,-8.462822551236101,-0.5394820278897934,-1516.6911614557516
3.640225,-0.2625356415218164,-382.3995162290707,-8.46328187864523,-1.2978276086179261,-1516.6911614557516
3.6407250000000007,-0.1734039566951963,-382.4037111757295,-8.464120378844722,-2.0561731893467288,-1516.6911614557516
3.641225,-0.1369044870450762,-382.407505416715,-8.465338051834573,-2.8145187700735113,-1516.6911614557516
3.641725,0.039378500529632,-382.41110174153147,-8.466934897614793,-3.572864350801637,-1516.6911614557516
3.642225,0.0165630245004316,-382.41476929598264,-8.468910916185376,-4.331209931529093,-1516.6911614557516
3.642725,-0.1816040493980747,-382.4184421845765,-8.471266107546322,-5.089555512257219,-1516.6911614557516
3.643225,-0.2277737969873653,-382.422002500287,-8.474000471697634,-5.847901092985355,-1516.6911614557516
3.643725,-0.0067660964817133,-382.4261229041732,-8.477114008639305,-6.606246673712807,-1516.6911614557516
3.644225,0.0088424291865721,-382.43083227953053,-8.480606718371346,-7.364592254440937,-1516.6911614557516
3.644725,-0.1118087692739326,-382.43460034093823,-8.48447860089375,-8.122937835169065,-1516.6911614557516
3.645225,-0.2181991019501886,-382.43784547069856,-8.488729656206516,-8.881283415896522,-1516.6911614557516
3.645725,-0.2533978739861763,-382.4413859695815,-8.493359884309644,-9.639628996624651,-1516.6911614557516
3.646225,0.0014334488621379,-382.4447256446356,-8.498369285203138,-10.397974577352107,-1516.6911614557516
3.646725,0.1380367415829727,-382.44825441174737,-8.503757858886996,-11.156320158080232,-1516.6911614557516
3.647225,-0.0088346136055238,-382.45191680645206,-8.50952560536122,-11.914665738808365,-1516.6911614557516
3.647725,-0.1803936116599973,-382.45574270720374,-8.515672524625804,-12.673011319535819,-1516.6911614557516
3.648225,-0.0005625392553481,-382.45937034996103,-8.522198616680754,-13.43135690026395,-1516.6911614557516
3.648725,0.1932637156635112,-382.4628954676941,-8.529103881526073,-14.189702480992077,-1516.6911614557516
3.649225,0.1593430037237291,-382.4665571626124,-8.536388319161746,-14.948048061719534,-1516.6911614557516
3.649725,0.0318530765845505,-382.4702951833299,-8.54405192958779,-15.706393642447662,-1516.6911614557516
3.650225,-0.1193238326014937,-382.47406117904814,-8.552094712804193,-16.464739223175112,-1516.6911614557516
3.650725,0.001439784204736,-382.47763198597784,-8.560516668810966,-17.223084803903244,-1516.6911614557516
3.651225,0.131315474157509,-382.48087686275886,-8.5693177976081,-17.981430384631373,-1516.6911614557516
3.651725,0.0206728594143966,-382.48422889439365,-8.578498099195592,-18.73977596535883,-1516.6911614557516
3.652225,-0.0830509952151547,-382.4877311653633,-8.588057573573458,-19.498121546086956,-1516.6911614557516
3.652725,-0.0563508779329432,-382.49109850092657,-8.597996220741688,-20.256467126815085,-1516.6911614557516
3.653225,-0.0474596676825483,-382.49467545564534,-8.60831404070027,-21.014812707542546,-1516.6911614557516
3.653725,0.0919345983171862,-382.49895758772516,-8.619011033449228,-21.77315828827067,-1516.6911614557516
3.654225,0.1265019650299493,-382.50303188670796,-8.630087198988539,-22.531503868998126,-1516.6911614557516
3.654725,-0.0222720739407717,-382.5070274931747,-8.641542537318225,-23.28984944972626,-1516.6911614557516
3.655225,-0.0044646677652902,-382.5109497177379,-8.653377048438273,-24.04819503045439,-1516.6911614557516
3.655725,-0.0323941978747153,-382.51555463417213,-8.665590732348674,-24.806540611181845,-1516.6911614557516
3.656225,-0.0183522012115197,-382.5199230595117,-8.678183589049452,-25.56488619190997,-1516.6911614557516
3.656725,0.0234155010590041,-382.5244153515361,-8.691155618540582,-26.32323177263743,-1516.6911614557516
3.657225,-0.0093378701689851,-382.52888387457017,-8.704506820822086,-27.081577353365557,-1516.6911614557516
3.657725,-0.1951581139035887,-382.53375143419726,-8.718237195893959,-27.839922934093686,-1516.6911614557516
3.658225,-0.1906730519722603,-382.53804342720974,-8.732346743756175,-28.598268514821147,-1516.6911614557516
3.658725,-0.007391784179161,-382.542577997969,-8.746835464408777,-29.356614095549272,-1516.6911614557516
3.659225,-0.0004308237964968,-382.5469769942761,-8.761703357851735,-30.1149596762774,-1516.6911614557516
3.659725,-0.0153707628641205,-382.5523417641937,-8.776950424085047,-30.87330525700486,-1516.6911614557516
3.660225,-0.3219170245711328,-382.55725227801565,-8.792576663108738,-31.631650837732984,-1516.6911614557516
3.660725,-0.3028509032761992,-382.5624122382955,-8.808582074922777,-32.38999641846044,-1516.6911614557516
3.661225,-0.0909315775126244,-382.5675260827674,-8.824966659527195,-33.148341999188574,-1516.6911614557516
3.661725,-0.0908960790955347,-382.57287950442975,-8.841730416921976,-33.90668757991669,-1516.6911614557516
3.662225,-0.3290521092014541,-382.5779821254003,-8.858873347107108,-34.66503316064416,-1516.6911614557516
3.662725000000001,-0.4860549021687916,-382.5833438243507,-8.876395450082649,-35.423378741373625,-1516.6911614557516
3.663225,-0.3321162189657405,-382.58868645311145,-8.894296725848495,-36.18172432210042,-1516.6911614557516
3.663725,-0.1061364497743986,-382.59483945065466,-8.912577174404714,-36.940069902827865,-1516.6911614557516
3.664225000000001,0.0370705050970447,-382.60049712387536,-8.931236795751348,-37.69841548355735,-1516.6911614557516
3.664725,-0.1829080242559637,-382.6065133557234,-8.950275589888264,-38.45676106428345,-1516.6911614557516
3.665225,-0.2507245502003551,-382.61216658346245,-8.969693556815596,-39.21510664501158,-1516.6911614557516
3.665725,-0.000837234889156,-382.61823522075196,-8.98949069653329,-39.97345222573971,-1516.6911614557516
3.666225,0.0639339796980058,-382.62438485457136,-9.009667009041333,-40.73179780646717,-1516.6911614557516
3.666725000000001,-0.1058132632389015,-382.6311247335162,-9.030222494339789,-41.490143387196646,-1516.6911614557516
3.667225,-0.264520718607682,-382.6375094370214,-9.05115715242854,-42.24848896792343,-1516.6911614557516
3.667725,-0.3181802249317632,-382.64395011888877,-9.072470983307669,-43.00683454865088,-1516.6911614557516
3.668225000000001,-0.3887398042891242,-382.6504184597521,-9.094163986977224,-43.76518012938036,-1516.6911614557516
3.668725,-0.220573302630357,-382.65702923218674,-9.116236163437044,-44.52352571010646,-1516.6911614557516
3.669225,-0.2445087836072633,-382.66283436336136,-9.138687512687287,-45.28187129083461,-1516.6911614557516
3.669725000000001,-0.3418613416838478,-382.6688476910214,-9.161518034727935,-46.04021687156408,-1516.6911614557516
3.670225,-0.2418527487478057,-382.67531378694605,-9.184727729558846,-46.798562452290184,-1516.6911614557516
3.670725,-0.1220678994098383,-382.68246901041596,-9.208316597180179,-47.55690803301831,-1516.6911614557516
3.671225,-0.0611618454002247,-382.68932607088885,-9.232284637591878,-48.31525361374644,-1516.6911614557516
3.671725,0.0092333560856538,-382.69633750122506,-9.256631850793921,-49.07359919447389,-1516.6911614557516
3.672225,-0.014556922052304,-382.7037239508107,-9.28135823678635,-49.83194477520202,-1516.6911614557516
3.672725,-0.2207624578761458,-382.7109134511165,-9.306463795569117,-50.59029035592947,-1516.6911614557516
3.673225,-0.2562828641567229,-382.7180770749181,-9.331948527142272,-51.3486359366576,-1516.6911614557516
3.673725,-0.2179727396915179,-382.7257331225789,-9.357812431505794,-52.106981517385734,-1516.6911614557516
3.674225,-0.2595535392864584,-382.73313584243976,-9.384055508659653,-52.8653270981132,-1516.6911614557516
3.674725,-0.3471495804382671,-382.7404789542824,-9.4106777586039,-53.623672678841324,-1516.6911614557516
3.675225,-0.4538327123741964,-382.74773941955215,-9.437679181338511,-54.38201825956944,-1516.6911614557516
3.675725,-0.4619352794594388,-382.7558393685028,-9.46505977686346,-55.14036384029691,-1516.6911614557516
3.676225,-0.2713341435022876,-382.7638475724712,-9.492819545178804,-55.89870942102503,-1516.6911614557516
3.676725,-0.0477607479992386,-382.7713185987706,-9.52095848628448,-56.65705500175249,-1516.6911614557516
3.677225,-0.1123266481211809,-382.778830792828,-9.549476600180547,-57.41540058248062,-1516.6911614557516
3.677725,-0.2246306044558013,-382.7862689805889,-9.57837388686698,-58.17374616320875,-1516.6911614557516
3.678225,-0.2415995177765438,-382.793485872203,-9.607650346343748,-58.93209174393621,-1516.6911614557516
3.678725,-0.0289373132702949,-382.8010841782089,-9.63730597861091,-59.69043732466434,-1516.6911614557516
3.679225,-0.0069808826300978,-382.80881952656677,-9.667340783668434,-60.44878290539247,-1516.6911614557516
3.679725,-0.2697438573703704,-382.81686161316304,-9.697754761516297,-61.20712848611992,-1516.6911614557516
3.680225,-0.4741032960974287,-382.82458563971073,-9.72854791215455,-61.96547406684804,-1516.6911614557516
3.680725,-0.3457097852583763,-382.8326355681152,-9.759720235583135,-62.7238196475755,-1516.6911614557516
3.681225,-0.2263240334283991,-382.84029563560523,-9.791271731802116,-63.482165228303636,-1516.6911614557516
3.681725,-0.2810098424940811,-382.8483104088978,-9.82320240081146,-64.24051080903176,520.6882489839817
3.682225,-0.3214529907712136,-382.8563280743825,-9.855257570184836,-63.9801666845399,520.6882489839817
3.682725,-0.3675989554420293,-382.86433638770467,-9.887182567495996,-63.71982256004782,520.6882489839817
3.683225,-0.2066242192341463,-382.87231529709504,-9.918977392744907,-63.459478435555745,520.6882489839817
3.683725,-0.0358571685036525,-382.8796620770596,-9.950642045931543,-63.19913431106391,520.6882489839817
3.684225,-0.0823180974689149,-382.8875104255424,-9.982176527055962,-62.938790186571836,520.6882489839817
3.684725,-0.1692098039874518,-382.8953106564289,-10.01358083611811,-62.67844606207998,520.6882489839817
3.685225,-0.1655889444080096,-382.90305355816065,-10.044854973118037,-62.4181019375879,520.6882489839817
3.685725,-0.2149897437848298,-382.9111483630846,-10.075998938055715,-62.15775781309583,520.6882489839817
3.686225,-0.2310489745653762,-382.9191657221118,-10.107012730931125,-61.89741368860398,520.6882489839817
3.686725,-0.1351216166652305,-382.9272377393872,-10.137896351744313,-61.63706956411191,520.6882489839817
3.687225,-0.2796053012446849,-382.93559111428993,-10.168649800495256,-61.376725439619825,520.6882489839817
3.687725,-0.3500306262828548,-382.9436040328038,-10.199273077183927,-61.116381315127974,520.6882489839817
3.688225,-0.2976444982546757,-382.9516010781037,-10.22976618181038,-60.85603719063589,520.6882489839817
3.688725,-0.1440748218916999,-382.95945282280394,-10.260129114374555,-60.59569306614405,520.6882489839817
3.689225,-0.1327898724534035,-382.9674311258412,-10.290361874876517,-60.33534894165197,520.6882489839817
3.689725,-0.131547548286383,-382.9755665457957,-10.320464463316227,-60.0750048171599,520.6882489839817
3.690225,-0.1104467348663605,-382.9839304315355,-10.35043687969367,-59.81466069266804,520.6882489839817
3.690725,-0.1895779124244827,-382.9925819001398,-10.38027912400889,-59.554316568175985,520.6882489839817
3.691225,-0.0860604627397669,-383.0009413090052,-10.409991196261863,-59.29397244368389,520.6882489839817
3.691725,-0.0747080729932375,-383.0092286812629,-10.439573096452568,-59.03362831919205,520.6882489839817
3.692225,-0.1807255696645822,-383.0176918699876,-10.46902482458105,-58.773284194699976,520.6882489839817
3.692725,-0.2941643695859346,-383.0252669466896,-10.498346380647261,-58.51294007020813,520.6882489839817
3.693225,-0.2938975753980977,-383.0330015627678,-10.52753776465125,-58.252595945716045,520.6882489839817
3.693725,-0.2437865734054025,-383.04068962708,-10.556598976592994,-57.99225182122397,520.6882489839817
3.694225,-0.1425466782210558,-383.048982505377,-10.58553001647247,-57.73190769673212,520.6882489839817
3.694725000000001,-0.1443696813640414,-383.05689485691084,-10.614330884289771,-57.471563572239575,520.6882489839817
3.695225,-0.2387934510208822,-383.0646402180645,-10.643001580044729,-57.211219447747965,520.6882489839817
3.695725,-0.1271175693189422,-383.0722567529527,-10.671542103737465,-56.95087532325613,520.6882489839817
3.696225,-0.0555494892461818,-383.07967032796637,-10.699952455367978,-56.69053119876405,520.6882489839817
3.696725,-0.0099962265015289,-383.08661514293664,-10.728232634936223,-56.4301870742722,520.6882489839817
3.697225,-0.1227558817066617,-383.09389283930244,-10.756382642442244,-56.16984294978013,520.6882489839817
3.697725,-0.2641709597486511,-383.10058473468763,-10.78440247788602,-55.90949882528805,520.6882489839817
3.698225,-0.2763030069906464,-383.1076697716357,-10.812292141267525,-55.649154700796196,520.6882489839817
3.698725000000001,-0.2520681865402257,-383.11434903136546,-10.840051632586857,-55.388810576303655,520.6882489839817
3.699225,-0.2151891995262294,-383.12074902684407,-10.86768095184385,-55.12846645181204,520.6882489839817
3.699725,-0.1629855244266971,-383.1269460836858,-10.895180099038619,-54.86812232732019,520.6882489839817
3.700225000000001,-0.1672234046715808,-383.13364908545446,-10.92254907417121,-54.607778202827646,520.6882489839817
3.700725,-0.1596634388281499,-383.1407583963332,-10.94978787724144,-54.34743407833627,520.6882489839817
3.701225,0.1310523528699479,-383.14753343898536,-10.976896508249492,-54.08708995384419,520.6882489839817
3.7017250000000006,0.2345522678011765,-383.1541187947579,-11.003874967195326,-53.826745829351886,520.6882489839817
3.702225,0.1537717466657607,-383.16074465047257,-11.030723254078842,-53.56640170486026,520.6882489839817
3.702725,0.0978945477912645,-383.1671128714885,-11.057441368900157,-53.30605758036818,520.6882489839817
3.7032250000000007,-0.0159217927789142,-383.1732895081527,-11.084029311659247,-53.04571345587587,520.6882489839817
3.703725,-0.0411817938695313,-383.17920832379957,-11.110487082356027,-52.78536933138426,520.6882489839817
3.704225,-0.0587295221320212,-383.18506757115307,-11.136814680990602,-52.52502520689218,520.6882489839817
3.704725,-0.2107811884413633,-383.19087158749204,-11.16301210756291,-52.26468108240035,520.6882489839817
3.705225,-0.3766004387219785,-383.1961570146256,-11.189079362072997,-52.004336957908265,520.6882489839817
3.705725,-0.2352502010130976,-383.2014828391469,-11.21501644452084,-51.74399283341618,520.6882489839817
3.706225,-0.1188883705771276,-383.20702528169545,-11.240823354906407,-51.483648708924335,520.6882489839817
3.706725,0.0031244353268194,-383.21292439615814,-11.266500093229753,-51.223304584432256,520.6882489839817
3.707225,0.0259583226181127,-383.21830388082213,-11.29204665949086,-50.96296045994018,520.6882489839817
3.707725,0.0724505470946978,-383.2240647230153,-11.317463053689693,-50.70261633544834,520.6882489839817
3.708225,0.1465134311699134,-383.22894405609634,-11.342749275826302,-50.44227221095626,520.6882489839817
3.708725,0.1116866193953053,-383.2348516930201,-11.367905325900638,-50.18192808646441,520.6882489839817
3.709225,0.1137215263315922,-383.240325658021,-11.39293120391276,-49.921583961972324,520.6882489839817
3.709725,-0.1016162260713903,-383.24593902007473,-11.41782690986263,-49.66123983748025,520.6882489839817
3.710225,-0.2281054444424965,-383.2514909390208,-11.442592443750236,-49.4008957129884,520.6882489839817
3.710725,-0.2478390248685772,-383.2576092047749,-11.467227805575614,-49.14055158849633,520.6882489839817
3.711225,-0.2757132220523106,-383.26311633350974,-11.491732995338747,-48.88020746400426,520.6882489839817
3.711725,-0.3443558815771724,-383.2689813997004,-11.51610801303961,-48.619863339512406,520.6882489839817
3.712225,-0.2481200834431713,-383.2743361600871,-11.540352858678254,-48.35951921502032,520.6882489839817
3.712725,-0.1507025858685045,-383.2802893941269,-11.564467532254627,-48.09917509052848,520.6882489839817
3.713225,-0.1058865373088475,-383.28624192650096,-11.588452033768776,-47.838830966036404,520.6882489839817
3.713725,0.0269185719544248,-383.2927251981873,-11.612306363220682,-47.578486841544326,520.6882489839817
3.714225,0.0014757304984498,-383.29937383927256,-11.636030520610314,-47.318142717052474,520.6882489839817
3.714725,0.08787535901749,-383.30579756150934,-11.659624505937728,-47.0577985925604,520.6882489839817
3.715225,0.0187148696214929,-383.31170237717345,-11.683088319202891,-46.79745446806833,520.6882489839817
3.715725,-0.1197568769597083,-383.31764421690536,-11.70642196040579,-46.53711034357647,520.6882489839817
3.716225,-0.2360209671365937,-383.32343837124176,-11.729625429546461,-46.276766219084394,520.6882489839817
3.716725,-0.2462777755666902,-383.32946175538115,-11.752698726624871,-46.016422094592556,520.6882489839817
3.717225,-0.2699582330350298,-383.33532657161,-11.77564185164105,-45.75607797010048,520.6882489839817
3.717725,-0.3258712609553407,-383.34202010049734,-11.798454804594984,-45.4957338456084,520.6882489839817
3.718225,-0.3437108606560462,-383.34830623907277,-11.821137585486655,-45.235389721116555,520.6882489839817
3.718725,-0.303978592821066,-383.35471550114136,-11.843690194316098,-44.975045596624476,520.6882489839817
3.719225,-0.0433200965978382,-383.36064330061834,-11.866112631083276,-44.71470147213262,520.6882489839817
3.719725,-0.0735849586303708,-383.36743183852076,-11.888404895788225,-44.454357347640546,520.6882489839817
3.720225,-0.1186383097309559,-383.37404259628613,-11.910566988430928,-44.194013223148474,520.6882489839817
3.720725,-0.0856780226984393,-383.38089257448405,-11.932598909011368,-43.93366909865663,520.6882489839817
3.721225,-0.1013178005284215,-383.38765293713664,-11.95450065752958,-43.67332497416455,520.6882489839817
3.721725,-0.0850744122462904,-383.39511201911614,-11.976272233985549,-43.412980849672465,520.6882489839817
3.722225,-0.2540190103348827,-383.4021862362345,-11.99791363837925,-43.15263672518063,520.6882489839817
3.722725,-0.3758637141172228,-383.40971399923745,-12.019424870710724,-42.89229260068854,520.6882489839817
3.723225,-0.404241345459029,-383.4168939069287,-12.040805930979932,-42.6319484761967,520.6882489839817
3.723725,-0.3312287142023022,-383.4248750357756,-12.062056819186916,-42.37160435170462,520.6882489839817
3.724225,-0.3171904412340596,-383.43221017292416,-12.083177535331654,-42.11126022721254,520.6882489839817
3.724725,-0.2966678574238387,-383.4395575987084,-12.104168079414121,-41.85091610272069,520.6882489839817
3.725225000000001,-0.2651856681387934,-383.44661382913966,-12.125028451434405,-41.590571978228155,520.6882489839817
3.725725,-0.1336820548020294,-383.45416789093724,-12.145758651392367,-41.33022785373654,520.6882489839817
3.726225,-0.0522986224251394,-383.4613763541342,-12.1663586792881,-41.069883729244694,520.6882489839817
3.726725000000001,-0.0967338260637114,-383.46893169203304,-12.186828535121643,-40.80953960475216,520.6882489839817
3.727225,-0.1436948207443142,-383.4764235063699,-12.207168218892848,-40.54919548026077,520.6882489839817
3.727725,-0.2578319394683083,-383.48449199830867,-12.22737773060186,-40.28885135576869,520.6882489839817
3.728225,-0.2607223429594083,-383.49218450369204,-12.24745707024863,-40.028507231276606,520.6882489839817
3.728725,-0.3601909827504315,-383.5000566842602,-12.267406237833134,-39.76816310678477,520.6882489839817
3.729225000000001,-0.4389353808392615,-383.50814164489805,-12.287225233355446,-39.50781898229222,520.6882489839817
3.729725,-0.4869193121179521,-383.51571793716715,-12.30691405681544,-39.24747485780061,520.6882489839817
3.730225,-0.4041978765505462,-383.5232804550188,-12.326472708213208,-38.98713073330877,520.6882489839817
3.730725000000001,-0.3124702720657807,-383.5312230718559,-12.34590118754878,-38.726786608816234,520.6882489839817
3.731225,-0.2830707375600679,-383.5387680639453,-12.365199494822017,-38.46644248432484,520.6882489839817
3.731725,-0.1696699401658238,-383.5462397916856,-12.384367630033061,-38.20609835983276,520.6882489839817
3.732225000000001,-0.1805276784597982,-383.55418974194293,-12.403405593181901,-37.945754235340225,520.6882489839817
3.732725,-0.1403422489087923,-383.56185509711537,-12.422313384268401,-37.685410110848835,520.6882489839817
3.733225,-0.1980220035112519,-383.5693756830438,-12.44109100329271,-37.425065986356756,520.6882489839817
3.733725,-0.291559073300042,-383.57656543097426,-12.45973845025477,-37.16472186186468,520.6882489839817
3.734225,-0.3685765579617517,-383.58424224711393,-12.47825572515457,-36.90437773737283,520.6882489839817
3.734725,-0.4306039745870272,-383.5917178155229,-12.49664282799214,-36.644033612880754,520.6882489839817
3.735225,-0.5202464650803282,-383.5991291690765,-12.514899758767445,-36.3836894883889,520.6882489839817
3.735725,-0.5651580907845515,-383.6062049797732,-12.533026517480526,-36.12334536389683,520.6882489839817
3.736225,-0.4992674872171573,-383.6136861881803,-12.551023104131357,-35.86300123940475,520.6882489839817
3.736725,-0.3955784774786773,-383.6212445608207,-12.568889518719924,-35.60265711491291,520.6882489839817
3.737225,-0.2707402028793434,-383.62921363335215,-12.586625761246264,-35.34231299042083,520.6882489839817
3.737725,-0.2848719208807931,-383.6369003515729,-12.604231831710358,-35.081968865928744,520.6882489839817
3.738225,-0.1956253885893591,-383.6452927041696,-12.621707730112192,-34.821624741436906,520.6882489839817
3.738725,-0.1519893003317683,-383.65346542097694,-12.639053456451789,-34.56128061694483,520.6882489839817
3.739225,-0.1497189134031034,-383.6615839820501,-12.65626901072913,-34.30093649245298,520.6882489839817
3.739725,-0.2593384704510644,-383.66867505270704,-12.673354392944239,-34.040592367960905,520.6882489839817
3.740225,-0.4419408516630494,-383.6757640687801,-12.690309603097102,-33.780248243468826,520.6882489839817
3.740725,-0.4798865535367768,-383.68308297423005,-12.7071346411877,-33.519904118976974,520.6882489839817
3.741225,-0.5200163643985805,-383.6903938394785,-12.723829507216077,-33.2595599944849,520.6882489839817
3.741725,-0.5288112192498152,-383.6979722055544,-12.740394201182202,-32.999215869992824,520.6882489839817
3.742225,-0.5984724598215768,-383.7046178529791,-12.75682872308606,-32.73887174550097,520.6882489839817
3.742725,-0.502870895760849,-383.7115188180915,-12.773133072927697,-32.4785276210089,520.6882489839817
3.743225,-0.3849948274687116,-383.71825939730405,-12.789307250707074,-32.21818349651706,520.6882489839817
3.743725,-0.2541936113658724,-383.7250688312646,-12.805351256424212,-31.957839372024974,520.6882489839817
3.744225,-0.1862424986328864,-383.73203863627583,-12.821265090079105,-31.69749524753289,520.6882489839817
3.744725,-0.2206837493838667,-383.73904978612165,-12.837048751671741,-31.437151123041048,520.6882489839817
3.745225,-0.2149557592596533,-383.74594929148856,-12.852702241202145,-31.176806998548976,520.6882489839817
3.745725,-0.258424370334587,-383.75269531463334,-12.8682255586703,-30.916462874056894,520.6882489839817
3.746225,-0.3270266669899567,-383.7595868838263,-12.883618704076197,-30.656118749565053,520.6882489839817
3.746725,-0.4566483688733342,-383.7658863622963,-12.898881677419864,-30.395774625072978,520.6882489839817
3.747225,-0.524556346565136,-383.77231324729587,-12.914014478701269,-30.135430500581123,520.6882489839817
3.747725,-0.5877043509555081,-383.77914374456464,-12.92901710792044,-29.87508637608904,520.6882489839817
3.748225,-0.5163829590024891,-383.7856947179283,-12.943889565077367,-29.614742251596965,520.6882489839817
3.748725,-0.4603621554794221,-383.79236101803787,-12.958631850172036,-29.354398127105124,520.6882489839817
3.749225,-0.3763697949013463,-383.79914578706,-12.973243963204466,-29.094054002613042,520.6882489839817
3.749725,-0.2589130971811989,-383.8060212808602,-12.987725904174654,-28.833709878120967,520.6882489839817
3.750225,-0.2046398734731204,-383.81286504736437,-13.002077673082585,-28.57336575362912,520.6882489839817
3.750725,-0.0924189462239892,-383.81916581158544,-13.016299269928282,-28.313021629137037,520.6882489839817
3.751225,-0.1581645621739167,-383.82590988565454,-13.030390694711722,-28.05267750464519,520.6882489839817
3.751725,-0.174558745413061,-383.83226393158293,-13.044351947432926,-27.79233338015312,520.6882489839817
3.752225,-0.2273101374170857,-383.83818327782615,-13.058183028091886,-27.531989255661042,520.6882489839817
3.752725,-0.3386505199333147,-383.84367931671335,-13.071883936688582,-27.27164513116919,520.6882489839817
3.753225,-0.4112602477304034,-383.8488067888999,-13.085454673223047,-27.011301006677115,520.6882489839817
3.753725,-0.4390317765430334,-383.8544540721561,-13.098895237695269,-26.750956882185033,520.6882489839817
3.754225,-0.3733143899461074,-383.85982748086843,-13.11220563010523,-26.49061275769319,520.6882489839817
3.754725,-0.3375762741710441,-383.8650790248337,-13.125385850452957,-26.23026863320111,520.6882489839817
3.755225,-0.236238168617552,-383.87044641042297,-13.138435898738429,-25.96992450870927,520.6882489839817
3.755725,-0.1873348230270698,-383.87570937635087,-13.151355774961665,-25.709580384217194,520.6882489839817
3.756225,-0.0634418715829629,-383.88076219797057,-13.164145479122656,-25.449236259725108,520.6882489839817
3.756725,0.0123824525128365,-383.8857421443353,-13.176805011221385,-25.18889213523326,520.6882489839817
3.757225000000001,-0.0033074553864507,-383.8907041736415,-13.189334371257909,-24.928548010740723,520.6882489839817
3.757725,-0.0829810170955754,-383.89542914108114,-13.201733559232139,-24.66820388624911,520.6882489839817
3.758225,-0.1524897066430962,-383.9000351244039,-13.21400257514413,-24.40785976175726,520.6882489839817
3.758725,-0.1758161897271111,-383.90456596057896,-13.226141418993889,-24.147515637265183,520.6882489839817
3.759225,-0.247055431270614,-383.90929310627496,-13.238150090781398,-23.887171512773346,520.6882489839817
3.759725,-0.2705127655016636,-383.91385271817023,-13.250028590506659,-23.62682738828126,520.6882489839817
3.760225,-0.2868519965886292,-383.9188468752831,-13.26177691816968,-23.366483263789178,520.6882489839817
3.760725,-0.1685965922000646,-383.92329888131144,-13.273395073770448,-23.10613913929734,520.6882489839817
3.761225000000001,-0.092182925905078,-383.92822143809485,-13.284883057308999,-22.845795014804793,520.6882489839817
3.761725,0.0258255622727668,-383.9325962421409,-13.296240868785256,-22.585450890313176,520.6882489839817
3.762225,0.0860005117253836,-383.93717102810336,-13.307468508199287,-22.32510676582134,520.6882489839817
3.762725000000001,0.106864379763948,-383.9410498215513,-13.318565975551099,-22.06476264132879,520.6882489839817
3.763225,0.1584278475486123,-383.94457003025326,-13.329533270840617,-21.8044185168374,520.6882489839817
3.763725,0.0762865181499923,-383.9485950054681,-13.340370394067913,-21.544074392345326,520.6882489839817
3.7642250000000006,0.0100773303796559,-383.95268322747995,-13.351077345232978,-21.28373026785302,520.6882489839817
3.764725,-0.087510458274787,-383.95689414067374,-13.361654124335766,-21.02338614336141,520.6882489839817
3.765225,-0.1238932399314634,-383.9611275480659,-13.372100731376328,-20.763042018869328,520.6882489839817
3.7657250000000007,-0.1953498407752545,-383.96523924777347,-13.382417166354651,-20.502697894377025,520.6882489839817
3.766225,-0.1916516091712099,-383.96966037892724,-13.392603429270702,-20.2423537698854,520.6882489839817
3.766725,-0.105941190737231,-383.973903926225,-13.402659520124526,-19.982009645393326,520.6882489839817
3.767225,0.0070349829818075,-383.9780275352734,-13.412585438916095,-19.721665520901478,520.6882489839817
3.767725,0.0876656528655344,-383.98210807737547,-13.422381185645428,-19.461321396409407,520.6882489839817
3.768225,0.1375490153416591,-383.9856823544391,-13.432046760312511,-19.200977271917328,520.6882489839817
3.768725,0.2063132870937125,-383.98968257901515,-13.441582162917339,-18.940633147425476,520.6882489839817
3.769225,0.1833528251363766,-383.9937951497088,-13.450987393459933,-18.6802890229334,520.6882489839817
3.769725,0.1697018611783171,-383.9984289598861,-13.460262451940281,-18.419944898441326,520.6882489839817
3.770225,0.0473905130544054,-384.00249502492517,-13.469407338358371,-18.159600773949474,520.6882489839817
3.770725,-0.0844247937503849,-384.0070687286269,-13.478422052714228,-17.899256649457396,520.6882489839817
3.771225,-0.1776017129327927,-384.01101398239825,-13.487306595007826,-17.638912524965555,520.6882489839817
3.771725,-0.1963018449178153,-384.01520732366004,-13.496060965239188,-17.378568400473476,520.6882489839817
3.772225,-0.2047624026706982,-384.01927487574545,-13.504685163408311,-17.118224275981397,520.6882489839817
3.772725,-0.1929721048379889,-384.02361853054634,-13.51317918951517,-16.85788015148955,520.6882489839817
3.773225,-0.0813214301947069,-384.02792156096433,-13.521543043559795,-16.59753602699747,520.6882489839817
3.773725,-0.0439758112074286,-384.03219786455196,-13.529776725542174,-16.337191902505392,520.6882489839817
3.774225,0.1107632056636486,-384.0366076851148,-13.537880235462302,-16.07684777801354,520.6882489839817
3.774725,0.1524495099971937,-384.0414528280112,-13.545853573320183,-15.816503653521467,520.6882489839817
3.775225,0.1224199442472588,-384.0461398236901,-13.553696739115818,-15.556159529029626,520.6882489839817
3.775725,0.0729105528946582,-384.05121305734576,-13.56140973284921,-15.295815404537546,520.6882489839817
3.776225,-0.0225991543981202,-384.0558605664189,-13.56899255452036,-15.035471280045462,520.6882489839817
3.776725,-0.1127934691677854,-384.06106221212156,-13.576445204129255,-14.77512715555362,520.6882489839817
3.777225,-0.2436339554383698,-384.0660609874507,-13.583767681675914,-14.514783031061542,520.6882489839817
3.777725,-0.3040058506353051,-384.07071406028956,-13.590959987160323,-14.254438906569463,520.6882489839817
3.778225,-0.3604474458318114,-384.0751380358836,-13.598022120582481,-13.994094782077623,520.6882489839817
3.778725,-0.328694666338254,-384.07938845195224,-13.604954081942399,-13.733750657585546,520.6882489839817
3.779225,-0.2749487278040882,-384.08426733360744,-13.611755871240064,-13.473406533093687,520.6882489839817
3.779725,-0.1639147812578498,-384.08964380027624,-13.61842748847549,-13.213062408601612,520.6882489839817
3.780225,-0.096258366844131,-384.09468793897895,-13.624968933648672,-12.952718284109539,520.6882489839817
3.780725,-0.0418000088918819,-384.09991890580847,-13.631380206759603,-12.692374159617692,520.6882489839817
3.781225,-0.0302501722133596,-384.10514829178135,-13.637661307808285,-12.43203003512561,520.6882489839817
3.781725,-0.0976762883796262,-384.11083423327887,-13.643812236794725,-12.171685910633771,520.6882489839817
3.782225,-0.1401645169578866,-384.11626082737547,-13.64983299371892,-11.911341786141685,520.6882489839817
3.782725,-0.2687401321813653,-384.1216531180679,-13.655723578580869,-11.650997661649612,520.6882489839817
3.783225,-0.3634892807401619,-384.12760076358865,-13.66148399138057,-11.39065353715777,520.6882489839817
3.783725,-0.4848363129366637,-384.1334026085927,-13.667114232118028,-11.130309412665689,520.6882489839817
3.784225,-0.4910397022938036,-384.13938649969356,-13.672614300793237,-10.86996528817361,520.6882489839817
3.784725,-0.4712559304549907,-384.14535360461355,-13.677984197406195,-10.60962116368176,520.6882489839817
3.785225,-0.4162595612696299,-384.1511907251219,-13.683223921956918,-10.349277039189685,520.6882489839817
3.785725,-0.3457648933220922,-384.1575331124418,-13.688333474445386,-10.088932914697837,520.6882489839817
3.786225,-0.3073990968295876,-384.16359913861845,-13.693312854871616,-9.828588790205758,520.6882489839817
3.786725,-0.2021088450320723,-384.16978683677274,-13.698162063235596,-9.56824466571368,520.6882489839817
3.787225,-0.2040363097127881,-384.17613347211835,-13.702881099537327,-9.307900541221837,520.6882489839817
3.787725000000001,-0.2114180694985339,-384.1825443250205,-13.707469963776823,-9.047556416729295,520.6882489839817
3.788225,-0.3064693669243811,-384.18874991346394,-13.711928655954056,-8.787212292237683,520.6882489839817
3.788725,-0.4235804453116261,-384.1951302392934,-13.716257176069057,-8.526868167745834,520.6882489839817
3.789225000000001,-0.5029869826526249,-384.20095993638677,-13.720455524121812,-8.266524043253295,520.6882489839817
3.789725,-0.5623500423632539,-384.2068522214505,-13.724523700112309,-8.006179918761907,520.6882489839817
3.790225,-0.5934485088855851,-384.2130344145732,-13.728461704040564,-7.745835794269829,520.6882489839817
3.790725,-0.580137701339362,-384.2192432693469,-13.732269535906577,-7.485491669777757,520.6882489839817
3.791225,-0.5235516497864149,-384.22508175382643,-13.735947195710343,-7.22514754528591,520.6882489839817
3.791725000000001,-0.4767354118512915,-384.2311979455227,-13.739494683451872,-6.9648034207933724,520.6882489839817
3.792225,-0.343729172150031,-384.2379975896367,-13.742911999131138,-6.704459296301743,520.6882489839817
3.792725,-0.2992670923945325,-384.24459544744343,-13.746199142748166,-6.444115171809903,520.6882489839817
3.793225000000001,-0.2757090982937459,-384.2507321355901,-13.749356114302955,-6.183771047317359,520.6882489839817
3.793725,-0.3292119411588539,-384.2569536024821,-13.752382913795483,-5.923426922825985,520.6882489839817
3.794225,-0.3936732267400517,-384.26338411374013,-13.755279541225773,-5.663082798333906,520.6882489839817
3.794725000000001,-0.4682004603965759,-384.26954286057946,-13.758045996593822,-5.402738673841362,520.6882489839817
3.795225,-0.56261418789019,-384.275740864229,-13.760682279899614,-5.142394549349974,520.6882489839817
3.795725,-0.6133984627004805,-384.28232266572775,-13.763188391143164,-4.882050424857895,520.6882489839817
3.796225,-0.6752765639105097,-384.2887416272638,-13.765564330324473,-4.621706300365823,520.6882489839817
3.796725,-0.6122159017962867,-384.2954067028594,-13.767810097443535,-4.3613621758739765,520.6882489839817
3.797225,-0.5501087744030244,-384.301935748678,-13.769925692500347,-4.101018051381895,520.6882489839817
3.797725,-0.4288403616286794,-384.3084569445371,-13.771911115494913,-3.8406739268900543,520.6882489839817
3.798225,-0.3458762740631981,-384.315109980594,-13.773766366427237,-3.580329802397973,520.6882489839817
3.798725,-0.2886366253496885,-384.32166306714794,-13.77549144529731,-3.319985677905894,520.6882489839817
3.799225,-0.2498163553804427,-384.32828751748536,-13.777086352105144,-3.0596415534140506,520.6882489839817
3.799725,-0.2740062458035487,-384.33475014665476,-13.778551086850726,-2.7992974289219723,520.6882489839817
3.800225,-0.2939661040823716,-384.34155805112493,-13.779885649534064,-2.538953304429897,520.6882489839817
3.800725,-0.4125743515077291,-384.34781481261837,-13.781090040155156,-2.27860917993805,520.6882489839817
3.801225,-0.5102604131890605,-384.354013082034,-13.782164258714003,-2.0182650554459785,520.6882489839817
3.801725,-0.5867230935153052,-384.3597143511738,-13.783108305210604,-1.7579209309541182,520.6882489839817
3.802225,-0.5843576627077762,-384.36588292594695,-13.783922179644959,-1.4975768064620392,520.6882489839817
3.802725,-0.5521542366662278,-384.3718145685243,-13.784605882017063,-1.2372326819699608,520.6882489839817
3.803225,-0.4540564568976358,-384.37777597106486,-13.785159412326928,-0.9768885574781205,520.6882489839817
3.803725,-0.3762970686557841,-384.3839269150855,-13.78558277057454,-0.7165444329860422,520.6882489839817
3.804225,-0.2813305101882152,-384.3900838550439,-13.785875956759911,-0.45620030849397053,520.6882489839817
3.804725,-0.141747163806001,-384.3962043849673,-13.786038970883038,-0.1958561840021166,520.6882489839817
3.805225,-0.1193644803452881,-384.40233238712875,-13.786071812943916,0.0644879404899617,520.6882489839817
3.805725,-0.0996886409123963,-384.4080764965074,-13.785974482942548,0.324832064981802,520.6882489839817
3.806225,-0.1927128428542703,-384.41398715578356,-13.785746980878931,0.5851761894738873,520.6882489839817
3.806725,-0.2705389282400265,-384.4196660047674,-13.785389306753075,0.8455203139659657,520.6882489839817
3.807225,-0.3501919563602474,-384.4260402875149,-13.784901460564967,1.105864438457806,520.6882489839817
3.807725,-0.4087202254152147,-384.43280573523816,-13.784283442314614,1.3662085629498844,520.6882489839817
3.808225,-0.436291714647179,-384.43917564000003,-13.783535252002014,1.626552687441963,520.6882489839817
3.808725,-0.43737624031849,-384.4455075146317,-13.782656889627175,1.8868968119338096,520.6882489839817
3.809225,-0.3413579876025703,-384.4508647886786,-13.781648355190086,2.147240936425895,520.6882489839817
3.809725,-0.2558195564536739,-384.4562409064718,-13.780509648690748,2.407585060917732,520.6882489839817
3.810225,-0.1008270541163452,-384.4621186381434,-13.779240770129167,2.6679291854098106,520.6882489839817
3.810725,-0.0206747224829834,-384.46799634046874,-13.77784171950534,2.9282733099018956,520.6882489839817
3.811225,0.040674791788442,-384.4738334059269,-13.776312496819266,3.1886174343937324,520.6882489839817
3.811725,0.0397614978327951,-384.4797132665929,-13.774653102070944,3.448961558885811,520.6882489839817
3.812225,0.0107013112933971,-384.48506636258924,-13.772863535260376,3.709305683377892,520.6882489839817
3.812725,-0.03606775133189,-384.4907029821678,-13.770943796387565,3.9696498078697364,520.6882489839817
3.813225,-0.1304236893589186,-384.4967968198165,-13.768893885452506,4.229993932361811,520.6882489839817
3.813725,-0.2011101274177425,-384.50273129158006,-13.766713802455207,4.490338056853665,520.6882489839817
3.814225,-0.2443707558580144,-384.508190526522,-13.764403547395654,4.750682181345744,520.6882489839817
3.814725,-0.2106342301017972,-384.5137875750343,-13.761963120273858,5.011026305837816,520.6882489839817
3.815225,-0.1683574351462468,-384.51923832403446,-13.759392521089818,5.271370430329669,520.6882489839817
3.815725,-0.0470842422304972,-384.524928407204,-13.756691749843531,5.531714554821744,520.6882489839817
3.816225,0.0332299709654727,-384.5304701201993,-13.753860806534995,5.792058679313823,520.6882489839817
3.816725,0.1295539046246743,-384.53604831653035,-13.750899691164216,6.05240280380567,520.6882489839817
3.817225,0.1919983986747814,-384.54155512944277,-13.74780840373119,6.312746928297748,520.6882489839817
3.817725,0.1976983512326788,-384.5473402217803,-13.744586944235918,6.573091052789585,520.6882489839817
3.818225,0.1929961825896085,-384.553646499504,-13.7412353126784,6.83343517728167,520.6882489839817
3.818725,0.0871004988166264,-384.5596279313646,-13.737753509058635,7.093779301773749,520.6882489839817
3.819225,0.0155718128774404,-384.5659577455232,-13.734141533376627,7.354123426265592,520.6882489839817
3.819725000000001,-0.0730323615870415,-384.5722361249971,-13.730399385632362,7.61446755075813,520.6882489839817
3.820225,-0.0926739804858145,-384.57881553317225,-13.726527065825866,7.874811675249749,520.6882489839817
3.820725,-0.0859872887401912,-384.5850219912449,-13.722524573957122,8.135155799741593,520.6882489839817
3.821225,-0.0513893866541178,-384.59093673964975,-13.718391910026128,8.395499924233672,520.6882489839817
3.821725,0.0023223513796621,-384.5973801996379,-13.71412907403289,8.655844048725518,520.6882489839817
3.822225,0.0906037372619204,-384.60370163877053,-13.709736065977403,8.916188173217595,520.6882489839817
3.822725,0.1952699225483268,-384.6100800396712,-13.70521288585967,9.176532297709677,520.6882489839817
3.823225,0.2103143880677782,-384.61711078606453,-13.700559533679694,9.436876422201522,520.6882489839817
3.823725000000001,0.2325446924288617,-384.62385306328247,-13.695776009437461,9.697220546694064,520.6882489839817
3.824225,0.1689303179940703,-384.6307275952898,-13.690862313132993,9.957564671185676,520.6882489839817
3.824725,0.0923870537179261,-384.6374602939373,-13.685818444766285,10.21790879567753,520.6882489839817
3.825225000000001,0.0061989136858451,-384.6437737581863,-13.680644404337308,10.478252920170064,520.6882489839817
3.825725,-0.0611878584293867,-384.6505550045561,-13.675340191846116,10.738597044661452,520.6882489839817
3.826225,-0.1265263781075866,-384.65756836812943,-13.669905807292658,10.998941169153529,520.6882489839817
3.8267250000000006,-0.1328631734663174,-384.6646097786801,-13.664341250676951,11.259285293645831,520.6882489839817
3.827225,-0.0859904205543949,-384.67151322021874,-13.658646521999016,11.519629418137452,520.6882489839817
3.827725,-0.047667126403695,-384.67863223408307,-13.652821621258823,11.77997354262953,520.6882489839817
3.8282250000000007,0.0572766272830201,-384.68547539561706,-13.646866548456375,12.040317667121835,520.6882489839817
3.828725,0.1002757938103342,-384.6926365666017,-13.640781303591702,12.300661791613452,520.6882489839817
3.829225,0.1532692734488905,-384.69990471837923,-13.634565886664769,12.56100591610553,520.6882489839817
3.829725,0.1107068218113564,-384.70710939759954,-13.628220297675597,12.821350040597377,520.6882489839817
3.830225,0.0620294306301437,-384.71446181070513,-13.621744536624174,13.081694165089463,520.6882489839817
3.830725,-0.0111935477391143,-384.72226889260315,-13.615138603510504,13.342038289581533,520.6882489839817
3.831225,-0.1326546465809771,-384.7296463416128,-13.608402498334593,13.602382414073379,520.6882489839817
3.831725,-0.2189996111650134,-384.73771149366877,-13.60153622109643,13.862726538565457,520.6882489839817
3.832225,-0.3074312342395987,-384.7452151219353,-13.594539771796025,14.123070663057543,520.6882489839817
3.832725,-0.3087594720743293,-384.7533265366424,-13.587413150433376,14.383414787549382,520.6882489839817
3.833225,-0.2847148299382201,-384.7612348527983,-13.580156357008475,14.643758912041461,520.6882489839817
3.833725,-0.203974248484057,-384.7687879761165,-13.572769391521335,14.904103036533305,520.6882489839817
3.834225,-0.1586368041868396,-384.77653083314965,-13.565252253971943,15.164447161025384,520.6882489839817
3.834725,-0.0894326189946714,-384.78434355099887,-13.557604944360303,15.424791285517461,520.6882489839817
3.835225,-0.0473474798228162,-384.7921050458072,-13.549827462686428,15.685135410009313,520.6882489839817
3.835725,-0.0566891704006996,-384.80021361996626,-13.541919808950297,15.945479534501384,520.6882489839817
3.836225,-0.0963858068013734,-384.8084015896051,-13.53388198315192,16.205823658993463,520.6882489839817
3.836725,-0.213467967232014,-384.8162820684467,-13.525713985291304,16.466167783485314,520.6882489839817
3.837225,-0.3048684776872484,-384.8247680264291,-13.517415815368437,16.72651190797739,520.6882489839817
3.837725,-0.4179823709973895,-384.8328703121857,-13.508987473383332,16.986856032469237,520.6882489839817
3.838225,-0.4686798107752015,-384.84083161037125,-13.500428959335968,17.247200156961316,520.6882489839817
3.838725,-0.5003632467212619,-384.8487356220989,-13.491740273226364,17.507544281453388,520.6882489839817
3.839225,-0.4750959608874672,-384.85662936678165,-13.48292141505452,17.767888405945232,520.6882489839817
3.839725,-0.423555083129686,-384.864176649067,-13.47397238482042,18.028232530437318,520.6882489839817
3.840225,-0.3353970911707074,-384.87208074110697,-13.464893182524076,18.2885766549294,520.6882489839817
3.840725,-0.2420087897904327,-384.87997354691555,-13.455683808165494,18.54892077942124,520.6882489839817
3.841225,-0.2164594152316155,-384.88824114462716,-13.446344261744654,18.809264903913316,520.6882489839817
3.841725,-0.1776289508646313,-384.89647187469944,-13.436874543261583,19.06960902840516,520.6882489839817
3.842225,-0.2484371513038706,-384.90520409397976,-13.427274652716251,19.329953152897243,520.6882489839817
3.842725,-0.3201087502408904,-384.91406601853,-13.41754459010868,19.590297277389322,520.6882489839817
3.843225,-0.4138975155500486,-384.92305642053094,-13.407684355438866,19.850641401881166,520.6882489839817
3.843725,-0.5031542354174966,-384.931735579417,-13.397693948706797,20.110985526373245,520.6882489839817
3.844225,-0.5743765197730448,-384.9406543564657,-13.387573369912493,20.371329650865093,520.6882489839817
3.844725,-0.6094414992819879,-384.949108354349,-13.377322619055937,20.63167377535716,520.6882489839817
3.845225,-0.588334901714039,-384.95778331903665,-13.36694169613713,20.892017899849243,520.6882489839817
3.845725,-0.535146668723535,-384.9662305652468,-13.356430601156086,21.152362024341098,520.6882489839817
3.846225,-0.4202645103633101,-384.9747960373341,-13.345789334112789,21.41270614883317,520.6882489839817
3.846725,-0.3550093340694912,-384.98288357679354,-13.335017895007248,21.673050273325245,520.6882489839817
3.847225,-0.2872293813413165,-384.9911609048097,-13.32411628383947,21.9333943978171,520.6882489839817
3.847725,-0.2836478001209367,-384.99930567306063,-13.313084500609436,22.19373852230918,520.6882489839817
3.848225,-0.29325315952172,-385.008178215135,-13.301922545317161,22.45408264680102,520.6882489839817
3.848725,-0.3548493176947198,-385.0167655049502,-13.290630417962635,22.7144267712931,520.6882489839817
3.849225,-0.4456638388715264,-385.02521391684706,-13.279208118545862,22.97477089578518,520.6882489839817
3.849725,-0.5238229953778678,-385.03314229243614,-13.267655647066851,23.235115020277014,520.6882489839817
3.850225000000001,-0.5968998262773041,-385.0412072439103,-13.255973003525565,23.49545914476957,520.6882489839817
3.850725,-0.5968707596728324,-385.0491657351136,-13.244160187922077,23.755803269261182,520.6882489839817
3.851225,-0.5858985808140772,-385.05784364343606,-13.232217200256327,24.016147393753027,520.6882489839817
3.851725000000001,-0.511305586506423,-385.06644502603297,-13.220144040528302,24.276491518245567,520.6882489839817
3.852225,-0.4472865655786778,-385.0742913589191,-13.20794070873809,24.536835642736943,520.6882489839817
3.852725,-0.3404623649962398,-385.08195977569835,-13.195607204885592,24.797179767229025,520.6882489839817
3.853225,-0.2785575661491154,-385.08983678198814,-13.18314352897085,25.057523891721104,520.6882489839817
3.853725,-0.2550012390379091,-385.0978033232852,-13.170549680993872,25.31786801621295,520.6882489839817
3.854225000000001,-0.2546732820892392,-385.10638720598524,-13.157825660954616,25.578212140705496,520.6882489839817
3.854725,-0.3340917507398305,-385.1146373848926,-13.144971468853159,25.838556265197102,520.6882489839817
3.855225,-0.3970467117610992,-385.1228950396289,-13.131987104689443,26.09890038968895,520.6882489839817
3.855725000000001,-0.490985571122906,-385.13129936903783,-13.118872568463452,26.359244514181494,520.6882489839817
3.856225,-0.529390749420402,-385.13944598781944,-13.105627860175268,26.61958863867288,520.6882489839817
3.856725,-0.5448733992718845,-385.1480093267932,-13.092252979824803,26.879932763164955,520.6882489839817
3.857225000000001,-0.5129745565268723,-385.1558706505979,-13.078747927412069,27.140276887657496,520.6882489839817
3.857725,-0.4617865311769615,-385.16426053480205,-13.065112702937148,27.400621012148882,520.6882489839817
3.858225,-0.365618815381686,-385.17269597596686,-13.051347306399947,27.660965136640964,520.6882489839817
3.858725,-0.261139807595906,-385.1805520650997,-13.037451737800497,27.92130926113304,520.6882489839817
3.859225,-0.2034414907503663,-385.1882191023583,-13.023425997138817,28.181653385624887,520.6882489839817
3.859725,-0.1543633992117097,-385.19623739303415,-13.009270084414878,28.44199751011696,520.6882489839817
3.860225,-0.1945654458366009,-385.2045194082353,-12.994983999628705,28.7023416346088,520.6882489839817
3.860725,-0.231713972970681,-385.2128202317983,-12.98056774278027,28.962685759100886,520.6882489839817
3.861225,-0.3101082672569397,-385.2208539878611,-12.966021313869593,29.223029883592964,520.6882489839817
3.861725,-0.374022911141139,-385.22887968504386,-12.95134471289668,29.483374008084816,520.6882489839817
3.862225,-0.4316823923016732,-385.2369329624821,-12.936537939861513,29.74371813257688,520.6882489839817
3.862725,-0.4460403452503876,-385.2445475415379,-12.921600994764095,30.004062257068963,520.6882489839817
3.863225,-0.410469660765299,-385.2527284699332,-12.906533877604446,30.26440638156081,520.6882489839817
3.863725,-0.3434987126247007,-385.2602420351793,-12.891336588382538,30.52475050605289,520.6882489839817
3.864225,-0.2279888974711128,-385.2682145300546,-12.876009127098396,30.78509463054473,520.6882489839817
3.864725,-0.156484473623619,-385.2758242581097,-12.860551493751995,31.045438755036816,520.6882489839817
3.865225,-0.0623227467867488,-385.2834601577841,-12.844963688343352,31.305782879528888,520.6882489839817
3.865725,-0.0438927137201084,-385.2906527861888,-12.829245710872472,31.566127004020736,520.6882489839817
3.866225,-0.039513035248844,-385.29876138291104,-12.813397561339329,31.826471128512814,520.6882489839817
3.866725,-0.0826418231265306,-385.3065858579592,-12.797419239743945,32.08681525300489,520.6882489839817
3.867225,-0.1648689948059671,-385.31487133174556,-12.78131074608633,32.34715937749674,520.6882489839817
3.867725,-0.2336055193359784,-385.32253452237467,-12.765072080366455,32.607503501988816,520.6882489839817
3.868225,-0.3061434936533168,-385.33027766251513,-12.748703242584346,32.86784762648067,520.6882489839817
3.868725,-0.3074255398047499,-385.33740372956544,-12.732204232739978,33.128191750972746,520.6882489839817
3.869225,-0.2857746847204319,-385.34460556306254,-12.71557505083336,33.38853587546482,520.6882489839817
3.869725,-0.2032245709793643,-385.35189763371557,-12.698815696864516,33.64887999995667,520.6882489839817
3.870225,-0.1221640737753457,-385.3596020121695,-12.681926170833409,33.90922412444875,520.6882489839817
3.870725,-0.0168177037571939,-385.3670135639184,-12.664906472740054,34.16956824894083,520.6882489839817
3.871225,0.0595409790694727,-385.3744302672618,-12.647756602584472,34.429912373432664,520.6882489839817
3.871725,0.1102907718768791,-385.38150595396075,-12.630476560366626,34.69025649792475,520.6882489839817
3.872225,0.1114108550336865,-385.3882749813913,-12.613066346086551,34.950600622416594,520.6882489839817
3.872725,0.0464144706350424,-385.3948938816148,-12.595525959744212,35.21094474690867,520.6882489839817
3.873225,-0.0075900274803538,-385.4022552009595,-12.577855401339628,35.47128887140074,520.6882489839817
3.873725,-0.0997176500304238,-385.40962986786377,-12.56005467087282,35.731632995892596,520.6882489839817
3.874225,-0.1478955244042794,-385.41647983674335,-12.542123768343743,35.991977120384675,520.6882489839817
3.8747249999999993,-0.182849611862287,-385.423584366962,-12.524062693752454,36.252321244876285,520.6882489839817
3.875225,-0.1647966692412027,-385.4299996624387,-12.505871447098869,36.5126653693686,520.6882489839817
3.875725,-0.1226117195338595,-385.43655304896976,-12.487550028383056,36.77300949386068,520.6882489839817
3.876225,-0.0236215548622299,-385.44273409136326,-12.46909843760501,37.033353618352514,520.6882489839817
3.876725,0.0771409289212127,-385.4487992903248,-12.450516674764707,37.2936977428446,520.6882489839817
3.877225,0.1367890978994671,-385.4550997124635,-12.431804739862155,37.55404186733667,520.6882489839817
3.877725,0.194087926680444,-385.46128065395794,-12.412962632897372,37.81438599182852,520.6882489839817
3.878225000000001,0.1684212418217892,-385.4677327916732,-12.393990353870297,38.074730116321064,520.6882489839817
3.878725,0.1365918939969866,-385.47435840202684,-12.37488790278104,38.33507424081268,520.6882489839817
3.879225,0.0531409577654792,-385.48082637079386,-12.355655279629524,38.59541836530453,520.6882489839817
3.879725000000001,-0.0246973510316295,-385.48717840531276,-12.336292484415704,38.855762489797065,520.6882489839817
3.880225,-0.1022056590674037,-385.4931415415365,-12.316799517139728,39.11610661428845,520.6882489839817
3.880725,-0.1456299790095898,-385.4994124567519,-12.297176377801456,39.37645073878054,520.6882489839817
3.8812250000000006,-0.1468512826995712,-385.5052229471142,-12.27742306640092,39.63679486327284,520.6882489839817
3.881725,-0.1129508105255991,-385.51106500739263,-12.257539582938188,39.89713898776445,520.6882489839817
3.882225,-0.0317765973772349,-385.51619571552453,-12.237525927413175,40.157483112256536,520.6882489839817
3.8827250000000006,0.0366600511798751,-385.52136069506,-12.217382099825901,40.417827236748835,520.6882489839817
3.883225,0.1115715119275684,-385.52687712572117,-12.19710810017643,40.67817136124045,520.6882489839817
3.883725,0.1230134893391136,-385.53204667946295,-12.176703928464683,40.93851548573253,520.6882489839817
3.884225,0.1342707953322359,-385.53753207441775,-12.156169584690701,41.19885961022438,520.6882489839817
3.884725,0.0780639107930502,-385.543216327057,-12.135505068854464,41.45920373471645,520.6882489839817
3.885225,-0.0062556741921978,-385.548564661579,-12.114710380955975,41.719547859208525,520.6882489839817
3.885725,-0.0939193890894483,-385.5541649795253,-12.093785520995258,41.979891983700384,520.6882489839817
3.886225,-0.1803384620316927,-385.5590839891349,-12.072730488972278,42.24023610819246,520.6882489839817
3.886725,-0.2143511064314443,-385.56452811143987,-12.051545284887052,42.500580232684534,520.6882489839817
3.887225,-0.238611570306319,-385.56919235673394,-12.0302299087396,42.760924357176386,520.6882489839817
3.887725,-0.1927589133454422,-385.5738859357444,-12.00878436052988,43.02126848166847,520.6882489839817
3.888225,-0.1530359762437535,-385.57838511115864,-11.987208640257933,43.2816126061603,520.6882489839817
3.888725,-0.0736621715320779,-385.58214881131534,-11.965502747923722,43.541956730652394,520.6882489839817
3.889225,-0.0169763539675817,-385.5861361643194,-11.943666683527264,43.80230085514446,520.6882489839817
3.889725,0.0163247074071988,-385.59024310857546,-11.921700447068586,44.06264497963631,520.6882489839817
3.890225,0.008415775430578,-385.5944142044914,-11.899604038547636,44.32298910412838,520.6882489839817
3.890725,-0.0579015098898295,-385.5981889394355,-11.87737745796444,44.58333322862046,520.6882489839817
3.891225,-0.1212584798034577,-385.60200951419864,-11.855020705319022,44.84367735311232,520.6882489839817
3.891725,-0.2324966795355882,-385.605935656916,-11.832533780611334,45.1040214776044,520.6882489839817
3.892225,-0.3019513924725958,-385.6096134777059,-11.809916683841424,45.364365602096235,520.6882489839817
3.892725,-0.3550725409131038,-385.61352799146493,-11.787169415009242,45.624709726588314,520.6882489839817
3.893225,-0.3657183829510347,-385.6174333850286,-11.764291974114819,45.88505385108039,520.6882489839817
3.893725,-0.347326384746622,-385.6209635546602,-11.741284361158167,46.14539797557223,520.6882489839817
3.894225,-0.2792729349486718,-385.62458840789805,-11.71814657613925,46.40574210006431,520.6882489839817
3.894725,-0.2092368630711866,-385.62849799575207,-11.694878619058086,46.66608622455638,520.6882489839817
3.895225,-0.149602719634244,-385.63213364126864,-11.671480489914702,46.92643034904825,520.6882489839817
3.895725,-0.1003767302124842,-385.635554637121,-11.647952188709043,47.18677447354032,520.6882489839817
3.896225,-0.1282190502918402,-385.6393956151944,-11.624293715441164,47.44711859803217,520.6882489839817
3.896725,-0.1580272211077719,-385.64332493048977,-11.600505070111018,47.70746272252424,520.6882489839817
3.897225,-0.2413136378070176,-385.64670842772887,-11.576586252718625,47.96780684701632,520.6882489839817
3.897725,-0.3183119254949544,-385.6505760700165,-11.552537263264005,48.228150971508164,520.6882489839817
3.898225,-0.4110639655517872,-385.6544469607223,-11.528358101747123,48.48849509600024,520.6882489839817
3.898725,-0.4633867515188327,-385.658590321673,-11.504048768167992,48.74883922049232,520.6882489839817
3.899225,-0.4690619297526834,-385.66222897761725,-11.479609262526633,49.00918334498417,520.6882489839817
3.899725,-0.4409931126245494,-385.66633199375235,-11.455039584823009,49.26952746947625,520.6882489839817
3.900225,-0.3629318470323365,-385.669851597899,-11.430339735057162,49.5298715939681,520.6882489839817
3.900725,-0.3000327760837649,-385.67368124939696,-11.40550971322905,49.79021571846017,520.6882489839817
3.901225,-0.2211481460368796,-385.67730135623907,-11.380549519338686,50.050559842952254,520.6882489839817
3.901725,-0.1933075817185355,-385.680872736741,-11.3554591533861,50.31090396744409,520.6882489839817
3.902225,-0.1728392929668401,-385.6846530395778,-11.33023861537125,50.57124809193618,520.6882489839817
3.902725,-0.2144186566332022,-385.6883127625827,-11.304887905294148,50.83159221642826,520.6882489839817
3.903225,-0.288508431908591,-385.69226995235664,-11.279407023154825,51.0919363409201,520.6882489839817
3.903725,-0.3688963778725673,-385.69626696479554,-11.253795968953234,51.352280465412186,520.6882489839817
3.904225,-0.4558827543207515,-385.7005221761633,-11.228054742689418,51.61262458990402,520.6882489839817
3.904725,-0.5022286672714374,-385.7054616440845,-11.202183344363336,51.872968714396094,520.6882489839817
3.905225,-0.5232487035065734,-385.71008734021876,-11.176181773975008,52.133312838888166,520.6882489839817
3.905725,-0.4854963676034852,-385.7147988378617,-11.150050031524453,52.393656963380025,520.6882489839817
3.906225,-0.4340782193041657,-385.71929536997203,-11.123788117011628,52.654001087872096,520.6882489839817
3.906725,-0.3451882353645953,-385.72421220184,-11.097396030436586,52.914345212363955,520.6882489839817
3.907225,-0.3296152703553742,-385.7292186192937,-11.070873771799272,53.174689336856034,520.6882489839817
3.907725,-0.3249474958104951,-385.7342173870483,-11.044221341099712,53.43503346134811,520.6882489839817
3.908225,-0.3203581298789026,-385.73932509844064,-11.017438738337932,53.69537758583996,520.6882489839817
3.908725,-0.3158883011619879,-385.7445455575149,-10.990525963513882,53.955721710332035,520.6882489839817
3.909225,-0.3115791382611422,-385.74988256831546,-10.963483016627581,54.21606583482411,520.6882489839817
3.909725,-0.3074717697777567,-385.75533993488614,-10.936309897679061,54.47640995931595,520.6882489839817
3.910225000000001,-0.3036073243132225,-385.7609214612715,-10.909006606668223,54.73675408380849,520.6882489839817
3.910725,-0.300026930468931,-385.7666309515156,-10.88157314359526,54.99709820829988,520.6882489839817
3.911225,-0.2967717168462732,-385.77247220966274,-10.854009508459976,55.25744233279196,520.6882489839817
3.911725,-0.2938828120466404,-385.77844903975694,-10.826315701262446,55.51778645728404,520.6882489839817
3.912225,-0.2914013446714236,-385.7845652458426,-10.798491722002701,55.778130581775876,520.6882489839817
3.912725000000001,-0.2893684433220141,-385.7908246319638,-10.770537570680627,56.03847470626842,520.6882489839817
3.913225,-0.2878252365998032,-385.79723100216484,-10.742453247296414,56.29881883076004,520.6882489839817
3.913725,-0.2868128531061819,-385.8037881604898,-10.714238751849926,56.55916295525188,520.6882489839817
3.914225000000001,-0.2863724214425415,-385.8104999109829,-10.685894084341117,56.81950707974442,520.6882489839817
3.914725,-0.2865450702102732,-385.81737005768844,-10.657419244770187,57.07985120423581,520.6882489839817
3.915225,-0.2873719280107681,-385.8244024046507,-10.628814233136938,57.34019532872789,520.6882489839817
3.915725000000001,-0.2888941234454174,-385.83160075591354,-10.60007904944139,57.60053945322042,520.6882489839817
3.916225,-0.2911527851156124,-385.83896891552143,-10.571213693683722,57.86088357771182,520.6882489839817
3.916725,-0.2941890416227441,-385.8465106875187,-10.542218165863734,58.12122770220388,520.6882489839817
3.9172250000000006,-0.2980440215682038,-385.8542298759492,-10.513092465981476,58.381571826696195,520.6882489839817
3.917725,-0.3027588535533827,-385.8621302848574,-10.483836594037044,58.64191595118781,520.6882489839817
3.918225,-0.3083746661796719,-385.8702157182874,-10.454450550030318,58.90226007567989,520.6882489839817
3.9187250000000007,-0.3149325880484627,-385.87848998028346,-10.424934333961321,59.162604200172204,520.6882489839817
3.919225,-0.3224737477611463,-385.88695687488973,-10.395287945830153,59.422948324663814,520.6882489839817
3.919725,-0.3310392739191138,-385.8956202061504,-10.36551138563669,59.68329244915589,520.6882489839817
3.9202250000000007,-0.3406702951237563,-385.90448377810975,-10.33560465338095,59.9436365736482,520.6882489839817
3.920725,-0.3514079399764652,-385.9135513948119,-10.305567749063048,60.20398069813981,520.6882489839817
3.921225,-0.3632933370786315,-385.9228268603011,-10.275400672682844,60.464324822631895,520.6882489839817
3.921725000000001,-0.3763676150316466,-385.9323139786215,-10.245103424240368,60.7246689471242,520.6882489839817
3.922225,-0.3906719024369015,-385.94201655381744,-10.214676003735727,60.98501307161582,520.6882489839817
3.922725,-0.4062473278957873,-385.951938389933,-10.184118411168816,61.24535719610767,520.6882489839817
3.923225000000001,-0.4231350200096955,-385.96208329101233,-10.153430646539572,61.5057013206002,520.6882489839817
3.923725,-0.441376107380017,-385.9724550610998,-10.122612709848191,61.76604544509182,520.6882489839817
3.924225,-0.4610117186081431,-385.9830575042395,-10.091664601094541,62.026389569583664,520.6882489839817
3.924725,-0.4820829822954651,-385.9938944244758,-10.060586320278617,62.28673369407575,520.6882489839817
3.925225,-0.504631027043374,-386.00496962585265,-10.029377867400443,62.54707781856782,520.6882489839817
3.925725,-0.5286969814532612,-386.01628691241444,-9.998039242460056,62.80742194305967,520.6882489839817
3.9262000000000006,-0.5529904107037078,-386.02726405558894,-9.968146976893973,63.05474886132741,520.6882489839817
