Time,Force,Displacement,Velocity,Acceleration,Jerk
0.2047249999999995,-0.0154252897633715,-412.53573781415093,-25.612114718840296,980.6091509045785,-10294.991817177723
0.2052249999999997,-0.0111186759778745,-412.53540718680864,-25.12309701736493,975.4616549959875,-10294.991817177723
0.2057249999999997,-0.0072898619081352,-412.53479255040565,-24.636653063844093,970.3141590873986,-10294.991817177723
0.2062249999999996,-0.0038297877793983,-412.5348070684255,-24.152782858277646,965.1666631788108,-10294.991817177723
0.2067249999999997,-0.000524869385677,-412.5347354966676,-23.671486400665305,960.0191672702211,-10294.991817177723
0.2072249999999997,0.0032887564651377,-412.5346849477302,-23.192763691007343,954.8716713616323,-10294.991817177723
0.2077249999999996,0.0071296588938665,-412.5350100687699,-22.71661472930375,949.7241754530443,-10294.991817177723
0.2082249999999996,0.0107579697565053,-412.535034354851,-22.24303951555438,944.5766795444556,-10294.991817177723
0.2087249999999997,0.0141319579985737,-412.53507776340615,-21.772038049759217,939.4291836358656,-10294.991817177723
0.2092249999999996,0.0173704483772341,-412.5351278539787,-21.303610331918513,934.2816877272777,-10294.991817177723
0.2097249999999996,0.021106927082012,-412.5347312836762,-20.837756362032014,929.1341918186887,-10294.991817177723
0.2102249999999997,0.0235374090966818,-412.5350414441959,-20.374476140099734,923.986695910099,-10294.991817177723
0.2107249999999997,0.0259520982415266,-412.5349605827034,-19.91376966612184,918.8392000015103,-10294.991817177723
0.2112249999999996,0.0282297301614912,-412.53545963231426,-19.455636940098312,913.6917040929221,-10294.991817177723
0.2117249999999997,0.0294235607765684,-412.53619397614455,-19.00007796202892,908.5442081843327,-10294.991817177723
0.2122249999999996,0.0311035788032097,-412.53620257938525,-18.54709273191397,903.3967122757444,-10294.991817177723
0.2127249999999995,0.0324455644698182,-412.5361708048991,-18.096681249753345,898.2492163671568,-10294.991817177723
0.2132249999999997,0.0328703527194103,-412.5358237519231,-17.648843515546744,893.1017204585659,-10294.991817177723
0.2137249999999997,0.0342230428041744,-412.53564755352386,-17.203579529294608,887.9542245499771,-10294.991817177723
0.2142249999999996,0.0361544543595602,-412.5350871423772,-16.760889290996836,882.806728641389,-10294.991817177723
0.2147249999999997,0.0371217570031371,-412.53502991872097,-16.320772800653213,877.6592327327993,-10294.991817177723
0.2152249999999997,0.0375486954832997,-412.5356836685934,-15.883230058263964,872.5117368242104,-10294.991817177723
0.2157249999999995,0.037871600778669,-412.5359304385794,-15.448261063829172,867.3642409156234,-10294.991817177723
0.2162249999999996,0.0381384817901273,-412.53599263470545,-15.015865817348411,862.2167450070336,-10294.991817177723
0.2167249999999997,0.0379713057634144,-412.53572743930795,-14.586044318821974,857.0692490984438,-10294.991817177723
0.2172249999999996,0.0368819578938138,-412.53552524061564,-14.158796568249967,851.9217531898558,-10294.991817177723
0.2177249999999996,0.0355384094098839,-412.53541213339383,-13.734122565632184,846.774257281267,-10294.991817177723
0.2182249999999997,0.0350245386342419,-412.53593040459117,-13.31202231096863,841.6267613726773,-10294.991817177723
0.2187249999999996,0.0344723542165553,-412.5360642608157,-12.892495804259534,836.4792654640895,-10294.991817177723
0.2192249999999996,0.0334288343999632,-412.536532016585,-12.475543045504633,831.3317695555006,-10294.991817177723
0.2197249999999997,0.0329680679468684,-412.5361320084748,-12.06116403470394,826.1842736469105,-10294.991817177723
0.2202249999999996,0.033446276876891,-412.535674456767,-11.64935877185772,821.0367777383229,-10294.991817177723
0.2207249999999995,0.0328990079038803,-412.5351602469605,-11.240127256965778,815.8892818297348,-10294.991817177723
0.2212249999999997,0.0317189723487621,-412.53507421858717,-10.833469490027896,810.7417859211441,-10294.991817177723
0.2217249999999996,0.0309194614303275,-412.5345507521126,-10.429385471044561,805.5942900125563,-10294.991817177723
0.2222249999999996,0.0294350287417445,-412.5344945454232,-10.02787520001543,800.4467941039674,-10294.991817177723
0.2227249999999997,0.0277872014269961,-412.53458534392564,-9.628938676940503,795.2992981953776,-10294.991817177723
0.2232249999999997,0.0256906866607173,-412.5345124784831,-9.232575901819962,790.1518022867886,-10294.991817177723
0.2237249999999996,0.0237531148491146,-412.53458893928047,-8.8387868746538,785.0043063782009,-10294.991817177723
0.2242249999999996,0.0224955510107882,-412.53479962014455,-8.44757159544185,779.856810469612,-10294.991817177723
0.2247249999999997,0.0202936300267332,-412.53423966360475,-8.058930064184105,774.709314561022,-10294.991817177723
0.2252249999999996,0.0179780341548782,-412.53414376119946,-7.672862280880825,769.5618186524343,-10294.991817177723
0.2257249999999996,0.0167619893015157,-412.5338019176758,-7.2893682455317546,764.4143227438453,-10294.991817177723
0.2262249999999997,0.0152161589981297,-412.53426105184764,-6.908447958136896,759.2668268352554,-10294.991817177723
0.2267249999999996,0.0125199761484536,-412.5346932045925,-6.530101418696497,754.1193309266675,-10294.991817177723
0.2272249999999996,0.0108466082397165,-412.5351335506698,-6.154328627210311,748.9718350180788,-10294.991817177723
0.2277249999999998,0.0089958360316357,-412.5352760634387,-5.781129583678274,743.8243391094879,-10294.991817177723
0.2282249999999996,0.0064057372775499,-412.5351308588348,-5.410504288100818,738.676843200901,-10294.991817177723
0.2287249999999995,0.0038412975405928,-412.53495288152635,-5.042452740477577,733.5293472923131,-10294.991817177723
0.2292249999999997,0.0016165797697435,-412.5349832206902,-4.676974940808425,728.3818513837223,-10294.991817177723
0.2297249999999996,0.0002418549710636,-412.53468682389604,-4.314070889093792,723.2343554751344,-10294.991817177723
0.2302249999999996,-0.0011980726838695,-412.5346503129365,-3.953740585333373,718.0868595665455,-10294.991817177723
0.2307249999999997,-0.0035037719390052,-412.5347951930614,-3.5959840295271666,712.9393636579555,-10294.991817177723
0.2312249999999997,-0.0047320169934597,-412.5353016743608,-3.240801221675335,707.7918677493667,-10294.991817177723
0.2317249999999996,-0.0051152748892664,-412.53548084789566,-2.888192161777877,702.6443718407791,-10294.991817177723
0.2322249999999996,-0.0064711942072107,-412.53528424797906,-2.538156849834634,697.4968759321902,-10294.991817177723
0.2327249999999996,-0.0078892825385035,-412.5354927668881,-2.1906952858456856,692.3493800236014,-10294.991817177723
0.2332249999999996,-0.0085107121093381,-412.5348369378476,-1.8458074698110336,687.2018841150125,-10294.991817177723
0.2337249999999996,-0.0092115967590491,-412.5346631091563,-1.5034934017306723,682.0543882064236,-10294.991817177723
0.2342249999999997,-0.0104961442226433,-412.53475688366973,-1.1637530816045356,676.9068922978335,-10294.991817177723
0.2347249999999996,-0.011563278802812,-412.53473777383414,-0.8265865094328365,671.7593963892458,-10294.991817177723
0.2352249999999996,-0.0119851739366125,-412.53498411637696,-0.49199368521536435,666.6119004806569,-10294.991817177723
0.2357249999999996,-0.0119026288999412,-412.5352572736834,-0.1599746089521823,661.464404572068,-10294.991817177723
0.2362249999999996,-0.0118977393113581,-412.53498015685403,0.16947071935670616,656.3169086634792,-10294.991817177723
0.2367249999999995,-0.012702759970987,-412.5350679353272,0.4963422997112269,651.1694127548915,-10294.991817177723
0.2372249999999997,-0.012601688144464,-412.53494911230206,0.8206401321116676,646.0219168463004,-10294.991817177723
0.2377249999999996,-0.0126620981211916,-412.5351200218366,1.1423642165576013,640.8744209377124,-10294.991817177723
0.2382249999999996,-0.0135657955573666,-412.535785285354,1.4615145530493099,635.7269250291237,-10294.991817177723
0.2387249999999997,-0.013899314789194,-412.5362980828475,1.7780911415867777,630.5794291205341,-10294.991817177723
0.2392249999999997,-0.0149764400246907,-412.536509695883,2.0920939821698976,625.4319332119451,-10294.991817177723
0.2397249999999996,-0.0159434681072402,-412.5363546625281,2.403523074798668,620.2844373033572,-10294.991817177723
0.2402249999999997,-0.0158147483902651,-412.5360452511955,2.712378419473255,615.1369413947674,-10294.991817177723
0.2407249999999997,-0.0160250202080712,-412.53607901413267,3.0186600161934902,609.9894454861786,-10294.991817177723
0.2412249999999996,-0.0169545749617175,-412.53620468838295,3.322367864959384,604.8419495775905,-10294.991817177723
0.2417249999999996,-0.0173298343249951,-412.5362344922991,3.62350196577103,599.6944536690017,-10294.991817177723
0.2422249999999997,-0.0175928311484163,-412.5367205113462,3.9220623186284356,594.5469577604119,-10294.991817177723
0.2427249999999996,-0.0182423781867586,-412.53647774450184,4.218048923531445,589.399461851824,-10294.991817177723
0.2432249999999996,-0.0199609934247732,-412.53659768533777,4.511461780480212,584.2519659432351,-10294.991817177723
0.2437249999999997,-0.0217771149068306,-412.5366941141403,4.802300889474728,579.1044700346454,-10294.991817177723
0.2442249999999997,-0.0233996809302504,-412.53670851654255,5.090566250514903,573.9569741260565,-10294.991817177723
0.2447249999999995,-0.025325173676657,-412.53686939601715,5.376257863600676,568.8094782174696,-10294.991817177723
0.2452249999999997,-0.0274862964510016,-412.53679240759266,5.659375728732374,563.6619823088788,-10294.991817177723
0.2457249999999996,-0.0298345998248751,-412.53699478565625,5.939919845909618,558.5144864002907,-10294.991817177723
0.2462249999999996,-0.0315809902733047,-412.5367985775842,6.217890215132615,553.366990491702,-10294.991817177723
0.2467249999999996,-0.0338735825537805,-412.5367642456035,6.49328683640132,548.219494583113,-10294.991817177723
0.2472249999999997,-0.0373324379799466,-412.5365061593789,6.766109709715774,543.0719986745233,-10294.991817177723
0.2477249999999996,-0.0405140432925414,-412.5358160250916,7.036358835075843,537.9245027659352,-10294.991817177723
0.2482249999999997,-0.0433151501707506,-412.5356303986336,7.304034212481711,532.7770068573456,-10294.991817177723
0.2487249999999997,-0.0467203929697927,-412.53554108055994,7.5691358419332335,527.6295109487567,-10294.991817177723
0.2492249999999996,-0.04993732196335,-412.5357596730562,7.831663723430426,522.4820150401687,-10294.991817177723
0.2497249999999996,-0.0528448431575305,-412.5362084567045,8.091617856973345,517.3345191315801,-10294.991817177723
0.2502249999999997,-0.0563841141714257,-412.53729064780686,8.34899824256205,512.18702322299,-10294.991817177723
0.2507249999999996,-0.0598839654022259,-412.5382200057572,8.603804880196341,507.03952731440245,-10294.991817177723
0.2512249999999996,-0.062760314290979,-412.5386998826717,8.856037769876394,501.89203140581355,-10294.991817177723
0.2517249999999997,-0.065765664546215,-412.5394101340096,9.105696911602207,496.74453549722347,-10294.991817177723
0.2522249999999997,-0.0684331046258365,-412.53971667692866,9.352782305373674,491.5970395886345,-10294.991817177723
0.2527249999999996,-0.0701688444992569,-412.5404262930405,9.597293951190787,486.4495436800468,-10294.991817177723
0.2532249999999997,-0.0717881309372926,-412.5409221745995,9.839231849053718,481.3020477714569,-10294.991817177723
0.2537249999999996,-0.0725716610968083,-412.54143931408623,10.078595998962246,476.15455186286914,-10294.991817177723
0.2542249999999996,-0.073318583310148,-412.542140204975,10.31538640091653,471.0070559542803,-10294.991817177723
0.2547249999999996,-0.073506029552554,-412.5422703878506,10.549603054916526,465.8595600456914,-10294.991817177723
0.2552249999999997,-0.0732552658416956,-412.5426066204563,10.781245960962279,460.71206413710155,-10294.991817177723
0.2557249999999996,-0.0732096487538653,-412.54297740370254,11.010315119053633,455.5645682285136,-10294.991817177723
0.2562249999999997,-0.0727583331580408,-412.543250269347,11.236810529190791,450.41707231992376,-10294.991817177723
0.2567249999999997,-0.0717273799537633,-412.5429767755491,11.460732191373607,445.2695764113348,-10294.991817177723
0.2572249999999997,-0.069663405939931,-412.5423888746652,11.682080105602129,440.122080502746,-10294.991817177723
0.2577249999999996,-0.0677683222112447,-412.54179378143823,11.900854271876304,434.9745845941583,-10294.991817177723
0.2582249999999997,-0.0665136698988509,-412.5406141240825,12.117054690196287,429.82708868556824,-10294.991817177723
0.2587249999999996,-0.0646953605862879,-412.53949270207164,12.330681360561874,424.67959277698054,-10294.991817177723
0.2592249999999996,-0.0626234192500985,-412.5388462780355,12.541734282973218,419.5320968683917,-10294.991817177723
0.2597249999999997,-0.0611083125794857,-412.5377378320331,12.750213457430316,414.3846009598016,-10294.991817177723
0.2602249999999997,-0.0594516616068812,-412.5360459046118,12.956118883933065,409.2371050512128,-10294.991817177723
0.2607249999999996,-0.0572327995922962,-412.5340020846052,13.159450562481476,404.0896091426251,-10294.991817177723
0.2612249999999997,-0.0545143147044494,-412.53184665528124,13.360208493075689,398.94211323403505,-10294.991817177723
0.2617249999999996,-0.0522452813494669,-412.52924289012424,13.558392675715519,393.79461732544735,-10294.991817177723
0.2622249999999996,-0.049626867848178,-412.52618630495255,13.75400311040109,388.64712141685845,-10294.991817177723
0.2627249999999996,-0.045825986452759,-412.52271951525245,13.947039797132376,383.49962550826956,-10294.991817177723
0.2632249999999997,-0.0426506916732639,-412.51894182583374,14.13750273590941,378.3521295996797,-10294.991817177723
0.2637249999999996,-0.0397428254961862,-412.51398791475935,14.32539192673206,373.2046336910918,-10294.991817177723
0.2642249999999996,-0.0365874932916096,-412.5094634488968,14.510707369600457,368.057137782503,-10294.991817177723
0.2647249999999997,-0.0338277557350731,-412.50451267594246,14.6934490645146,362.909641873913,-10294.991817177723
0.2652249999999997,-0.0305090908137062,-412.4999866620431,14.87361701147441,357.76214596532407,-10294.991817177723
0.2657249999999996,-0.0274624972376823,-412.4947941384928,15.051211210479883,352.6146500567364,-10294.991817177723
0.2662249999999997,-0.0247806781312872,-412.4894138546953,15.226231661531147,347.4671541481465,-10294.991817177723
0.2667249999999996,-0.0209536639192534,-412.48329411812097,15.398678364628035,342.3196582395587,-10294.991817177723
0.2672249999999995,-0.0175053416257936,-412.4769637666711,15.568551319770625,337.17216233097093,-10294.991817177723
0.2677249999999997,-0.0147099825042363,-412.4703759880663,15.735850526959037,332.02466642237977,-10294.991817177723
0.2682249999999997,-0.0114661054163019,-412.46305515907176,15.900575986193088,326.87717051379093,-10294.991817177723
0.2687249999999996,-0.0085208143327583,-412.4553082653785,16.062727697472795,321.7296746052032,-10294.991817177723
0.2692249999999997,-0.005536110844348,-412.4478861352313,16.222305660798284,316.5821786966132,-10294.991817177723
0.2697249999999996,-0.0028949942742582,-412.43975495857086,16.37930987616941,311.43468278802555,-10294.991817177723
0.2702249999999996,-0.000701597110839,-412.4314737412152,16.533740343586274,306.2871868794366,-10294.991817177723
0.2707249999999996,0.0014691937597455,-412.42313373761095,16.68559706304885,301.13969097084777,-10294.991817177723
0.2712249999999997,0.0029842410151477,-412.41427619007766,16.834880034557155,295.99219506225774,-10294.991817177723
0.2717249999999996,0.0042311124202089,-412.40509040207,16.9815892581111,290.84469915367,-10294.991817177723
0.2722249999999996,0.0053832672323104,-412.39585379079733,17.125724733710793,285.6972032450812,-10294.991817177723
0.2727249999999997,0.0065225327784325,-412.38709591330826,17.26728646135622,280.54970733649117,-10294.991817177723
0.2732249999999997,0.0080872059793189,-412.3782052942199,17.406274441047312,275.4022114279022,-10294.991817177723
0.2737249999999996,0.0093203498843487,-412.3693129381885,17.54268867278409,270.2547155193145,-10294.991817177723
0.2742249999999998,0.0103192408081981,-412.35976530226543,17.67652915656665,265.10721961072403,-10294.991817177723
0.2747249999999996,0.0112673500362551,-412.3490711614837,17.807795892394818,259.9597237021368,-10294.991817177723
0.2752249999999995,0.0117562414673527,-412.33807035733867,17.93648888026871,254.8122277935491,-10294.991817177723
0.2757249999999997,0.0124057438807493,-412.32745884013184,18.06260812018839,249.66473188495794,-10294.991817177723
0.2762249999999997,0.0130117066276993,-412.31692105312555,18.186153612153724,244.51723597636908,-10294.991817177723
0.2767249999999996,0.0123058059501329,-412.3061072451143,18.307125356164725,239.3697400677814,-10294.991817177723
0.2772249999999997,0.0121009363037184,-412.2953187298006,18.425523352221504,234.22224415919132,-10294.991817177723
0.2777249999999996,0.0122420044008007,-412.28460278922734,18.541347600323924,229.07474825060362,-10294.991817177723
0.2782249999999996,0.0118726509986448,-412.27363106897565,18.654598100472086,223.92725234201475,-10294.991817177723
0.2787249999999996,0.0115602124702206,-412.2631146801469,18.765274852665947,218.77975643342586,-10294.991817177723
0.2792249999999997,0.0112130555781136,-412.25235622941864,18.873377856905538,213.63226052483589,-10294.991817177723
0.2797249999999996,0.0109596794453376,-412.24152944053674,18.978907113190782,208.48476461624816,-10294.991817177723
0.2802249999999996,0.0104341153556067,-412.23131734924806,19.081862621521754,203.3372687076593,-10294.991817177723
0.2807249999999997,0.0096054434793693,-412.22038908714796,19.18224438189846,198.18977279906923,-10294.991817177723
0.2812249999999996,0.0083652676878643,-412.2099933050381,19.28005239432083,193.04227689048162,-10294.991817177723
0.2817249999999996,0.0066894460201531,-412.19971043249836,19.375286658788923,187.89478098189272,-10294.991817177723
0.2822249999999998,0.0049411750273307,-412.1894491567858,19.467947175302754,182.7472850733021,-10294.991817177723
0.2827249999999996,0.0033957905314703,-412.1794098311853,19.558033943862227,177.59978916471496,-10294.991817177723
0.2832249999999995,0.0017998403718349,-412.1696009875754,19.645546964467417,172.45229325612723,-10294.991817177723
0.2837249999999997,0.000594920788343,-412.1599119118169,19.730486237118374,167.30479734753607,-10294.991817177723
0.2842249999999996,-0.0004930479041191,-412.15048862580625,19.812851761814972,162.15730143894837,-10294.991817177723
0.2847249999999996,-0.0015926425036027,-412.14129736296724,19.8926435385573,157.00980553035947,-10294.991817177723
0.2852249999999997,-0.0020538643023653,-412.13230242729213,19.96986156734534,151.86230962177004,-10294.991817177723
0.2857249999999997,-0.0027428190889401,-412.12358896284996,20.044505848179078,146.7148137131812,-10294.991817177723
0.2862249999999996,-0.0037869070694543,-412.11429459001863,20.11657638105852,141.56731780459288,-10294.991817177723
0.2867249999999997,-0.004422219449992,-412.1047401925431,20.186073165983668,136.41982189600344,-10294.991817177723
0.2872249999999997,-0.0044170046763904,-412.0954164229059,20.252996202954527,131.2723259874146,-10294.991817177723
0.2877249999999997,-0.0042078504839355,-412.0860345033711,20.317345491971086,126.12483007882574,-10294.991817177723
0.2882249999999996,-0.0036530883883124,-412.07709047383247,20.379121033033343,120.97733417023744,-10294.991817177723
0.2887249999999997,-0.0028451599815185,-412.06796511065147,20.438322826141324,115.82983826164798,-10294.991817177723
0.2892249999999996,-0.0012023231569043,-412.05933333274766,20.494950871294993,110.6823423530597,-10294.991817177723
0.2897249999999996,0.0002954706040875,-412.05062130613925,20.549005168494375,105.53484644447082,-10294.991817177723
0.2902249999999998,0.0017560929371283,-412.0411943576115,20.600485717739485,100.38735053588027,-10294.991817177723
0.2907249999999997,0.0028152637059427,-412.0319854650286,20.649392519030265,95.23985462729254,-10294.991817177723
0.2912249999999995,0.0044110815572288,-412.02248674520115,20.695725572366747,90.09235871870537,-10294.991817177723
0.2917249999999997,0.0061522858072591,-412.01253468043575,20.739484877748964,84.94486281011484,-10294.991817177723
0.2922249999999996,0.00710450236326,-412.0028670276663,20.780670435176877,79.79736690152652,-10294.991817177723
0.2927249999999996,0.0081089179642153,-411.99324211346607,20.819282244650495,74.64987099293768,-10294.991817177723
0.2932249999999997,0.0093876766184921,-411.98428011194346,20.85532030616982,69.50237508434819,-10294.991817177723
0.2937249999999997,0.0103837393755445,-411.9749363407493,20.888784619734842,64.35487917575935,-10294.991817177723
0.2942249999999996,0.0116547420643075,-411.9655722715826,20.91967518534557,59.20738326717105,-10294.991817177723
0.2947249999999997,0.0125679434226719,-411.9564679178514,20.94799200300201,54.05988735858161,-10294.991817177723
0.2952249999999997,0.0128363289296124,-411.9468950096167,20.973735072704155,48.91239144999274,-10294.991817177723
0.2957249999999997,0.0132755178411836,-411.9367780618779,20.996904394452006,43.76489554140389,-10294.991817177723
0.2962249999999996,0.0136762049228616,-411.92718387156987,21.01749996824556,38.6173996328156,-10294.991817177723
0.2967249999999997,0.0134646343353466,-411.917462002384,21.03552179408482,33.469903724226135,-10294.991817177723
0.2972249999999996,0.0129603005992442,-411.9078472364276,21.050969871969777,28.322407815638435,-10294.991817177723
0.2977249999999996,0.0116494500671224,-411.89777108918463,21.063844201900455,23.174911907049562,-10294.991817177723
0.2982249999999997,0.0107311345267338,-411.8875093302914,21.074144783876836,18.027415998459553,-10294.991817177723
0.2987249999999997,0.0096367685801094,-411.8767422726982,21.08187161789892,12.879920089870684,-10294.991817177723
0.2992249999999996,0.007203075512398,-411.8657951704554,21.08702470396671,7.732424181282943,-10294.991817177723
0.2997249999999997,0.0047962420382988,-411.8553827430366,21.0896040420802,2.5849282726929723,-10294.991817177723
0.3002249999999996,0.0026596371939664,-411.84478791038055,21.089609632239398,-2.5625676358947813,-10294.991817177723
0.3007249999999996,0.0001058306411064,-411.8344399669674,21.087041474444305,-7.7100635444836225,-10294.991817177723
0.3012249999999997,-0.0029820667245493,-411.824075944168,21.08189956869491,-12.857559453073648,-10294.991817177723
0.3017249999999997,-0.0065861718152281,-411.81312055767523,21.07418391499123,-18.005055361662492,-10294.991817177723
0.3022249999999996,-0.0102660600661084,-411.80261728646633,21.063894513333256,-23.152551270250232,-10294.991817177723
0.3027249999999997,-0.0135375713119775,-411.7916210676453,21.051031363720977,-28.30004717884025,-10294.991817177723
0.3032249999999997,-0.0179061564983531,-411.7808858220866,21.03559446615441,-33.44754308742911,-10294.991817177723
0.3037249999999997,-0.0224474822242756,-411.769281942417,21.01758382063355,-38.59503899601797,-10294.991817177723
0.3042249999999996,-0.0264525865139057,-411.7583141868749,20.996999427158396,-43.742534904605705,-10294.991817177723
0.3047249999999997,-0.0301795137313044,-411.7477854762424,20.97384128572895,-48.89003081319569,-10294.991817177723
0.3052249999999996,-0.0342406316391317,-411.73727787363066,20.948109396345203,-54.03752672178342,-10294.991817177723
0.3057249999999996,-0.0382829275695701,-411.7262235532567,20.919803759007166,-59.185022630372295,-10294.991817177723
0.3062249999999997,-0.0417836481058842,-411.71587110234043,20.888924373714822,-64.3325185389623,-10294.991817177723
0.3067249999999997,-0.0453697681127372,-411.7047997261736,20.855471240468198,-69.48001444755116,-10294.991817177723
0.3072249999999996,-0.0489779351892862,-411.6943149511614,20.819444359267283,-74.6275103561389,-10294.991817177723
0.3077249999999997,-0.0525155581902129,-411.68342873270996,20.780843730112057,-79.77500626472889,-10294.991817177723
0.3082249999999996,-0.0560656060247348,-411.6730455839473,20.739669353002554,-84.92250217331663,-10294.991817177723
0.3087249999999996,-0.0589167453544648,-411.6614757705373,20.69592122793875,-90.0699980819055,-10294.991817177723
0.3092249999999996,-0.0612719249872572,-411.6502728395707,20.649599354920653,-95.21749399049436,-10294.991817177723
0.3097249999999997,-0.0634937281074891,-411.6389964532884,20.600703733948244,-100.36498989908438,-10294.991817177723
0.3102249999999996,-0.0648502328093079,-411.62768175260516,20.549234365021565,-105.51248580767209,-10294.991817177723
0.3107249999999997,-0.0657132425049685,-411.61643376459233,20.495191248140568,-110.6599817162621,-10294.991817177723
0.3112249999999997,-0.0659349257829931,-411.6052095475355,20.43857438330529,-115.80747762485096,-10294.991817177723
0.3117249999999997,-0.0656860553371427,-411.5942557312368,20.379383770515716,-120.95497353343983,1314.1850908007482
0.3122249999999996,-0.0660494698525842,-411.5832947969567,20.319070556885368,-120.29788098803961,1314.1850908007482
0.3127249999999997,-0.0662739322490684,-411.57246918908436,20.259085889527682,-119.64078844263909,1314.1850908007482
0.3132249999999996,-0.0653932782854717,-411.56158467256387,20.199429768442727,-118.98369589723886,1314.1850908007482
0.3137249999999996,-0.0649541945769143,-411.5506112624879,20.140102193630455,-118.32660335183847,1314.1850908007482
0.3142249999999997,-0.06426380953913,-411.5399948122942,20.081103165090873,-117.66951080643797,1314.1850908007482
0.3147249999999997,-0.0636230492787389,-411.52936306771767,20.022432682824,-117.01241826103758,1314.1850908007482
0.3152249999999996,-0.0625745614193597,-411.51865213013673,19.964090746829843,-116.35532571563733,1314.1850908007482
0.3157249999999997,-0.0614494934853456,-411.5079024454156,19.906077357108366,-115.69823317023683,1314.1850908007482
0.3162249999999996,-0.0601633399342886,-411.49665439706337,19.84839251365961,-115.0411406248366,1314.1850908007482
0.3167249999999996,-0.0586720822636934,-411.48566479232846,19.791036216483537,-114.38404807943623,1314.1850908007482
0.3172249999999996,-0.0570710444082681,-411.4744055972699,19.734008465580175,-113.72695553403585,1314.1850908007482
0.3177249999999997,-0.0554247712043742,-411.4636718537186,19.677309260949496,-113.06986298863535,1314.1850908007482
0.3182249999999996,-0.0539242645639341,-411.4527191407256,19.62093860259154,-112.4127704432351,1314.1850908007482
0.3187249999999997,-0.052126735156198,-411.4423727720115,19.564896490506253,-111.7556778978346,1314.1850908007482
0.3192249999999997,-0.050024005549126,-411.4319630072358,19.50918292469369,-111.0985853524342,1314.1850908007482
0.3197249999999997,-0.0486846817608658,-411.4215035491101,19.453797905153827,-110.44149280703385,1314.1850908007482
0.3202249999999996,-0.047076345256554,-411.4111349952473,19.39874143188667,-109.7844002616336,1314.1850908007482
0.3207249999999997,-0.0448537575807415,-411.4008179804428,19.344013504892196,-109.1273077162331,1314.1850908007482
0.3212249999999996,-0.04311029592145,-411.39005420347746,19.289614124170438,-108.47021517083286,1314.1850908007482
0.3217249999999996,-0.0415104690881423,-411.3795551966056,19.23554328972137,-107.81312262543247,1314.1850908007482
0.3222249999999997,-0.0391433311891184,-411.36860829988484,19.18180100154499,-107.15603008003197,1314.1850908007482
0.3227249999999997,-0.0361864153512678,-411.35811820774535,19.128387259641322,-106.49893753463157,1314.1850908007482
0.3232249999999996,-0.0337360840794526,-411.3476210857578,19.07530206401037,-105.84184498923136,1314.1850908007482
0.3237249999999997,-0.0317326822371973,-411.33702572691874,19.022545414652097,-105.18475244383083,1314.1850908007482
0.3242249999999996,-0.0297376128089791,-411.3270139092419,18.97011731156654,-104.5276598984306,1314.1850908007482
0.3247249999999996,-0.0274111450831692,-411.3165065027686,18.91801775475367,-103.87056735303024,1314.1850908007482
0.3252249999999996,-0.0258379225687726,-411.3057577463043,18.866246744213512,-103.21347480762985,1314.1850908007482
0.3257249999999997,-0.0244626886967434,-411.29458291794975,18.81480427994603,-102.55638226222933,1314.1850908007482
0.3262249999999996,-0.0229897503248352,-411.28355116421574,18.763690361951276,-101.8992897168291,1314.1850908007482
0.3267249999999996,-0.0210560716808206,-411.2730230738786,18.712904990229212,-101.24219717142874,1314.1850908007482
0.3272249999999997,-0.0198817578584132,-411.2628444777348,18.66244816477984,-100.5851046260282,1314.1850908007482
0.3277249999999997,-0.0189215697354888,-411.2529734612576,18.612319885603178,-99.92801208062784,1314.1850908007482
0.3282249999999996,-0.0169653870377435,-411.2433366608234,18.562520152699225,-99.27091953522762,1314.1850908007482
0.3287249999999997,-0.0158269432439571,-411.2335858809753,18.51304896606795,-98.61382698982709,1314.1850908007482
0.3292249999999996,-0.0154590449316688,-411.22331902022984,18.4639063257094,-97.95673444442687,1314.1850908007482
0.3297249999999995,-0.0150248299460595,-411.2127512042694,18.41509223162354,-97.29964189902662,1314.1850908007482
0.3302249999999997,-0.0148177680480213,-411.2031000357484,18.36660668381036,-96.64254935362595,1314.1850908007482
0.3307249999999997,-0.0148518485013623,-411.1929226813819,18.318449682269893,-95.98545680822559,1314.1850908007482
0.3312249999999996,-0.0145580168829288,-411.18321842359376,18.27062122700214,-95.32836426282537,1314.1850908007482
0.3317249999999997,-0.0142895283568755,-411.1734158568352,18.223121318007067,-94.67127171742482,1314.1850908007482
0.3322249999999996,-0.014190763746224,-411.1634559157852,18.175949955284718,-94.0141791720246,1314.1850908007482
0.3327249999999996,-0.0140184792513188,-411.15353903146894,18.129107138835053,-93.35708662662424,1314.1850908007482
0.3332249999999996,-0.0136270853979768,-411.1432117003965,18.082592868658093,-92.69999408122385,1314.1850908007482
0.3337249999999997,-0.0129514961706889,-411.13290603250954,18.036407144753827,-92.04290153582335,1314.1850908007482
0.3342249999999996,-0.0124489384796746,-411.1226300698027,17.990549967122274,-91.38580899042312,1314.1850908007482
0.3347249999999996,-0.0130359972274388,-411.1128456332979,17.945021335763407,-90.72871644502274,1314.1850908007482
0.3352249999999997,-0.0127562365148685,-411.1034860103964,17.89982125067724,-90.07162389962221,1314.1850908007482
0.3357249999999997,-0.0122013137579244,-411.094313884441,17.85494971186378,-89.41453135422184,1314.1850908007482
0.3362249999999996,-0.0127980591335724,-411.08538203566854,17.810406719323026,-88.75743880882162,1314.1850908007482
0.3367249999999998,-0.0139289022015458,-411.07572358881737,17.76619227305495,-88.10034626342102,1314.1850908007482
0.3372249999999996,-0.0138624169289329,-411.06603139691003,17.722306373059602,-87.44325371802087,1314.1850908007482
0.3377249999999995,-0.0136356138282547,-411.0564066599718,17.678749019336955,-86.78616117262064,1314.1850908007482
0.3382249999999997,-0.0139517332004187,-411.0463654874582,17.635520211886973,-86.12906862721997,1314.1850908007482
0.3387249999999997,-0.0145466782142871,-411.03650955237896,17.592619950709715,-85.47197608181959,1314.1850908007482
0.3392249999999996,-0.0147150780088638,-411.02704471293754,17.55004823580516,-84.81488353641936,1314.1850908007482
0.3397249999999997,-0.0141994439428346,-411.0180518196007,17.507805067173297,-84.15779099101883,1314.1850908007482
0.3402249999999996,-0.0140497412923886,-411.00898960436,17.465890444814143,-83.50069844561861,1314.1850908007482
0.3407249999999996,-0.0141988622144515,-411.0001176672212,17.42430436872769,-82.84360590021824,1314.1850908007482
0.3412249999999996,-0.0137409880839255,-410.99033544620016,17.383046838913927,-82.18651335481786,1314.1850908007482
0.3417249999999997,-0.0125577392551282,-410.98130715800477,17.342117855372855,-81.52942080941736,1314.1850908007482
0.3422249999999996,-0.0114687887859011,-410.9713925501377,17.301517418104513,-80.87232826401711,1314.1850908007482
0.3427249999999996,-0.0100889822941067,-410.962499934746,17.26124552710885,-80.21523571861674,1314.1850908007482
0.3432249999999997,-0.0083864351058862,-410.95349132034966,17.221302182385884,-79.55814317321622,1314.1850908007482
0.3437249999999996,-0.0064431087913074,-410.9445268150805,17.181687383935635,-78.901050627816,1314.1850908007482
0.3442249999999996,-0.0040921167107359,-410.93524523083323,17.142401131758078,-78.24395808241563,1314.1850908007482
0.3447249999999998,-0.0018159577336979,-410.9259804151975,17.103443425853204,-77.58686553701502,1314.1850908007482
0.3452249999999996,0.0006219021333811,-410.91664520519845,17.064814266221056,-76.92977299161487,1314.1850908007482
0.3457249999999995,0.0032799536084525,-410.90762201505794,17.02651365286161,-76.27268044621465,1314.1850908007482
0.3462249999999997,0.0064491491260668,-410.8977104345545,16.988541585774836,-75.61558790081398,1314.1850908007482
0.3467249999999996,0.0098571191933391,-410.88881141439504,16.950898064960793,-74.95849535541375,1314.1850908007482
0.3472249999999996,0.0130016514308319,-410.87976170471296,16.913583090419433,-74.30140281001337,1314.1850908007482
0.3477249999999997,0.0164495444415903,-410.87086836134375,16.876596662150767,-73.64431026461291,1314.1850908007482
0.3482249999999997,0.0199081385676788,-410.8614701340549,16.839938780154814,-72.98721771921255,1314.1850908007482
0.3487249999999996,0.0233913090603769,-410.8520772667896,16.80360944443156,-72.33012517381223,1314.1850908007482
0.3492249999999997,0.0257782694294697,-410.84259588657943,16.767608654981004,-71.67303262841179,1314.1850908007482
0.3497249999999997,0.0281299631210553,-410.83327791696274,16.731936411803147,-71.01594008301143,1314.1850908007482
0.3502249999999997,0.0298750082883713,-410.8237340187519,16.69659271489799,-70.35884753761106,1314.1850908007482
0.3507249999999996,0.0314560492874461,-410.8143803553255,16.66157756426554,-69.70175499221075,1314.1850908007482
0.3512249999999997,0.0342070112609427,-410.80473304450305,16.626890959905783,-69.04466244681029,1314.1850908007482
0.3517249999999996,0.0353310569833715,-410.79565149129195,16.59253290181873,-68.38756990141,1314.1850908007482
0.3522249999999996,0.0350711417959526,-410.7863465492558,16.558503390004375,-67.73047735600964,1314.1850908007482
0.3527249999999998,0.0359897011664904,-410.7771977968761,16.524802424462706,-67.07338481060901,1314.1850908007482
0.3532249999999997,0.0370890291870527,-410.76826395192285,16.491430005193763,-66.4162922652088,1314.1850908007482
0.3537249999999995,0.0373928726624968,-410.75845295063516,16.458386132197518,-65.75919971980865,1314.1850908007482
0.3542249999999997,0.0369025039563952,-410.74895867345396,16.425670805473956,-65.10210717440805,1314.1850908007482
0.3547249999999996,0.0354725641686778,-410.73931820808355,16.393284025023107,-64.44501462900774,1314.1850908007482
0.3552249999999996,0.0337724807658173,-410.7300518418146,16.361225790844948,-63.78792208360737,1314.1850908007482
0.3557249999999997,0.0322918696602025,-410.7206535360325,16.32949610293949,-63.13082953820692,1314.1850908007482
0.3562249999999997,0.0304681572791383,-410.71182126803353,16.298094961306738,-62.47373699280656,1314.1850908007482
0.3567249999999996,0.0270742426400672,-410.7028349858159,16.26702236594669,-61.816644447406254,1314.1850908007482
0.3572249999999997,0.02449754192552,-410.693437278701,16.23627831685933,-61.1595519020058,1314.1850908007482
0.3577249999999997,0.0222413232612258,-410.6838289065131,16.20586281404468,-60.50245935660543,1314.1850908007482
0.3582249999999997,0.0193636101882377,-410.6744925044901,16.175775857502728,-59.84536681120506,1314.1850908007482
0.3587249999999996,0.0168356232021404,-410.66541866863696,16.146017447233476,-59.18827426580476,1314.1850908007482
0.3592249999999997,0.0122723108584513,-410.65623421726605,16.11658758323692,-58.53118172040432,1314.1850908007482
0.3597249999999996,0.0084051010610581,-410.64733286110163,16.087486265513075,-57.874089175004066,1314.1850908007482
0.3602249999999996,0.0065759929265341,-410.6387341939116,16.058713494061923,-57.216996629603706,1314.1850908007482
0.3607249999999997,0.0022591560822403,-410.6298007542623,16.030269268883465,-56.55990408420319,1314.1850908007482
0.3612249999999997,-0.0026431828296707,-410.62062880385906,16.002153589977713,-55.9028115388028,1314.1850908007482
0.3617249999999996,-0.0058799702136697,-410.61208773659024,15.974366457344665,-55.24571899340258,1314.1850908007482
0.3622249999999997,-0.009502067464121,-410.60384447795144,15.94690787098431,-54.58862644800205,1314.1850908007482
0.3627249999999996,-0.0132821301244944,-410.5957501316451,15.919777830896665,-53.93153390260182,1314.1850908007482
0.3632249999999996,-0.016302387198268,-410.5875767355658,15.892976337081715,-53.27444135720146,1314.1850908007482
0.3637249999999997,-0.0186176178588037,-410.57968796573635,15.86650338953946,-52.61734881180094,1314.1850908007482
0.3642249999999997,-0.0210674079368138,-410.57112496714495,15.840358988269914,-51.96025626640056,1314.1850908007482
0.3647249999999996,-0.0234579782542742,-410.56265352746027,15.814543133273064,-51.30316372100033,1314.1850908007482
0.3652249999999997,-0.0253789848699215,-410.55433046876954,15.789055824548907,-50.64607117559981,1314.1850908007482
0.3657249999999997,-0.02744368027862,-410.5467656712488,15.76389706209746,-49.98897863019943,1314.1850908007482
0.3662249999999997,-0.0290986265379904,-410.5393576934987,15.739066845918705,-49.33188608479906,1314.1850908007482
0.3667249999999996,-0.0310571547798661,-410.53178346742294,15.714565176012666,-48.67479353939884,1314.1850908007482
0.3672249999999997,-0.0336889836047067,-410.52422004207614,15.690392052379309,-48.01770099399831,1314.1850908007482
0.3677249999999996,-0.0345747551825686,-410.5171036802576,15.666547475018668,-47.36060844859808,1314.1850908007482
0.3682249999999996,-0.035424849188253,-410.50973149518694,15.643031443930715,-46.703515903197705,1314.1850908007482
0.3687249999999997,-0.0363852515939364,-410.5016866180164,15.619843959115462,-46.04642335779719,1314.1850908007482
0.3692249999999997,-0.0372151554756633,-410.49375031158337,15.59698502057291,-45.38933081239681,1314.1850908007482
0.3697249999999996,-0.0387404777392567,-410.48631250537784,15.574454628303071,-44.732238266996575,1314.1850908007482
0.3702249999999997,-0.0393219361441,-410.47886608294016,15.552252782305919,-44.075145721596066,1314.1850908007482
0.3707249999999996,-0.0387329853144405,-410.4722466958744,15.530379482581479,-43.41805317619584,1314.1850908007482
0.3712249999999996,-0.0392201964705542,-410.46535190765474,15.508834729129727,-42.76096063079546,1314.1850908007482
0.3717249999999996,-0.0411766842018808,-410.4576739693084,15.487618521950681,-42.103868085395085,1314.1850908007482
0.3722249999999997,-0.041879813338478,-410.4498444517732,15.466730861044327,-41.44677553999456,1314.1850908007482
0.3727249999999996,-0.0403598463939873,-410.44240982605504,15.446171746410684,-40.789682994594344,1314.1850908007482
0.3732249999999997,-0.0396764285654199,-410.4350789790103,15.42594117804973,-40.132590449193806,1314.1850908007482
0.3737249999999997,-0.0408253059418146,-410.42799257594976,15.406039155961485,-39.47549790379343,1314.1850908007482
0.3742249999999997,-0.0409738901600683,-410.42128042612336,15.386465680145939,-38.818405358393065,1314.1850908007482
0.3747249999999996,-0.0390761403963906,-410.4145873472917,15.367220750603096,-38.16131281299285,1314.1850908007482
0.3752249999999997,-0.0366412619938633,-410.40792265287484,15.348304367332945,-37.504220267592316,1314.1850908007482
0.3757249999999996,-0.0361681677702704,-410.40130445894033,15.329716530335507,-36.84712772219209,1314.1850908007482
0.3762249999999996,-0.0358436048154923,-410.3944128231194,15.31145723961076,-36.19003517679171,1314.1850908007482
0.3767249999999997,-0.033437893975362,-410.38692698805386,15.29352649515871,-35.53294263139119,1314.1850908007482
0.3772249999999997,-0.031011000747713,-410.37966250052773,15.275924296979364,-34.87585008599081,1314.1850908007482
0.3777249999999996,-0.0300909833437298,-410.3726872317942,15.258650645072722,-34.21875754059058,1314.1850908007482
0.3782249999999997,-0.0292984152275615,-410.36641876355947,15.241705539438776,-33.561664995190064,1314.1850908007482
0.3787249999999996,-0.0273033008402542,-410.3599009206488,15.225088980077533,-32.904572449789846,1314.1850908007482
0.3792249999999996,-0.0245075833643404,-410.35272882229606,15.208800966988989,-32.247479904389465,1314.1850908007482
0.3797249999999996,-0.0218702545339075,-410.34533927534875,15.192841500173143,-31.59038735898909,1314.1850908007482
0.3802249999999997,-0.0201512822302339,-410.3380246395502,15.177210579629994,-30.933294813588567,1314.1850908007482
0.3807249999999996,-0.0182203916175753,-410.3307603950292,15.161908205359554,-30.276202268188342,1314.1850908007482
0.3812249999999997,-0.0156202968638634,-410.32398329338173,15.146934377361806,-29.619109722787815,1314.1850908007482
0.3817249999999997,-0.0132136716892997,-410.3164131089789,15.132289095636764,-28.962017177387438,1314.1850908007482
0.3822249999999997,-0.0119516563545886,-410.3088358030853,15.117972360184417,-28.304924631987067,1314.1850908007482
0.3827249999999996,-0.0112190893673197,-410.3011258824865,15.10398417100478,-27.64783208658685,1314.1850908007482
0.3832249999999997,-0.0107013807931722,-410.29337370904915,15.090324528097835,-26.990739541186322,1314.1850908007482
0.3837249999999996,-0.0097949390702524,-410.2854111631002,15.076993431463594,-26.333646995786093,1314.1850908007482
0.3842249999999996,-0.0095859778372508,-410.27742967555514,15.06399088110205,-25.676554450385716,1314.1850908007482
0.3847249999999997,-0.0106812082595267,-410.2695998423083,15.051316877013203,-25.019461904985192,1314.1850908007482
0.3852249999999997,-0.0109555615363817,-410.26196072807255,15.038971419197063,-24.362369359584815,1314.1850908007482
0.3857249999999996,-0.0096462425742389,-410.2538014063672,15.026954507653619,-23.705276814184582,1314.1850908007482
0.3862249999999997,-0.0094171985573286,-410.24571538799626,15.015266142382877,-23.04818426878407,1314.1850908007482
0.3867249999999996,-0.0104995773714656,-410.23700931679303,15.003906323384838,-22.39109172338385,1314.1850908007482
0.3872249999999996,-0.0126747861507144,-410.2282582460445,14.9928750506595,-21.733999177983474,1314.1850908007482
0.3877249999999996,-0.0137247680239973,-410.21949460428857,14.982172324206852,-21.07690663258309,1314.1850908007482
0.3882249999999997,-0.0136180373926028,-410.21065964864084,14.97179814402691,-20.419814087182573,1314.1850908007482
0.3887249999999996,-0.01503952322891,-410.20171524974876,14.96175251011967,-19.76272154178234,1314.1850908007482
0.3892249999999996,-0.0179768598979792,-410.1926641650281,14.95203542248513,-19.105628996381963,1314.1850908007482
0.3897249999999997,-0.0202306333724494,-410.18403410920394,14.942646881123288,-18.44853645098144,1314.1850908007482
0.3902249999999997,-0.0208272792978311,-410.17536710955574,14.933586886034147,-17.79144390558108,1314.1850908007482
0.3907249999999996,-0.0223305870094035,-410.16672368042606,14.92485543721771,-17.134351360180844,1314.1850908007482
0.3912249999999997,-0.0248900200166609,-410.15757126495214,14.916452534673965,-16.47725881478032,1314.1850908007482
0.3917249999999996,-0.0261109902241664,-410.1484358611031,14.90837817840293,-15.820166269380096,1314.1850908007482
0.3922249999999995,-0.0271089118455345,-410.139443717249,14.90063236840459,-15.163073723979865,1314.1850908007482
0.3927249999999997,-0.0284750013357256,-410.12947835881386,14.893215104678944,-14.505981178579196,1314.1850908007482
0.3932249999999997,-0.0304614817723754,-410.1204451749999,14.88612638722601,-13.848888633178822,1314.1850908007482
0.3937249999999996,-0.0329631024731277,-410.1115530756878,14.879366216045767,-13.191796087778595,1314.1850908007482
0.3942249999999997,-0.0340574210560364,-410.1028067708331,14.87293459113823,-12.534703542378075,1314.1850908007482
0.3947249999999996,-0.0349686690413725,-410.093438812621,14.866831512503394,-11.877610996977843,1314.1850908007482
0.3952249999999996,-0.0350505383760204,-410.0838138871445,14.861056980141251,-11.22051845157747,1314.1850908007482
0.3957249999999996,-0.0346203027382659,-410.0744440101282,14.855610994051814,-10.563425906177098,1314.1850908007482
0.3962249999999997,-0.0354358834535565,-410.06432027697406,14.850493554235072,-9.906333360776577,1314.1850908007482
0.3967249999999996,-0.0344030250705479,-410.0544724167954,14.845704660691036,-9.249240815376345,1314.1850908007482
0.3972249999999996,-0.0322011843121148,-410.04499597082776,14.841244313419699,-8.59214826997597,1314.1850908007482
0.3977249999999997,-0.0320879733665016,-410.0355958536098,14.837112512421061,-7.93505572457545,1314.1850908007482
0.3982249999999997,-0.0304905062077415,-410.0265139688173,14.83330925769512,-7.277963179175078,1314.1850908007482
0.3987249999999996,-0.028100594218823,-410.01671835741536,14.829834549241886,-6.6208706337748495,1314.1850908007482
0.3992249999999998,-0.0270013931245731,-410.0071946988281,14.826688387061353,-5.963778088374253,1314.1850908007482
0.3997249999999996,-0.0255824616894649,-409.99641173445275,14.823870771153516,-5.3066855429741,1314.1850908007482
0.4002249999999995,-0.024156409507286,-409.98599563481935,14.821381701518375,-4.649592997573868,1314.1850908007482
0.4007249999999997,-0.0222210114382094,-409.9757294195929,14.819221178155935,-3.992500452173202,1314.1850908007482
0.4012249999999997,-0.018787725380668,-409.965952755886,14.817389201066202,-3.3354079067728293,1314.1850908007482
0.4017249999999996,-0.0153181377222701,-409.9565324256098,14.815885770249164,-2.6783153613725994,1314.1850908007482
0.4022249999999997,-0.0133397331755105,-409.94626370567255,14.814710885704828,-2.0212228159720795,1314.1850908007482
0.4027249999999996,-0.0099414042968323,-409.9358437592885,14.813864547433191,-1.3641302705718492,1314.1850908007482
0.4032249999999996,-0.0053481974665881,-409.92549418800206,14.813346755434255,-0.7070377251714764,1314.1850908007482
0.4037249999999996,-0.0020123410024175,-409.91423875985265,14.81315750970802,-0.049945179771103264,1314.1850908007482
0.4042249999999997,0.0011713049395398,-409.90380483083663,14.813296810254487,0.6071473656294196,1314.1850908007482
0.4047249999999996,0.0039590025770068,-409.89315178447487,14.81376465707365,1.264239911029648,1314.1850908007482
0.4052249999999996,0.0058297072560061,-409.88339123321265,14.814561050165514,1.921332456430021,1314.1850908007482
0.4057249999999997,0.0094671886364473,-409.87317376131824,14.815685989530085,2.578425001830544,1314.1850908007482
0.4062249999999996,0.0127720501427201,-409.86317153536805,14.817139475167346,3.2355175472307707,1314.1850908007482
0.4067249999999996,0.0141205918918941,-409.8528641033167,14.818921507077311,3.8926100926311475,1314.1850908007482
0.4072249999999998,0.0163177828970648,-409.84289598550373,14.821032085259978,4.549702638031742,1314.1850908007482
0.4077249999999996,0.0195119410517551,-409.8325181380041,14.82347120971534,5.206795183431897,1314.1850908007482
0.4082249999999995,0.0217062840037074,-409.8226250312486,14.826238880443407,5.863887728832124,1314.1850908007482
0.4087249999999997,0.022273155073038,-409.81238639712427,14.829335097444176,6.520980274232793,1314.1850908007482
0.4092249999999996,0.0220097777963971,-409.8024894082267,14.832759860717639,7.1780728196330195,1314.1850908007482
0.4097249999999996,0.0226695368301271,-409.7927344828578,14.836513170263805,7.835165365033396,1314.1850908007482
0.4102249999999997,0.0240033203282989,-409.7826341945228,14.840595026082674,8.492257910433844,1314.1850908007482
0.4107249999999997,0.0230801318745994,-409.7728400034922,14.845005428174241,9.149350455834218,1314.1850908007482
0.4112249999999996,0.0207833242577674,-409.7630384903134,14.84974437653851,9.80644300123452,1314.1850908007482
0.4117249999999997,0.0205936161913316,-409.7530159572146,14.854811871175476,10.463535546634967,1314.1850908007482
0.4122249999999997,0.0210900177526631,-409.74325729536616,14.860207912085146,11.120628092035345,1314.1850908007482
0.4127249999999997,0.0204570508521433,-409.7340347290784,14.865932499267512,11.777720637435719,1314.1850908007482
0.4132249999999996,0.0190476810227887,-409.72555787120683,14.871985632722577,12.43481318283602,1314.1850908007482
0.4137249999999997,0.0179191654705476,-409.7169442190708,14.878367312450349,13.091905728236467,1314.1850908007482
0.4142249999999996,0.0181372266773458,-409.7083429160522,14.885077538450815,13.748998273636769,1314.1850908007482
0.4147249999999996,0.0165859808680087,-409.6993576288106,14.892116310723981,14.406090819037143,1314.1850908007482
0.4152249999999998,0.0135238014926655,-409.69020931798354,14.899483629269856,15.06318336443774,1314.1850908007482
0.4157249999999997,0.0110412098624343,-409.68129703286564,14.907179494088423,15.720275909837966,1314.1850908007482
0.4162249999999995,0.0093148712852752,-409.67247934091074,14.915203905179686,16.377368455238123,1314.1850908007482
0.4167249999999997,0.0076638183339143,-409.66380079296937,14.923556862543661,17.03446100063871,1314.1850908007482
0.4172249999999996,0.0055264096447435,-409.6550490744586,14.93223836618033,17.691553546039017,1314.1850908007482
0.4177249999999996,0.0028915389444154,-409.6467750483484,14.941248416089698,18.34864609143939,1314.1850908007482
0.4182249999999997,0.0010843223717714,-409.6386305253568,14.95058701227177,19.005738636839837,-123.07472859423903
0.4187249999999997,0.0001980485530581,-409.63063108808996,14.960074497249115,18.94420127254272,-123.07472859423903
0.4192249999999996,-0.001252619059801,-409.6222129717327,14.969531213544307,18.882663908245604,-123.07472859423903
0.4197249999999997,-0.0038112701633362,-409.61412408662255,14.978957161157362,18.82112654394848,-123.07472859423903
0.4202249999999997,-0.0061072272603651,-409.6065416446048,14.98835234008826,18.759589179651353,-123.07472859423903
0.4207249999999997,-0.0080159878821708,-409.59871779919274,14.99771675033701,18.69805181535424,-123.07472859423903
0.4212249999999996,-0.0101019277395114,-409.59059987250424,15.007050391903613,18.636514451057128,-123.07472859423903
0.4217249999999997,-0.0130697109499893,-409.5825221815968,15.01635326478807,18.574977086760004,-123.07472859423903
0.4222249999999996,-0.0163025401496837,-409.5746323734701,15.025625368990372,18.5134397224629,-123.07472859423903
0.4227249999999996,-0.017830322987168,-409.5669424697897,15.03486670451053,18.451902358165775,-123.07472859423903
0.4232249999999997,-0.0182974419974417,-409.559860484809,15.04407727134854,18.39036499386864,-123.07472859423903
0.4237249999999997,-0.019661532282965,-409.5528953558176,15.053257069504399,18.32882762957152,-123.07472859423903
0.4242249999999996,-0.0217381354465594,-409.5457565628295,15.062406098978109,18.26729026527442,-123.07472859423903
0.4247249999999997,-0.0234513366927184,-409.53874797074656,15.071524359769676,18.20575290097728,-123.07472859423903
0.4252249999999996,-0.0242488532424207,-409.53217262534724,15.080611851879087,18.14421553668018,-123.07472859423903
0.4257249999999996,-0.0248678995332905,-409.5257648218487,15.089668575306352,18.08267817238306,-123.07472859423903
0.4262249999999997,-0.0263341966857644,-409.5193397531385,15.098694530051473,18.021140808085924,-123.07472859423903
0.4267249999999997,-0.0273452484514677,-409.5127200577762,15.107689716114441,17.959603443788808,-123.07472859423903
0.4272249999999996,-0.0281120565406416,-409.5060084324995,15.11665413349526,17.8980660794917,-123.07472859423903
0.4277249999999997,-0.0283308622756179,-409.4992172140837,15.12558778219393,17.836528715194564,-123.07472859423903
0.4282249999999997,-0.0286519487314016,-409.49221335300945,15.134490662210455,17.774991350897448,-123.07472859423903
0.4287249999999997,-0.029028424745412,-409.48594509772664,15.143362773544832,17.713453986600328,-123.07472859423903
0.4292249999999996,-0.0277757478354877,-409.47918718661714,15.152204116197053,17.65191662230322,-123.07472859423903
0.4297249999999997,-0.0264771596615499,-409.4723376481346,15.161014690167134,17.59037925800609,-123.07472859423903
0.4302249999999996,-0.0255010193673961,-409.4656332607969,15.169794495455061,17.528841893708982,-123.07472859423903
0.4307249999999996,-0.0253507819774165,-409.4588391127566,15.17854353206084,17.467304529411862,-123.07472859423903
0.4312249999999997,-0.0259342624773848,-409.45247277858243,15.187261799984473,17.405767165114728,-123.07472859423903
0.4317249999999997,-0.0247492516043862,-409.4461415637051,15.195949299225957,17.34422980081761,-123.07472859423903
0.4322249999999996,-0.0233103550882734,-409.4397102738511,15.204606029785289,17.282692436520502,-123.07472859423903
0.4327249999999997,-0.0231506444898933,-409.4337494799324,15.213231991662475,17.22115507222337,-123.07472859423903
0.4332249999999996,-0.023064980361551,-409.42741594078893,15.221827184857512,17.159617707926266,-123.07472859423903
0.4337249999999996,-0.0216938825334164,-409.421285196168,15.230391609370402,17.098080343629146,-123.07472859423903
0.4342249999999996,-0.0198770297761267,-409.4147246790076,15.238925265201145,17.036542979332026,-123.07472859423903
0.4347249999999997,-0.0192334063076944,-409.4078789160748,15.247428152349734,16.975005615034892,-123.07472859423903
0.4352249999999996,-0.0178085430214935,-409.4011980729643,15.255900270816175,16.913468250737786,-123.07472859423903
0.4357249999999997,-0.0160339105053013,-409.39517445632316,15.264341620600472,16.851930886440655,-123.07472859423903
0.4362249999999997,-0.0148429775375092,-409.38898550860694,15.27275220170262,16.790393522143532,-123.07472859423903
0.4367249999999997,-0.0133521612944846,-409.3834016202019,15.281132014122615,16.728856157846415,-123.07472859423903
0.4372249999999996,-0.0134772614120015,-409.37744638539846,15.289481057860462,16.66731879354931,-123.07472859423903
0.4377249999999997,-0.0139981277297292,-409.3708600962227,15.297799332916165,16.605781429252175,-123.07472859423903
0.4382249999999996,-0.0122371571253649,-409.36393663231615,15.306086839289716,16.54424406495507,-123.07472859423903
0.4387249999999996,-0.0118185282229202,-409.35729346882545,15.31434357698112,16.48270670065795,-123.07472859423903
0.4392249999999997,-0.0118046756870014,-409.3505783044156,15.322569545990376,16.421169336360816,-123.07472859423903
0.4397249999999997,-0.0113050707273972,-409.3445805880596,15.33076474631748,16.359631972063696,-123.07472859423903
0.4402249999999996,-0.012029425819155,-409.3384315860456,15.338929177962438,16.298094607766593,-123.07472859423903
0.4407249999999997,-0.0125369583703112,-409.3324992005028,15.347062840925247,16.23655724346946,-123.07472859423903
0.4412249999999996,-0.0131104209124949,-409.32629498875275,15.355165735205906,16.17501987917235,-123.07472859423903
0.4417249999999996,-0.0149537779063945,-409.3195382710456,15.36323786080442,16.113482514875233,-123.07472859423903
0.4422249999999996,-0.0172559371122179,-409.3129499000865,15.371279217720783,16.051945150578113,-123.07472859423903
0.4427249999999997,-0.0190133325929421,-409.3066957006286,15.379289805954999,15.990407786280977,-123.07472859423903
0.4432249999999996,-0.0215681732701783,-409.2996389042726,15.387269625507065,15.928870421983873,-123.07472859423903
0.4437249999999997,-0.0244292281191114,-409.29322875383286,15.395218676376984,15.867333057686741,-123.07472859423903
0.4442249999999997,-0.0264107783075635,-409.286553564055,15.403136958564753,15.80579569338962,-123.07472859423903
0.4447249999999997,-0.0286641377151266,-409.28057976421377,15.411024472070372,15.744258329092501,-123.07472859423903
0.4452249999999996,-0.0308268815520785,-409.27442987377134,15.41888121689384,15.682720964795395,-123.07472859423903
0.4457249999999997,-0.0326770062079769,-409.2676213097456,15.426707193035167,15.621183600498261,-123.07472859423903
0.4462249999999996,-0.0356686058709706,-409.2607432426898,15.43450240049434,15.559646236201155,-123.07472859423903
0.4467249999999996,-0.0378786367878893,-409.2543380245087,15.442266839271369,15.498108871904037,-123.07472859423903
0.4472249999999997,-0.0394033859959824,-409.24767849928793,15.450000509366246,15.436571507606901,-123.07472859423903
0.4477249999999997,-0.0420710916726763,-409.2415265289068,15.457703410778976,15.375034143309785,-123.07472859423903
0.4482249999999996,-0.0443609092211387,-409.2357151868661,15.465375543509555,15.313496779012677,-123.07472859423903
0.4487249999999997,-0.0459561971097959,-409.2299002356117,15.473016907557987,15.251959414715543,-123.07472859423903
0.4492249999999996,-0.0478736703581081,-409.22372796552554,15.480627502924268,15.19042205041844,-123.07472859423903
0.4497249999999996,-0.0482892777682623,-409.21754127644834,15.488207329608402,15.128884686121319,-123.07472859423903
0.4502249999999996,-0.0488980214146244,-409.21053783648364,15.49575638761039,15.0673473218242,-123.07472859423903
0.4507249999999997,-0.0498961155589368,-409.20428265457343,15.503274676930229,15.005809957527067,-123.07472859423903
0.4512249999999996,-0.0490685247254361,-409.198246268286,15.510762197567919,14.944272593229963,-123.07472859423903
0.4517249999999996,-0.0484574621865256,-409.1915122096989,15.518218949523458,14.882735228932841,-123.07472859423903
0.4522249999999997,-0.0486840755694705,-409.1855559537891,15.525644932796853,14.82119786463571,-123.07472859423903
0.4527249999999997,-0.0485357961057412,-409.1791201737051,15.533040147388098,14.759660500338589,-123.07472859423903
0.4532249999999996,-0.0479401130697875,-409.1730359266496,15.54040459329719,14.698123136041481,-123.07472859423903
0.4537249999999997,-0.0474852123599854,-409.16602294121014,15.547738270524139,14.636585771744352,-123.07472859423903
0.4542249999999996,-0.0459786202518691,-409.1593193687982,15.555041179068933,14.575048407447243,-123.07472859423903
0.4547249999999995,-0.0444809936023641,-409.1528934416879,15.562313318931583,14.513511043150137,-123.07472859423903
0.4552249999999997,-0.0426065508883827,-409.14642538034553,15.569554690112085,14.451973678852989,-123.07472859423903
0.4557249999999997,-0.0393062312228284,-409.1398407704514,15.576765292610437,14.39043631455587,-123.07472859423903
0.4562249999999996,-0.0364108719347478,-409.13289796664117,15.58394512642664,14.328898950258766,-123.07472859423903
0.4567249999999997,-0.034054955783244,-409.1258301697869,15.591094191560696,14.26736158596163,-123.07472859423903
0.4572249999999996,-0.0309624492129964,-409.11908829682295,15.598212488012605,14.205824221664527,-123.07472859423903
0.4577249999999996,-0.0277822042371139,-409.1123559344183,15.605300015782358,14.144286857367407,-123.07472859423903
0.4582249999999996,-0.0252072686261051,-409.1059603048263,15.61235677486997,14.082749493070287,-123.07472859423903
0.4587249999999997,-0.0225559262491853,-409.0994122565912,15.61938276527543,14.021212128773152,-123.07472859423903
0.4592249999999996,-0.019823878039263,-409.09269787637504,15.626377986998744,13.959674764476048,-123.07472859423903
0.4597249999999996,-0.0170308095001243,-409.08591514057815,15.633342440039906,13.898137400178928,-123.07472859423903
0.4602249999999997,-0.0130675025777451,-409.079179479215,15.640276124398923,13.836600035881794,-123.07472859423903
0.4607249999999997,-0.0091537546305113,-409.0727979203632,15.647179040075788,13.775062671584676,-123.07472859423903
0.4612249999999996,-0.0064360895095417,-409.06662899704725,15.65405118707051,13.713525307287567,-123.07472859423903
0.4617249999999998,-0.0035498048393532,-409.05948557901445,15.660892565383074,13.651987942990429,-123.07472859423903
0.4622249999999996,-0.0007368397776179,-409.05264333535945,15.667703175013497,13.59045057869333,-123.07472859423903
0.4627249999999995,0.0010109693679049,-409.0449997167308,15.67448301596177,13.528913214396223,-123.07472859423903
0.4632249999999997,0.0030293014413932,-409.0379657539193,15.68123208822789,13.46737585009908,-123.07472859423903
0.4637249999999997,0.0046222480750895,-409.03138623737465,15.687950391811867,13.405838485801956,-123.07472859423903
0.4642249999999996,0.0055340303173025,-409.02533052935235,15.694637926713694,13.344301121504852,-123.07472859423903
0.4647249999999997,0.006706896192579,-409.0185687797561,15.701294692933374,13.282763757207718,-123.07472859423903
0.4652249999999996,0.0072655074839638,-409.01163114860935,15.707920690470901,13.221226392910614,-123.07472859423903
0.4657249999999996,0.0077500761804726,-409.0050214065589,15.714515919326283,13.159689028613494,-123.07472859423903
0.4662249999999996,0.0086208206950013,-408.99814348975247,15.721080379499519,13.098151664316374,-123.07472859423903
0.4667249999999997,0.0091319372514328,-408.9910821480833,15.7276140709906,13.03661430001924,-123.07472859423903
0.4672249999999996,0.0099283359728087,-408.984796071411,15.734116993799539,12.975076935722132,-123.07472859423903
0.4677249999999996,0.0103799066189204,-408.97832420383986,15.740589147926324,12.913539571425014,-123.07472859423903
0.4682249999999997,0.0098140291201626,-408.9725989046733,15.747030533370964,12.85200220712788,-123.07472859423903
0.4687249999999996,0.0094507849582533,-408.96611228212714,15.753441150133451,12.790464842830774,-123.07472859423903
0.4692249999999996,0.0093380809009858,-408.9593808968108,15.75982099821379,12.728927478533656,-123.07472859423903
0.4697249999999998,0.0091017952976086,-408.9522730618137,15.766170077611987,12.667390114236515,-123.07472859423903
0.4702249999999996,0.0076985825699636,-408.9450740639827,15.77248838832803,12.605852749939416,-123.07472859423903
0.4707249999999995,0.006276572670384,-408.9377842684548,15.778775930361924,12.544315385642308,-123.07472859423903
0.4712249999999997,0.0055493973943568,-408.9307965096834,15.785032703713668,12.482778021345165,-123.07472859423903
0.4717249999999996,0.0043847556258093,-408.92347136769223,15.791258708383268,12.421240657048056,-123.07472859423903
0.4722249999999996,0.003192031037111,-408.91667220252543,15.797453944370718,12.359703292750938,-123.07472859423903
0.4727249999999997,0.0022352106161884,-408.90918148508797,15.80361841167602,12.298165928453813,-123.07472859423903
0.4732249999999997,0.0019424332415123,-408.90194521975417,15.809752110299174,12.236628564156693,-123.07472859423903
0.4737249999999996,0.0012641981855405,-408.8948104296186,15.815855040240173,12.17509119985958,-123.07472859423903
0.4742249999999997,-0.0010021746749028,-408.88806244081337,15.821927201499033,12.113553835562454,-123.07472859423903
0.4747249999999997,-0.0027003754701451,-408.88149872106186,15.827968594075744,12.052016471265336,-123.07472859423903
0.4752249999999997,-0.0035412821509697,-408.8746279932864,15.833979217970297,11.990479106968214,-123.07472859423903
0.4757249999999996,-0.0052979736013938,-408.8675378015129,15.839959073182706,11.928941742671102,-123.07472859423903
0.4762249999999997,-0.0077768951606132,-408.86033452347874,15.845908159712968,11.867404378373973,-123.07472859423903
0.4767249999999996,-0.0094993839492447,-408.8522603066446,15.851826477561078,11.805867014076862,-123.07472859423903
0.4772249999999996,-0.0104784907968624,-408.8450390285531,15.857714026727045,11.744329649779743,-123.07472859423903
0.4777249999999998,-0.0117108870276045,-408.8375175765511,15.863570807210863,11.682792285482604,-123.07472859423903
0.4782249999999997,-0.0131193014963445,-408.83079183968323,15.869396819012527,11.621254921185496,-123.07472859423903
0.4787249999999995,-0.0148524277596421,-408.82373242461216,15.875192062132047,11.5597175568884,-123.07472859423903
0.4792249999999997,-0.0162739450059654,-408.8166775301651,15.88095653656942,11.498180192591258,-123.07472859423903
0.4797249999999996,-0.017282583491673,-408.80968157568753,15.886690242324637,11.436642828294147,-123.07472859423903
0.4802249999999996,-0.0190969438453591,-408.80278601886874,15.892393179397708,11.375105463997023,-123.07472859423903
0.4807249999999997,-0.0207106805879582,-408.79604731749095,15.898065347788636,11.3135680996999,-123.07472859423903
0.4812249999999997,-0.0212090065307827,-408.78868654974684,15.903706747497411,11.252030735402778,-123.07472859423903
0.4817249999999996,-0.0219250135139576,-408.7820499902139,15.909317378524035,11.190493371105665,-123.07472859423903
0.4822249999999997,-0.0225431409696607,-408.7751690827046,15.914897240868518,11.128956006808542,-123.07472859423903
0.4827249999999997,-0.0227007854685628,-408.7683127881333,15.92044633453085,11.067418642511422,-123.07472859423903
0.4832249999999997,-0.0232997141892976,-408.7617333255127,15.925964659511031,11.005881278214302,-123.07472859423903
0.4837249999999996,-0.0235292340114622,-408.75566829888885,15.93145221580906,10.944343913917187,-123.07472859423903
0.4842249999999997,-0.0235656532915191,-408.7491280876651,15.936909003424946,10.882806549620064,-123.07472859423903
0.4847249999999996,-0.0238408167244709,-408.7428239232767,15.942335022358677,10.821269185322953,-123.07472859423903
0.4852249999999996,-0.024014326021754,-408.7360941158241,15.94773027261027,10.759731821025834,-123.07472859423903
0.4857249999999997,-0.0237866107990847,-408.72952580638093,15.953094754179707,10.698194456728706,-123.07472859423903
0.4862249999999997,-0.0231333167523505,-408.72273068558314,15.958428467066998,10.636657092431582,-123.07472859423903
0.4867249999999996,-0.0226346341313081,-408.7163422167183,15.963731411272136,10.575119728134478,-123.07472859423903
0.4872249999999997,-0.0219947778626384,-408.70916538992344,15.969003586795132,10.513582363837344,-123.07472859423903
0.4877249999999996,-0.0207975422975286,-408.70277712991594,15.97424499363597,10.452044999540238,-123.07472859423903
0.4882249999999996,-0.01945979995854,-408.69585983795895,15.979455631794668,10.390507635243118,-123.07472859423903
0.4887249999999997,-0.017891999326545,-408.688689913409,15.984635501271221,10.328970270945986,-123.07472859423903
0.4892249999999997,-0.0165828591757557,-408.6813419307245,15.989784602065617,10.267432906648866,-123.07472859423903
0.4897249999999996,-0.0151657673982893,-408.67443195993104,15.994902934177869,10.20589554235176,-123.07472859423903
0.4902249999999997,-0.0139826123364497,-408.6679356675156,15.999990497607971,10.144358178054626,-123.07472859423903
0.4907249999999997,-0.0135233472715648,-408.6609587077769,16.005047292355922,10.082820813757507,-123.07472859423903
0.4912249999999997,-0.0132390606785385,-408.6543512740396,16.01007331842173,10.02128344946039,-123.07472859423903
0.4917249999999996,-0.0131256150535654,-408.6479261236824,16.01506857580538,9.959746085163278,-123.07472859423903
0.4922249999999997,-0.0129958091312366,-408.64147127152654,16.020033064506887,9.89820872086615,-123.07472859423903
0.4927249999999996,-0.012491563811907,-408.63507891494686,16.024966784526242,9.836671356569042,-123.07472859423903
0.4932249999999996,-0.0118705430388712,-408.6282442900063,16.029869735863457,9.77513399227192,-123.07472859423903
0.4937249999999997,-0.011433352963219,-408.62161437975044,16.03474191851852,9.713596627974791,-123.07472859423903
0.4942249999999997,-0.0115551227172802,-408.61541658537124,16.039583332491436,9.652059263677673,-123.07472859423903
0.4947249999999996,-0.0108939285073541,-408.60909230293817,16.0443939777822,9.590521899380564,-123.07472859423903
0.4952249999999997,-0.0103829784579384,-408.60281560423476,16.049173854390816,9.528984535083431,-123.07472859423903
0.4957249999999996,-0.0112312027154388,-408.5968312058828,16.053922962317277,9.467447170786325,-123.07472859423903
0.4962249999999996,-0.0132549839636537,-408.59077375261626,16.0586413015616,9.405909806489204,-123.07472859423903
0.4967249999999996,-0.014704858327329,-408.5842729592754,16.063328872123765,9.344372442192086,-123.07472859423903
0.4972249999999997,-0.0152228644827274,-408.57719299908194,16.067985674003793,9.282835077894953,-123.07472859423903
0.4977249999999996,-0.0162538630279313,-408.5701918669627,16.072611707201666,9.221297713597846,-123.07472859423903
0.4982249999999997,-0.018190333664102,-408.56323176720304,16.07720697171739,9.159760349300715,-123.07472859423903
0.4987249999999997,-0.0194811445610692,-408.5568701009135,16.08177146755097,9.098222985003595,-123.07472859423903
0.4992249999999997,-0.0199392657419219,-408.550872743799,16.086305194702394,9.036685620706475,-123.07472859423903
0.4997249999999996,-0.0209624256623694,-408.5446301783966,16.090808153171672,8.97514825640937,-123.07472859423903
0.5002249999999997,-0.022911581124294,-408.5372780063623,16.0952803429588,8.913610892112237,-123.07472859423903
0.5007249999999996,-0.0246380268913854,-408.530553930614,16.099721764063784,8.852073527815124,-123.07472859423903
0.5012249999999996,-0.0258724166517456,-408.52385578518374,16.104132416486618,8.79053616351801,-123.07472859423903
0.5017249999999998,-0.0269470369664967,-408.51720000467543,16.108512300227304,8.728998799220868,-123.07472859423903
0.5022249999999997,-0.0294484013173399,-408.50994206993994,16.112861415285842,8.667461434923757,-123.07472859423903
0.5027249999999996,-0.0319976122104796,-408.50307094176543,16.117179761662225,8.605924070626644,-123.07472859423903
0.5032249999999997,-0.0330964047965274,-408.4960688935178,16.121467339356464,8.54438670632952,-123.07472859423903
0.5037249999999996,-0.0346882685545519,-408.48875394224086,16.12572414836856,8.482849342032406,-123.07472859423903
0.5042249999999997,-0.0359455844425757,-408.4811027461548,16.129950188698498,8.42131197773528,-123.07472859423903
0.5047249999999996,-0.0366602493613382,-408.47357158316265,16.13414546034629,8.359774613438166,-123.07472859423903
0.5052249999999997,-0.0380348633307733,-408.4661264613051,16.13830996331194,8.29823724914104,-123.07472859423903
0.5057249999999996,-0.0386232074828788,-408.4586687818952,16.142443697595432,8.236699884843926,-123.07472859423903
0.5062249999999997,-0.0390762008722652,-408.451437463797,16.146546663196784,8.175162520546802,-123.07472859423903
0.5067249999999996,-0.0402374663965745,-408.44432782028036,16.15061886011598,8.11362515624969,-123.07472859423903
0.5072249999999997,-0.0406985381410197,-408.4371094820628,16.154660288353032,8.052087791952562,-123.07472859423903
0.5077249999999995,-0.0408058091692809,-408.4296973516907,16.158670947907936,7.990550427655463,-123.07472859423903
0.5082249999999997,-0.0402548625636789,-408.4218147067168,16.162650838780685,7.9290130633583225,-123.07472859423903
0.5087249999999996,-0.0396649096052103,-408.4138855289807,16.16659996097129,7.86747569906121,-123.07472859423903
0.5092249999999996,-0.0396140777359452,-408.40625707306464,16.170518314479747,7.805938334764097,-123.07472859423903
0.5097249999999998,-0.0385341889136404,-408.3983498024202,16.174405899306056,7.744400970466957,-123.07472859423903
0.5102249999999997,-0.0365323636645757,-408.39058430034714,16.178262715450217,7.682863606169844,-123.07472859423903
0.5107249999999997,-0.0345545016531799,-408.3824882519054,16.182088762912226,7.621326241872731,-123.07472859423903
0.5112249999999997,-0.0340168279470547,-408.37523465864365,16.185884041692088,7.559788877575605,-123.07472859423903
0.5117249999999997,-0.0335277182096646,-408.36743741107824,16.1896485517898,7.4982515132784915,-123.07472859423903
0.5122249999999997,-0.0314736050799982,-408.35970849093,16.193382293205364,7.436714148981368,-123.07472859423903
0.5127249999999997,-0.0297778241356307,-408.3521368327828,16.197085265938785,7.375176784684254,-123.07472859423903
0.5132249999999997,-0.0293616813000603,-408.3443352814419,16.200757469990048,7.313639420387128,-123.07472859423903
0.5137249999999997,-0.0283493663359462,-408.33638990916944,16.204398905359167,7.252102056090014,-123.07472859423903
0.5142249999999996,-0.0263241245855005,-408.3292910985908,16.208009572046137,7.1905646917929,-123.07472859423903
0.5147249999999997,-0.0238275638210024,-408.3216215908523,16.21158947005096,7.129027327495775,-123.07472859423903
0.5152249999999997,-0.0219546050782666,-408.3144213126471,16.21513859937364,7.06748996319865,-123.07472859423903
0.5157249999999995,-0.0210316946913017,-408.3064576829206,16.218656960014158,7.00595259890155,-123.07472859423903
0.5162249999999997,-0.0190765034146709,-408.29923439208847,16.222144551972537,6.94441523460441,-123.07472859423903
0.5167249999999997,-0.0162900878315164,-408.29082868174953,16.22560137524876,6.882877870307296,-123.07472859423903
0.5172249999999996,-0.0154933822826774,-408.2826530535487,16.229027429842844,6.821340506010184,-123.07472859423903
0.5177249999999998,-0.0159561178887795,-408.2743730111485,16.232422715754772,6.759803141713043,-123.07472859423903
0.5182249999999997,-0.0152888155524925,-408.2661627075199,16.23578723298456,6.698265777415933,-123.07472859423903
0.5187249999999997,-0.0144844655771908,-408.2581603695202,16.23912098153219,6.636728413118818,-123.07472859423903
0.5192249999999997,-0.0138634352710667,-408.25043749473883,16.242423961397677,6.575191048821694,-123.07472859423903
0.5197249999999997,-0.0137772618255333,-408.24198295691883,16.24569617258101,6.513653684524579,-123.07472859423903
0.5202249999999997,-0.0129954338549768,-408.2337921156413,16.248937615082202,6.452116320227453,-123.07472859423903
0.5207249999999997,-0.0116569094825658,-408.2250980878183,16.252148288901243,6.39057895593034,-123.07472859423903
0.5212249999999997,-0.0098850778186734,-408.2167030071967,16.255328194038132,6.329041591633215,-123.07472859423903
0.5217249999999997,-0.0087206659887335,-408.2081444409216,16.258477330492873,6.267504227336102,-123.07472859423903
0.5222249999999996,-0.0081418737496381,-408.20000015895243,16.26159569826547,6.205966863038988,-123.07472859423903
0.5227249999999997,-0.0070034183348746,-408.1919060014298,16.264683297355912,6.144429498741862,-123.07472859423903
0.5232249999999997,-0.0056604548276996,-408.18352806473297,16.26774012776421,6.082892134444735,-123.07472859423903
0.5237249999999996,-0.0055009751953024,-408.1752354430776,16.270766189490356,6.021354770147636,-123.07472859423903
0.5242249999999997,-0.005719022694769,-408.1671385855593,16.273761482534354,5.959817405850497,-123.07472859423903
0.5247249999999997,-0.0058366973640976,-408.1590425264002,16.276726006896208,5.898280041553384,-123.07472859423903
0.5252249999999996,-0.0056810329891119,-408.15137302254925,16.27965976257591,5.836742677256271,-123.07472859423903
0.5257249999999998,-0.0051245248643248,-408.1438756793622,16.282562749573465,5.775205312959131,-123.07472859423903
0.5262249999999997,-0.0054005780034948,-408.1359666651085,16.285434967888865,5.713667948662018,-123.07472859423903
0.5267249999999997,-0.00519479003254,-408.1280224898534,16.288276417522127,5.652130584364905,-123.07472859423903
0.5272249999999997,-0.0048193325777556,-408.11999687946013,16.291087098473234,5.590593220067778,-123.07472859423903
0.5277249999999997,-0.0040420719660497,-408.11183023699357,16.293867010742193,5.529055855770668,-123.07472859423903
0.5282249999999996,-0.0036938429262638,-408.103497196608,16.29661615432901,5.467518491473553,-123.07472859423903
0.5287249999999997,-0.0046122207654657,-408.0954766424411,16.299334529233665,5.405981127176427,-123.07472859423903
0.5292249999999997,-0.0041959690368113,-408.0877886973086,16.30202213545618,5.344443762879301,-123.07472859423903
0.5297249999999997,-0.003192619950007,-408.08049904977645,16.304678972996545,5.282906398582187,-123.07472859423903
0.5302249999999996,-0.0024303517397039,-408.0729379422847,16.307305041854764,5.221369034285075,-123.07472859423903
0.5307249999999997,-0.0024435828039485,-408.06545483465106,16.309900342030833,5.159831669987949,-123.07472859423903
0.5312249999999996,-0.0029718040433271,-408.0576502766882,16.31246487352475,5.098294305690835,-123.07472859423903
0.5317249999999996,-0.0019529722954522,-408.0499739381882,16.31499863633652,5.0367569413937225,-123.07472859423903
0.5322249999999997,-0.0007299630213485,-408.0420130459646,16.317501630466143,4.975219577096584,-123.07472859423903
0.5327249999999997,-0.0017871123598662,-408.03456572535055,16.319973855913616,4.913682212799469,-123.07472859423903
0.5332249999999996,-0.0036081371422457,-408.02760590117833,16.32241531267894,4.852144848502358,-123.07472859423903
0.5337249999999998,-0.0041094620598996,-408.020567836536,16.32482600076212,4.790607484205217,-123.07472859423903
0.5342249999999996,-0.0034291174674183,-408.0140456216974,16.327205920163152,4.729070119908118,-123.07472859423903
0.5347249999999997,-0.0044676567666688,-408.0070106545127,16.32955507088203,4.667532755610992,-123.07472859423903
0.5352249999999997,-0.0061416282695013,-407.99943642551085,16.33187345291876,4.605995391313867,-123.07472859423903
0.5357249999999997,-0.006023526987289,-407.9917159862635,16.334161066273342,4.544458027016754,-123.07472859423903
0.5362249999999996,-0.006044393715457,-407.98437036005805,16.336417910945777,4.482920662719641,-123.07472859423903
0.5367249999999997,-0.0054561387531157,-407.9768624053156,16.338643986936063,4.421383298422515,-123.07472859423903
0.5372249999999997,-0.0064428084158963,-407.96976930503575,16.3408392942442,4.359845934125387,-123.07472859423903
0.5377249999999997,-0.0079337250123732,-407.9621728866189,16.34300383287019,4.298308569828275,-123.07472859423903
0.5382249999999996,-0.0071773307049341,-407.95536108817635,16.345137602814027,4.236771205531163,-123.07472859423903
0.5387249999999997,-0.0070050136511943,-407.94836299874777,16.34724060407572,4.175233841234035,-123.07472859423903
0.5392249999999996,-0.0069902056832268,-407.94160919688693,16.349312836655262,4.113696476936923,-123.07472859423903
0.5397249999999996,-0.0080876412860211,-407.9345947094181,16.351354300552654,4.052159112639811,-123.07472859423903
0.5402249999999997,-0.0097445755679778,-407.9279933571506,16.353364995767897,3.9906217483426696,-123.07472859423903
0.5407249999999997,-0.0085858853987466,-407.9208221301839,16.355344922300997,3.929084384045557,-123.07472859423903
0.5412249999999996,-0.0084932460139085,-407.91396226997153,16.357294080151945,3.8675470197484456,-123.07472859423903
0.5417249999999998,-0.009494606512677,-407.90690708145604,16.35921246932075,3.8060096554513048,-123.07472859423903
0.5422249999999996,-0.0082960652082306,-407.9000727644277,16.361100089807397,3.744472291154205,-123.07472859423903
0.5427249999999997,-0.0062082006674416,-407.8934160535232,16.362956941611902,3.68293492685708,-123.07472859423903
0.5432249999999997,-0.0047696987701783,-407.88625901170525,16.364783024734255,3.621397562559954,-123.07472859423903
0.5437249999999997,-0.0037655598437766,-407.87950842321953,16.366578339174463,3.55986019826284,-123.07472859423903
0.5442249999999996,-0.0027139702562748,-407.87279265586074,16.368342884932517,3.498322833965727,-123.07472859423903
0.5447249999999997,-0.0011246680805447,-407.86660831110436,16.370076662008426,3.436785469668601,-123.07472859423903
0.5452249999999996,0.0010304731642967,-407.8601608983326,16.371779670402187,3.3752481053714884,-123.07472859423903
0.5457249999999997,0.0024528940716179,-407.85360725535224,16.3734519101138,3.3137107410743623,-123.07472859423903
0.5462249999999996,0.0032044026959768,-407.84704365669944,16.375093381143262,3.252173376777249,-123.07472859423903
0.5467249999999997,0.0050610097629586,-407.8405537602996,16.376704083490573,3.1906360124801227,-123.07472859423903
0.5472249999999996,0.0075093848773167,-407.8336732847507,16.378284017155742,3.12909864818301,-123.07472859423903
0.5477249999999996,0.0084344513082411,-407.8271309292661,16.379833182138757,3.0675612838858983,-123.07472859423903
0.5482249999999997,0.0098202159385554,-407.82046421046954,16.38135157843963,3.0060239195887575,-123.07472859423903
0.5487249999999997,0.0111473261933622,-407.8139832055266,16.382839206058346,2.9444865552916437,-123.07472859423903
0.5492249999999996,0.0126867815593235,-407.8074318757857,16.38429606499492,2.882949190994532,-123.07472859423903
0.5497249999999998,0.0141579873835848,-407.801108999868,16.38572215524934,2.8214118266973913,-123.07472859423903
0.5502249999999996,0.0133570782584617,-407.79407896345697,16.387117476821615,2.7598744624002927,-123.07472859423903
0.5507249999999997,0.0115789430196949,-407.7868108758678,16.38848202971174,2.6983370981031656,-123.07472859423903
0.5512249999999997,0.0110739339059945,-407.77959996600765,16.389815813919718,2.6367997338060403,-123.07472859423903
0.5517249999999997,0.0118883640017866,-407.77239427367726,16.391118829445546,2.5752623695089265,-123.07472859423903
0.5522249999999996,0.0101493212420632,-407.76477957186563,16.392391076289226,2.513725005211814,-123.07472859423903
0.5527249999999997,0.0070134562463945,-407.7569876296019,16.393632554450758,2.4521876409146883,-123.07472859423903
0.5532249999999996,0.0068171189178006,-407.7499514152009,16.39484326393014,2.3906502766175746,-123.07472859423903
0.5537249999999997,0.0066189663892972,-407.74265276318874,16.396023204727378,2.3291129123204484,-123.07472859423903
0.5542249999999996,0.0052105986469704,-407.7357015383127,16.397172376842462,2.2675755480233355,-123.07472859423903
0.5547249999999997,0.0035678070787776,-407.7284177558991,16.398290780275403,2.2060381837262093,-123.07472859423903
0.5552249999999996,0.0016660520847259,-407.7210272010727,16.399378415026188,2.144500819429096,-123.07472859423903
0.5557249999999996,0.0017024424428144,-407.7138693319767,16.40043528109483,2.082963455131985,-123.07472859423903
0.5562249999999997,0.0001753394512456,-407.70669130136076,16.401461378481322,2.0214260908348454,-123.07472859423903
0.5567249999999997,-0.0041369153538937,-407.699575705447,16.402456707185664,1.9598887265377307,-123.07472859423903
0.5572249999999996,-0.0068249887024552,-407.69269375492235,16.403421267207857,1.8983513622406187,-123.07472859423903
0.5577249999999998,-0.0083972164405765,-407.685864477581,16.404355058547907,1.8368139979434779,-123.07472859423903
0.5582249999999996,-0.0116527326060309,-407.6789673597241,16.4052580812058,1.7752766336463786,-123.07472859423903
0.5587249999999997,-0.0147346460538905,-407.67140508152676,16.406130335181555,1.7137392693492528,-123.07472859423903
0.5592249999999996,-0.016975769899377,-407.6642299472026,16.406971820475153,1.6522019050521397,-123.07472859423903
0.5597249999999997,-0.0189127624207562,-407.6558019429126,16.407782537086604,1.5906645407550137,-123.07472859423903
0.5602249999999996,-0.0200894692419204,-407.6477672435835,16.40856248501591,1.5291271764579015,-123.07472859423903
0.5607249999999997,-0.0212381294205924,-407.6391466714207,16.409311664263058,1.4675898121607744,-123.07472859423903
0.5612249999999996,-0.0228222084450847,-407.6308116384238,16.410030074828068,1.4060524478636618,-123.07472859423903
0.5617249999999997,-0.0246328883654941,-407.62248801865627,16.410717716710927,1.3445150835665354,-123.07472859423903
0.5622249999999995,-0.0254023622163905,-407.61441815059334,16.41137458991163,1.2829777192694365,-123.07472859423903
0.5627249999999997,-0.0269254484590759,-407.6062975452703,16.412000694430194,1.2214403549722952,-123.07472859423903
0.5632249999999996,-0.0284643832703644,-407.59819494166646,16.412596030266606,1.1599029906751834,-123.07472859423903
0.5637249999999996,-0.030255372705696,-407.5895559780041,16.413160597420866,1.0983656263780712,-123.07472859423903
0.5642249999999998,-0.0316925129145075,-407.58131494583915,16.413694395892982,1.0368282620809322,-123.07472859423903
0.5647249999999997,-0.0311081707765957,-407.57321451142127,16.41419742568295,0.9752908977838183,-123.07472859423903
0.5652249999999996,-0.0317582396522929,-407.5651652488965,16.41466968679077,0.9137535334867053,-123.07472859423903
0.5657249999999997,-0.0328359012504057,-407.5567793038429,16.41511117921644,0.8522161691895782,-123.07472859423903
0.5662249999999996,-0.0329451205472321,-407.5477886946618,16.415521902959963,0.790678804892466,-123.07472859423903
0.5667249999999997,-0.0325182152666292,-407.5390129301369,16.41590185802133,0.7291414405953399,-123.07472859423903
0.5672249999999996,-0.0320564954480442,-407.5297599084294,16.416251044400553,0.6676040762982269,-123.07472859423903
0.5677249999999997,-0.0326995388037727,-407.5204950390345,16.41656946209763,0.6060667120011008,-123.07472859423903
0.5682249999999996,-0.0334729575816208,-407.5107261538483,16.416857111112556,0.5445293477039879,-123.07472859423903
0.5687249999999997,-0.033052284946442,-407.5011728710024,16.417113991445333,0.48299198340686084,-123.07472859423903
0.5692249999999996,-0.0321511684762991,-407.49137591774553,16.41734010309596,0.42145461910974874,-123.07472859423903
0.5697249999999997,-0.0319605421068329,-407.4818670268914,16.41753544606444,0.35991725481262177,-123.07472859423903
0.5702249999999995,-0.0329260979988396,-407.4711556692754,16.41770002035077,0.29837989051552266,-123.07472859423903
0.5707249999999997,-0.0328407853550733,-407.4608535914146,16.417833825954958,0.2368425262183835,-123.07472859423903
0.5712249999999996,-0.0319070853697533,-407.45074066615325,16.41793686287699,0.17530516192127052,-123.07472859423903
0.5717249999999996,-0.0325743235847515,-407.4400944574864,16.418009131116875,0.11376779762415842,-123.07472859423903
0.5722249999999998,-0.0323541291809609,-407.42958132328744,16.418050630674614,0.052230433327018363,-123.07472859423903
0.5727249999999997,-0.0328282575315151,-407.4191498391281,16.418061361550205,-0.009306930970095406,-123.07472859423903
0.5732249999999997,-0.0329240936438294,-407.4082822263551,16.418041323743648,-0.07084429526720848,-123.07472859423903
0.5737249999999997,-0.0317372188833174,-407.39802919264434,16.417990517254935,-0.13238165956433362,-123.07472859423903
0.5742249999999997,-0.0324196134588801,-407.38707282605685,16.417908942084082,-0.19391902386144672,-123.07472859423903
0.5747249999999997,-0.0336996079163304,-407.3767961208104,16.417796598231078,-0.25545638815857363,-123.07472859423903
0.5752249999999997,-0.0341971161643376,-407.36591187173434,16.417653485695926,-0.31699375245568584,-123.07472859423903
0.5757249999999997,-0.0344751654633829,-407.35488347229847,16.417479604478622,-0.3785311167528127,-123.07472859423903
0.5762249999999997,-0.0332619102252817,-407.3438285357263,16.41727495457917,-0.44006848104992574,-123.07472859423903
0.5767249999999996,-0.0335641473423426,-407.33283400487943,16.417039535997574,-0.501605845347037,-123.07472859423903
0.5772249999999997,-0.0339859106009844,-407.3224233122071,16.416773348733827,-0.5631432096441649,-123.07472859423903
0.5777249999999997,-0.0318311898207233,-407.31171287480305,16.416476392787924,-0.624680573941291,-123.07472859423903
0.5782249999999995,-0.0302996804925704,-407.30086594366185,16.41614866815988,-0.6862179382383901,-123.07472859423903
0.5787249999999997,-0.0303029434134756,-407.28912688464743,16.41579017484969,-0.7477553025355292,-123.07472859423903
0.5792249999999997,-0.0291426153815892,-407.2778490968622,16.415400912857343,-0.8092926668326431,-123.07472859423903
0.5797249999999996,-0.0277071558221714,-407.26714151772325,16.414980882182856,-0.8708300311297552,-123.07472859423903
0.5802249999999998,-0.0270609693201554,-407.2561042372913,16.414530082826218,-0.9323673954268953,-123.07472859423903
0.5807249999999997,-0.026200842811329,-407.24510711733785,16.414048514787428,-0.9939047597240076,-123.07472859423903
0.5812249999999997,-0.0264431174241943,-407.23422119415875,16.413536178066494,-1.0554421240211205,-123.07472859423903
0.5817249999999997,-0.0267898441146718,-407.22258487268135,16.41299307266341,-1.1169794883182464,-123.07472859423903
0.5822249999999997,-0.0255835431602224,-407.21122417033314,16.412419198578174,-1.1785168526153604,-123.07472859423903
0.5827249999999997,-0.0253485968154515,-407.1996726682049,16.411814555810793,-1.2400542169124864,-123.07472859423903
0.5832249999999997,-0.026282328944139,-407.1883863695636,16.411179144361267,-1.3015915812095995,-123.07472859423903
0.5837249999999997,-0.0255377090546224,-407.17742198713626,16.410512964229582,-1.3631289455067255,-123.07472859423903
0.5842249999999997,-0.0247681924661987,-407.1661248718718,16.409816015415757,-1.4246663098038386,-123.07472859423903
0.5847249999999996,-0.02463150198228,-407.1550380341229,16.40908829791978,-1.4862036741009508,-123.07472859423903
0.5852249999999997,-0.0246073760509302,-407.1442376018469,16.408329811741655,-1.5477410383980776,-123.07472859423903
0.5857249999999997,-0.0256987621640862,-407.1332265653472,16.407540556881383,-1.609278402695204,-123.07472859423903
0.5862249999999996,-0.0258793373070295,-407.1224823556359,16.40672053333896,-1.6708157669923027,-123.07472859423903
0.5867249999999997,-0.0251064975309537,-407.11153080679117,16.40586974111439,-1.732353131289443,-123.07472859423903
0.5872249999999997,-0.02506271706548,-407.1008528165099,16.40498818020767,-1.7938904955865558,-123.07472859423903
0.5877249999999996,-0.0266237260953817,-407.0899272245552,16.4040758506188,-1.855427859883668,-123.07472859423903
0.5882249999999998,-0.026729990257582,-407.0791164507332,16.403132752347783,-1.916965224180808,-123.07472859423903
0.5887249999999997,-0.0255586849984626,-407.0687400364846,16.402158885394623,-1.978502588477921,-123.07472859423903
0.5892249999999997,-0.0262345271765188,-407.0584614958207,16.40115424975931,-2.040039952775034,-123.07472859423903
0.5897249999999997,-0.026228797077061,-407.04827337986893,16.40011884544185,-2.1015773170721603,-123.07472859423903
0.5902249999999997,-0.0262719282253508,-407.03790857871024,16.399052672442238,-2.163114681369274,-123.07472859423903
0.5907249999999996,-0.0259217973267423,-407.02779440927213,16.39795573076048,-2.224652045666385,-123.07472859423903
0.5912249999999997,-0.0249457957048051,-407.0177705706504,16.396828020396573,-2.2861894099635123,-123.07472859423903
0.5917249999999997,-0.0259832323853446,-407.00752911391254,16.395669541350514,-2.3477267742606385,-123.07472859423903
0.5922249999999997,-0.0262194450113409,-406.99734096537304,16.39448029362231,-2.4092641385577513,-123.07472859423903
0.5927249999999996,-0.0251358380940675,-406.98731684823764,16.393260277211954,-2.470801502854863,-123.07472859423903
0.5932249999999997,-0.0239634079964528,-406.9771266524906,16.392009492119456,-2.532338867151991,-123.07472859423903
0.5937249999999996,-0.0227943903402704,-406.9668457719523,16.390727938344803,-2.593876231449102,-123.07472859423903
0.5942249999999996,-0.0217052666781687,-406.95596510052314,16.38941561588801,-2.655413595746216,-123.07472859423903
0.5947249999999997,-0.0198983805894209,-406.9452194326755,16.388072524749056,-2.7169509600433557,-123.07472859423903
0.5952249999999997,-0.0178418546687,-406.93443567492477,16.386698664927962,-2.778488324340468,-123.07472859423903
0.5957249999999996,-0.0160977367275324,-406.92450333296546,16.385294036424714,-2.84002568863758,-123.07472859423903
0.5962249999999998,-0.0150594042559584,-406.9153066941894,16.383858639239325,-2.9015630529347214,-123.07472859423903
0.5967249999999996,-0.0144713739418443,-406.90613099889646,16.38239247337178,-2.96310041723182,-123.07472859423903
0.5972249999999997,-0.0128247599416357,-406.8972411922103,16.38089553882209,-3.024637781528948,-123.07472859423903
0.5977249999999997,-0.0113440927327194,-406.88775131012966,16.37936783559025,-3.086175145826073,-123.07472859423903
0.5982249999999997,-0.0107332290866638,-406.8781340133417,16.377809363676267,-3.1477125101231858,-123.07472859423903
0.5987249999999996,-0.0087189054664759,-406.86854274364134,16.37622012308013,-3.209249874420299,-123.07472859423903
0.5992249999999997,-0.0067007661635596,-406.8593688608807,16.374600113801844,-3.2707872387174253,-123.07472859423903
0.5997249999999997,-0.0042750572294175,-406.8507951467674,16.372949335841415,-3.3323246030145515,-123.07472859423903
0.6002249999999997,-0.0016258606182661,-406.8425106378636,16.371267789198832,-3.393861967311665,-123.07472859423903
0.6007249999999996,-0.0001329186252972,-406.83374710174866,16.369555473874097,-3.4553993316087763,-123.07472859423903
0.6012249999999997,0.0021125198153924,-406.82504506140293,16.367812389867225,-3.5169366959059043,-123.07472859423903
0.6017249999999996,0.0043790910652619,-406.81628583346054,16.366038537178195,-3.5784740602030163,-123.07472859423903
0.6022249999999996,0.0056300271052144,-406.80761450751726,16.36423391580702,-3.640011424500129,-123.07472859423903
0.6027249999999997,0.0073124892087382,-406.79927113049274,16.362398525753694,-3.7015487887972687,-123.07472859423903
0.6032249999999997,0.008663034627233,-406.791066203974,16.360532367018223,-3.763086153094383,-123.07472859423903
0.6037249999999996,0.0090025797684824,-406.78318302146846,16.358635439600597,-3.824623517391494,-123.07472859423903
0.6042249999999998,0.0095754216169321,-406.775546894175,16.356707743500827,-3.886160881688634,-123.07472859423903
0.6047249999999996,0.0107552498478734,-406.7679159267607,16.354749278718913,-3.9476982459857335,-123.07472859423903
0.6052249999999997,0.010493720012822,-406.7597317157324,16.352760045254843,-4.009235610282859,-123.07472859423903
0.6057249999999997,0.0100181529368885,-406.75191542329316,16.35074004310863,-4.070772974579985,-123.07472859423903
0.6062249999999997,0.0097765885665734,-406.7439711967945,16.34868927228026,-4.132310338877098,-123.07472859423903
0.6067249999999996,0.0091280286520586,-406.7365989419378,16.346607732769755,-4.193847703174212,-123.07472859423903
0.6072249999999997,0.00863844572169,-406.72866837121404,16.34449542457709,-4.255385067471337,-123.07472859423903
0.6077249999999996,0.0074974823087446,-406.7217791786407,16.34235234770228,-4.316922431768451,-123.07472859423903
0.6082249999999997,0.0058242648160154,-406.7152160040675,16.34017850214532,-4.3784597960655764,-123.07472859423903
0.6087249999999996,0.0042095665200846,-406.7085372245606,16.337973887906212,-4.43999716036269,-123.07472859423903
0.6092249999999997,0.0026178319625646,-406.70154643787333,16.33573850498496,-4.5015345246598155,-123.07472859423903
0.6097249999999996,0.000304140559865,-406.6947391296499,16.333472353381556,-4.563071888956928,-123.07472859423903
0.6102249999999996,-0.0023567948189589,-406.6879265091503,16.331175433096007,-4.624609253254042,-123.07472859423903
0.6107249999999997,-0.0041403273930331,-406.6810672859334,16.328847744128304,-4.686146617551182,-123.07472859423903
0.6112249999999997,-0.0065923079330101,-406.67428457674697,16.326489286478452,-4.7476839818482945,-123.07472859423903
0.6117249999999996,-0.0092172871715997,-406.6685925877514,16.324100060146453,-4.809221346145407,-123.07472859423903
0.6122249999999998,-0.0107663534759692,-406.6625282501209,16.32168006513231,-4.870758710442547,-123.07472859423903
0.6127249999999996,-0.0127939786056613,-406.6569423186028,16.31922930143601,-4.9322960747396465,-123.07472859423903
0.6132249999999997,-0.0149317908905154,-406.6501863445671,16.316747769057567,-4.993833439036773,-123.07472859423903
0.6137249999999997,-0.016285859337996,-406.64399846837466,16.314235467996973,-5.0553708033339,-123.07472859423903
0.6142249999999997,-0.0181726422771222,-406.63775259392884,16.311692398254227,-5.116908167631012,-123.07472859423903
0.6147249999999996,-0.019724449330884,-406.63207125327494,16.309118559829344,-5.178445531928125,-123.07472859423903
0.6152249999999997,-0.021412465767987,-406.6264547286717,16.306513952722305,-5.239982896225252,-123.07472859423903
0.6157249999999996,-0.0228488418843745,-406.6203567483656,16.303878576933116,-5.301520260522365,-123.07472859423903
0.6162249999999997,-0.0235988553911642,-406.61388952352104,16.301212432461778,-5.36305762481949,-123.07472859423903
0.6167249999999996,-0.0258821498606778,-406.60810903801644,16.2985155193083,-5.424594989116603,-123.07472859423903
0.6172249999999997,-0.0270053894432772,-406.6015668804659,16.295787837472663,-5.486132353413729,-123.07472859423903
0.6177249999999996,-0.0269701719800017,-406.5958875205236,16.293029386954885,-5.547669717710842,-123.07472859423903
0.6182249999999996,-0.0284683796318722,-406.59040802006774,16.290240167754956,-5.609207082007956,-123.07472859423903
0.6187249999999997,-0.0299433423122534,-406.5843411789713,16.287420179872875,-5.670744446305095,-123.07472859423903
0.6192249999999997,-0.0309241382921304,-406.57856226980454,16.28456942330865,-5.732281810602207,-123.07472859423903
0.6197249999999996,-0.0311518393101681,-406.5721819666585,16.281687898062277,-5.79381917489932,-123.07472859423903
0.6202249999999998,-0.031190258699653,-406.565941321699,16.278775604133745,-5.855356539196461,-123.07472859423903
0.6207249999999996,-0.0315893486599922,-406.5599999208336,16.27583254152308,-5.916893903493559,-123.07472859423903
0.6212249999999997,-0.0322576754280111,-406.5534416889704,16.272858710230256,-5.978431267790687,-123.07472859423903
0.6217249999999996,-0.031915109177357,-406.54671386054144,16.269854110255284,-6.039968632087799,-123.07472859423903
0.6222249999999997,-0.0310729778717016,-406.5394140781715,16.266818741598172,-6.101505996384925,-123.07472859423903
0.6227249999999996,-0.0313342234513866,-406.53231160444545,16.2637526042589,-6.163043360682038,-123.07472859423903
0.6232249999999997,-0.0316919766971029,-406.52596572572367,16.260655698237485,-6.224580724979163,-123.07472859423903
0.6237249999999996,-0.0313165860597873,-406.5191821896779,16.257528023533922,-6.286118089276276,-123.07472859423903
0.6242249999999997,-0.0319035324323343,-406.5127562609588,16.254369580148207,-6.347655453573403,-123.07472859423903
0.6247249999999995,-0.0321078429925184,-406.50647433295535,16.25118036808035,-6.409192817870501,-123.07472859423903
0.6252249999999997,-0.0317251404996152,-406.49886032842306,16.247960387330338,-6.470730182167642,-123.07472859423903
0.6257249999999996,-0.0328225751153636,-406.4915516768024,16.244709637898183,-6.532267546464755,-123.07472859423903
0.6262249999999996,-0.0327921983301295,-406.4835204986886,16.241428119783876,-6.593804910761868,-123.07472859423903
0.6267249999999998,-0.0323929047585228,-406.47582597619913,16.238115832987422,-6.6553422750590085,-123.07472859423903
0.6272249999999997,-0.0329669070306642,-406.4681016823554,16.23477277750882,-6.7168796393561205,-123.07472859423903
0.6277249999999996,-0.03318893302319,-406.46103291945184,16.231398953348062,-6.778417003653233,-123.07472859423903
0.6282249999999997,-0.0341270681220431,-406.45306131619924,16.227994360505164,-6.83995436795036,-123.07472859423903
0.6287249999999996,-0.0345562547710342,-406.4448466683849,16.224558998980115,-6.9014917322474725,-123.07472859423903
0.6292249999999997,-0.0352322870426587,-406.43643543298566,16.221092868772917,-6.963029096544599,-123.07472859423903
0.6297249999999996,-0.0373599407124603,-406.4281737088072,16.21759596988357,-7.024566460841712,-123.07472859423903
0.6302249999999997,-0.039073896483382,-406.4198785912141,16.214068302312075,-7.086103825138837,-123.07472859423903
0.6307249999999996,-0.0399960090801493,-406.41184871407575,16.210509866058427,-7.147641189435951,-123.07472859423903
0.6312249999999997,-0.0411524604959477,-406.4041571326232,16.206920661122634,-7.209178553733077,-123.07472859423903
0.6317249999999996,-0.0428484584079458,-406.39648946493935,16.203300687504697,-7.27071591803019,27.70188754774278
0.6322249999999997,-0.0441439807688139,-406.38825223987567,16.19966879228162,-7.256864974256317,27.70188754774278
0.6327249999999995,-0.0440757002147829,-406.3800001081409,16.19604382253044,-7.24301403048245,27.70188754774278
0.6332249999999997,-0.0448755554551771,-406.37132645862823,16.192425778251142,-7.229163086708574,27.70188754774278
0.6337249999999996,-0.0456785450335732,-406.3626603904628,16.18881465944373,-7.215312142934704,27.70188754774278
0.6342249999999996,-0.0459530128755237,-406.35421570980145,16.18521046610821,-7.201461199160835,27.70188754774278
0.6347249999999998,-0.0464704205730915,-406.3458713577205,16.18161319824457,-7.187610255386958,27.70188754774278
0.6352249999999997,-0.0472025408397338,-406.3374616730237,16.17802285585282,-7.173759311613088,27.70188754774278
0.6357249999999997,-0.0477469759926513,-406.3290315727288,16.174439438932957,-7.159908367839218,27.70188754774278
0.6362249999999997,-0.0473145714942982,-406.3203902913272,16.17086294748498,-7.146057424065345,27.70188754774278
0.6367249999999997,-0.0472241353368427,-406.31197214644675,16.167293381508895,-7.132206480291476,27.70188754774278
0.6372249999999997,-0.0472054919025201,-406.3034807391687,16.163730741004684,-7.118355536517602,27.70188754774278
0.6377249999999997,-0.0459811200001771,-406.29498531327727,16.16017502597237,-7.104504592743732,27.70188754774278
0.6382249999999997,-0.0450900057408002,-406.2865568922245,16.156626236411945,-7.09065364896986,27.70188754774278
0.6387249999999997,-0.0449294249046662,-406.2780647462463,16.153084372323406,-7.07680270519599,27.70188754774278
0.6392249999999996,-0.0452069906637177,-406.2697799561823,16.149549433706753,-7.06295176142212,27.70188754774278
0.6397249999999997,-0.0451877335293377,-406.2612115060662,16.146021420561983,-7.049100817648247,27.70188754774278
0.6402249999999997,-0.0450926098641982,-406.25285031401444,16.142500332889103,-7.035249873874374,27.70188754774278
0.6407249999999995,-0.0461621789691741,-406.2443585764529,16.13898617068811,-7.021398930100507,27.70188754774278
0.6412249999999997,-0.0470050172875525,-406.23616663308326,16.135478933959,-7.007547986326633,27.70188754774278
0.6417249999999997,-0.0474243069257191,-406.22729204584255,16.13197862270178,-6.993697042552762,27.70188754774278
0.6422249999999996,-0.0476088406687788,-406.2188646558934,16.128485236916447,-6.979846098778893,27.70188754774278
0.6427249999999998,-0.0476303579022301,-406.2104236767948,16.124998776603004,-6.965995155005015,27.70188754774278
0.6432249999999997,-0.0480661367249915,-406.2024665166194,16.121519241761444,-6.952144211231147,27.70188754774278
0.6437249999999997,-0.047812639448987,-406.19420546770635,16.118046632391774,-6.938293267457277,27.70188754774278
0.6442249999999997,-0.0474919168320583,-406.18556824600756,16.114580948493984,-6.924442323683403,27.70188754774278
0.6447249999999997,-0.047903834640227,-406.1767231557458,16.11112219006809,-6.910591379909532,27.70188754774278
0.6452249999999997,-0.0484324352210749,-406.1685622595433,16.107670357114078,-6.89674043613566,27.70188754774278
0.6457249999999997,-0.048897231287633,-406.15981512803387,16.10422544963195,-6.88288949236179,27.70188754774278
0.6462249999999997,-0.0500140694718914,-406.1516831427745,16.10078746762171,-6.869038548587917,27.70188754774278
0.6467249999999997,-0.0506935871644174,-406.1434291756647,16.09735641108336,-6.8551876048140485,27.70188754774278
0.6472249999999996,-0.0504717965190487,-406.13556230735037,16.0939322800169,-6.841336661040177,27.70188754774278
0.6477249999999997,-0.0504397935464092,-406.12718182973225,16.09051507442232,-6.827485717266304,27.70188754774278
0.6482249999999997,-0.0501953669891272,-406.11850554152613,16.087104794299634,-6.813634773492432,27.70188754774278
0.6487249999999996,-0.0491989594769297,-406.10967999721504,16.083701439648834,-6.799783829718565,27.70188754774278
0.6492249999999997,-0.0474157320370948,-406.10080916420543,16.080305010469917,-6.785932885944689,27.70188754774278
0.6497249999999997,-0.0459990250412488,-406.0919391679871,16.076915506762887,-6.77208194217082,27.70188754774278
0.6502249999999996,-0.0450641597439526,-406.0829580430756,16.073532928527747,-6.75823099839695,27.70188754774278
0.6507249999999998,-0.0438737668548539,-406.07448882984716,16.07015727576449,-6.744380054623073,27.70188754774278
0.6512249999999997,-0.0429073501420814,-406.066534299119,16.06678854847312,-6.730529110849203,27.70188754774278
0.6517249999999997,-0.0426190875579174,-406.058526014029,16.063426746653644,-6.716678167075334,27.70188754774278
0.6522249999999997,-0.0421259053916069,-406.0502427651118,16.06007187030605,-6.702827223301461,27.70188754774278
0.6527249999999997,-0.0411042277083001,-406.0412360383266,16.05672391943034,-6.6889762795275916,27.70188754774278
0.6532249999999996,-0.0397307098714545,-406.0326839319366,16.05338289402652,-6.675125335753721,27.70188754774278
0.6537249999999997,-0.0382708952520209,-406.0238647156005,16.050048794094586,-6.661274391979847,27.70188754774278
0.6542249999999997,-0.0367840142685714,-406.01515413570655,16.04672161963454,-6.647423448205975,27.70188754774278
0.6547249999999997,-0.0345325604393496,-406.0073781952469,16.04340137064638,-6.633572504432105,27.70188754774278
0.6552249999999996,-0.0313559171084074,-405.9995172779647,16.04008804713011,-6.619721560658236,27.70188754774278
0.6557249999999997,-0.0291075913328958,-405.9913315259556,16.036781649085718,-6.605870616884363,27.70188754774278
0.6562249999999996,-0.0262608951897998,-405.9830200874601,16.033482176513225,-6.592019673110493,27.70188754774278
0.6567249999999996,-0.023631608131917,-405.9742879070327,16.03018962941261,-6.578168729336623,27.70188754774278
0.6572249999999997,-0.0218367531831156,-405.9664361312033,16.026904007783887,-6.564317785562748,27.70188754774278
0.6577249999999997,-0.0196440154028301,-405.9582495162292,16.02362531162705,-6.550466841788878,27.70188754774278
0.6582249999999996,-0.0180771199794379,-405.9502416447877,16.020353540942097,-6.5366158980150075,27.70188754774278
0.6587249999999998,-0.0161714966902754,-405.94241837053283,16.017088695729033,-6.522764954241132,27.70188754774278
0.6592249999999996,-0.013932805143877,-405.9341429027939,16.013830775987856,-6.508914010467264,27.70188754774278
0.6597249999999997,-0.0119392716181685,-405.92570669534604,16.01057978171857,-6.49506306669339,27.70188754774278
0.6602249999999997,-0.0103811225360196,-405.9173975057308,16.00733571292116,-6.481212122919518,27.70188754774278
0.6607249999999997,-0.008112754854363,-405.9087041694248,16.004098569595648,-6.467361179145648,27.70188754774278
0.6612249999999996,-0.00604300786521,-405.90082533455467,16.000868351742017,-6.453510235371779,27.70188754774278
0.6617249999999997,-0.0043309957920501,-405.8925266614418,15.997645059360275,-6.439659291597906,27.70188754774278
0.6622249999999997,-0.002847237931828,-405.8846170161017,15.99442869245042,-6.4258083478240335,27.70188754774278
0.6627249999999997,-0.0016667670014721,-405.876864372141,15.991219251012451,-6.411957404050163,27.70188754774278
0.6632249999999996,-0.0009902903959604,-405.8692358950319,15.988016735046367,-6.398106460276293,27.70188754774278
0.6637249999999997,-0.0006536168678398,-405.8607127866437,15.984821144552175,-6.38425551650242,27.70188754774278
0.6642249999999996,0.0001964877722,-405.8526585368317,15.981632479529862,-6.37040457272855,27.70188754774278
0.6647249999999996,0.0004284745704923,-405.8445130196383,15.978450739979449,-6.35655362895468,27.70188754774278
0.6652249999999997,0.0012584317462832,-405.83661736501017,15.975275925900913,-6.342702685180805,27.70188754774278
0.6657249999999997,0.0025577943316093,-405.8283245963614,15.97210803729426,-6.328851741406934,27.70188754774278
0.6662249999999996,0.003344891072323,-405.82014604332625,15.968947074159503,-6.315000797633065,27.70188754774278
0.6667249999999998,0.0040947322707921,-405.8125336720189,15.965793036496633,-6.301149853859189,27.70188754774278
0.6672249999999996,0.0044975232121372,-405.8044303273902,15.962645924305644,-6.2872989100853225,27.70188754774278
0.6677249999999997,0.004744866929335,-405.79600847087056,15.959505737586543,-6.273447966311449,27.70188754774278
0.6682249999999997,0.0055312713198142,-405.78784767617196,15.956372476339332,-6.2595970225375765,27.70188754774278
0.6687249999999997,0.0057323572563411,-405.7796347197583,15.95324614056401,-6.245746078763707,27.70188754774278
0.6692249999999996,0.0053464180351673,-405.7718005449204,15.950126730260568,-6.231895134989836,27.70188754774278
0.6697249999999997,0.0055566828257235,-405.7638065096992,15.947014245429019,-6.218044191215964,27.70188754774278
0.6702249999999996,0.0061674950679837,-405.75642251689465,15.943908686069356,-6.204193247442094,27.70188754774278
0.6707249999999997,0.0057789599020129,-405.7484995536471,15.940810052181577,-6.19034230366822,27.70188754774278
0.6712249999999996,0.0058027448165315,-405.7408725856111,15.937718343765686,-6.17649135989435,27.70188754774278
0.6717249999999997,0.0070705726607861,-405.73288229514867,15.934633560821688,-6.162640416120478,27.70188754774278
0.6722249999999996,0.0071007931193955,-405.7250661106532,15.931555703349568,-6.148789472346608,27.70188754774278
0.6727249999999996,0.0068389478054104,-405.7172918083351,15.928484771349337,-6.134938528572738,27.70188754774278
0.6732249999999997,0.0067160970510328,-405.70970642647893,15.925420764820991,-6.121087584798863,27.70188754774278
0.6737249999999997,0.0060954551533234,-405.70181663629177,15.922363683764539,-6.1072366410249925,27.70188754774278
0.6742249999999996,0.0057630160100973,-405.6941407501789,15.919313528179968,-6.093385697251122,27.70188754774278
0.6747249999999998,0.0050313380105941,-405.6863905457419,15.916270298067285,-6.079534753477247,27.70188754774278
0.6752249999999996,0.0035185376543055,-405.6781967993192,15.91323399342649,-6.06568380970338,27.70188754774278
0.6757249999999997,0.0035149534642783,-405.6699843056882,15.910204614257582,-6.051832865929506,27.70188754774278
0.6762249999999997,0.0034114976851533,-405.6612720494606,15.907182160560557,-6.037981922155634,27.70188754774278
0.6767249999999997,0.0018963071871693,-405.6526546129337,15.904166632335428,-6.0241309783817645,27.70188754774278
0.6772249999999996,0.0004814091087387,-405.6439389851662,15.901158029582184,-6.010280034607894,27.70188754774278
0.6777249999999997,-0.0006347326323168,-405.6356322286322,15.89815635230082,-5.996429090834021,27.70188754774278
0.6782249999999996,-0.0018124471441721,-405.6273578187833,15.895161600491347,-5.982578147060151,27.70188754774278
0.6787249999999997,-0.002775602884529,-405.61893275560504,15.89217377415376,-5.968727203286278,27.70188754774278
0.6792249999999996,-0.0042455661163817,-405.6101026049337,15.889192873288062,-5.9548762595124085,27.70188754774278
0.6797249999999997,-0.0063842921914071,-405.6015160792312,15.88621889789425,-5.941025315738535,27.70188754774278
0.6802249999999996,-0.0078761407888956,-405.59245369252477,15.883251847972323,-5.927174371964665,27.70188754774278
0.6807249999999996,-0.0091768444110766,-405.58358135563026,15.880291723522282,-5.913323428190795,27.70188754774278
0.6812249999999997,-0.0103176973363173,-405.5743981807351,15.877338524544129,-5.899472484416919,27.70188754774278
0.6817249999999997,-0.0117815061043465,-405.5654890393048,15.874392251037866,-5.88562154064305,27.70188754774278
0.6822249999999996,-0.0136240647125475,-405.5567071614202,15.871452903003489,-5.87177059686918,27.70188754774278
0.6827249999999998,-0.0146940080477423,-405.54761328027644,15.868520480440996,-5.857919653095305,27.70188754774278
0.6832249999999996,-0.016201825504811,-405.5387715657895,15.865594983350393,-5.844068709321437,27.70188754774278
0.6837249999999997,-0.0183262417076758,-405.52916165537374,15.862676411731671,-5.830217765547565,27.70188754774278
0.6842249999999996,-0.0204589305297199,-405.51962923699,15.859764765584842,-5.816366821773694,27.70188754774278
0.6847249999999997,-0.0220959880883807,-405.51006162401336,15.856860044909899,-5.802515877999821,27.70188754774278
0.6852249999999996,-0.0237480476761123,-405.50160697328243,15.853962249706845,-5.7886649342259515,27.70188754774278
0.6857249999999997,-0.0261398411059457,-405.4930516086455,15.851071379975673,-5.7748139904520785,27.70188754774278
0.6862249999999996,-0.0281526355399552,-405.48506797657785,15.848187435716394,-5.760963046678209,27.70188754774278
0.6867249999999997,-0.0294257286653484,-405.47606701324935,15.845310416928996,-5.747112102904335,27.70188754774278
0.6872249999999995,-0.0309037470080449,-405.4662961710738,15.842440323613488,-5.733261159130469,27.70188754774278
0.6877249999999997,-0.0322965608827694,-405.45620195212774,15.839577155769865,-5.719410215356593,27.70188754774278
0.6882249999999996,-0.0337323025276645,-405.44661884975346,15.83672091339813,-5.705559271582723,27.70188754774278
0.6887249999999996,-0.0348135543377965,-405.4376350627331,15.833871596498286,-5.691708327808853,27.70188754774278
0.6892249999999998,-0.0357321636206751,-405.42853336280564,15.831029205070323,-5.6778573840349775,27.70188754774278
0.6897249999999997,-0.0368384689474273,-405.41962151022904,15.82819373911425,-5.664006440261107,27.70188754774278
0.6902249999999996,-0.0377372037510987,-405.41117442251164,15.825365198630061,-5.650155496487239,27.70188754774278
0.6907249999999997,-0.037858921312959,-405.4016824539696,15.822543583617762,-5.636304552713365,27.70188754774278
0.6912249999999996,-0.0380929325779419,-405.3926188514048,15.819728894077347,-5.6224536089394945,27.70188754774278
0.6917249999999997,-0.0383613416273486,-405.38340154599445,15.816921130008822,-5.6086026651656224,27.70188754774278
0.6922249999999996,-0.0380968744177656,-405.3743078172082,15.81412029141218,-5.594751721391752,27.70188754774278
0.6927249999999997,-0.0382739453586728,-405.3659684820122,15.811326378287427,-5.580900777617879,27.70188754774278
0.6932249999999996,-0.0383925955705195,-405.35702127219633,15.808539390634566,-5.56704983384401,27.70188754774278
0.6937249999999997,-0.0376044905019768,-405.34850781966736,15.805759328453586,-5.553198890070136,27.70188754774278
0.6942249999999996,-0.0375598288370162,-405.33992210155907,15.802986191744493,-5.539347946296266,27.70188754774278
0.6947249999999997,-0.0389840526741406,-405.33113188402655,15.800219980507288,-5.5254970025223935,27.70188754774278
0.6952249999999995,-0.0398792795648239,-405.3225379577809,15.797460694741973,-5.511646058748527,27.70188754774278
0.6957249999999997,-0.0408063929156683,-405.31412845978303,15.79470833444854,-5.497795114974649,27.70188754774278
0.6962249999999996,-0.0414262178657685,-405.30577400982924,15.791962899626995,-5.48394417120078,27.70188754774278
0.6967249999999996,-0.0420399342156614,-405.29792713687476,15.789224390277342,-5.4700932274269105,27.70188754774278
0.6972249999999998,-0.0433358081590791,-405.28946521070026,15.78649280639957,-5.456242283653036,27.70188754774278
0.6977249999999997,-0.0435408936496079,-405.28144278974696,15.783768147993689,-5.442391339879166,27.70188754774278
0.6982249999999997,-0.0443099635133718,-405.2732921074917,15.781050415059694,-5.428540396105295,27.70188754774278
0.6987249999999997,-0.0463706872720274,-405.26552040756775,15.77833960759758,-5.414689452331422,27.70188754774278
0.6992249999999997,-0.0482863940327949,-405.2568913439369,15.775635725607358,-5.400838508557552,27.70188754774278
0.6997249999999997,-0.0496637219469078,-405.2486218730334,15.772938769089023,-5.38698756478368,27.70188754774278
0.7002249999999997,-0.0520454858923495,-405.2399126803351,15.770248738042577,-5.37313662100981,27.70188754774278
0.7007249999999997,-0.0553465730599166,-405.2314553617071,15.767565632468017,-5.3592856772359365,27.70188754774278
0.7012249999999997,-0.0583833903412514,-405.22256364592624,15.764889452365342,-5.345434733462067,27.70188754774278
0.7017249999999996,-0.0610329324796895,-405.21469408832814,15.762220197734552,-5.331583789688198,27.70188754774278
0.7022249999999997,-0.0633511995410999,-405.2071760618351,15.759557868575651,-5.317732845914324,27.70188754774278
0.7027249999999997,-0.0652585371755169,-405.1993271546156,15.75690246488864,-5.303881902140451,27.70188754774278
0.7032249999999995,-0.0668122687574829,-405.1915082884679,15.754253986673515,-5.290030958366585,27.70188754774278
0.7037249999999997,-0.067485568499818,-405.1840684328379,15.751612433930273,-5.276180014592708,27.70188754774278
0.7042249999999997,-0.0681492285974813,-405.1763588525744,15.74897780665892,-5.262329070818838,27.70188754774278
0.7047249999999996,-0.0692910318416944,-405.16931991618435,15.746350104859452,-5.248478127044969,27.70188754774278
0.7052249999999998,-0.0693520967092577,-405.1615847170496,15.743729328531872,-5.234627183271092,27.70188754774278
0.7057249999999997,-0.069936662751913,-405.15438193553933,15.741115477676184,-5.220776239497224,27.70188754774278
0.7062249999999997,-0.0711577559323151,-405.1469162572313,15.738508552292375,-5.206925295723353,27.70188754774278
0.7067249999999997,-0.0710825538818461,-405.13945010254355,15.735908552380458,-5.19307435194948,27.70188754774278
0.7072249999999997,-0.0707102804075807,-405.1317510497967,15.733315477940426,-5.179223408175611,27.70188754774278
0.7077249999999997,-0.0707201690737128,-405.12446936979933,15.730729328972284,-5.165372464401737,27.70188754774278
0.7082249999999997,-0.0710965793201464,-405.11723110029175,15.728150105476024,-5.151521520627867,27.70188754774278
0.7087249999999997,-0.0704952896951201,-405.1096375826447,15.725577807451653,-5.137670576853995,27.70188754774278
0.7092249999999997,-0.0684305561631551,-405.10170062099667,15.723012434899172,-5.1238196330801244,27.70188754774278
0.7097249999999996,-0.0675825270587131,-405.09462538199574,15.720453987818575,-5.109968689306255,27.70188754774278
0.7102249999999997,-0.0664591814368534,-405.0872767212886,15.717902466209868,-5.096117745532381,27.70188754774278
0.7107249999999997,-0.065021317524228,-405.07957721800335,15.715357870073042,-5.082266801758509,27.70188754774278
0.7112249999999996,-0.0637849090848086,-405.0718079140077,15.712820199408108,-5.0684158579846414,27.70188754774278
0.7117249999999997,-0.0621658916463352,-405.064182693793,15.710289454215058,-5.054564914210766,27.70188754774278
0.7122249999999997,-0.0611014003273684,-405.05689246730014,15.707765634493896,-5.0407139704368955,27.70188754774278
0.7127249999999996,-0.0598694423715163,-405.04952592788425,15.705248740244622,-5.026863026663025,27.70188754774278
0.7132249999999998,-0.0576799161729177,-405.04268848976983,15.702738771467233,-5.013012082889151,27.70188754774278
0.7137249999999997,-0.0555779231189285,-405.03563980088853,15.700235728161731,-4.999161139115281,27.70188754774278
0.7142249999999997,-0.05334817854691,-405.02877683172414,15.697739610328119,-4.98531019534141,27.70188754774278
0.7147249999999997,-0.0508298906125673,-405.02127077367925,15.69525041796639,-4.971459251567538,27.70188754774278
0.7152249999999997,-0.048881162834135,-405.0135411077394,15.69276815107655,-4.957608307793668,27.70188754774278
0.7157249999999996,-0.0465347104855784,-405.0055771285628,15.6902928096586,-4.943757364019798,27.70188754774278
0.7162249999999997,-0.0435049573795427,-404.998220137384,15.687824393712528,-4.929906420245925,27.70188754774278
0.7167249999999997,-0.0413361479788525,-404.9910319269042,15.685362903238351,-4.916055476472052,27.70188754774278
0.7172249999999997,-0.0397673833206148,-404.98414523128747,15.68290833823606,-4.902204532698182,27.70188754774278
0.7177249999999996,-0.0380805619574564,-404.97701844909153,15.680460698705653,-4.8883535889243115,27.70188754774278
0.7182249999999997,-0.0359250093311339,-404.9696963736319,15.678019984647134,-4.874502645150439,27.70188754774278
0.7187249999999996,-0.0335800338949093,-404.9620635555238,15.6755861960605,-4.860651701376569,27.70188754774278
0.7192249999999996,-0.0319643994718863,-404.9542989124915,15.673159332945756,-4.8468007576027,27.70188754774278
0.7197249999999997,-0.0299098384315273,-404.94657862446996,15.670739395302899,-4.832949813828823,27.70188754774278
0.7202249999999997,-0.0272369409848182,-404.9392530701871,15.668326383131928,-4.819098870054954,27.70188754774278
0.7207249999999996,-0.0253404301139858,-404.9320969510434,15.665920296432843,-4.805247926281083,27.70188754774278
0.7212249999999998,-0.024032537290179,-404.92416607620606,15.663521135205645,-4.791396982507208,27.70188754774278
0.7217249999999996,-0.0219363735733236,-404.91590199387144,15.661128899450334,-4.777546038733341,27.70188754774278
0.7222249999999997,-0.019785514340129,-404.90797438994656,15.658743589166912,-4.763695094959468,27.70188754774278
0.7227249999999997,-0.0178626964945234,-404.8996231564099,15.656365204355378,-4.749844151185596,27.70188754774278
0.7232249999999997,-0.0161911961540459,-404.8916881124261,15.653993745015729,-4.735993207411726,27.70188754774278
0.7237249999999996,-0.014514281224116,-404.88385574848144,15.651629211147963,-4.7221422636378545,27.70188754774278
0.7242249999999997,-0.0127349931820632,-404.87617492748666,15.649271602752092,-4.708291319863982,27.70188754774278
0.7247249999999997,-0.0110791115891416,-404.8684874215386,15.646920919828101,-4.6944403760901094,27.70188754774278
0.7252249999999997,-0.0087953088740271,-404.86078978396927,15.644577162376002,-4.68058943231624,27.70188754774278
0.7257249999999996,-0.0068201053481605,-404.85264640277535,15.642240330395785,-4.66673848854237,27.70188754774278
0.7262249999999997,-0.0053635208856399,-404.8443611057893,15.639910423887459,-4.652887544768497,27.70188754774278
0.7267249999999996,-0.0036711824164178,-404.8362358498692,15.637587442851018,-4.6390366009946264,27.70188754774278
0.7272249999999996,-0.0016281605112795,-404.8276876438163,15.635271387286462,-4.625185657220756,27.70188754774278
0.7277249999999997,0.0007556309260891,-404.8191473214937,15.632962257193798,-4.611334713446881,27.70188754774278
0.7282249999999997,0.0025889461372288,-404.81106013765583,15.630660052573011,-4.59748376967301,27.70188754774278
0.7287249999999996,0.0043990075539384,-404.8034072113555,15.628364773424122,-4.58363282589914,27.70188754774278
0.7292249999999998,0.0063738562494755,-404.7950090674746,15.62607641974712,-4.569781882125266,27.70188754774278
0.7297249999999996,0.0077171597609713,-404.7857525398014,15.623794991541999,-4.555930938351399,27.70188754774278
0.7302249999999997,0.0075811285026544,-404.77699358140484,15.621520488808764,-4.542079994577526,27.70188754774278
0.7307249999999997,0.0074505604964407,-404.76811205561415,15.619252911547422,-4.528229050803653,27.70188754774278
0.7312249999999997,0.0088191579501911,-404.7596373895983,15.61699225975796,-4.514378107029783,27.70188754774278
0.7317249999999996,0.0086554145509038,-404.75103704802433,15.614738533440391,-4.500527163255913,27.70188754774278
0.7322249999999997,0.0079233284835982,-404.7426452521021,15.612491732594709,-4.486676219482041,27.70188754774278
0.7327249999999996,0.0076383781970598,-404.7334335916304,15.610251857220907,-4.472825275708171,27.70188754774278
0.7332249999999997,0.0071857517493618,-404.7242238955439,15.608018907318998,-4.4589743319342965,27.70188754774278
0.7337249999999996,0.0064422069701169,-404.71451710783396,15.605792882888977,-4.445123388160427,27.70188754774278
0.7342249999999997,0.0057511568678811,-404.7049253451518,15.603573783930836,-4.431272444386554,27.70188754774278
0.7347249999999996,0.0050718792633403,-404.69480415026845,15.60136161044459,-4.417421500612685,27.70188754774278
0.7352249999999996,0.0053422599055806,-404.6849302145116,15.599156362430229,-4.403570556838814,27.70188754774278
0.7357249999999997,0.004988673936915,-404.67524822421177,15.596958039887747,-4.389719613064939,27.70188754774278
0.7362249999999997,0.0035305649157028,-404.666505120754,15.594766642817161,-4.375868669291068,27.70188754774278
0.7367249999999996,0.0026820159931841,-404.6574023341527,15.59258217121846,-4.362017725517199,27.70188754774278
0.7372249999999998,0.0018939968015685,-404.64875806274927,15.590404625091642,-4.348166781743323,27.70188754774278
0.7377249999999996,0.0009894790019224,-404.63918458682605,15.588234004436714,-4.334315837969456,27.70188754774278
0.7382249999999997,-1.3505480473865848e-05,-404.62973189856785,15.586070309253671,-4.320464894195584,27.70188754774278
0.7387249999999997,-0.0012750692779114,-404.6198030777327,15.58391353954252,-4.306613950421711,27.70188754774278
0.7392249999999997,-0.0024983075913523,-404.6102008054135,15.58176369530325,-4.29276300664784,27.70188754774278
0.7397249999999996,-0.0032957620875821,-404.60061547394884,15.579620776535876,-4.278912062873971,27.70188754774278
0.7402249999999997,-0.0036325906305729,-404.5912787313019,15.577484783240378,-4.265061119100098,27.70188754774278
0.7407249999999996,-0.0040290569927801,-404.5814750852462,15.575355715416773,-4.251210175326228,27.70188754774278
0.7412249999999997,-0.004742850361468,-404.5715296406385,15.573233573065053,-4.237359231552355,27.70188754774278
0.7417249999999996,-0.0054379644142535,-404.561448697563,15.57111835618522,-4.223508287778485,27.70188754774278
0.7422249999999997,-0.0058033182143122,-404.5513699340428,15.569010064777272,-4.2096573440046114,27.70188754774278
0.7427249999999996,-0.0062979086935588,-404.5415322196781,15.566908698841216,-4.195806400230741,27.70188754774278
0.7432249999999996,-0.0074464356407787,-404.53174566893813,15.564814258377044,-4.181955456456873,27.70188754774278
0.7437249999999997,-0.0086534698952591,-404.5220785259093,15.562726743384758,-4.168104512682996,27.70188754774278
0.7442249999999997,-0.0088311303678648,-404.5117141905479,15.56064615386436,-4.154253568909126,27.70188754774278
0.7447249999999996,-0.0092327301548261,-404.5022457769761,15.55857248981585,-4.140402625135257,27.70188754774278
0.7452249999999998,-0.0107285968339407,-404.4929816193449,15.556505751239223,-4.126551681361381,27.70188754774278
0.7457249999999996,-0.011225215913761,-404.4832912985749,15.554445938134487,-4.112700737587515,27.70188754774278
0.7462249999999997,-0.011294867855739,-404.4731329238668,15.552393050501639,-4.098849793813641,27.70188754774278
0.7467249999999996,-0.0120071956385927,-404.46303528188116,15.550347088340674,-4.084998850039772,27.70188754774278
0.7472249999999997,-0.0121185858822875,-404.45339810485996,15.548308051651597,-4.071147906265898,27.70188754774278
0.7477249999999996,-0.012851330566519,-404.4439004402322,15.546275940434407,-4.057296962492028,27.70188754774278
0.7482249999999997,-0.0136970959746235,-404.43439583411606,15.544250754689106,-4.043446018718155,27.70188754774278
0.7487249999999996,-0.0140135058328331,-404.425117456353,15.54223249441569,-4.029595074944286,27.70188754774278
0.7492249999999997,-0.0153918337982654,-404.4157151432037,15.540221159614159,-4.015744131170413,27.70188754774278
0.7497249999999995,-0.0175864533058789,-404.40596490845235,15.538216750284521,-4.001893187396546,27.70188754774278
0.7502249999999997,-0.0189662826227743,-404.39598820944934,15.536219266426764,-3.9880422436226697,27.70188754774278
0.7507249999999996,-0.0205870803114548,-404.38649882595706,15.534228708040898,-3.9741912998488003,27.70188754774278
0.7512249999999996,-0.022613048251559,-404.3772972507472,15.532245075126916,-3.96034035607493,27.70188754774278
0.7517249999999998,-0.024096995025586,-404.3686314310396,15.530268367684823,-3.946489412301054,27.70188754774278
0.7522249999999997,-0.0259700137609018,-404.35973099794796,15.528298585714616,-3.9326384685271845,27.70188754774278
0.7527249999999996,-0.0288164972616722,-404.35110859188677,15.526335729216294,-3.918787524753314,27.70188754774278
0.7532249999999997,-0.0305179996465903,-404.3421252922973,15.52437979818986,-3.9049365809794407,27.70188754774278
0.7537249999999996,-0.0326404635373159,-404.33290529393656,15.522430792635312,-3.8910856372055713,27.70188754774278
0.7542249999999997,-0.0362224179512102,-404.3237277724245,15.520488712552655,-3.877234693431698,27.70188754774278
0.7547249999999996,-0.0390731142122674,-404.314917376554,15.518553557941885,-3.863383749657829,27.70188754774278
0.7552249999999997,-0.0419858388092406,-404.30607030129505,15.516625328802997,-3.8495328058839555,27.70188754774278
0.7557249999999996,-0.045415379915805,-404.2976100085348,15.514704025135996,-3.835681862110087,27.70188754774278
0.7562249999999997,-0.0479418840236311,-404.2893829427062,15.512789646940886,-3.8218309183362127,27.70188754774278
0.7567249999999996,-0.0504992661334431,-404.2805830955468,15.510882194217665,-3.8079799745623424,27.70188754774278
0.7572249999999997,-0.0526399492499222,-404.27262191317345,15.508981666966328,-3.79412903078847,27.70188754774278
0.7577249999999995,-0.0543580708505704,-404.2645965673096,15.507088065186876,-3.7802780870146035,27.70188754774278
0.7582249999999997,-0.056886813428152,-404.25606657645403,15.505201388879309,-3.7664271432407266,27.70188754774278
0.7587249999999996,-0.0593218839137589,-404.24835955128674,15.503321638043635,-3.752576199466858,27.70188754774278
0.7592249999999996,-0.0612082477680626,-404.2407163573049,15.501448812679843,-3.7387252556929877,27.70188754774278
0.7597249999999998,-0.0626925399061845,-404.23336995148696,15.49958291278794,-3.724874311919112,27.70188754774278
0.7602249999999997,-0.0641925589295043,-404.22553345674334,15.497723938367926,-3.7110233681452427,27.70188754774278
0.7607249999999997,-0.0651781701625062,-404.2174469291431,15.495871889419798,-3.6971724243713724,27.70188754774278
0.7612249999999997,-0.0661119118189849,-404.208922435448,15.494026765943556,-3.6833214805974985,27.70188754774278
0.7617249999999997,-0.0675158031552671,-404.2009832268692,15.4921885679392,-3.669470536823629,27.70188754774278
0.7622249999999997,-0.0676128812618943,-404.19313400223785,15.49035729540673,-3.655619593049756,27.70188754774278
0.7627249999999997,-0.0666969192096486,-404.18554934853495,15.488532948346151,-3.6417686492758854,27.70188754774278
0.7632249999999997,-0.0664080107997772,-404.1783096539616,15.486715526757454,-3.627917705502013,27.70188754774278
0.7637249999999997,-0.0664455008424857,-404.17147940839493,15.484905030640647,-3.6140667617281443,27.70188754774278
0.7642249999999996,-0.0662135644815151,-404.16454407893605,15.483101459995725,-3.6002158179542736,27.70188754774278
0.7647249999999997,-0.0657447762318724,-404.1566786967688,15.481304814822693,-3.5863648741804015,27.70188754774278
0.7652249999999997,-0.0650735717468766,-404.1486135499653,15.479515095121547,-3.572513930406528,27.70188754774278
0.7657249999999995,-0.0650255720713101,-404.1418317559841,15.477732300892285,-3.5586629866326605,27.70188754774278
0.7662249999999997,-0.0650576496361769,-404.13428108447636,15.475956432134913,-3.544812042858785,27.70188754774278
0.7667249999999997,-0.0637411269118332,-404.1278210484693,15.474187488849424,-3.530961099084915,27.70188754774278
0.7672249999999996,-0.0634461589762605,-404.1205692254777,15.472425471035823,-3.5171101553110447,27.70188754774278
0.7677249999999998,-0.0627792216781689,-404.11346981116327,15.470670378694116,-3.5032592115371695,27.70188754774278
0.7682249999999997,-0.0611371234813009,-404.10590143908286,15.468922211824292,-3.489408267763299,27.70188754774278
0.7687249999999997,-0.0597909449696381,-404.0983472509387,15.467180970426353,-3.4755573239894297,27.70188754774278
0.7692249999999997,-0.0582699089294848,-404.0909475605156,15.465446654500303,-3.4617063802155568,27.70188754774278
0.7697249999999997,-0.0565147283723534,-404.083907558461,15.463719264046137,-3.4478554364416873,27.70188754774278
0.7702249999999997,-0.0559066916331278,-404.0770081129961,15.461998799063858,-3.434004492667813,27.70188754774278
0.7707249999999997,-0.0552321765675368,-404.0702990146824,15.460285259553467,-3.420153548893943,27.70188754774278
0.7712249999999997,-0.0543681802558636,-404.0637718023944,15.458578645514969,-3.406302605120071,27.70188754774278
0.7717249999999997,-0.0543332144921567,-404.05706376912934,15.45687895694835,-3.3924516613462012,27.70188754774278
0.7722249999999996,-0.0536594677577272,-404.04996116605514,15.455186193853617,-3.378600717572331,27.70188754774278
0.7727249999999997,-0.0528848129045124,-404.0425804840267,15.453500356230775,-3.364749773798458,27.70188754774278
0.7732249999999997,-0.0518695397054238,-404.03524041796334,15.45182144407982,-3.350898830024585,27.70188754774278
0.7737249999999996,-0.0504516050842049,-404.02849621154303,15.45014945740075,-3.3370478862507187,27.70188754774278
0.7742249999999997,-0.0496691635022538,-404.02167920094683,15.448484396193567,-3.3231969424768426,27.70188754774278
0.7747249999999997,-0.0493550111717923,-404.01498253077864,15.446826260458273,-3.3093459987029727,27.70188754774278
0.7752249999999996,-0.0477374569361616,-404.0085151153247,15.445175050194868,-3.295495054929102,27.70188754774278
0.7757249999999998,-0.0458408830609294,-404.0017540388055,15.443530765403345,-3.2816441111552277,27.70188754774278
0.7762249999999997,-0.0454279475589843,-403.99478757231566,15.441893406083711,-3.2677931673813574,27.70188754774278
0.7767249999999997,-0.0448105197608195,-403.9877761605949,15.440262972235963,-3.253942223607487,27.70188754774278
0.7772249999999997,-0.0434252056839678,-403.9805646046238,15.438639463860106,-3.240091279833614,27.70188754774278
0.7777249999999997,-0.0418041022170779,-403.9739083539413,15.43702288095613,-3.226240336059744,27.70188754774278
0.7782249999999996,-0.0401970034685663,-403.96697811946945,15.435413223524042,-3.2123893922858744,27.70188754774278
0.7787249999999997,-0.038996098313279,-403.96026917561034,15.433810491563847,-3.1985384485120023,27.70188754774278
0.7792249999999997,-0.0375118918408864,-403.9536300427155,15.432214685075532,-3.184687504738128,27.70188754774278
0.7797249999999997,-0.0358977819070005,-403.9474349930045,15.430625804059105,-3.1708365609642586,27.70188754774278
0.7802249999999996,-0.0348904175561919,-403.9409547961971,15.429043848514567,-3.156985617190389,27.70188754774278
0.7807249999999997,-0.0338611091398803,-403.93460218622545,15.427468818441918,-3.143134673416516,27.70188754774278
0.7812249999999996,-0.0318857725378162,-403.92753986580726,15.425900713841148,-3.1292837296426463,27.70188754774278
0.7817249999999996,-0.0303234700201378,-403.92110045518433,15.424339534712272,-3.1154327858687756,27.70188754774278
0.7822249999999997,-0.0292556276433489,-403.9144742934832,15.422785281055287,-3.1015818420949,27.70188754774278
0.7827249999999997,-0.0275024410700898,-403.9083513878177,15.42123795287018,-3.0877308983210296,27.70188754774278
0.7832249999999996,-0.0258510759713444,-403.90227741821934,15.419697550156965,-3.0738799545471602,27.70188754774278
0.7837249999999998,-0.0242063115120174,-403.896226462888,15.418164072915634,-3.0600290107732837,27.70188754774278
0.7842249999999996,-0.0222245727231939,-403.8896157658776,15.416637521146189,-3.046178066999418,27.70188754774278
0.7847249999999997,-0.0201935854615404,-403.88323693535955,15.415117894848633,-3.0323271232255444,27.70188754774278
0.7852249999999997,-0.0186962487460069,-403.87682302318785,15.413605194022965,-3.0184761794516723,27.70188754774278
0.7857249999999997,-0.0168977150821114,-403.8703682616141,15.412099418669179,-3.004625235677802,27.70188754774278
0.7862249999999996,-0.0149898440403793,-403.86434520643417,15.410600568787284,-2.9907742919039313,27.70188754774278
0.7867249999999997,-0.0136943144914425,-403.8585274082102,15.409108644377277,-2.9769233481300588,27.70188754774278
0.7872249999999997,-0.0125764715237985,-403.85268947965227,15.407623645439154,-2.963072404356186,27.70188754774278
0.7877249999999997,-0.0113052522066331,-403.84692691281435,15.406145571972921,-2.949221460582316,27.70188754774278
0.7882249999999996,-0.0095890447149763,-403.8414486421337,15.404674423978573,-2.9353705168084474,27.70188754774278
0.7887249999999997,-0.0072210415634382,-403.83539906642653,15.403210201456115,-2.9215195730345744,27.70188754774278
0.7892249999999996,-0.006014000516954,-403.8294791437971,15.40175290440554,-2.9076686292607032,27.70188754774278
0.7897249999999996,-0.0056133785576382,-403.82391463607007,15.400302532826853,-2.8938176854868334,27.70188754774278
0.7902249999999997,-0.0032476447919314,-403.81824949201666,15.398859086720053,-2.8799667417129573,27.70188754774278
0.7907249999999997,-0.0015834056024736,-403.8123856907848,15.397422566085138,-2.866115797939088,27.70188754774278
0.7912249999999996,-0.0018462498713462,-403.80716402803563,15.395992970922114,-2.852264854165218,27.70188754774278
0.7917249999999998,-0.0010137614370886,-403.8016964761711,15.394570301230976,-2.838413910391343,27.70188754774278
0.7922249999999996,-0.0002615079785874,-403.79627677869183,15.393154557011723,-2.8245629666174747,27.70188754774278
0.7927249999999997,9.219523768793548e-05,-403.7910233835453,15.391745738264355,-2.810712022843602,27.70188754774278
0.7932249999999997,0.0003241466225555,-403.78578348340875,15.390343844988879,-2.796861079069729,27.70188754774278
0.7937249999999997,0.0004954908379769,-403.7802795002833,15.388948877185285,-2.7830101352958594,27.70188754774278
0.7942249999999996,0.002060711811436,-403.7751376815948,15.387560834853584,-2.769159191521989,27.70188754774278
0.7947249999999997,0.0038183169828356,-403.769179867224,15.386179717993766,-2.7553082477481166,27.70188754774278
0.7952249999999996,0.0042005309328457,-403.7637190958854,15.384805526605833,-2.7414573039742467,27.70188754774278
0.7957249999999997,0.0045263133136722,-403.75757725184985,15.38343826068979,-2.727606360200374,27.70188754774278
0.7962249999999996,0.0054279562264884,-403.7522760892939,15.382077920245637,-2.713755416426504,27.70188754774278
0.7967249999999997,0.0060221332568313,-403.7466882541993,15.380724505273362,-2.699904472652631,27.70188754774278
0.7972249999999996,0.0060146996873006,-403.7420965035177,15.37937801577298,-2.6860535288787606,27.70188754774278
0.7977249999999996,0.0062940258776363,-403.73719241873727,15.378038451744484,-2.672202585104892,27.70188754774278
0.7982249999999997,0.0068859585303531,-403.7324755379444,15.376705813187876,-2.6583516413310146,27.70188754774278
0.7987249999999997,0.0070593208852144,-403.7276486422728,15.375380100103154,-2.6445006975571452,27.70188754774278
0.7992249999999996,0.007050351421649,-403.7228599230111,15.37406131249032,-2.630649753783276,27.70188754774278
0.7997249999999998,0.0075871859688018,-403.71774622581825,15.372749450349371,-2.6167988100093997,27.70188754774278
0.8002249999999996,0.0083761166055296,-403.7123720279643,15.37144451368031,-2.602947866235533,27.70188754774278
0.8007249999999996,0.008821825902715,-403.7070742303884,15.370146502483134,-2.589096922461663,27.70188754774278
0.8012249999999999,0.0091818460214674,-403.70198090323476,15.368855416757848,-2.575245978687784,27.70188754774278
0.8017249999999997,0.0089468124034133,-403.69672075270705,15.36757125650445,-2.5613950349139167,27.70188754774278
0.8022249999999996,0.0086470742698416,-403.6913630897792,15.366294021722934,-2.5475440911400473,27.70188754774278
0.8027249999999997,0.0083325310621796,-403.68536098557905,15.365023712413306,-2.533693147366174,27.70188754774278
0.8032249999999997,0.0081565979703457,-403.67975650207745,15.363760328575564,-2.519842203592301,27.70188754774278
0.8037249999999997,0.007470701111346,-403.6742630603847,15.362503870209716,-2.5059912598184324,27.70188754774278
0.8042249999999995,0.0066073255115769,-403.668315010702,15.36125433731575,-2.4921403160445643,27.70188754774278
0.8047249999999998,0.0057710900197182,-403.6630701410542,15.360011729893667,-2.4782893722706856,27.70188754774278
0.8052249999999997,0.005160451942752,-403.65780526118544,15.358776047943481,-2.464438428496816,27.70188754774278
0.8057249999999996,0.00390416722417,-403.65275429279353,15.35754729146517,-2.450587484722949,27.70188754774278
0.8062249999999997,0.0024622383267863,-403.64734812632355,15.356325460458756,-2.4367365409490733,27.70188754774278
0.8067249999999998,0.0016852094418699,-403.6422641729719,15.355110554924225,-2.4228855971752,27.70188754774278
0.8072249999999996,-4.799311451494376e-05,-403.63728337163906,15.353902574861579,-2.409034653401333,27.70188754774278
0.8077249999999998,-0.001911618999881,-403.63200847013826,15.352701520270822,-2.395183709627457,27.70188754774278
0.8082249999999996,-0.004309849237946,-403.6261842287348,15.351507391151953,-2.38133276585359,27.70188754774278
0.8087249999999997,-0.0066300087041924,-403.6202805661584,15.350320187504966,-2.3674818220797182,27.70188754774278
0.8092249999999996,-0.0084473986114142,-403.6142223663243,15.349139909329876,-2.353630878305848,27.70188754774278
0.8097249999999997,-0.0109949072858794,-403.60819133753665,15.347966556626666,-2.339779934531975,27.70188754774278
0.8102249999999996,-0.0133712756326945,-403.6024649394984,15.346800129395342,-2.325928990758105,27.70188754774278
0.8107249999999997,-0.0145526332220598,-403.59746120042,15.345640627635905,-2.3120780469842317,27.70188754774278
0.8112249999999996,-0.0160635656500111,-403.591619483966,15.344488051348357,-2.2982271032103614,27.70188754774278
0.8117249999999997,-0.0187468279717162,-403.5856998256531,15.343342400532697,-2.2843761594364893,27.70188754774278
0.8122249999999995,-0.0208441891888031,-403.5794531519304,15.34220367518892,-2.2705252156626226,27.70188754774278
0.8127249999999997,-0.0219941083489856,-403.57364564654245,15.34107187531703,-2.2566742718887456,27.70188754774278
0.8132249999999995,-0.0241530940999499,-403.56830582036525,15.339947000917034,-2.2428233281148806,27.70188754774278
0.8137249999999996,-0.026826199865306,-403.56222782972526,15.338829051988919,-2.2289723843410063,27.70188754774278
0.8142249999999998,-0.0293546205557938,-403.55655660390073,15.337718028532692,-2.2151214405671302,27.70188754774278
0.8147249999999996,-0.0321616513988199,-403.5504893793264,15.33661393054835,-2.201270496793264,27.70188754774278
0.8152249999999995,-0.0346723085608298,-403.54464816485034,15.335516758035897,-2.187419553019394,27.70188754774278
0.8157249999999998,-0.0366442956924407,-403.538046480902,15.334426510995332,-2.1735686092455158,27.70188754774278
0.8162249999999996,-0.0382048331075287,-403.5314390527059,15.333343189426651,-2.159717665471648,27.70188754774278
0.8167249999999996,-0.038923366440656,-403.5251304859057,15.33226679332986,-2.145866721697779,27.70188754774278
0.8172249999999996,-0.0393160465517445,-403.5189786348208,15.331197322704952,-2.132015777923905,27.70188754774278
0.8177249999999997,-0.0401369505034981,-403.5123038457913,15.330134777551935,-2.1181648341500323,27.70188754774278
0.8182249999999996,-0.040583088155132,-403.50562054190783,15.329079157870806,-2.1043138903761625,27.70188754774278
0.8187249999999997,-0.0410015246071061,-403.4992202310075,15.328030463661563,-2.0904629466022895,27.70188754774278
0.8192249999999998,-0.0410657622832223,-403.4925277912291,15.326988694924202,-2.076612002828417,27.70188754774278
0.8197249999999997,-0.0408578542079925,-403.4862315366116,15.325953851658731,-2.062761059054547,27.70188754774278
0.8202249999999995,-0.040971131375063,-403.47963805551007,15.324925933865147,-2.0489101152806795,27.70188754774278
0.8207249999999998,-0.0415998024782577,-403.4736397584479,15.323904941543454,-2.0350591715068016,27.70188754774278
0.8212249999999998,-0.0418889449628995,-403.46714520232666,15.32289087469364,-2.0212082277329313,27.70188754774278
0.8217249999999996,-0.0414098559206449,-403.46073488861873,15.321883733315717,-2.0073572839590645,27.70188754774278
0.8222249999999998,-0.0412153090516122,-403.45398540086853,15.32088351740968,-1.9935063401851885,27.70188754774278
0.8227249999999998,-0.0413421455735142,-403.44742636499296,15.31989022697553,-1.9796553964113153,27.70188754774278
0.8232249999999997,-0.0408498831663753,-403.4408867507963,15.318903862013272,-1.9658044526374485,27.70188754774278
0.8237249999999996,-0.0399612546683186,-403.43421842442535,15.317924422522895,-1.9519535088635784,27.70188754774278
0.8242249999999997,-0.0403396957045372,-403.4273646452626,15.316951908504407,-1.9381025650897061,27.70188754774278
0.8247249999999997,-0.0413502714031674,-403.4204796046936,15.315986319957807,-1.924251621315833,27.70188754774278
0.8252249999999997,-0.0412841056247283,-403.4134119049663,15.31502765688309,-1.9104006775419629,27.70188754774278
0.8257249999999997,-0.0409066303731652,-403.4063013173531,15.314075919280262,-1.89654973376809,27.70188754774278
0.8262249999999997,-0.0413556396851155,-403.3991941480509,15.313131107149323,-1.8826987899942198,27.70188754774278
0.8267249999999997,-0.0426840781362452,-403.39200283474673,15.312193220490268,-1.8688478462203466,27.70188754774278
0.8272249999999997,-0.0433422995402131,-403.3847105183193,15.311262259303103,-1.8549969024464772,27.70188754774278
0.8277249999999997,-0.0437276893332145,-403.3774583276869,15.310338223587822,-1.841145958672604,27.70188754774278
0.8282249999999995,-0.0450775690587659,-403.37011571407,15.30942111334443,-1.8272950148987375,27.70188754774278
0.8287249999999997,-0.046374177792156,-403.36279296379377,15.308510928572922,-1.8134440711248616,27.70188754774278
0.8292249999999995,-0.0472904472658266,-403.3555467091118,15.307607669273303,-1.7995931273509946,27.70188754774278
0.8297249999999995,-0.048066158889403,-403.34820218666465,15.306711335445573,-1.7857421835771248,27.70188754774278
0.8302249999999998,-0.0492296125160422,-403.3409628171539,15.305821927089731,-1.7718912398032463,27.70188754774278
0.8307249999999996,-0.0509892007696973,-403.33424328124033,15.304939444205768,-1.7580402960293786,27.70188754774278
0.8312249999999995,-0.0521071657828461,-403.3271478924618,15.3040638867937,-1.7441893522555092,27.70188754774278
0.8317249999999998,-0.0523539985340659,-403.32045503285684,15.303195254853515,-1.7303384084816302,27.70188754774278
0.8322249999999997,-0.0528101874401895,-403.3132509538579,15.302333548385217,-1.716487464707763,27.70188754774278
0.8327249999999996,-0.0535119002609715,-403.3061915023265,15.301478767388808,-1.7026365209338932,27.70188754774278
0.8332249999999997,-0.0535163886540658,-403.2985116440879,15.300630911864284,-1.6887855771600209,27.70188754774278
0.8337249999999997,-0.0535714937677389,-403.29089519969074,15.299789981811644,-1.674934633386148,27.70188754774278
0.8342249999999997,-0.0536421252019044,-403.2837290786288,15.298955977230897,-1.6610836896122776,27.70188754774278
0.8347249999999995,-0.0536028670693175,-403.2762237983882,15.298128898122032,-1.6472327458384113,27.70188754774278
0.8352249999999998,-0.0534350113016682,-403.26896428233675,15.297308744485058,-1.6333818020645319,27.70188754774278
0.8357249999999997,-0.0531587352814039,-403.26070183177353,15.296495516319968,-1.619530858290662,27.70188754774278
0.8362249999999996,-0.0530544799086743,-403.2530524525106,15.295689213626769,-1.6056799145167955,27.70188754774278
0.8367249999999998,-0.0525609828132344,-403.24551472308985,15.294889836405451,-1.5918289707429163,27.70188754774278
0.8372249999999998,-0.0523872491304634,-403.23803052820045,15.294097384656023,-1.5779780269690464,27.70188754774278
0.8377249999999996,-0.0515811437901207,-403.23077538816307,15.29331185837848,-1.5641270831951797,27.70188754774278
0.8382249999999998,-0.0503424057083524,-403.22312804005253,15.292533257572831,-1.5502761394213032,27.70188754774278
0.8387249999999998,-0.0492656289457342,-403.2156457578165,15.291761582239062,-1.5364251956474304,27.70188754774278
0.8392249999999997,-0.0481969963133389,-403.2076437828692,15.290996832377182,-1.522574251873564,27.70188754774278
0.8397249999999996,-0.0475174437747383,-403.1997200436897,15.290239007987191,-1.508723308099694,27.70188754774278
0.8402249999999997,-0.0468483994505051,-403.1921080708016,15.289488109069081,-1.4948723643258208,27.70188754774278
0.8407249999999996,-0.0461496202658844,-403.18443697530864,15.288744135622863,-1.4810214205519505,27.70188754774278
0.8412249999999997,-0.0449971329479275,-403.1765989541466,15.288007087648529,-1.4671704767780782,27.70188754774278
0.8417249999999997,-0.0439084743291949,-403.1687036558476,15.287276965146086,-1.4533195330042048,27.70188754774278
0.8422249999999997,-0.0425168120073866,-403.160504025532,15.286553768115525,-1.439468589230335,27.70188754774278
0.8427249999999997,-0.040867317456803,-403.1525912152364,15.285837496556852,-1.4256176454564624,27.70188754774278
0.8432249999999997,-0.0392385401135628,-403.14367598615803,15.28512815047007,-1.4117667016825926,27.70188754774278
0.8437249999999995,-0.0379311260440849,-403.1351006956129,15.284425729855172,-1.3979157579087256,27.70188754774278
0.8442249999999996,-0.0360467214264208,-403.12629124452513,15.283730234712163,-1.3840648141348524,27.70188754774278
0.8447249999999997,-0.0344497781820699,-403.1183170952734,15.28304166504104,-1.3702138703609767,27.70188754774278
0.8452249999999996,-0.0331811293194794,-403.110195268199,15.282360020841804,-1.3563629265871098,27.70188754774278
0.8457249999999995,-0.0318121042718579,-403.1025683003431,15.281685302114449,-1.3425119828132401,27.70188754774278
0.8462249999999998,-0.0312730399284307,-403.0951138207429,15.281017508858987,-1.3286610390393605,27.70188754774278
0.8467249999999996,-0.030537921391282,-403.0863553280127,15.280356641075409,-1.3148100952654944,27.70188754774278
0.8472249999999996,-0.0292371962980015,-403.07750001258074,15.279702698763725,-1.3009591514916243,27.70188754774278
0.8477249999999998,-0.0279964308043096,-403.0686245818118,15.279055681923918,-1.287108207717745,27.70188754774278
0.8482249999999997,-0.0262118848365677,-403.06006259998134,15.278415590556003,-1.2732572639438788,27.70188754774278
0.8487249999999996,-0.0252166241198521,-403.0518065402236,15.277782424659977,-1.2594063201700083,27.70188754774278
0.8492249999999997,-0.0244317260895594,-403.04278705011467,15.277156184235835,-1.245555376396136,27.70188754774278
0.8497249999999997,-0.0229583097791292,-403.0343786839772,15.276536869283582,-1.231704432622263,27.70188754774278
0.8502249999999997,-0.0216756268927752,-403.02585227657175,15.275924479803212,-1.2178534888483927,27.70188754774278
0.8507249999999995,-0.0200400694219458,-403.01710331741697,15.27531901579473,-1.204002545074526,27.70188754774278
0.8512249999999998,-0.0183413161395498,-403.00789027164353,15.274720477258137,-1.190151601300647,27.70188754774278
0.8517249999999997,-0.0166062498692874,-402.9994224272073,15.274128864193429,-1.1763006575267771,27.70188754774278
0.8522249999999996,-0.0144402083268051,-402.99126498887273,15.273544176600609,-1.1624497137529104,27.70188754774278
0.8527249999999998,-0.0123477149258182,-402.98255867221144,15.272966414479678,-1.148598769979031,27.70188754774278
0.8532249999999998,-0.0106568429487561,-402.97387826519304,15.272395577830629,-1.1347478262051616,27.70188754774278
0.8537249999999996,-0.0082809149494238,-402.9647299995214,15.271831666653474,-1.1208968824312944,27.70188754774278
0.8542249999999998,-0.0051916315046861,-402.9565067601586,15.2712746809482,-1.1070459386574187,27.70188754774278
0.8547249999999996,-0.0024298700990485,-402.9473682961548,15.270724620714814,-1.093194994883552,27.70188754774278
0.8552249999999997,-0.0003817241566417,-402.93849017566856,15.270181485953316,-1.0793440511096788,27.70188754774278
0.8557249999999996,0.0021010841073997,-402.9292943785309,15.269645276663702,-1.0654931073358094,27.70188754774278
0.8562249999999997,0.00395407804806,-402.9206692172152,15.26911599284598,-1.0516421635619364,27.70188754774278
0.8567249999999996,0.0055438324770101,-402.9114998232229,15.268593634500142,-1.0377912197880659,27.70188754774278
0.8572249999999997,0.0079651141489553,-402.90237847076173,15.268078201626192,-1.0239402760141934,27.70188754774278
0.8577249999999996,0.0092472970135153,-402.89322490194263,15.26756969422413,-1.010089332240324,27.70188754774278
0.8582249999999997,0.0106391329051327,-402.88382188866024,15.26706811229395,-0.9962383884664501,27.70188754774278
0.8587249999999997,0.0124485415638402,-402.87454090380163,15.266573455835662,-0.9823874446925772,27.70188754774278
0.8592249999999997,0.0133122517499698,-402.8649433962123,15.26608572484926,-0.9685365009187079,27.70188754774278
0.8597249999999995,0.0143389190798214,-402.85557079404765,15.26560491933474,-0.954685557144841,27.70188754774278
0.8602249999999996,0.0154444344508422,-402.8464092554673,15.265131039292113,-0.9408346133709683,27.70188754774278
0.8607249999999997,0.0159901668551327,-402.8372595103665,15.264664084721373,-0.9269836695970918,27.70188754774278
0.8612249999999996,0.0165898826587436,-402.8281973712519,15.26420405562252,-0.913132725823225,27.70188754774278
0.8617249999999995,0.0162348655616269,-402.81874213713263,15.263750951995553,-0.8992817820493552,27.70188754774278
0.8622249999999998,0.0151860098342612,-402.80889548706074,15.263304773840467,-0.8854308382754768,27.70188754774278
0.8627249999999996,0.0145253433259538,-402.7997375966262,15.262865521157273,-0.8715798945016094,27.70188754774278
0.8632249999999996,0.014407877854829,-402.79074687014355,15.262433193945967,-0.8577289507277391,27.70188754774278
0.8637249999999999,0.013806744828058,-402.7815217644535,15.262007792206548,-0.843878006953861,27.70188754774278
0.8642249999999997,0.0129527471761594,-402.77261201912245,15.26158931593901,-0.8300270631799938,27.70188754774278
0.8647249999999996,0.0119708339878219,-402.76356195573743,15.261177765143366,-0.816176119406124,27.70188754774278
0.8652249999999997,0.0113637003204174,-402.75446335249455,15.260773139819609,-0.802325175632251,27.70188754774278
0.8657249999999997,0.0104474831242117,-402.74491633127093,15.260375439967735,-0.7884742318583777,27.70188754774278
0.8662249999999997,0.0091204553960801,-402.73576050889324,15.259984665587748,-0.7746232880845088,27.70188754774278
0.8667249999999995,0.007869630739033,-402.7264530842722,15.259600816679649,-0.7607723443106416,27.70188754774278
0.8672249999999998,0.0067416110934804,-402.7174346663852,15.259223893243433,-0.7469214005367621,27.70188754774278
0.8677249999999997,0.0054664588838627,-402.7083179608708,15.25885389527911,-0.7330704567628927,27.70188754774278
0.8682249999999996,0.0031618323120682,-402.69905242412534,15.258490822786678,-0.7192195129890255,27.70188754774278
0.8687249999999997,0.0016125214379519,-402.68963288539334,15.258134675766122,-0.7053685692151496,27.70188754774278
0.8692249999999998,0.0001822131731488,-402.68097705104987,15.257785454217462,-0.6915176254412767,27.70188754774278
0.8697249999999996,-0.001774775787238,-402.67262915416353,15.257443158140681,-0.67766668166741,27.70188754774278
0.8702249999999998,-0.0033429559406133,-402.66360558542357,15.257107787535794,-0.663815737893534,27.70188754774278
0.8707249999999996,-0.0048200291692128,-402.65468458999254,15.256779342402789,-0.6499647941196672,27.70188754774278
0.8712249999999997,-0.0069012118572638,-402.6452785962186,15.256457822741673,-0.6361138503457943,27.70188754774278
0.8717249999999996,-0.0091727473922626,-402.63679528874815,15.25614322855244,-0.6222629065719244,27.70188754774278
0.8722249999999997,-0.0106205509695105,-402.62790331881286,15.2558355598351,-0.6084119627980511,27.70188754774278
0.8727249999999996,-0.0122864344939846,-402.61902665770526,15.255534816589646,-0.5945610190241817,27.70188754774278
0.8732249999999997,-0.0137476277691763,-402.6098126027249,15.255240998816076,-0.5807100752503084,27.70188754774278
0.8737249999999996,-0.0152038405883166,-402.6005585891583,15.254954106514397,-0.5668591314764386,27.70188754774278
0.8742249999999997,-0.0167335712612871,-402.59096245373036,15.254674139684603,-0.5530081877025657,27.70188754774278
0.8747249999999995,-0.0172219502831957,-402.5813443354105,15.25440109832669,-0.5391572439286989,27.70188754774278
0.8752249999999997,-0.0180317181095485,-402.57217254832455,15.254134982440668,-0.5253063001548229,27.70188754774278
0.8757249999999995,-0.0188164026343348,-402.56296437990267,15.25387579202654,-0.5114553563809562,27.70188754774278
0.8762249999999996,-0.0187248259214779,-402.5541718986465,15.253623527084288,-0.4976044126070829,27.70188754774278
0.8767249999999998,-0.0181448746829174,-402.54519261022676,15.25337818761393,-0.48375346883320736,27.70188754774278
0.8772249999999996,-0.0189503488180264,-402.5361455340076,15.253139773615457,-0.46990252505934016,27.70188754774278
0.8777249999999995,-0.0196506267818293,-402.5273249187331,15.252908285088871,-0.4560515812854707,27.70188754774278
0.8782249999999998,-0.019730724680374,-402.51785637501956,15.25268372203417,-0.44220063751159133,27.70188754774278
0.8787249999999996,-0.0203230169688631,-402.5083781577456,15.252466084451358,-0.4283496937377245,27.70188754774278
0.8792249999999996,-0.0207428862455041,-402.49956503198746,15.252255372340434,-0.4144987499638551,27.70188754774278
0.8797249999999996,-0.0211670641767574,-402.49063821088146,15.252051585701395,-0.40064780618998175,27.70188754774278
0.8802249999999997,-0.0217209746058007,-402.4818300915297,15.251854724534246,-0.38679686241610933,27.70188754774278
0.8807249999999996,-0.0223452344687371,-402.4732907181854,15.25166478883898,-0.372945918642239,27.70188754774278
0.8812249999999997,-0.0230575358774948,-402.46422948016516,15.251481778615602,-0.3590949748683666,27.70188754774278
0.8817249999999998,-0.0244487869199936,-402.4547859510555,15.251305693864108,-0.34524403109449375,27.70188754774278
0.8822249999999997,-0.0252155170069596,-402.44465411419685,15.251136534584509,-0.3313930873206235,27.70188754774278
0.8827249999999995,-0.0257524120992996,-402.43480442829264,15.250974300776788,-0.3175421435467567,27.70188754774278
0.8832249999999998,-0.0271519607795729,-402.4249032174386,15.25081899244096,-0.30369119977287773,27.70188754774278
0.8837249999999998,-0.0285451313518256,-402.415999137611,15.250670609577018,-0.28984025599900737,27.70188754774278
0.8842249999999996,-0.0298530058027196,-402.40680503896255,15.25052915218496,-0.27598931222514106,27.70188754774278
0.8847249999999998,-0.0310041812555128,-402.39718113611985,15.250394620264792,-0.26213836845126515,27.70188754774278
0.8852249999999998,-0.0316366530521504,-402.3871217977704,15.250267013816512,-0.24828742467739176,27.70188754774278
0.8857249999999997,-0.0320190762908864,-402.37730435908185,15.250146332840117,-0.23443648090352545,27.70188754774278
0.8862249999999996,-0.0325547009447351,-402.36715388368924,15.250032577335608,-0.2205855371296552,27.70188754774278
0.8867249999999997,-0.0329442938226892,-402.35710510537496,15.249925747302987,-0.20673459335578231,27.70188754774278
0.8872249999999997,-0.0333706706335384,-402.3472507468425,15.24982584274225,-0.19288364958190943,27.70188754774278
0.8877249999999997,-0.0336060609617559,-402.337274853315,15.249732863653405,-0.17903270580803957,27.70188754774278
0.8882249999999997,-0.0339843863256829,-402.32680577294445,15.249646810036444,-0.16518176203416668,27.70188754774278
0.8887249999999997,-0.0346790659720416,-402.3165079747521,15.249567681891367,-0.15133081826029643,27.70188754774278
0.8892249999999997,-0.034804158993931,-402.30631639176835,15.249495479218183,-0.13747987448642354,27.70188754774278
0.8897249999999997,-0.0349620761323193,-402.29627009165387,15.24943020201688,-0.1236289307125541,27.70188754774278
0.8902249999999997,-0.0354449547198063,-402.28616100231034,15.249371850287469,-0.10977798693868121,27.70188754774278
0.8907249999999995,-0.0350823458340978,-402.275797137321,15.249320424029941,-0.0959270431648144,27.70188754774278
0.8912249999999997,-0.0347583672032539,-402.26584768055625,15.249275923244303,-0.08207609939093846,27.70188754774278
0.8917249999999995,-0.0347905184726416,-402.25554466288287,15.249238347930552,-0.06822515561707126,27.70188754774278
0.8922249999999995,-0.0346440398722964,-402.2451614943983,15.249207698088687,-0.0543742118432019,27.70188754774278
0.8927249999999998,-0.0343295005425257,-402.23424107693137,15.249183973718711,-0.04052326806932244,27.70188754774278
0.8932249999999996,-0.0354418609603849,-402.22365970760285,15.249167174820617,-0.026672324295455244,27.70188754774278
0.8937249999999995,-0.0362557869248119,-402.21274659542814,15.249157301394414,-0.012821380521586278,27.70188754774278
0.8942249999999998,-0.0365721957943,-402.20236731908307,15.249154353440098,0.0010295632522934826,27.70188754774278
0.8947249999999997,-0.0374283290285967,-402.1920611078217,15.249158330957666,0.014880507026160289,27.70188754774278
0.8952249999999996,-0.0374045143881917,-402.1818849506058,15.249169233947123,0.028731450800029645,27.70188754774278
0.8957249999999997,-0.0374020254599806,-402.1717488569433,15.249187062408465,0.04258239457390303,27.70188754774278
0.8962249999999997,-0.037842795980561,-402.16150630925745,15.249211816341697,0.056433338347775426,27.70188754774278
0.8967249999999997,-0.037660316233626,-402.15062258153927,15.249243495746812,0.07028428212164577,27.70188754774278
0.8972249999999995,-0.0382224905815605,-402.1400570968031,15.24928210062382,0.08413522589551208,27.70188754774278
0.8977249999999998,-0.0390920779738063,-402.12908998892084,15.24932763097271,0.09798616966939155,27.70188754774278
0.8982249999999997,-0.0393011669267014,-402.1187744318328,15.249380086793487,0.11183711344326139,27.70188754774278
0.8987249999999996,-0.0396506243860916,-402.1084194222682,15.249439468086154,0.1256880572171277,27.70188754774278
0.8992249999999998,-0.0411994302371791,-402.098226054276,15.249505774850705,0.13953900099100708,27.70188754774278
0.8997249999999998,-0.0426480291129842,-402.088470680856,15.249579007087144,0.1533899447648769,27.70188754774278
0.9002249999999996,-0.0429791928366348,-402.0788965377911,15.249659164795473,0.16724088853874372,27.70188754774278
0.9007249999999998,-0.0432552763466865,-402.0687188928642,15.249746247975683,0.18109183231262016,27.70188754774278
0.9012249999999998,-0.0440751180101829,-402.0588760219309,15.249840256627783,0.19494277608649305,27.70188754774278
0.9017249999999996,-0.044718837172618,-402.04916734679506,15.249941190751771,0.20879371986035672,27.70188754774278
0.9022249999999996,-0.044749107148213,-402.0398250369538,15.250049050347647,0.2226446636342292,27.70188754774278
0.9027249999999996,-0.0447832145236439,-402.03035365903435,15.250163835415401,0.23649560740809944,27.70188754774278
0.9032249999999996,-0.0452916541567136,-402.0214064187576,15.250285545955052,0.2503465511819728,27.70188754774278
0.9037249999999996,-0.0461656729604585,-402.0118110438528,15.250414181966587,0.26419749495584216,27.70188754774278
0.9042249999999996,-0.0461215960076671,-402.0029269045639,15.250549743450009,0.2780484387297147,27.70188754774278
0.9047249999999996,-0.0458386095244372,-401.9939736912613,15.250692230405315,0.29189938250358494,27.70188754774278
0.9052249999999996,-0.0465777067156629,-401.98483720139166,15.25084164283251,0.30575032627745785,27.70188754774278
0.9057249999999996,-0.0470663253879709,-401.9754938050703,15.250997980731594,0.31960127005132766,27.70188754774278
0.9062249999999996,-0.0463018105136506,-401.9666946821483,15.251161244102562,0.3334522138252009,27.70188754774278
0.9067249999999996,-0.0448374489592104,-401.9578251885748,15.251331432945419,0.34730315759907077,27.70188754774278
0.9072249999999996,-0.0435669359978765,-401.94996168933375,15.25150854726016,0.3611541013729437,27.70188754774278
0.9077249999999996,-0.0413600478999841,-401.9415091268055,15.25169258704679,0.37500504514681304,27.70188754774278
0.9082249999999996,-0.0385570689473953,-401.93321766297186,15.251883552305307,0.38885598892068646,27.70188754774278
0.9087249999999998,-0.0352775442641836,-401.9245411940909,15.252081443035708,0.40270693269456237,27.70188754774278
0.9092249999999996,-0.0322000646323729,-401.9161431884713,15.252286259238002,0.4165578764684287,27.70188754774278
0.9097249999999996,-0.0299735935754016,-401.90746364776953,15.25249800091218,0.430408820242299,27.70188754774278
0.9102249999999998,-0.026473378568469,-401.898985334359,15.252716668058246,0.444259764016178,27.70188754774278
0.9107249999999996,-0.0228174378970791,-401.89161715411916,15.252942260676196,0.45811070779004165,27.70188754774278
0.9112249999999996,-0.0196795083838701,-401.8841986598531,15.253174778766034,0.471961651563915,27.70188754774278
0.9117249999999996,-0.0165253076080969,-401.8773787807861,15.253414222327761,0.48581259533778437,27.70188754774278
0.9122249999999996,-0.0135344844567761,-401.87009976164313,15.253660591361372,0.49966353911165734,27.70188754774278
0.9127249999999996,-0.0100612599262083,-401.86226254270576,15.253913885866872,0.5135144828855271,27.70188754774278
0.9132249999999996,-0.0062878507632993,-401.85438347012786,15.254174105844257,0.5273654266594,27.70188754774278
0.9137249999999998,-0.0035936163812324,-401.8464852532162,15.254441251293532,0.5412163704332764,27.70188754774278
0.9142249999999996,-0.0007033836245895,-401.8389097313288,15.254715322214688,0.5550673142071427,27.70188754774278
0.9147249999999996,0.0018689786561435,-401.8318705334213,15.25499631860774,0.568918257981013,27.70188754774278
0.9152249999999998,0.0037208891500269,-401.82492511147956,15.255284240472674,0.582769201754892,27.70188754774278
0.9157249999999998,0.0057579954270928,-401.81801359482284,15.255579087809496,0.5966201455287619,27.70188754774278
0.9162249999999996,0.0070406485252613,-401.8105787959919,15.255880860618198,0.6104710893026286,27.70188754774278
0.9167249999999998,0.0082612448589375,-401.8029715650341,15.256189558898795,0.6243220330765041,27.70188754774278
0.9172249999999996,0.0100498883427916,-401.7951467578324,15.256505182651278,0.6381729768503713,27.70188754774278
0.9177249999999996,0.0110307602116115,-401.78771766034873,15.256827731875646,0.6520239206242412,27.70188754774278
0.9182249999999996,0.011457611203239,-401.7808061682857,15.2571572065719,0.665874864398114,27.70188754774278
0.9187249999999996,0.012190807355501,-401.7743402583585,15.257493606740043,0.6797258081719839,27.70188754774278
0.9192249999999996,0.0130561160381695,-401.7678111803654,15.257836932380071,0.6935767519458563,27.70188754774278
0.9197249999999996,0.0131317677582834,-401.7613200083732,15.258187183491993,0.7074276957197271,27.70188754774278
0.9202249999999996,0.0133386004447817,-401.7539480404487,15.258544360075792,0.7212786394935999,27.70188754774278
0.9207249999999996,0.0136164040407974,-401.7469469831246,15.258908462131485,0.7351295832674698,27.70188754774278
0.9212249999999996,0.013759095658493,-401.7397671740438,15.259279489659061,0.7489805270413431,27.70188754774278
0.9217249999999996,0.0136910179350754,-401.7329826379782,15.259657442658526,0.7628314708152125,27.70188754774278
0.9222249999999996,0.0132764481136158,-401.7259863571918,15.260042321129879,0.7766824145890858,27.70188754774278
0.9227249999999996,0.0124226585968757,-401.71957312594026,15.260434125073113,0.7905333583629552,27.70188754774278
0.9232249999999996,0.0128564639131928,-401.71295573366854,15.260832854488237,0.8043843021368281,27.70188754774278
0.9237249999999996,0.012751299509869,-401.7062828853739,15.261238509375252,0.818235245910698,27.70188754774278
0.9242249999999996,0.0116855537473416,-401.6993537877775,15.261651089734151,0.8320861896845708,27.70188754774278
0.9247249999999998,0.0112966442966154,-401.69278943580116,15.26207059556494,0.8459371334584472,27.70188754774278
0.9252249999999996,0.0103609799343848,-401.685163904403,15.26249702686761,0.859788077232314,27.70188754774278
0.9257249999999996,0.0087339327741389,-401.6785131765106,15.26293038364217,0.8736390210061834,27.70188754774278
0.926225,0.0073183909893817,-401.6710025726046,15.263370665888614,0.887489964780066,27.70188754774278
0.9267249999999996,0.005070418853899,-401.66419940949817,15.26381787360695,0.9013409085539267,27.70188754774278
0.9272249999999996,0.0032092961347567,-401.6565901969561,15.26427200679717,0.9151918523277994,27.70188754774278
0.9277249999999996,0.0019950404506692,-401.6489822602638,15.264733065459275,0.9290427961016693,27.70188754774278
0.9282249999999996,0.0002680505376169,-401.64074487432345,15.26520104959327,0.9428937398755423,27.70188754774278
0.9287249999999996,-0.0017029483465489,-401.633260246646,15.265675959199154,0.9567446836494116,27.70188754774278
0.9292249999999996,-0.0028551042428698,-401.6254325651906,15.26615779427692,0.9705956274232849,27.70188754774278
0.9297249999999998,-0.0037106055828118,-401.6181810945863,15.266646554826577,0.9844465711971608,27.70188754774278
0.9302249999999996,-0.00516382971538,-401.61076729130144,15.267142240848116,0.9982975149710276,27.70188754774278
0.9307249999999996,-0.0068954279682197,-401.6033282689146,15.267644852341547,1.012148458744898,27.70188754774278
0.9312249999999996,-0.0094570085867182,-401.594939069804,15.268154389306861,1.0259994025187704,27.70188754774278
0.9317249999999998,-0.0115594221668925,-401.5867422346295,15.268670851744066,1.0398503462926463,27.70188754774278
0.9322249999999996,-0.0128891916280884,-401.57797421184466,15.269194239653155,1.0537012900665137,27.70188754774278
0.9327249999999998,-0.0144362256164007,-401.56956132975023,15.26972455303413,1.067552233840389,27.70188754774278
0.9332249999999996,-0.0162261820625924,-401.5613502876945,15.270261791886993,1.0814031776142556,27.70188754774278
0.9337249999999996,-0.0169368412851768,-401.55321369951054,15.270805956211744,1.0952541213881262,27.70188754774278
0.9342249999999996,-0.0177472901928315,-401.5452219369535,15.271357046008385,1.1091050651619985,27.70188754774278
0.9347249999999996,-0.0192454230390407,-401.53743803206913,15.271915061276909,1.1229560089358694,27.70188754774278
0.9352249999999996,-0.0202870324789255,-401.5292911835937,15.27248000201732,1.1368069527097422,27.70188754774278
0.9357249999999996,-0.0212857523296802,-401.520687070258,15.273051868229617,1.1506578964836114,27.70188754774278
0.9362249999999996,-0.0227732228140541,-401.5113349313519,15.2736306599138,1.164508840257485,27.70188754774278
0.9367249999999996,-0.0246652938101175,-401.5025207278593,15.274216377069875,1.1783597840313547,27.70188754774278
0.9372249999999996,-0.0269730142188299,-401.49325298534376,15.274809019697834,1.1922107278052274,27.70188754774278
0.9377249999999996,-0.0282929476238895,-401.4844730364652,15.275408587797681,1.2060616715790975,27.70188754774278
0.9382249999999996,-0.0294506356135995,-401.4758191361155,15.276015081369414,1.2199126153529702,27.70188754774278
0.9387249999999996,-0.0312259919421522,-401.4673183636433,15.276628500413034,1.2337635591268397,27.70188754774278
0.9392249999999998,-0.0318827436751699,-401.4584276779584,15.277248844928543,1.247614502900716,27.70188754774278
0.9397249999999996,-0.0315780597320561,-401.44956508811356,15.277876114915932,1.261465446674583,27.70188754774278
0.9402249999999996,-0.0317705523734792,-401.44024916403686,15.278510310375216,1.2753163904484557,27.70188754774278
0.9407249999999998,-0.032401629118217,-401.43118630608603,15.279151431306381,1.2891673342223318,27.70188754774278
0.9412249999999996,-0.0324683757894789,-401.4218759501921,15.279799477709437,1.3030182779961985,27.70188754774278
0.9417249999999996,-0.0322007153383261,-401.41277986753784,15.28045444958438,1.3168692217700688,27.70188754774278
0.9422249999999996,-0.0319214780187068,-401.403883920489,15.28111634693121,1.3307201655439416,27.70188754774278
0.9427249999999996,-0.0324619101132238,-401.39496101863307,15.281785169749924,1.344571109317811,27.70188754774278
0.9432249999999996,-0.0332089872668351,-401.38583375014633,15.282460918040522,1.3584220530916842,27.70188754774278
0.9437249999999996,-0.0325902923488423,-401.3763208682219,15.283143591803015,1.3722729968655538,27.70188754774278
0.9442249999999998,-0.0320141977908415,-401.36675773693446,15.283833191037393,1.3861239406394303,27.70188754774278
0.9447249999999996,-0.0323460284909024,-401.3570202646735,15.284529715743652,1.399974884413297,27.70188754774278
0.9452249999999996,-0.0314708971822043,-401.34745289154273,15.285233165921802,1.4138258281871698,27.70188754774278
0.9457249999999998,-0.0295216279894953,-401.33838620103216,15.28594354157184,1.4276767719610455,27.70188754774278
0.9462249999999998,-0.0292103021754371,-401.3294316299751,15.286660842693763,1.4415277157349158,27.70188754774278
0.9467249999999996,-0.0289324593275734,-401.31984782863464,15.287385069287575,1.4553786595087828,27.70188754774278
0.9472249999999998,-0.0298539608529091,-401.30997152532575,15.288116221353274,1.4692296032826586,27.70188754774278
0.9477249999999998,-0.0313879035722161,-401.299837125435,15.288854298890858,1.4830805470565311,27.70188754774278
0.9482249999999997,-0.0317715864468612,-401.28989227866435,15.28959930190033,1.496931490830398,27.70188754774278
0.9487249999999996,-0.0333102849485237,-401.2805550183356,15.29035123038169,1.5107824346042678,27.70188754774278
0.9492249999999997,-0.0354865102074646,-401.271117257021,15.291110084334933,1.5246333783781407,27.70188754774278
0.9497249999999996,-0.036541176245859,-401.2619942542312,15.291875863760065,1.538484322152011,27.70188754774278
0.9502249999999997,-0.0380524266046292,-401.2526059693979,15.292648568657084,1.5523352659258838,27.70188754774278
0.9507249999999996,-0.0397576607229895,-401.24357327602695,15.293428199025993,1.5661862096997536,27.70188754774278
0.9512249999999997,-0.0413923505024532,-401.2339251852172,15.29421475486679,1.5800371534736266,27.70188754774278
0.9517249999999996,-0.0432709962980323,-401.2243520235547,15.295008236179468,1.5938880972474967,27.70188754774278
0.9522249999999997,-0.0454883372266202,-401.21511359503893,15.295808642964035,1.6077390410213694,27.70188754774278
0.9527249999999996,-0.0479801493909177,-401.2059270746756,15.296615975220488,1.6215899847952393,27.70188754774278
0.9532249999999995,-0.0512417954268735,-401.1970489031272,15.297430232948829,1.635440928569109,27.70188754774278
0.9537249999999996,-0.0546429766112015,-401.1887329910965,15.298251416149053,1.649291872342982,27.70188754774278
0.9542249999999995,-0.0568218796049497,-401.1800601910364,15.299079524821172,1.6631428161168516,27.70188754774278
0.9547249999999996,-0.0582041645869208,-401.17150271973185,15.299914558965174,1.676993759890725,27.70188754774278
0.9552249999999998,-0.060516266679049,-401.16278700806066,15.30075651858106,1.6908447036646004,27.70188754774278
0.9557249999999996,-0.0629230761551467,-401.1532708765829,15.301605403668837,1.7046956474384678,27.70188754774278
0.9562249999999995,-0.064531716822339,-401.14405204358144,15.3024612142285,1.7185465912123372,27.70188754774278
0.9567249999999998,-0.0658434015835174,-401.1348918746864,15.303323950260053,1.7323975349862166,27.70188754774278
0.9572249999999995,-0.0672977780596668,-401.1265123229197,15.304193611763482,1.7462484787600807,27.70188754774278
0.9577249999999996,-0.0696833271656054,-401.1186348949781,15.30507019873881,1.760099422533953,27.70188754774278
0.9582249999999995,-0.071008808492209,-401.1105852100457,15.305953711186019,1.7739503663078229,27.70188754774278
0.9587249999999996,-0.0721450708910318,-401.1025105427509,15.30684414910512,1.7878013100816958,27.70188754774278
0.9592249999999996,-0.074572264792096,-401.09434469429533,15.307741512496102,1.801652253855566,27.70188754774278
0.9597249999999996,-0.0762823043264251,-401.0859104649713,15.308645801358972,1.8155031976294391,27.70188754774278
0.9602249999999998,-0.0774510045786643,-401.0770024794754,15.309557015693732,1.8293541414033148,27.70188754774278
0.9607249999999996,-0.0783722202552867,-401.06849945657666,15.310475155500379,1.843205085177182,27.70188754774278
0.9612249999999996,-0.0784668071521123,-401.0604268024385,15.311400220778912,1.8570560289510512,27.70188754774278
0.9617249999999998,-0.0781856935485898,-401.05210586318316,15.312332211529325,1.8709069727249303,27.70188754774278
0.9622249999999998,-0.0770791787346864,-401.04441833291,15.313271127751632,1.8847579164988002,27.70188754774278
0.9627249999999996,-0.0770252263313173,-401.03608973392977,15.314216969445829,1.8986088602726667,27.70188754774278
0.9632249999999998,-0.0764640199956523,-401.02795968977483,15.31516973661191,1.9124598040465435,27.70188754774278
0.9637249999999998,-0.0742854690946822,-401.0200391404417,15.316129429249873,1.9263107478204162,27.70188754774278
0.9642249999999996,-0.0730086568203916,-401.0123930120247,15.317096047359728,1.94016169159428,27.70188754774278
0.9647249999999996,-0.0716694007724549,-401.0052089410172,15.31806959094147,1.9540126353681528,27.70188754774278
0.9652249999999996,-0.0692031500267849,-400.9980772953355,15.319050059995096,1.967863579142023,27.70188754774278
0.9657249999999996,-0.0665024855102467,-400.9908466851942,15.320037454520609,1.981714522915896,27.70188754774278
0.9662249999999996,-0.064299901592378,-400.98368126396946,15.32103177451801,1.995565466689765,27.70188754774278
0.9667249999999996,-0.0614339317063813,-400.97619362534766,15.3220330199873,2.009416410463639,27.70188754774278
0.9672249999999996,-0.0564992878626525,-400.96921122736484,15.323041190928473,2.0232673542375084,27.70188754774278
0.9677249999999996,-0.0524094148784636,-400.9625267663511,15.324056287341538,2.0371182980113813,27.70188754774278
0.9682249999999996,-0.0496205273457675,-400.9559158812527,15.325078309226486,2.0509692417852508,27.70188754774278
0.9687249999999996,-0.0462664123375587,-400.9497974326949,15.326107256583326,2.0648201855591246,27.70188754774278
0.9692249999999996,-0.0428181666761828,-400.9434874815255,15.327143129412047,2.0786711293329936,27.70188754774278
0.9697249999999996,-0.0392243636615512,-400.93747141254227,15.328185927712655,2.092522073106867,27.70188754774278
0.9702249999999996,-0.0367539905856651,-400.93156154363646,15.32923565148515,2.106373016880737,27.70188754774278
0.9707249999999996,-0.0350647099030679,-400.9254379383029,15.330292300729536,2.12022396065461,27.70188754774278
0.9712249999999998,-0.0307603440132469,-400.9191912997642,15.331355875445805,2.1340749044284855,27.70188754774278
0.9717249999999996,-0.026541375811305,-400.9132782456726,15.332426375633966,2.1479258482023527,27.70188754774278
0.9722249999999996,-0.0245968531313717,-400.90807741738826,15.333503801294007,2.1617767919762225,27.70188754774278
0.9727249999999998,-0.0229263919730353,-400.90247380402525,15.334588152425942,2.1756277357501013,27.70188754774278
0.9732249999999996,-0.0204801284144172,-400.89717164516094,15.335679429029758,2.189478679523965,27.70188754774278
0.9737249999999996,-0.0184687608514821,-400.8916376250243,15.33677763110546,2.2033296232978374,27.70188754774278
0.9742249999999996,-0.0166705994952652,-400.886270710776,15.337882758653056,2.2171805670717077,27.70188754774278
0.9747249999999996,-0.0154528961331185,-400.880512582165,15.338994811672539,2.2310315108455803,27.70188754774278
0.9752249999999996,-0.0157260026900032,-400.8748228173091,15.340113790163908,2.244882454619451,27.70188754774278
0.9757249999999996,-0.0152984919060702,-400.8690385381556,15.341239694127157,2.258733398393324,27.70188754774278
0.9762249999999998,-0.0135129708583614,-400.8634789448825,15.342372523562295,2.272584342167199,27.70188754774278
0.9767249999999996,-0.0128939336599178,-400.8580851240162,15.343512278469321,2.2864352859410673,27.70188754774278
0.9772249999999996,-0.0129731253095292,-400.8532208104264,15.344658958848237,2.3002862297149362,27.70188754774278
0.9777249999999998,-0.0121831192547988,-400.8486101230642,15.34581256469904,2.3141371734888154,27.70188754774278
0.9782249999999998,-0.0110204280684125,-400.84342468979247,15.346973096021726,2.3279881172626857,27.70188754774278
0.9787249999999996,-0.0102357339098919,-400.83824263038423,15.348140552816298,2.341839061036552,27.70188754774278
0.9792249999999998,-0.010721714576004,-400.83293317448647,15.349314935082765,2.355690004810428,27.70188754774278
0.9797249999999996,-0.0114540221346063,-400.82735959611523,15.350496242821112,2.3695409485842953,27.70188754774278
0.9802249999999996,-0.0108903607897476,-400.8229152729346,15.35168447603135,2.3833918923581647,27.70188754774278
0.9807249999999996,-0.0106918593160654,-400.81790840952635,15.35287963471347,2.397242836132038,27.70188754774278
0.9812249999999996,-0.0121170510166997,-400.81328135536035,15.35408171886748,2.411093779905907,27.70188754774278
0.9817249999999996,-0.0132807101757774,-400.80830030027374,15.355290728493378,2.4249447236797805,27.70188754774278
0.9822249999999996,-0.0125768618403006,-400.8031849297197,15.356506663591158,2.43879566745365,27.70188754774278
0.9827249999999996,-0.0128783772291397,-400.79831246537725,15.35772952416083,2.452646611227523,27.70188754774278
0.9832249999999996,-0.0136061594875459,-400.7936596383436,15.358959310202385,2.466497555001393,27.70188754774278
0.9837249999999996,-0.0130842962612105,-400.7890599434432,15.360196021715831,2.4803484987752658,27.70188754774278
0.9842249999999996,-0.0129913248897094,-400.7847919387354,15.361439658701162,2.494199442549136,27.70188754774278
0.9847249999999996,-0.0134466074303041,-400.77951304545513,15.36269022115838,2.508050386323009,27.70188754774278
0.9852249999999996,-0.0144032818417081,-400.7748540882472,15.363947709087483,2.5219013300968784,27.70188754774278
0.9857249999999996,-0.0151971272387021,-400.7703675602234,15.365212122488472,2.535752273870751,27.70188754774278
0.9862249999999996,-0.015604752366973,-400.76573093121806,15.366483461361353,2.5496032176446213,27.70188754774278
0.9867249999999996,-0.0162512161543099,-400.76091648417855,15.36776172570612,2.5634541614184942,27.70188754774278
0.9872249999999998,-0.0161793290181072,-400.7559023473666,15.369046915522773,2.5773051051923703,27.70188754774278
0.9877249999999996,-0.0156888300850177,-400.75107896896833,15.370339030811314,2.591156048966237,27.70188754774278
0.9882249999999996,-0.0155701206484234,-400.7457972609777,15.371638071571741,2.6050069927401074,27.70188754774278
0.988725,-0.0151876514430815,-400.74112925321,15.372944037804054,2.6188579365139892,27.70188754774278
0.9892249999999996,-0.0138595773751965,-400.7372705071353,15.374256929508256,2.6327088802878498,27.70188754774278
0.9897249999999996,-0.0124607446785515,-400.73287858463635,15.375576746684343,2.646559824061722,27.70188754774278
0.9902249999999996,-0.0127858349027112,-400.72858064473746,15.376903489332317,2.660410767835593,27.70188754774278
0.9907249999999996,-0.013824614486841,-400.7236572137117,15.378237157452178,2.674261711609466,27.70188754774278
0.9912249999999996,-0.0141775362046101,-400.71858943251436,15.379577751043929,2.6881126553833354,27.70188754774278
0.9917249999999996,-0.0138119487771494,-400.71403344210415,15.380925270107562,2.701963599157209,27.70188754774278
0.9922249999999998,-0.0134230016675485,-400.70978687017424,15.382279714643083,2.7158145429310845,27.70188754774278
0.9927249999999996,-0.0138268442592394,-400.7058818743491,15.383641084650492,2.7296654867049517,27.70188754774278
0.9932249999999996,-0.0139680300890997,-400.7015938953408,15.385009380129787,2.7435164304788207,27.70188754774278
0.9937249999999996,-0.0125576556781501,-400.6964713231009,15.386384601080968,2.7573673742526936,27.70188754774278
0.9942249999999998,-0.0124502453062472,-400.6916180922687,15.387766747504042,2.7712183180265697,27.70188754774278
0.9947249999999996,-0.0129090710920798,-400.6865460084412,15.389155819398995,2.785069261800437,27.70188754774278
0.9952249999999998,-0.0117385074576824,-400.68170086657403,15.39055181676584,2.7989202055743125,27.70188754774278
0.9957249999999996,-0.0116226882250972,-400.6769206717571,15.391954739604572,2.8127711493481797,27.70188754774278
0.9962249999999996,-0.0123292925277576,-400.67299572821713,15.393364587915187,2.8266220931220496,27.70188754774278
0.9967249999999996,-0.0124868989989765,-400.66905299399946,15.394781361697694,2.840473036895922,27.70188754774278
0.9972249999999996,-0.0131487320023459,-400.66455887627285,15.396205060952086,2.854323980669792,27.70188754774278
0.9977249999999996,-0.0137982236189077,-400.66038119050955,15.397635685678363,2.868174924443665,27.70188754774278
0.9982249999999996,-0.0142512331759586,-400.6555933241554,15.399073235876527,2.882025868217535,27.70188754774278
0.9987249999999996,-0.014258152566508,-400.6508292761477,15.400517711546577,2.895876811991408,27.70188754774278
0.9992249999999996,-0.0131954512590469,-400.6458606755891,15.401969112688521,2.9097277557652776,27.70188754774278
0.9997249999999996,-0.0132470762360044,-400.6410331612679,15.403427439302348,2.923578699539151,27.70188754774278
1.0002249999999997,-0.0135025230565307,-400.636752808311,15.40489269138806,2.937429643313024,27.70188754774278
1.0007249999999996,-0.0129917776560093,-400.6317884058583,15.406364868945662,2.9512805870868943,27.70188754774278
1.0012249999999996,-0.0136646318823798,-400.6269661513112,15.407843971975142,2.965131530860763,27.70188754774278
1.0017249999999998,-0.0151108536093059,-400.62236338513526,15.409330000476517,2.978982474634639,27.70188754774278
1.0022249999999997,-0.0151514472658842,-400.6170869673837,15.410822954449781,2.99283341840851,27.70188754774278
1.0027249999999994,-0.0157030768678246,-400.6120540259472,15.41232283389493,3.0066843621823733,27.70188754774278
1.0032249999999998,-0.0182903504872368,-400.60691130194436,15.413829638811965,3.020535305956255,27.70188754774278
1.0037249999999998,-0.0200014757612199,-400.60246782658436,15.415343369200883,3.034386249730125,27.70188754774278
1.0042249999999997,-0.021405011684725,-400.5974506975899,15.416864025061692,3.048237193503995,27.70188754774278
1.0047249999999996,-0.0233765015067484,-400.5924552371423,15.41839160639439,3.0620881372778648,27.70188754774278
1.0052249999999998,-0.0246263160024275,-400.5869788390852,15.419926113198972,3.0759390810517404,27.70188754774278
1.0057249999999995,-0.0280616468404204,-400.5813238264185,15.421467545475439,3.089790024825604,27.70188754774278
1.0062249999999997,-0.0311853871955562,-400.5754700047094,15.423015903223797,3.10364096859948,27.70188754774278
1.006725,-0.0322961419135917,-400.5694889969362,15.424571186444043,3.1174919123733633,27.70188754774278
1.0072249999999996,-0.036097917096965,-400.56330336374464,15.42613339513617,3.1313428561472203,27.70188754774278
1.0077249999999995,-0.0409836004359553,-400.5575878023818,15.427702529300188,3.14519379992109,27.70188754774278
1.008225,-0.0443893582661484,-400.5507455301011,15.429278588936091,3.1590447436949725,27.70188754774278
1.0087249999999996,-0.0478676842145068,-400.54462510735317,15.430861574043883,3.172895687468836,27.70188754774278
1.0092249999999996,-0.0506088805681521,-400.53812940745456,15.432451484623558,3.1867466312427055,27.70188754774278
1.0097249999999998,-0.0535060194362982,-400.5317914853962,15.434048320675124,3.200597575016582,27.70188754774278
1.0102249999999997,-0.0580609219234582,-400.52537231593885,15.435652082198578,3.214448518790452,27.70188754774278
1.0107249999999997,-0.0618331230750774,-400.51880107782046,15.437262769193918,3.2282994625643218,27.70188754774278
1.0112249999999996,-0.0635244397521867,-400.51214406424236,15.438880381661143,3.2421504063381916,27.70188754774278
1.0117249999999998,-0.0667047554228419,-400.50531045091407,15.440504919600253,3.2560013501120677,27.70188754774278
1.0122249999999997,-0.0713205979402931,-400.4988214970279,15.442136383011258,3.2698522938859376,27.70188754774278
1.0127249999999997,-0.0744493076588495,-400.49238733531587,15.44377477189414,3.2837032376598065,27.70188754774278
1.0132249999999998,-0.0766502877645214,-400.4856331755633,15.445420086248914,3.2975541814336835,27.70188754774278
1.0137249999999995,-0.0789743368425057,-400.47913664861426,15.447072326075572,3.311405125207547,27.70188754774278
1.0142249999999997,-0.0821875986896725,-400.4725190988256,15.448731491374119,3.3252560689814223,27.70188754774278
1.0147249999999997,-0.0856908776834961,-400.46576320910003,15.450397582144552,3.339107012755293,27.70188754774278
1.0152249999999996,-0.086001796036078,-400.45866449537834,15.452070598386875,3.352957956529163,27.70188754774278
1.0157249999999995,-0.085598254494775,-400.45142999916663,15.453750540101083,3.366808900303032,27.70188754774278
1.0162249999999995,-0.0876680091377237,-400.4441174707228,15.455437407287178,3.3806598440769027,27.70188754774278
1.0167249999999997,-0.0885963653481958,-400.43679356661056,15.45713119994516,3.3945107878507783,27.70188754774278
1.0172249999999994,-0.0879491270492499,-400.4292054635618,15.458831918075035,3.4083617316246424,27.70188754774278
1.0177249999999998,-0.0868267764454426,-400.42171316179883,15.460539561676786,3.422212675398524,27.70188754774278
1.0182249999999995,-0.0868486505444837,-400.41424019266253,15.462254130750429,3.4360636191723883,27.70188754774278
1.0187249999999994,-0.0874038933680654,-400.4067906139357,15.463975625295957,3.449914562946257,27.70188754774278
1.0192249999999998,-0.0864133380561429,-400.3993987592261,15.465704045313379,3.46376550672014,27.70188754774278
1.0197249999999998,-0.0845299691179268,-400.39216173560004,15.467439390802676,3.47761645049401,27.70188754774278
1.0202249999999995,-0.0828108802134024,-400.38454708873087,15.469181661763864,3.491467394267873,27.70188754774278
1.0207249999999997,-0.081679476588206,-400.3775913390773,15.470930858196947,3.5053183380417496,27.70188754774278
1.0212249999999998,-0.0791561477859111,-400.37046954450545,15.472686980101912,3.519169281815626,27.70188754774278
1.0217249999999996,-0.0755280880118575,-400.36271137901866,15.474450027478762,3.533020225589489,27.70188754774278
1.0222249999999995,-0.0728520054936512,-400.35515937909634,15.476220000327501,3.5468711693633588,27.70188754774278
1.022725,-0.0702334829150384,-400.34795521746855,15.477996898648128,3.560722113137248,27.70188754774278
1.0232249999999996,-0.0677208333471026,-400.34082601658315,15.479780722440635,3.574573056911105,27.70188754774278
1.0237249999999996,-0.0650045626339172,-400.33375721170125,15.481571471705038,3.5884240006849746,27.70188754774278
1.024225,-0.0616142836571609,-400.3270796017942,15.483369146441325,3.6022749444588578,27.70188754774278
1.0247249999999997,-0.0586756835780279,-400.32063332260617,15.485173746649492,3.6161258882327214,27.70188754774278
1.0252249999999996,-0.0562637544691292,-400.31333543352235,15.486985272329553,3.6299768320065904,27.70188754774278
1.0257249999999998,-0.0539609469924551,-400.3056573266174,15.4888037234815,3.6438277757804673,27.70188754774278
1.0262249999999995,-0.0516256392188646,-400.2986117392572,15.490629100105334,3.6576787195543305,27.70188754774278
1.0267249999999997,-0.0485597317441685,-400.29099882021364,15.492461402201055,3.671529663328206,27.70188754774278
1.0272249999999996,-0.0459347749369648,-400.2844282347781,15.494300629768663,3.6853806071020765,27.70188754774278
1.0277249999999998,-0.0440023803215928,-400.27695468254154,15.49614678280816,3.6992315508759526,27.70188754774278
1.0282249999999995,-0.0422439698995948,-400.2701209514168,15.497999861319542,3.7130824946498158,27.70188754774278
1.0287249999999997,-0.0407958043933527,-400.2628436654539,15.499859865302808,3.726933438423692,27.70188754774278
1.0292249999999998,-0.0392956167374862,-400.25571363808825,15.501726794757962,3.7407843821975675,27.70188754774278
1.0297249999999996,-0.0382030001533839,-400.24880856586555,15.503600649685005,3.7546353259714316,27.70188754774278
1.0302249999999995,-0.0373636952368739,-400.2423059785934,15.505481430083933,3.7684862697453014,27.70188754774278
1.0307249999999997,-0.0370833018084313,-400.23544369098147,15.50736913595475,3.7823372135191775,27.70188754774278
1.0312249999999996,-0.0368137280910405,-400.2288920475592,15.509263767297453,3.796188157293047,27.70188754774278
1.0317249999999996,-0.0365292065284685,-400.22204847634566,15.511165324112044,3.8100391010669177,27.70188754774278
1.0322249999999995,-0.0362014146391189,-400.2148162869064,15.513073806398518,3.8238900448407875,27.70188754774278
1.0327249999999997,-0.0356221422225562,-400.2072369349096,15.514989214156884,3.8377409886146623,27.70188754774278
1.0332249999999994,-0.0354159232880957,-400.19986512040043,15.516911547387135,3.8515919323885264,27.70188754774278
1.0337249999999998,-0.0358033605342281,-400.19256394966493,15.51884080608927,3.8654428761624087,27.70188754774278
1.0342249999999995,-0.0357398923721818,-400.18542841374034,15.520776990263297,3.879293819936272,27.70188754774278
1.0347249999999997,-0.0360131693662715,-400.1782725618765,15.522720099909213,3.8931447637101484,27.70188754774278
1.0352249999999998,-0.0362949191638213,-400.17146378701653,15.524670135027009,3.906995707484025,27.70188754774278
1.0357249999999998,-0.0364047985538427,-400.1650079600806,15.526627095616693,3.920846651257895,27.70188754774278
1.0362249999999995,-0.0363363228603996,-400.1584329778211,15.528590981678263,3.9346975950317584,27.70188754774278
1.0367249999999997,-0.036526487240134,-400.15209321373925,15.530561793211724,3.948548538805635,27.70188754774278
1.0372249999999998,-0.035602046957678,-400.14594782379123,15.532539530217072,3.96239948257951,27.70188754774278
1.0377249999999996,-0.0345830909474503,-400.1385398150307,15.534524192694303,3.9762504263533733,27.70188754774278
1.0382249999999995,-0.0343721443492365,-400.1318333738942,15.536515780643425,3.9901013701272436,27.70188754774278
1.038725,-0.0336454425213585,-400.12471292608046,15.538514294064433,4.003952313901126,27.70188754774278
1.0392249999999996,-0.0333086330854348,-400.1182561888304,15.540519732957327,4.01780325767499,27.70188754774278
1.0397249999999996,-0.0329097414505579,-400.1114460363205,15.542532097322107,4.03165420144886,27.70188754774278
1.040225,-0.0313045770737806,-400.1047260070696,15.544551387158776,4.045505145222743,27.70188754774278
1.0407249999999997,-0.030555310149483,-400.0984421436408,15.54657760246733,4.059356088996606,27.70188754774278
1.0412249999999996,-0.0301356477553692,-400.0915649832111,15.548610743247773,4.073207032770475,27.70188754774278
1.0417249999999998,-0.0280705271441073,-400.0851727668619,15.550650809500098,4.087057976544352,27.70188754774278
1.0422249999999995,-0.0260411793285027,-400.0781082413703,15.552697801224314,4.100908920318216,27.70188754774278
1.0427249999999997,-0.0245189255792333,-400.071271829886,15.554751718420416,4.114759864092091,27.70188754774278
1.0432249999999996,-0.0232817728138514,-400.0646123795819,15.556812561088405,4.128610807865961,27.70188754774278
1.0437249999999998,-0.0217448663388117,-400.0580705527498,15.558880329228286,4.1424617516398365,27.70188754774278
1.0442249999999995,-0.0202335596522045,-400.0514144602632,15.560955022840044,4.1563126954137,27.70188754774278
1.0447249999999997,-0.0191820222370542,-400.0449527210176,15.563036641923699,4.170163639187578,27.70188754774278
1.0452249999999996,-0.0186879519480651,-400.0380243156896,15.565125186479236,4.184014582961447,27.70188754774278
1.0457249999999996,-0.0187025768523429,-400.0313343801513,15.56722065650666,4.197865526735316,27.70188754774278
1.0462249999999995,-0.0172874930602631,-400.02461081190893,15.569323052005968,4.211716470509186,27.70188754774278
1.0467249999999997,-0.0159215157176161,-400.018460898618,15.571432372977165,4.225567414283062,27.70188754774278
1.0472249999999996,-0.0155727296333361,-400.01199406423814,15.57354861942025,4.239418358056931,27.70188754774278
1.0477249999999996,-0.0136556967172671,-400.0060962638803,15.575671791335227,4.253269301830802,27.70188754774278
1.0482249999999995,-0.0122301850127052,-399.99952713645575,15.577801888722083,4.267120245604672,27.70188754774278
1.0487249999999997,-0.0108827713266152,-399.9925769660608,15.579938911580829,4.280971189378548,27.70188754774278
1.0492249999999994,-0.009277278291177,-399.9860636894327,15.58208285991146,4.294822133152411,27.70188754774278
1.0497249999999998,-0.0092156912560517,-399.9786962815691,15.584233733713981,4.308673076926294,27.70188754774278
1.0502249999999995,-0.0080187795016874,-399.9715002677664,15.586391532988388,4.322524020700158,27.70188754774278
1.0507249999999997,-0.0063983323227232,-399.9641235473674,15.588556257734684,4.336374964474034,27.70188754774278
1.051225,-0.0061482479934291,-399.9570912863151,15.590727907952862,4.350225908247916,27.70188754774278
1.0517249999999998,-0.0055694711189613,-399.9505626100916,15.592906483642935,4.364076852021779,27.70188754774278
1.0522249999999995,-0.0047032782388128,-399.94319805288444,15.595091984804885,4.377927795795642,27.70188754774278
1.0527249999999997,-0.0037007695301544,-399.9362843798044,15.597284411438725,4.391778739569519,27.70188754774278
1.053225,-0.0014066798582919,-399.92956658443364,15.599483763544452,4.405629683343401,27.70188754774278
1.0537249999999996,-0.0002108292024509,-399.9229291714477,15.601690041122069,4.419480627117259,27.70188754774278
1.0542249999999995,-8.580204002573344e-06,-399.9160847399853,15.603903244171569,4.433331570891128,27.70188754774278
1.054725,0.0012910033757935,-399.910002434539,15.606123372692961,4.447182514665012,27.70188754774278
1.0552249999999996,0.0028057495490577,-399.90349820737026,15.608350426686236,4.461033458438875,27.70188754774278
1.0557249999999996,0.0030990466188888,-399.8968103894677,15.6105844061514,4.474884402212745,27.70188754774278
1.0562249999999995,0.0028243801828479,-399.889498967538,15.612825311088448,4.488735345986615,27.70188754774278
1.0567249999999997,0.0036806690151081,-399.88222993836104,15.615073141497387,4.50258628976049,27.70188754774278
1.0572249999999996,0.003798768415241,-399.87501056297623,15.617327897378212,4.5164372335343606,27.70188754774278
1.0577249999999998,0.003578691590067,-399.86806462128567,15.619589578730922,4.530288177308237,27.70188754774278
1.0582249999999995,0.0034831461702935,-399.86081424493193,15.621858185555514,4.544139121082099,9.508722943099766
1.0587249999999997,0.0030596520836295,-399.8535458572545,15.624131443706423,4.548893482553652,9.508722943099766
1.0592249999999996,0.0036542397891152,-399.84677228600805,15.626407079038072,4.553647844025201,9.508722943099766
1.0597249999999998,0.0031069904769697,-399.83980664837395,15.628685091550457,4.558402205496751,9.508722943099766
1.0602249999999995,0.0013921618894743,-399.83293615592714,15.63096548124357,4.5631565669683,9.508722943099766
1.0607249999999997,0.0005507379002416,-399.8256618270877,15.633248248117422,4.567910928439851,9.508722943099766
1.0612249999999996,-0.0009757437559209,-399.8179424972494,15.635533392172007,4.5726652899114,9.508722943099766
1.0617249999999996,-0.0036945630318319,-399.8104996940689,15.637820913407332,4.577419651382949,9.508722943099766
1.0622249999999995,-0.0056865761760898,-399.8027089650495,15.64011081182339,4.582174012854498,9.508722943099766
1.0627249999999997,-0.0078932834245245,-399.79548452103154,15.642403087420186,4.586928374326051,9.508722943099766
1.0632249999999996,-0.0115454424790567,-399.7879872223033,15.644697740197714,4.591682735797599,9.508722943099766
1.0637249999999996,-0.0145243798970949,-399.78068604980217,15.646994770155981,4.596437097269149,9.508722943099766
1.0642249999999998,-0.0170154573624786,-399.7735203528413,15.649294177294987,4.6011914587407,9.508722943099766
1.0647249999999997,-0.0203775671750407,-399.76591499246996,15.651595961614724,4.605945820212249,9.508722943099766
1.0652249999999994,-0.0233644631324747,-399.75831169400317,15.653900123115198,4.610700181683797,9.508722943099766
1.0657249999999998,-0.0267536299902341,-399.75075132069696,15.656206661796407,4.615454543155351,9.508722943099766
1.0662249999999998,-0.0309755478444171,-399.7432389027874,15.658515577658354,4.6202089046268995,9.508722943099766
1.0667249999999997,-0.0347028340142113,-399.73572880936644,15.660826870701037,4.624963266098448,9.508722943099766
1.0672249999999996,-0.0389705088035432,-399.7284725728573,15.66314054092445,4.629717627569999,9.508722943099766
1.0677249999999998,-0.0437823352150814,-399.7206715998552,15.665456588328608,4.6344719890415496,9.508722943099766
1.0682249999999995,-0.0478008026857608,-399.71322366017563,15.667775012913495,4.6392263505130975,9.508722943099766
1.0687249999999997,-0.0522513678080629,-399.70585478764013,15.670095814679119,4.643980711984649,9.508722943099766
1.069225,-0.0563323337189728,-399.69842653320484,15.672418993625481,4.648735073456202,9.508722943099766
1.0697249999999996,-0.0590890125757474,-399.69154371801886,15.674744549752573,4.653489434927748,9.508722943099766
1.0702249999999995,-0.0625314749493335,-399.6844421452085,15.677072483060407,4.658243796399297,9.508722943099766
1.070725,-0.0660722720856246,-399.6775594319205,15.679402793548977,4.662998157870851,9.508722943099766
1.0712249999999996,-0.0676728487531325,-399.67049106849174,15.681735481218277,4.667752519342398,9.508722943099766
1.0717249999999996,-0.0690663697880223,-399.6633540336958,15.684070546068316,4.672506880813947,9.508722943099766
1.0722249999999998,-0.0714300615334509,-399.6557209989241,15.686407988099091,4.677261242285499,9.508722943099766
1.0727249999999997,-0.0734660530841191,-399.64788770565366,15.688747807310596,4.682015603757048,9.508722943099766
1.0732249999999997,-0.0745248771474919,-399.6398840421298,15.691090003702847,4.6867699652285975,9.508722943099766
1.0737249999999996,-0.0751342058221738,-399.6324694282769,15.693434577275827,4.691524326700146,9.508722943099766
1.0742249999999998,-0.0761415000457444,-399.62517761260875,15.695781528029551,4.696278688171698,9.508722943099766
1.0747249999999997,-0.0776597335672562,-399.618360736812,15.698130855964001,4.7010330496432475,9.508722943099766
1.0752249999999997,-0.0774742004218383,-399.61169834127134,15.70048256107919,4.705787411114797,9.508722943099766
1.0757249999999998,-0.0767937059062829,-399.6049738038384,15.702836643375115,4.710541772586348,9.508722943099766
1.0762249999999995,-0.0769352300182885,-399.5978205773012,15.705193102851776,4.715296134057895,9.508722943099766
1.0767249999999997,-0.0764793120569886,-399.5903138879152,15.707551939509175,4.720050495529447,9.508722943099766
1.0772249999999997,-0.0753234046690433,-399.5832594956005,15.709913153347308,4.724804857000996,9.508722943099766
1.0777249999999996,-0.0747789001141469,-399.575637070028,15.712276744366173,4.729559218472546,9.508722943099766
1.0782249999999995,-0.0739712771905542,-399.5687868210402,15.714642712565778,4.734313579944095,9.508722943099766
1.0787249999999995,-0.0726724501973425,-399.5620997237643,15.717011057946117,4.739067941415644,9.508722943099766
1.0792249999999997,-0.0717619752684193,-399.5554060178796,15.719381780507195,4.743822302887196,9.508722943099766
1.0797249999999994,-0.0710516036247363,-399.5483328416221,15.721754880249001,4.748576664358743,9.508722943099766
1.0802249999999998,-0.0705798909856473,-399.54104209138677,15.724130357171553,4.753331025830296,9.508722943099766
1.0807249999999995,-0.0696236475836543,-399.53372416997,15.726508211274837,4.758085387301843,9.508722943099766
1.0812249999999994,-0.0681623353546066,-399.52659727739115,15.728888442558853,4.762839748773394,9.508722943099766
1.0817249999999998,-0.0666316008083821,-399.51955352722746,15.73127105102361,4.767594110244946,9.508722943099766
1.0822249999999998,-0.065287343765836,-399.512904979594,15.733656036669103,4.772348471716497,9.508722943099766
1.0827249999999995,-0.0640822382007127,-399.50562928439894,15.736043399495326,4.777102833188044,9.508722943099766
1.0832249999999997,-0.0627748858277646,-399.49864421741995,15.738433139502288,4.781857194659594,9.508722943099766
1.0837249999999998,-0.0619211944812845,-399.4911080067916,15.740825256689984,4.786611556131147,9.508722943099766
1.0842249999999996,-0.0600262031590072,-399.4837552223157,15.743219751058419,4.791365917602694,9.508722943099766
1.0847249999999995,-0.0586539346429547,-399.4761304146763,15.745616622607587,4.796120279074242,9.508722943099766
1.085225,-0.0591478607143392,-399.4684116601839,15.748015871337495,4.800874640545798,9.508722943099766
1.0857249999999996,-0.0580418575070796,-399.46101075875276,15.750417497248137,4.805629002017342,9.508722943099766
1.0862249999999996,-0.0562706212259333,-399.4534914837469,15.752821500339508,4.810383363488894,9.508722943099766
1.086725,-0.0557190038786442,-399.44591052651947,15.755227880611624,4.815137724960447,9.508722943099766
1.0872249999999997,-0.0549907945078699,-399.4383228637417,15.757636638064472,4.819892086431995,9.508722943099766
1.0877249999999996,-0.0541220492034524,-399.43019911964785,15.760047772698059,4.824646447903543,9.508722943099766
1.0882249999999998,-0.0529520041308823,-399.4226447240385,15.762461284512375,4.829400809375095,9.508722943099766
1.0887249999999995,-0.0515587699742403,-399.4145181017274,15.764877173507431,4.834155170846643,9.508722943099766
1.0892249999999997,-0.0515166292398946,-399.40628617983583,15.76729543968322,4.838909532318194,9.508722943099766
1.0897249999999996,-0.0519622832480523,-399.39840278034643,15.769716083039748,4.843663893789743,9.508722943099766
1.0902249999999998,-0.0505481608032632,-399.3905976494934,15.772139103577011,4.8484182552612936,9.508722943099766
1.0907249999999995,-0.0498946267002157,-399.3820642077744,15.774564501295009,4.853172616732842,9.508722943099766
1.0912249999999997,-0.0498360825696142,-399.37307063102793,15.776992276193743,4.857926978204393,9.508722943099766
1.0917249999999998,-0.0492868009932486,-399.3643983883468,15.779422428273215,4.8626813396759445,9.508722943099766
1.0922249999999996,-0.0487918704178338,-399.3554490412894,15.781854957533419,4.867435701147492,9.508722943099766
1.0927249999999995,-0.0481801657216811,-399.34721065391795,15.784289863974363,4.872190062619041,9.508722943099766
1.0932249999999997,-0.0469378494545402,-399.338281910018,15.786727147596041,4.876944424090593,9.508722943099766
1.0937249999999996,-0.0463734618871682,-399.32952806426596,15.789166808398454,4.881698785562142,9.508722943099766
1.0942249999999996,-0.0459501971293559,-399.3207405697556,15.7916088463816,4.886453147033691,9.508722943099766
1.0947249999999995,-0.0447633112254078,-399.3121019727279,15.794053261545486,4.89120750850524,9.508722943099766
1.0952249999999997,-0.0442473483437553,-399.3021624400279,15.796500053890107,4.895961869976793,9.508722943099766
1.0957249999999994,-0.043678072025472,-399.2922963722803,15.79894922341546,4.90071623144834,9.508722943099766
1.0962249999999998,-0.0431157544264127,-399.28170557494894,15.801400770121557,4.905470592919893,9.508722943099766
1.0967249999999995,-0.0421929251977463,-399.2716291605913,15.803854694008386,4.910224954391441,9.508722943099766
1.0972249999999997,-0.0410178274328992,-399.2616808512637,15.806310995075947,4.914979315862991,9.508722943099766
1.0977249999999998,-0.0406712428317125,-399.2520971683594,15.808769673324244,4.919733677334544,9.508722943099766
1.0982249999999998,-0.0397717851060981,-399.2424926144127,15.811230728753282,4.924488038806093,9.508722943099766
1.0987249999999995,-0.0385444973157496,-399.232798657332,15.813694161363053,4.92924240027764,9.508722943099766
1.0992249999999997,-0.0374459404894843,-399.2223536196545,15.816159971153564,4.933996761749191,9.508722943099766
1.0997249999999998,-0.036779625805101,-399.21230888588735,15.8186281581248,4.938751123220743,9.508722943099766
1.1002249999999996,-0.0370745568267315,-399.20146630579603,15.82109872227678,4.943505484692291,9.508722943099766
1.1007249999999995,-0.0361254447985658,-399.1909993500735,15.823571663609494,4.94825984616384,9.508722943099766
1.101225,-0.0354474710866969,-399.1809626996609,15.826046982122943,4.953014207635393,9.508722943099766
1.1017249999999996,-0.036346725205708,-399.1708015504715,15.828524677817125,4.95776856910694,9.508722943099766
1.1022249999999996,-0.0359867403479937,-399.1611185515126,15.83100475069205,4.962522930578491,9.508722943099766
1.102725,-0.0348576313231676,-399.1507864027532,15.83348720074771,4.967277292050043,9.508722943099766
1.1032249999999997,-0.0337938256583654,-399.14075666050866,15.835972027984099,4.972031653521591,9.508722943099766
1.1037249999999996,-0.0323669496663141,-399.1295572949813,15.83845923240123,4.97678601499314,9.508722943099766
1.1042249999999998,-0.0310739873679531,-399.1191916436158,15.840948813999093,4.98154037646469,9.508722943099766
1.1047249999999995,-0.0289931257899974,-399.10860123643005,15.843440772777694,4.986294737936239,9.508722943099766
1.1052249999999997,-0.0268574252828408,-399.0981355900809,15.845935108737033,4.99104909940779,9.508722943099766
1.1057249999999996,-0.0254963388796107,-399.08754509357965,15.848431821877101,4.995803460879339,9.508722943099766
1.1062249999999998,-0.0231521934998514,-399.0771965269532,15.850930912197908,5.000557822350891,9.508722943099766
1.1067249999999995,-0.0200130129091032,-399.0667352874049,15.853432379699452,5.005312183822437,9.508722943099766
1.1072249999999997,-0.0175707864694097,-399.0560745408071,15.85593622438173,5.01006654529399,9.508722943099766
1.1077249999999996,-0.015409851392211,-399.0448578952996,15.858442446244752,5.014820906765539,9.508722943099766
1.1082249999999996,-0.0122010678604845,-399.03404615818954,15.8609510452885,5.019575268237088,9.508722943099766
1.1087249999999995,-0.0088355166536681,-399.0239442742243,15.863462021512982,5.024329629708637,9.508722943099766
1.1092249999999997,-0.0055086469019658,-399.01362313819124,15.865975374918207,5.029083991180189,9.508722943099766
1.1097249999999996,-0.0024774864823125,-399.0042120292299,15.868491105504164,5.033838352651738,9.508722943099766
1.1102249999999996,-0.0001567922771473,-398.99421238218036,15.87100921327086,5.038592714123287,9.508722943099766
1.1107249999999995,0.0022661403247354,-398.9844613370678,15.87352969821829,5.043347075594838,9.508722943099766
1.1112249999999997,0.0047971791450668,-398.9742860073904,15.876052560346453,5.048101437066388,9.508722943099766
1.1117249999999994,0.0073491359560716,-398.9639054887881,15.878577799655355,5.052855798537936,9.508722943099766
1.1122249999999998,0.0099282308796939,-398.953529283173,15.881105416144988,5.05761016000949,9.508722943099766
1.1127249999999995,0.0116244434173771,-398.94381208085053,15.88363540981536,5.0623645214810375,9.508722943099766
1.1132249999999997,0.0133449786395897,-398.9338044049872,15.886167780666474,5.067118882952588,9.508722943099766
1.113725,0.0152463525618511,-398.9238888189356,15.888702528698317,5.071873244424141,9.508722943099766
1.1142249999999998,0.0171049180908533,-398.9143262558792,15.891239653910896,5.076627605895689,9.508722943099766
1.1147249999999995,0.0174859065207362,-398.9047580415763,15.893779156304207,5.081381967367236,9.508722943099766
1.1152249999999997,0.017861184228889,-398.89488766771785,15.896321035878263,5.086136328838788,9.508722943099766
1.115725,0.01863800388882,-398.8852226696057,15.898865292633051,5.090890690310342,9.508722943099766
1.1162249999999996,0.0186075285374913,-398.8756182431035,15.901411926568572,5.0956450517818865,9.508722943099766
1.1167249999999995,0.0178251463588566,-398.8663150575429,15.903960937684834,5.100399413253436,9.508722943099766
1.117225,0.0163213624202541,-398.8566578505626,15.906512325981824,5.1051537747249895,9.508722943099766
1.1177249999999996,0.014728678676958,-398.8477890382323,15.909066091459557,5.109908136196537,9.508722943099766
1.1182249999999996,0.0136445312465511,-398.83841605973316,15.911622234118022,5.1146624976680855,9.508722943099766
1.1187249999999995,0.0123559209761058,-398.829529124673,15.914180753957222,5.119416859139635,9.508722943099766
1.1192249999999997,0.0106333854293444,-398.819939490495,15.916741650977162,5.124171220611188,9.508722943099766
1.1197249999999996,0.0084181376945457,-398.81043504551053,15.919304925177833,5.1289255820827355,9.508722943099766
1.1202249999999998,0.005907051428646,-398.801375794522,15.92187057655925,5.133679943554287,9.508722943099766
1.1207249999999995,0.0032885443686456,-398.7922991950601,15.924438605121388,5.138434305025835,9.508722943099766
1.1212249999999997,0.0005584197906126,-398.7833274567798,15.927009010864271,5.1431886664973865,9.508722943099766
1.1217249999999996,-0.0029045561744722,-398.77510094740416,15.929581793787886,5.147943027968936,9.508722943099766
1.1222249999999998,-0.0064423014474966,-398.7665475666095,15.93215695389224,5.152697389440487,9.508722943099766
1.1227249999999995,-0.0099303182420298,-398.7581620413974,15.934734491177325,5.157451750912034,9.508722943099766
1.1232249999999997,-0.0137186336736336,-398.7498739578,15.937314405643152,5.162206112383585,9.508722943099766
1.1237249999999996,-0.0184036046980213,-398.7418962918981,15.939896697289713,5.166960473855135,9.508722943099766
1.1242249999999996,-0.0229674200873271,-398.73370141350455,15.942481366117006,5.171714835326685,9.508722943099766
1.1247249999999995,-0.0262247190770846,-398.72611949407434,15.945068412125037,5.176469196798234,9.508722943099766
1.1252249999999997,-0.0292970100772229,-398.71810619994346,15.947657835313803,5.181223558269784,9.508722943099766
1.1257249999999996,-0.0325192546174886,-398.71001682162796,15.95024963568331,5.185977919741335,9.508722943099766
1.1262249999999996,-0.0361402233844967,-398.7017066642784,15.952843813233546,5.190732281212885,9.508722943099766
1.1267249999999998,-0.0395473129144368,-398.6935494006859,15.955440367964524,5.195486642684435,9.508722943099766
1.1272249999999997,-0.0424482121609672,-398.6851423584444,15.95803929987623,5.200241004155985,9.508722943099766
1.1277249999999994,-0.0451416826307158,-398.67673960011615,15.960640608968678,5.204995365627532,9.508722943099766
1.1282249999999998,-0.0476561492589862,-398.66845100747753,15.963244295241855,5.209749727099086,9.508722943099766
1.1287249999999998,-0.0507761727487423,-398.66042092548935,15.965850358695777,5.214504088570635,9.508722943099766
1.1292249999999997,-0.053107052577682,-398.65237748876376,15.968458799330428,5.219258450042184,9.508722943099766
1.1297249999999996,-0.0551036790025459,-398.64436373730155,15.971069617145819,5.224012811513734,9.508722943099766
1.1302249999999998,-0.0569811773248462,-398.63619056975085,15.973682812141943,5.228767172985285,9.508722943099766
1.1307249999999995,-0.0588228850132344,-398.62778247182973,15.976298384318802,5.233521534456833,9.508722943099766
1.1312249999999997,-0.0597363772206326,-398.61976661660844,15.9789163336764,5.238275895928384,9.508722943099766
1.131725,-0.0603632067666559,-398.61134476234685,15.981536660214736,5.243030257399938,9.508722943099766
1.1322249999999996,-0.0611154147612345,-398.60332289480067,15.984159363933802,5.247784618871482,9.508722943099766
1.1327249999999995,-0.0621060579217317,-398.59539010601986,15.986784444833605,5.252538980343033,9.508722943099766
1.133225,-0.0626922708310026,-398.5872339155085,15.989411902914144,5.257293341814585,9.508722943099766
1.1337249999999996,-0.0620911510725374,-398.5787192081971,15.992041738175418,5.262047703286132,9.508722943099766
1.1342249999999996,-0.0618284250811254,-398.57010784422135,15.994673950617427,5.266802064757682,9.508722943099766
1.1347249999999998,-0.063205234287556,-398.5611242654391,15.997308540240178,5.271556426229234,9.508722943099766
1.1352249999999997,-0.0628271823539003,-398.55246308565336,15.999945507043659,5.276310787700783,9.508722943099766
1.1357249999999997,-0.0612412010481445,-398.5438539608402,16.002584851027876,5.281065149172333,9.508722943099766
1.1362249999999996,-0.061953485682559,-398.53517052465014,16.00522657219283,5.285819510643882,9.508722943099766
1.1367249999999998,-0.0630262206481909,-398.52643996459807,16.007870670538516,5.290573872115433,9.508722943099766
1.1372249999999997,-0.0635146866747033,-398.5176516404566,16.01051714606495,5.295328233586982,9.508722943099766
1.1377249999999997,-0.0629619178799962,-398.50905163057996,16.01316599877211,5.300082595058532,9.508722943099766
1.1382249999999998,-0.0626048065408118,-398.49935845913285,16.015817228660005,5.304836956530084,9.508722943099766
1.1387249999999995,-0.0633377456109458,-398.4900744042764,16.01847083572864,5.3095913180016305,9.508722943099766
1.1392249999999997,-0.0633667973941952,-398.4799753674226,16.021126819978004,5.314345679473182,9.508722943099766
1.1397249999999997,-0.062850465180068,-398.4704703015264,16.023785181408112,5.319100040944732,9.508722943099766
1.1402249999999996,-0.0615387182430924,-398.46075379825714,16.02644592001895,5.3238544024162815,9.508722943099766
1.1407249999999995,-0.0611044934899271,-398.4510423143463,16.02910903581052,5.32860876388783,9.508722943099766
1.1412249999999995,-0.0618003679501266,-398.4414981557729,16.031774528782837,5.333363125359379,9.508722943099766
1.1417249999999997,-0.06102417372171,-398.4317954433642,16.034442398935887,5.338117486830931,9.508722943099766
1.1422249999999994,-0.0606501800690696,-398.4215675681471,16.03711264626967,5.342871848302479,9.508722943099766
1.1427249999999998,-0.0601525147484026,-398.4110227887322,16.03978527078419,5.347626209774032,9.508722943099766
1.1432249999999995,-0.0609051309724988,-398.4009695165473,16.042460272479442,5.35238057124558,9.508722943099766
1.1437249999999994,-0.0627817531060163,-398.39043227002617,16.045137651355436,5.357134932717128,9.508722943099766
1.1442249999999998,-0.0616209320758586,-398.3803734968345,16.04781740741216,5.361889294188682,9.508722943099766
1.1447249999999998,-0.0611513930941434,-398.3697865916167,16.050499540649625,5.366643655660232,9.508722943099766
1.1452249999999995,-0.0636357033732224,-398.35932449645964,16.053184051067817,5.371398017131779,9.508722943099766
1.1457249999999997,-0.0646130520638213,-398.34845094132646,16.055870938666757,5.37615237860333,9.508722943099766
1.1462249999999998,-0.0635899730219783,-398.33804964268376,16.058560203446422,5.380906740074881,9.508722943099766
1.1467249999999996,-0.0631672861765579,-398.32745631961103,16.06125184540683,5.385661101546429,9.508722943099766
1.1472249999999995,-0.0632382097521426,-398.31671319483905,16.06394586454797,5.390415463017979,9.508722943099766
1.147725,-0.0639051176391378,-398.305947030129,16.066642260869852,5.395169824489534,9.508722943099766
1.1482249999999996,-0.0646888068876336,-398.29564682307836,16.069341034372457,5.399924185961079,9.508722943099766
1.1487249999999996,-0.0640995616811733,-398.2852946855925,16.07204218505581,5.404678547432628,9.508722943099766
1.149225,-0.0642919465753385,-398.27479037864657,16.074745712919896,5.409432908904183,9.508722943099766
1.1497249999999997,-0.0654394204366608,-398.264317019633,16.077451617964716,5.41418727037573,9.508722943099766
1.1502249999999996,-0.0648492587030531,-398.25355270495044,16.080159900190267,5.418941631847279,9.508722943099766
1.1507249999999998,-0.0641334759496947,-398.24313887713976,16.08287055959656,5.423695993318829,9.508722943099766
1.1512249999999995,-0.0645154693024799,-398.23251447068895,16.085583596183586,5.428450354790377,9.508722943099766
1.1517249999999997,-0.063717221693329,-398.22193294434516,16.088299009951353,5.433204716261929,9.508722943099766
1.1522249999999996,-0.0628404603646188,-398.2117911877837,16.09101680089985,5.4379590777334785,9.508722943099766
1.1527249999999998,-0.0610857615515145,-398.20190481589685,16.093736969029084,5.442713439205029,9.508722943099766
1.1532249999999995,-0.058420393554481,-398.19186519264997,16.096459514339053,5.447467800676576,9.508722943099766
1.1537249999999997,-0.0574151668719257,-398.18217173857823,16.09918443682976,5.452222162148129,9.508722943099766
1.1542249999999998,-0.0570428152079746,-398.17191190804493,16.1019117365012,5.45697652361968,9.508722943099766
1.1547249999999996,-0.0562743614595117,-398.1621422534169,16.10464141335338,5.461730885091227,9.508722943099766
1.1552249999999995,-0.0539613091031106,-398.15259381538226,16.107373467386292,5.466485246562776,9.508722943099766
1.1557249999999997,-0.0527636706482213,-398.1435504188933,16.110107898599942,5.4712396080343275,9.508722943099766
1.1562249999999996,-0.0532134706642456,-398.13436287495966,16.11284470699433,5.475993969505878,9.508722943099766
1.1567249999999996,-0.0513031240692464,-398.1252339222038,16.115583892569447,5.480748330977427,9.508722943099766
1.1572249999999995,-0.0491450094746544,-398.1163327796977,16.118325455325305,5.485502692448976,9.508722943099766
1.1577249999999997,-0.0472460596844454,-398.1064168547929,16.121069395261898,5.490257053920527,9.508722943099766
1.1582249999999994,-0.0460179284887984,-398.0970759071541,16.123815712379223,5.495011415392074,9.508722943099766
1.1587249999999998,-0.0452926916800147,-398.08753381461827,16.12656440667729,5.4997657768636286,9.508722943099766
1.1592249999999995,-0.0417284634528008,-398.0782006664546,16.12931547815609,5.504520138335176,9.508722943099766
1.1597249999999997,-0.0391204505235721,-398.0690344653453,16.132068926815624,5.509274499806727,9.508722943099766
1.1602249999999998,-0.0391651352453731,-398.06024696921514,16.1348247526559,5.514028861278279,9.508722943099766
1.1607249999999998,-0.0384717547127451,-398.0508351705597,16.137582955676905,5.5187832227498275,9.508722943099766
1.1612249999999995,-0.0371871200785224,-398.0420061014896,16.140343535878646,5.523537584221375,9.508722943099766
1.1617249999999997,-0.0365629648728736,-398.03338801454197,16.143106493261126,5.528291945692926,9.508722943099766
1.1622249999999998,-0.0353232071886201,-398.024741190664,16.145871827824344,5.533046307164478,9.508722943099766
1.1627249999999996,-0.03307405975281,-398.01607126838087,16.148639539568293,5.5378006686360255,9.508722943099766
1.1632249999999995,-0.0302480977265009,-398.0075794776914,16.151409628492974,5.542555030107575,9.508722943099766
1.163725,-0.02698555093047,-397.9993233077032,16.1541820945984,5.547309391579129,9.508722943099766
1.1642249999999996,-0.0236111468241398,-397.990997125216,16.156956937884555,5.552063753050676,9.508722943099766
1.1647249999999996,-0.0201633487066336,-397.9821134181411,16.159734158351448,5.556818114522224,9.508722943099766
1.165225,-0.0172970725075475,-397.97359056962586,16.162513755999075,5.561572475993778,9.508722943099766
1.1657249999999997,-0.013667736421174,-397.96508250692966,16.16529573082744,5.566326837465326,9.508722943099766
1.1662249999999996,-0.010758160251312,-397.9562716089843,16.168080082836543,5.5710811989368745,9.508722943099766
1.1667249999999998,-0.0082444529724923,-397.94730475820694,16.170866812026382,5.575835560408427,9.508722943099766
1.1672249999999995,-0.0061497641870445,-397.9384337782626,16.17365591839695,5.580589921879974,9.508722943099766
1.1677249999999997,-0.0037780888053128,-397.9297787092731,16.176447401948256,5.585344283351525,9.508722943099766
1.1682249999999996,0.0005606486534905,-397.92133146627907,16.179241262680303,5.590098644823074,9.508722943099766
1.1687249999999998,0.0034411399892316,-397.9129457093885,16.182037500593083,5.594853006294627,9.508722943099766
1.1692249999999995,0.0049393652962661,-397.9038451859724,16.184836115686593,5.599607367766173,9.508722943099766
1.1697249999999997,0.0073014169735142,-397.8950942262369,16.187637107960846,5.604361729237724,9.508722943099766
1.1702249999999996,0.0098633188084369,-397.8859608311414,16.190440477415837,5.609116090709274,9.508722943099766
1.1707249999999996,0.0117036925869106,-397.87698553371035,16.193246224051556,5.613870452180823,9.508722943099766
1.1712249999999995,0.0117890223157632,-397.8680360128638,16.196054347868014,5.618624813652373,9.508722943099766
1.1717249999999997,0.0116951699779561,-397.8586903921944,16.19886484886521,5.623379175123924,9.508722943099766
1.1722249999999996,0.012662173287286,-397.8500096915628,16.20167772704314,5.628133536595473,9.508722943099766
1.1727249999999996,0.0133339767893507,-397.8410601598846,16.204492982401803,5.632887898067023,9.508722943099766
1.1732249999999995,0.0129392566022149,-397.8320863439686,16.207310614941207,5.637642259538572,9.508722943099766
1.1737249999999997,0.0124846592078764,-397.8226567212294,16.210130624661343,5.642396621010124,9.508722943099766
1.1742249999999994,0.0124004000300829,-397.8133958783055,16.212953011562213,5.647150982481671,9.508722943099766
1.1747249999999998,0.0121314264941315,-397.80424812964884,16.215777775643826,5.651905343953224,9.508722943099766
1.1752249999999995,0.0114340511251072,-397.79506878994874,16.218604916906166,5.656659705424771,9.508722943099766
1.1757249999999997,0.011477080333788,-397.78671650055924,16.22143443534925,5.661414066896324,9.508722943099766
1.176225,0.0098262008833297,-397.7780187701521,16.22426633097307,5.666168428367876,9.508722943099766
1.1767249999999998,0.0073881120273646,-397.7697634413047,16.227100603777618,5.670922789839423,9.508722943099766
1.1772249999999995,0.0061884494426372,-397.76098177067377,16.229937253762905,5.675677151310972,9.508722943099766
1.1777249999999997,0.0040911408591742,-397.75235828614865,16.232776280928935,5.680431512782524,9.508722943099766
1.178225,0.0015172532544319,-397.74319245491625,16.235617685275688,5.685185874254076,9.508722943099766
1.1787249999999996,-0.0021809495940231,-397.73459227730876,16.23846146680318,5.689940235725621,9.508722943099766
1.1792249999999995,-0.0049355244279357,-397.72560689252975,16.241307625511414,5.69469459719717,9.508722943099766
1.179725,-0.0054132831515639,-397.71720981942923,16.24415616140038,5.699448958668725,9.508722943099766
1.1802249999999996,-0.0089039416433257,-397.7089095100208,16.247007074470083,5.704203320140272,9.508722943099766
1.1807249999999996,-0.012764814978819,-397.7004799563575,16.249860364720515,5.708957681611821,9.508722943099766
1.1812249999999995,-0.0132170576148109,-397.6917751753525,16.252716032151692,5.71371204308337,9.508722943099766
1.1817249999999997,-0.0144199431370355,-397.6836353349715,16.2555740767636,5.718466404554922,9.508722943099766
1.1822249999999996,-0.0178720881048075,-397.67512680216106,16.258434498556248,5.723220766026472,9.508722943099766
1.1827249999999998,-0.0201705756897354,-397.6674338278843,16.261297297529634,5.727975127498023,9.508722943099766
1.1832249999999995,-0.0214038830742235,-397.6592473487923,16.264162473683744,5.73272948896957,9.508722943099766
1.1837249999999997,-0.0232311248550622,-397.65156454554204,16.2670300270186,5.737483850441121,9.508722943099766
1.1842249999999996,-0.0242194030824342,-397.6439096026166,16.26989995753419,5.742238211912671,9.508722943099766
1.1847249999999998,-0.0256813973940944,-397.635432682618,16.27277226523051,5.746992573384222,9.508722943099766
1.1852249999999995,-0.026967374228115,-397.6274742254554,16.275646950107568,5.7517469348557695,9.508722943099766
1.1857249999999997,-0.026692723418818,-397.619085158833,16.278524012165366,5.75650129632732,9.508722943099766
1.1862249999999996,-0.0278212729657073,-397.61146980800345,16.281403451403897,5.76125565779887,9.508722943099766
1.1867249999999996,-0.0297847821943661,-397.6029358235674,16.284285267823165,5.7660100192704205,9.508722943099766
1.1872249999999995,-0.0299312730069687,-397.59505394912736,16.287169461423165,5.770764380741969,9.508722943099766
1.1877249999999997,-0.0295114609564941,-397.5875388869778,16.29005603220391,5.775518742213521,9.508722943099766
1.1882249999999996,-0.0296148729115585,-397.57959465939246,16.29294498016538,5.7802731036850705,9.508722943099766
1.1887249999999996,-0.0298296746430787,-397.57145238380735,16.295836305307592,5.785027465156619,9.508722943099766
1.1892249999999998,-0.0314555813376053,-397.56346480177103,16.298730007630542,5.789781826628171,9.508722943099766
1.1897249999999997,-0.0323145633521249,-397.5554137906054,16.30162608713422,5.79453618809972,9.508722943099766
1.1902249999999994,-0.0315767219503375,-397.54773041341394,16.30452454381864,5.799290549571267,9.508722943099766
1.1907249999999998,-0.0319619775634384,-397.54034018920623,16.307425377683792,5.804044911042821,9.508722943099766
1.1912249999999998,-0.0343811539964515,-397.5327911877682,16.310328588729686,5.808799272514371,9.508722943099766
1.1917249999999997,-0.0359262004143753,-397.52532079170766,16.313234176956307,5.8135536339859195,9.508722943099766
1.1922249999999996,-0.0356461942490034,-397.51755377537603,16.31614214236367,5.818307995457468,9.508722943099766
1.1927249999999998,-0.0374166631496602,-397.50969893157094,16.319052484951765,5.823062356929021,9.508722943099766
1.1932249999999995,-0.0400922900969913,-397.50200351211845,16.321965204720595,5.827816718400568,9.508722943099766
1.1937249999999997,-0.0415731596502437,-397.49507310694855,16.324880301670166,5.832571079872119,9.508722943099766
1.194225,-0.0423278876635694,-397.48807431841095,16.32779777580047,5.8373254413436735,9.508722943099766
1.1947249999999996,-0.0439960113321402,-397.4814113369995,16.330717627111508,5.842079802815217,9.508722943099766
1.1952249999999995,-0.0480432449753081,-397.4749453298907,16.333639855603284,5.846834164286768,9.508722943099766
1.195725,-0.0504782513917855,-397.46832696293336,16.336564461275795,5.85158852575832,9.508722943099766
1.1962249999999996,-0.0519208371751761,-397.4609349206291,16.339491444129045,5.856342887229868,9.508722943099766
1.1967249999999996,-0.0531325008435596,-397.454226026695,16.342420804163027,5.861097248701418,9.508722943099766
1.1972249999999998,-0.0546873210660727,-397.4469665579491,16.345352541377743,5.865851610172968,9.508722943099766
1.1977249999999997,-0.0560042697708335,-397.4396995530044,16.3482866557732,5.870605971644518,9.508722943099766
1.1982249999999997,-0.0558072030426313,-397.4323193420174,16.35122314734939,5.875360333116068,9.508722943099766
1.1987249999999996,-0.0566630447452781,-397.4250969837917,16.354162016106315,5.8801146945876175,9.508722943099766
1.1992249999999998,-0.0580557461737296,-397.41798800853473,16.357103262043978,5.884869056059169,9.508722943099766
1.1997249999999997,-0.0589278099725227,-397.41062172629347,16.360046885162376,5.889623417530718,9.508722943099766
1.2002249999999997,-0.0605563564369323,-397.4034891873549,16.362992885461505,5.894377779002267,9.508722943099766
1.2007249999999998,-0.0619069853819683,-397.39670016178457,16.36594126294138,5.899132140473819,9.508722943099766
1.2012249999999995,-0.0630197101709076,-397.38966526879125,16.368892017601983,5.903886501945365,9.508722943099766
1.2017249999999997,-0.0648928828250983,-397.38277970757633,16.371845149443324,5.908640863416918,9.508722943099766
1.2022249999999997,-0.0668388466601008,-397.3757818142467,16.3748006584654,5.9133952248884665,9.508722943099766
1.2027249999999996,-0.0681751455418374,-397.3692555303123,16.37775854466821,5.918149586360016,9.508722943099766
1.2032249999999995,-0.0675103907693232,-397.3627517464485,16.380718808051753,5.922903947831565,9.508722943099766
1.2037249999999995,-0.0676026557819466,-397.35595158814107,16.38368144861604,5.927658309303116,9.508722943099766
1.2042249999999997,-0.069166779125842,-397.34932727089733,16.38664646636106,5.932412670774666,9.508722943099766
1.2047249999999994,-0.0689103852265578,-397.3420764238147,16.389613861286815,5.937167032246213,9.508722943099766
1.2052249999999998,-0.0680256639557263,-397.33571906445417,16.392583633393308,5.9419213937177675,9.508722943099766
1.2057249999999995,-0.0671911235504325,-397.32893863433895,16.395555782680532,5.946675755189314,9.508722943099766
1.2062249999999994,-0.0678509436779991,-397.32252898014514,16.398530309148494,5.951430116660863,9.508722943099766
1.2067249999999998,-0.0688214143037072,-397.31620476168393,16.401507212797192,5.956184478132417,9.508722943099766
1.2072249999999998,-0.0681103811424655,-397.31041645168375,16.40448649362663,5.960938839603966,9.508722943099766
1.2077249999999995,-0.0687376493737473,-397.30406450114566,16.407468151636795,5.9656932010755135,9.508722943099766
1.2082249999999997,-0.0698166255436281,-397.29739223944995,16.4104521868277,5.970447562547066,9.508722943099766
1.2087249999999998,-0.0701169782612801,-397.29087056805815,16.413438599199353,5.9752019240186165,9.508722943099766
1.2092249999999996,-0.069995618415619,-397.2844772343686,16.416427388751725,5.979956285490164,9.508722943099766
1.2097249999999995,-0.0690575141965818,-397.2782712451914,16.419418555484835,5.984710646961713,9.508722943099766
1.210225,-0.068921447759912,-397.2730416295461,16.422412099398688,5.989465008433269,9.508722943099766
1.2107249999999996,-0.0681127061387336,-397.267522867906,16.42540802049327,5.9942193699048145,9.508722943099766
1.2112249999999996,-0.0668274332318849,-397.2623689029521,16.428406318768587,5.998973731376363,9.508722943099766
1.211725,-0.0665329627383267,-397.2565125333801,16.43140699422465,6.0037280928479175,9.508722943099766
1.2122249999999997,-0.0665513089638317,-397.2510222674747,16.43441004686144,6.008482454319465,9.508722943099766
1.2127249999999996,-0.0661858895203448,-397.2450758786606,16.437415476678964,6.013236815791014,9.508722943099766
1.2132249999999998,-0.065669212415728,-397.2394289356516,16.44042328367723,6.017991177262566,9.508722943099766
1.2137249999999995,-0.0652838572527322,-397.23418347429845,16.443433467856227,6.022745538734112,9.508722943099766
1.2142249999999997,-0.0648830347536318,-397.22881586769034,16.446446029215963,6.027499900205663,9.508722943099766
1.2147249999999996,-0.0645151456458481,-397.2241101662163,16.449460967756433,6.032254261677214,9.508722943099766
1.2152249999999998,-0.0640364211899072,-397.21882880077396,16.45247828347764,6.037008623148765,9.508722943099766
1.2157249999999995,-0.0630493148401318,-397.2136508916859,16.455497976379583,6.041762984620312,9.508722943099766
1.2162249999999997,-0.0614837105014837,-397.20764708565855,16.45852004646226,6.046517346091864,9.508722943099766
1.2167249999999998,-0.0600736396897941,-397.2022912177104,16.461544493725672,6.051271707563415,9.508722943099766
1.2172249999999996,-0.0582319875848986,-397.1969369272221,16.464571318169824,6.056026069034962,9.508722943099766
1.2177249999999995,-0.0563079105743644,-397.19170714147333,16.467600519794708,6.060780430506512,9.508722943099766
1.2182249999999997,-0.0540243927952811,-397.18646086369034,16.47063209860033,6.065534791978063,9.508722943099766
1.2187249999999996,-0.0516961794286494,-397.1813482923053,16.47366605458669,6.070289153449612,9.508722943099766
1.2192249999999996,-0.0492429860297382,-397.17605446193414,16.47670238775378,6.075043514921163,9.508722943099766
1.2197249999999995,-0.0463419321207375,-397.17092758666473,16.479741098101606,6.079797876392711,9.508722943099766
1.2202249999999997,-0.0441909887540145,-397.1648294758188,16.48278218563017,6.084552237864263,9.508722943099766
1.2207249999999994,-0.0415688143170208,-397.15980437309923,16.48582565033947,6.08930659933581,9.508722943099766
1.2212249999999998,-0.0381442883291041,-397.1547445865228,16.48887149222951,6.094060960807363,9.508722943099766
1.2217249999999995,-0.0351898845243528,-397.14995283731764,16.49191971130028,6.098815322278911,9.508722943099766
1.2222249999999997,-0.0314860040347195,-397.14492315093486,16.49497030755179,6.103569683750462,9.508722943099766
1.2227249999999998,-0.0281342053018081,-397.1391366396285,16.49802328098403,6.108324045222014,9.508722943099766
1.2232249999999998,-0.0246528171565901,-397.13369119039425,16.501078631597007,6.113078406693563,9.508722943099766
1.2237249999999995,-0.0216061757827425,-397.1278200374901,16.50413635939072,6.11783276816511,9.508722943099766
1.2242249999999997,-0.0196932911066776,-397.1220880912434,16.507196464365176,6.122587129636662,9.508722943099766
1.2247249999999998,-0.0176754069209067,-397.11630096523197,16.51025894652036,6.127341491108213,9.508722943099766
1.2252249999999996,-0.0154140161425811,-397.1106864593824,16.51332380585628,6.13209585257976,9.508722943099766
1.2257249999999995,-0.0122415803013373,-397.1055015880289,16.516391042372938,6.13685021405131,9.508722943099766
1.226225,-0.010517526420554,-397.10026487211024,16.519460656070333,6.141604575522863,9.508722943099766
1.2267249999999996,-0.0092082798024584,-397.09438571368133,16.522532646948463,6.14635893699441,9.508722943099766
1.2272249999999996,-0.0075281269673462,-397.08838581892337,16.525607015007328,6.15111329846596,9.508722943099766
1.227725,-0.00611162122198,-397.0822980878468,16.528683760246928,6.155867659937513,9.508722943099766
1.2282249999999997,-0.0045882025281826,-397.0762284724083,16.531762882667262,6.16062202140906,9.508722943099766
1.2287249999999996,-0.0033354119626664,-397.06992750026734,16.534844382268336,6.16537638288061,9.508722943099766
1.2292249999999998,-0.0031678370052932,-397.06421706660353,16.537928259050148,6.170130744352163,9.508722943099766
1.2297249999999995,-0.002077345364172,-397.0577991388103,16.54101451301269,6.174885105823709,9.508722943099766
1.2302249999999997,-0.001945940195655,-397.05175585265835,16.54410314415597,6.17963946729526,9.508722943099766
1.2307249999999996,-0.002132360832443,-397.0450614693621,16.547194152479985,6.184393828766809,9.508722943099766
1.2312249999999998,-0.0009420117631781,-397.0384796068971,16.55028753798474,6.189148190238361,9.508722943099766
1.2317249999999995,-0.0013546141066008,-397.03126436451873,16.553383300670223,6.193902551709908,9.508722943099766
1.2322249999999997,-0.0015465607591646,-397.0248414732205,16.556481440536448,6.19865691318146,9.508722943099766
1.2327249999999996,-0.0012464167866895,-397.0180481419073,16.559581957583408,6.203411274653009,9.508722943099766
1.2332249999999996,-0.0025503779447353,-397.0109901811303,16.5626848518111,6.2081656361245585,9.508722943099766
1.2337249999999995,-0.0027598405003411,-397.0046142249923,16.56579012321953,6.212919997596108,9.508722943099766
1.2342249999999997,-0.0029866930312471,-396.99748679705385,16.568897771808697,6.21767435906766,9.508722943099766
1.2347249999999996,-0.0041106963118699,-396.99056496828655,16.572007797578596,6.222428720539209,9.508722943099766
1.2352249999999996,-0.0045906439204606,-396.9829501393301,16.575120200529234,6.227183082010757,9.508722943099766
1.2357249999999995,-0.0053561850266441,-396.97542819521357,16.578234980660607,6.231937443482308,9.508722943099766
1.2362249999999997,-0.0064621497148571,-396.9679055664738,16.58135213797272,6.236691804953859,9.508722943099766
1.2367249999999994,-0.0075256960706844,-396.96082564645627,16.58447167246556,6.241446166425407,9.508722943099766
1.2372249999999998,-0.0074833489148764,-396.95351259812594,16.587593584139142,6.246200527896959,9.508722943099766
1.2377249999999995,-0.008236529145412,-396.94601774851776,16.59071787299346,6.250954889368507,9.508722943099766
1.2382249999999997,-0.0088196113798606,-396.93782568018355,16.59384453902851,6.2557092508400585,9.508722943099766
1.238725,-0.0089466809700685,-396.9301362152157,16.5969735822443,6.260463612311612,9.508722943099766
1.2392249999999998,-0.0101370049383044,-396.9220611543369,16.60010500264082,6.265217973783159,9.508722943099766
1.2397249999999995,-0.0110038901046651,-396.9139167525914,16.603238800218083,6.269972335254706,9.508722943099766
1.2402249999999997,-0.011562577538895,-396.90550594381307,16.606374974976077,6.274726696726258,9.508722943099766
1.240725,-0.0129566957874748,-396.8979338128709,16.60951352691481,6.2794810581978115,9.508722943099766
1.2412249999999996,-0.0136266467968616,-396.8893140105072,16.612654456034278,6.284235419669357,9.508722943099766
1.2417249999999995,-0.0141704594457351,-396.8810497455477,16.61579776233448,6.288989781140905,9.508722943099766
1.242225,-0.0151293931799098,-396.8729558523362,16.618943445815418,6.29374414261246,9.508722943099766
1.2427249999999996,-0.0156451748216011,-396.86470662738293,16.62209150647709,6.298498504084008,9.508722943099766
1.2432249999999996,-0.0156741779028556,-396.85591411666957,16.6252419443195,6.303252865555557,9.508722943099766
1.2437249999999995,-0.0159318824682811,-396.84747003595453,16.628394759342644,6.3080072270271055,9.508722943099766
1.2442249999999997,-0.0164258151764024,-396.8392051136708,16.63154995154653,6.312761588498658,9.508722943099766
1.2447249999999996,-0.0164064097685041,-396.8308812257291,16.634707520931144,6.317515949970207,9.508722943099766
1.2452249999999998,-0.0173637869739431,-396.822598397664,16.6378674674965,6.322270311441759,9.508722943099766
1.2457249999999995,-0.0184969006472417,-396.814641625124,16.641029791242588,6.327024672913305,9.508722943099766
1.2462249999999997,-0.0184979468348042,-396.8064476916411,16.644194492169408,6.331779034384856,9.508722943099766
1.2467249999999996,-0.0191198409832887,-396.7981216122039,16.647361570276974,6.3365333958564065,9.508722943099766
1.2472249999999998,-0.0199649226060791,-396.79011159225536,16.650531025565268,6.341287757327958,9.508722943099766
1.2477249999999995,-0.0205070055864014,-396.78172879539414,16.653702858034297,6.346042118799505,9.508722943099766
1.2482249999999997,-0.0209587638865562,-396.7739487562243,16.656877067684068,6.350796480271057,9.508722943099766
1.2487249999999996,-0.0213587769777915,-396.7655490146243,16.660053654514567,6.3555508417426045,9.508722943099766
1.2492249999999996,-0.0229793500824936,-396.75744594388146,16.663232618525807,6.360305203214154,9.508722943099766
1.2497249999999995,-0.0248933959010305,-396.7485669402135,16.666413959717783,6.365059564685705,9.508722943099766
1.2502249999999997,-0.0260434162903901,-396.74011971399057,16.669597678090494,6.3698139261572555,9.508722943099766
1.2507249999999996,-0.0272298277388263,-396.73116847134963,16.672783773643943,6.374568287628804,9.508722943099766
1.2512249999999996,-0.0293018801288243,-396.722114564118,16.675972246378123,6.379322649100355,9.508722943099766
1.2517249999999998,-0.0315420530896127,-396.7127091709395,16.679163096293042,6.384077010571906,9.508722943099766
1.2522249999999997,-0.0322704133430655,-396.70363572409883,16.682356323388696,6.388831372043456,9.508722943099766
1.2527249999999994,-0.0327867035277411,-396.6947733826693,16.685551927665088,6.393585733515002,9.508722943099766
1.2532249999999998,-0.0343715511774739,-396.6861013668013,16.688749909122212,6.3983400949865565,9.508722943099766
1.2537249999999998,-0.0354697337613687,-396.67760246278857,16.691950267760074,6.403094456458105,9.508722943099766
1.2542249999999997,-0.0364217022552879,-396.6689918265271,16.695153003578667,6.407848817929655,9.508722943099766
1.2547249999999996,-0.0376899675009136,-396.66016552768565,16.698358116578003,6.412603179401204,9.508722943099766
1.2552249999999998,-0.0404284809659675,-396.65145135937576,16.70156560675807,6.417357540872756,9.508722943099766
1.2557249999999995,-0.0435914007963746,-396.6423018678283,16.704775474118875,6.4221119023443025,9.508722943099766
1.2562249999999997,-0.0452207827815863,-396.63361034546296,16.707987718660416,6.426866263815854,9.508722943099766
1.256725,-0.0475545530772145,-396.62493685681306,16.71120234038269,6.431620625287407,9.508722943099766
1.2572249999999996,-0.0501623945894839,-396.6159384893648,16.714419339285705,6.436374986758953,9.508722943099766
1.2577249999999995,-0.0523678170759595,-396.60667726579516,16.717638715369446,6.441129348230502,9.508722943099766
1.258225,-0.0546489173328462,-396.5971543313372,16.720860468633933,6.445883709702056,9.508722943099766
1.2587249999999996,-0.0558874528471986,-396.5882839242437,16.724084599079152,6.450638071173603,9.508722943099766
1.2592249999999996,-0.0569333658574685,-396.57946444434486,16.727311106705105,6.455392432645152,9.508722943099766
1.2597249999999998,-0.0581465894195171,-396.5707572429311,16.730539991511797,6.460146794116703,9.508722943099766
1.2602249999999997,-0.0593288614286674,-396.56203795845346,16.733771253499224,6.464901155588254,9.508722943099766
1.2607249999999997,-0.0608493776741239,-396.5536034015144,16.737004892667386,6.4696555170598025,9.508722943099766
1.2612249999999996,-0.0615787834619246,-396.5451025296271,16.740240909016283,6.474409878531352,9.508722943099766
1.2617249999999998,-0.0642040858496093,-396.53624876631693,16.743479302545914,6.4791642400029055,9.508722943099766
1.2622249999999997,-0.0664816161674668,-396.527208358974,16.746720073256284,6.483918601474453,9.508722943099766
1.2627249999999997,-0.0674664835122693,-396.5186931224048,16.74996322114739,6.488672962946002,9.508722943099766
1.2632249999999998,-0.0688501810138207,-396.5100461448673,16.753208746219233,6.493427324417554,9.508722943099766
1.2637249999999995,-0.0700248090875354,-396.50160996776435,16.756456648471808,6.498181685889102,9.508722943099766
1.2642249999999997,-0.0714907728897405,-396.4932030763654,16.759706927905118,6.502936047360652,9.508722943099766
1.2647249999999997,-0.0726605297113923,-396.4850052180665,16.76295958451917,6.507690408832202,9.508722943099766
1.2652249999999996,-0.0725518565323735,-396.477097594615,16.766214618313956,6.512444770303751,9.508722943099766
1.2657249999999995,-0.0732231848180386,-396.46883941143636,16.769472029289467,6.5171991317753,9.508722943099766
1.2662249999999995,-0.0752182341040598,-396.4605332307024,16.772731817445727,6.5219534932468495,9.508722943099766
1.2667249999999997,-0.0756044854089385,-396.45273444308486,16.77599398278272,6.526707854718402,9.508722943099766
1.2672249999999994,-0.0764945280969955,-396.44434612092874,16.779258525300445,6.531462216189949,9.508722943099766
1.2677249999999998,-0.078409581679252,-396.43575942151887,16.782525444998914,6.536216577661501,9.508722943099766
1.2682249999999995,-0.0798262027535769,-396.4271691334384,16.785794741878107,6.54097093913305,9.508722943099766
1.2687249999999994,-0.0803601772911505,-396.41856747976146,16.78906641593804,6.545725300604599,9.508722943099766
1.2692249999999998,-0.0804156078828139,-396.41009959361,16.792340467178715,6.550479662076152,9.508722943099766
1.2697249999999998,-0.0805763760165599,-396.4013225771959,16.79561689560012,6.555234023547701,9.508722943099766
1.2702249999999995,-0.0810279967917366,-396.39287078620674,16.79889570120226,6.559988385019248,9.508722943099766
1.2707249999999997,-0.0812797525468594,-396.38427231369207,16.802176883985137,6.5647427464908015,9.508722943099766
1.2712249999999998,-0.0817559999049241,-396.37592934924305,16.805460443948753,6.569497107962352,9.508722943099766
1.2717249999999996,-0.0819896692414759,-396.36797211167203,16.808746381093098,6.574251469433899,9.508722943099766
1.2722249999999995,-0.0819192202099007,-396.35983799858474,16.812034695418188,6.579005830905448,9.508722943099766
1.272725,-0.0819839401341016,-396.3519190386015,16.81532538692401,6.583760192377003,9.508722943099766
1.2732249999999996,-0.0826851441798108,-396.3438698749844,16.818618455610565,6.58851455384855,9.508722943099766
1.2737249999999996,-0.0825565910185142,-396.3357824801651,16.821913901477856,6.593268915320099,9.508722943099766
1.274225,-0.0818301260709268,-396.327706204895,16.825211724525886,6.598023276791653,9.508722943099766
1.2747249999999997,-0.0807981557828431,-396.3194542189836,16.828511924754647,6.6027776382632,9.508722943099766
1.2752249999999996,-0.0791879728321257,-396.31104256356025,16.831814502164143,6.607531999734748,9.508722943099766
1.2757249999999998,-0.0769615479619653,-396.30273552148384,16.83511945675438,6.612286361206301,9.508722943099766
1.2762249999999995,-0.0740650836537605,-396.29476888568087,16.83842678852535,6.617040722677848,9.508722943099766
1.2767249999999997,-0.0719110100125832,-396.28662309919406,16.841736497477058,6.6217950841494,9.508722943099766
1.2772249999999996,-0.0691143024463223,-396.27868789964873,16.8450485836095,6.62654944562095,9.508722943099766
1.2777249999999998,-0.0660840028018651,-396.2711916310655,16.84836304692268,6.631303807092501,9.508722943099766
1.2782249999999995,-0.0634052677601009,-396.262671538387,16.85167988741659,6.636058168564047,9.508722943099766
1.2787249999999997,-0.0608985719686972,-396.25428177648564,16.854999105091245,6.640812530035599,9.508722943099766
1.2792249999999998,-0.0582520883992027,-396.2458302191095,16.85832069994663,6.6455668915071495,9.508722943099766
1.2797249999999996,-0.0544405402453616,-396.23754857121133,16.86164467198275,6.650321252978697,9.508722943099766
1.2802249999999995,-0.0510167366942808,-396.2295116880714,16.864971021199604,6.655075614450247,9.508722943099766
1.2807249999999997,-0.0491173347245206,-396.22123028986897,16.868299747597202,6.659829975921798,9.508722943099766
1.2812249999999996,-0.0459447842465119,-396.21318627172167,16.871630851175528,6.6645843373933475,9.508722943099766
1.2817249999999996,-0.0414011188350129,-396.20479101532163,16.874964331934592,6.669338698864896,9.508722943099766
1.2822249999999995,-0.0381372514297236,-396.19604652365376,16.878300189874395,6.674093060336447,9.508722943099766
1.2827249999999997,-0.0354538159381199,-396.1873555533577,16.881638424994932,6.678847421807998,9.508722943099766
1.2832249999999994,-0.0323603966872596,-396.1784658660756,16.8849790372962,6.683601783279545,9.508722943099766
1.2837249999999998,-0.0294498731253003,-396.1696331466656,16.888322026778212,6.688356144751099,9.508722943099766
1.2842249999999995,-0.0274308974055453,-396.1606782316969,16.89166739344095,6.693110506222645,9.508722943099766
1.2847249999999997,-0.025598596811002,-396.1521232215046,16.89501513728443,6.697864867694198,9.508722943099766
1.2852249999999998,-0.0239834818512052,-396.1432804562467,16.89836525830865,6.702619229165749,9.508722943099766
1.2857249999999998,-0.0220789900343858,-396.13442554762923,16.9017177565136,6.707373590637299,9.508722943099766
1.2862249999999995,-0.0203136493705162,-396.1252670873367,16.905072631899284,6.712127952108846,9.508722943099766
1.2867249999999997,-0.0198457060930381,-396.1153941220988,16.90842988446571,6.716882313580396,9.508722943099766
1.2872249999999998,-0.0188553639438198,-396.10644024639697,16.911789514212867,6.72163667505195,9.508722943099766
1.2877249999999996,-0.016869283169277,-396.09736730510406,16.915151521140757,6.726391036523497,9.508722943099766
1.2882249999999995,-0.0166755392187185,-396.08902849714264,16.918515905249386,6.731145397995044,9.508722943099766
1.288725,-0.0164561691093603,-396.0803539743989,16.92188266653876,6.735899759466598,9.508722943099766
1.2892249999999996,-0.0159396798399716,-396.0717719165718,16.925251805008852,6.740654120938146,9.508722943099766
1.2897249999999996,-0.0161520354685681,-396.06262901075473,16.928623320659696,6.745408482409695,9.508722943099766
1.290225,-0.0160975966342066,-396.05356848705634,16.931997213491265,6.750162843881249,9.508722943099766
1.2907249999999997,-0.0159406823208566,-396.04447849126467,16.93537348350357,6.754917205352796,9.508722943099766
1.2912249999999996,-0.0159179840213649,-396.0349131346963,16.93875213069662,6.759671566824345,9.508722943099766
1.2917249999999998,-0.0150732743091325,-396.02569884899464,16.9421331550704,6.764425928295897,9.508722943099766
1.2922249999999995,-0.0137710689995602,-396.0168844759876,16.945516556624913,6.769180289767445,9.508722943099766
1.2927249999999997,-0.0127281983729448,-396.00786285034826,16.948902335360167,6.773934651238996,9.508722943099766
1.2932249999999996,-0.0122549038224619,-395.9985393734776,16.952290491276155,6.7786890127105455,9.508722943099766
1.2937249999999998,-0.0109571969596993,-395.9891504348201,16.955681024372872,6.783443374182096,9.508722943099766
1.2942249999999995,-0.0093657091131776,-395.97985829045996,16.95907393465033,6.788197735653643,9.508722943099766
1.2947249999999997,-0.0085499758942111,-395.97080501807665,16.96246922210853,6.792952097125195,9.508722943099766
1.2952249999999996,-0.0075460170833302,-395.96168865285915,16.96586688674746,6.797706458596744,9.508722943099766
1.2957249999999996,-0.0066513536890215,-395.95266071098615,16.969266928567126,6.802460820068293,9.508722943099766
1.2962249999999995,-0.0054904054986099,-395.9437278217549,16.97266934756753,6.807215181539844,9.508722943099766
1.2967249999999997,-0.0041569594679684,-395.9350156977919,16.97607414374867,6.8119695430113945,9.508722943099766
1.2972249999999996,-0.0038386914021013,-395.92603780948855,16.979481317110537,6.816723904482944,9.508722943099766
1.2977249999999996,-0.0029010651475441,-395.9170550719084,16.98289086765315,6.821478265954493,9.508722943099766
1.2982249999999995,-0.0015403525774059,-395.9077209234551,16.986302795376496,6.826232627426042,9.508722943099766
1.2987249999999997,-0.0016930346283733,-395.8989623515404,16.989717100280576,6.830986988897595,9.508722943099766
1.2992249999999994,-0.0014262240938924,-395.8899074073814,16.99313378236539,6.835741350369142,9.508722943099766
1.2997249999999998,-0.0007610906408046,-395.8804794379189,16.996552841630947,6.840495711840695,9.508722943099766
1.3002249999999995,-0.0005468186389166,-395.8714402739892,16.999974278077232,6.8452500733122426,9.508722943099766
1.3007249999999997,-0.0007565331429176,-395.8621055232932,17.00339809170426,6.850004434783793,9.508722943099766
1.301225,-0.0005565231586153,-395.8534480792371,17.006824282512017,6.854758796255347,9.508722943099766
1.3017249999999998,-0.0008887114627508,-395.8439421622138,17.010252850500514,6.859513157726894,9.508722943099766
1.3022249999999995,-0.0012042776238535,-395.83455270584614,17.013683795669746,6.8642675191984415,9.508722943099766
1.3027249999999997,-0.0018061570709336,-395.824522767204,17.017117118019712,6.869021880669994,9.508722943099766
1.303225,-0.0029394117654548,-395.81526549555525,17.020552817550413,6.873776242141546,9.508722943099766
1.3037249999999996,-0.0036743564312413,-395.8063870615801,17.023990894261853,6.878530603613092,9.508722943099766
1.3042249999999995,-0.0048472063261422,-395.79743974678615,17.027431348154025,6.883284965084642,9.508722943099766
1.304725,-0.0069130552968888,-395.788275161183,17.030874179226938,6.8880393265561946,9.508722943099766
1.3052249999999996,-0.0085597638167261,-395.7794918037111,17.03431938748058,6.892793688027742,9.508722943099766
1.3057249999999996,-0.0101455006045927,-395.77039942335733,17.037766972914962,6.897548049499292,9.508722943099766
1.3062249999999995,-0.0125738807080779,-395.7620202735744,17.04121693553008,6.902302410970841,9.508722943099766
1.3067249999999997,-0.0143918984922691,-395.75287210253447,17.044669275325937,6.907056772442393,9.508722943099766
1.3072249999999996,-0.0150826900604757,-395.7443729996304,17.04812399230252,6.911811133913942,9.508722943099766
1.3077249999999998,-0.0163844985703956,-395.73537287525824,17.05158108645985,6.916565495385493,9.508722943099766
1.3082249999999995,-0.0178293312400543,-395.72662473503937,17.05504055779791,6.921319856857041,9.508722943099766
1.3087249999999997,-0.0184324275664745,-395.7173132467724,17.05850240631671,6.9260742183285915,9.508722943099766
1.3092249999999996,-0.019424662860482,-395.70775444041095,17.06196663201624,6.930828579800141,9.508722943099766
1.3097249999999998,-0.0211240511037679,-395.6984297717808,17.065433234896506,6.935582941271693,9.508722943099766
1.3102249999999995,-0.0228163420578525,-395.68930665072935,17.06890221495751,6.940337302743241,9.508722943099766
1.3107249999999997,-0.0243951901048661,-395.68003726722503,17.07237357219925,6.945091664214791,9.508722943099766
1.3112249999999996,-0.025441597242471,-395.67102065200504,17.075847306621725,6.949846025686341,9.508722943099766
1.3117249999999996,-0.0269341082881537,-395.66225274762195,17.079323418224934,6.954600387157889,9.508722943099766
1.3122249999999995,-0.0289960458808822,-395.6534811934008,17.082801907008886,6.959354748629439,9.508722943099766
1.3127249999999997,-0.0290909941581151,-395.6445424848539,17.086282772973565,6.964109110100991,9.508722943099766
1.3132249999999996,-0.0295039162875841,-395.63509904598004,17.089766016118983,6.96886347157254,9.508722943099766
1.3137249999999996,-0.0310249769971195,-395.62495550373524,17.093251636445135,6.97361783304409,9.508722943099766
1.3142249999999998,-0.032233544745456,-395.61517630589736,17.096739633952026,6.978372194515641,9.508722943099766
1.3147249999999997,-0.0332724375107472,-395.60521371513147,17.100230008639652,6.98312655598719,9.508722943099766
1.3152249999999994,-0.034180932039739,-395.5956370803162,17.103722760508013,6.987880917458738,9.508722943099766
1.3157249999999998,-0.0359025394079153,-395.58680354941777,17.107217889557113,6.992635278930291,9.508722943099766
1.3162249999999998,-0.0379383106273759,-395.57721065404365,17.110715395786947,6.997389640401841,9.508722943099766
1.3167249999999997,-0.0395365780374949,-395.56773585643464,17.11421527919752,7.00214400187339,9.508722943099766
1.3172249999999996,-0.0402038344743583,-395.5578964713156,17.117717539788813,7.0068983633449395,9.508722943099766
1.3177249999999998,-0.0415970986862835,-395.5483777355352,17.121222177560856,7.011652724816491,9.508722943099766
1.3182249999999995,-0.043449334792098,-395.5391081152992,17.124729192513634,7.016407086288038,9.508722943099766
1.3187249999999997,-0.0445877602328122,-395.5299869551395,17.12823858464715,7.02116144775959,9.508722943099766
1.319225,-0.045801171727251,-395.52074608245164,17.131750353961397,7.025915809231142,9.508722943099766
1.3197249999999996,-0.0473238944095117,-395.51154142817796,17.13526450045638,7.030670170702689,9.508722943099766
1.3202249999999995,-0.0487131803609527,-395.5022081584682,17.138781024132097,7.035424532174238,9.508722943099766
1.320725,-0.0506739320916553,-395.4929785799423,17.142299924988556,7.040178893645792,9.508722943099766
1.3212249999999996,-0.0526715552692691,-395.48245652210034,17.145821203025747,7.044933255117338,9.508722943099766
1.3217249999999996,-0.053942245142599,-395.4723686619447,17.14934485824367,7.049687616588887,9.508722943099766
1.3222249999999998,-0.0561128034467879,-395.46254773300484,17.152870890642333,7.0544419780604395,9.508722943099766
1.3227249999999997,-0.0590010754962504,-395.4541337173785,17.15639930022173,7.059196339531988,9.508722943099766
1.3232249999999997,-0.060116994145036,-395.4448335990915,17.159930086981866,7.063950701003537,9.508722943099766
1.3237249999999996,-0.0608383148374302,-395.435458915168,17.16346325092273,7.068705062475087,9.508722943099766
1.3242249999999998,-0.0623783629339434,-395.42592996762323,17.166998792044343,7.0734594239466375,9.508722943099766
1.3247249999999997,-0.0634502708640939,-395.4158043960546,17.17053671034668,7.078213785418188,9.508722943099766
1.3252249999999997,-0.0640261013552785,-395.40588665948104,17.17407700582976,7.082968146889738,9.508722943099766
1.3257249999999998,-0.065022563778831,-395.3955306066065,17.177619678493567,7.0877225083612885,9.508722943099766
1.3262249999999995,-0.0654746893182081,-395.38552656671015,17.181164728338118,7.0924768698328355,9.508722943099766
1.3267249999999997,-0.0664422737749893,-395.37544933219766,17.184712155363403,7.097231231304389,9.508722943099766
1.3272249999999997,-0.0679001697955478,-395.3658504927942,17.188261959569424,7.101985592775938,9.508722943099766
1.3277249999999996,-0.0682651096648729,-395.3558912874691,17.191814140956176,7.106739954247486,9.508722943099766
1.3282249999999995,-0.0691920277548761,-395.3457627203315,17.19536869952367,7.111494315719035,9.508722943099766
1.3287249999999995,-0.0703992463191783,-395.3356883618042,17.198925635271895,7.116248677190584,9.508722943099766
1.3292249999999997,-0.0701323484495093,-395.32546014284173,17.20248494820086,7.1210030386621375,9.508722943099766
1.3297249999999994,-0.0696896159614849,-395.3154725224202,17.206046638310557,7.1257574001336845,9.508722943099766
1.3302249999999998,-0.0697381669492722,-395.30578726669313,17.209610705600998,7.130511761605238,9.508722943099766
1.3307249999999995,-0.068992529465687,-395.2958713415102,17.213177150072166,7.135266123076784,9.508722943099766
1.3312249999999994,-0.0677368504326977,-395.28655552918144,17.21674597172407,7.1400204845483355,9.508722943099766
1.3317249999999998,-0.0673517989535266,-395.2764178684394,17.220317170556715,7.144774846019888,9.508722943099766
1.3322249999999998,-0.0667132726108977,-395.26696185762563,17.223890746570092,7.149529207491438,9.508722943099766
1.3327249999999995,-0.0653870737646565,-395.2567183781829,17.227466699764204,7.154283568962983,9.508722943099766
1.3332249999999997,-0.0646454930592433,-395.24655703150233,17.231045030139057,7.159037930434535,9.508722943099766
1.3337249999999998,-0.0636935254374654,-395.236095781567,17.23462573769464,7.163792291906087,9.508722943099766
1.3342249999999996,-0.0627129687797697,-395.2260284503775,17.238208822430956,7.168546653377634,9.508722943099766
1.3347249999999995,-0.0612974721209265,-395.2163626940972,17.241794284348018,7.173301014849184,9.508722943099766
1.335225,-0.0597959458477721,-395.20622912203095,17.24538212344581,7.1780553763207395,9.508722943099766
1.3357249999999996,-0.0583041100305029,-395.1969214808366,17.248972339724336,7.182809737792284,9.508722943099766
1.3362249999999996,-0.0566317644306119,-395.18676506605766,17.2525649331836,7.1875640992638345,9.508722943099766
1.336725,-0.0546950668832311,-395.17684769867515,17.2561599038236,7.192318460735387,9.508722943099766
1.3372249999999997,-0.053134417026664,-395.1664487634806,17.25975725164434,7.197072822206934,9.508722943099766
1.3377249999999996,-0.0520821082828167,-395.1560241993096,17.263356976645813,7.201827183678484,9.508722943099766
1.3382249999999998,-0.0503000213898606,-395.14616908731153,17.266959078828016,7.206581545150035,9.508722943099766
1.3387249999999995,-0.0483277953567576,-395.1369185936661,17.270563558190958,7.211335906621582,9.508722943099766
1.3392249999999997,-0.0469024661981927,-395.12685928173346,17.274170414734638,7.216090268093136,9.508722943099766
1.3397249999999996,-0.045732938856175,-395.1168542431331,17.27777964845905,7.220844629564683,9.508722943099766
1.3402249999999998,-0.0438424458397118,-395.1067593490908,17.281391259364206,7.225598991036235,9.508722943099766
1.3407249999999995,-0.0424456461689617,-395.0967228189631,17.285005247450087,7.230353352507783,9.508722943099766
1.3412249999999997,-0.0410579714950042,-395.08659129960876,17.28862161271671,7.235107713979334,9.508722943099766
1.3417249999999998,-0.0394613124868173,-395.0772572231338,17.29224035516407,7.239862075450886,9.508722943099766
1.3422249999999996,-0.0376745693113896,-395.0675197541561,17.29586147479216,7.244616436922433,9.508722943099766
1.3427249999999995,-0.0357327578552433,-395.05786150486426,17.29948497160099,7.249370798393981,9.508722943099766
1.3432249999999997,-0.0349866886133432,-395.04792403656825,17.30311084559056,7.254125159865533,9.508722943099766
1.3437249999999996,-0.0339033536093954,-395.0377187319834,17.306739096760854,7.258879521337084,9.508722943099766
1.3442249999999996,-0.0321100916997054,-395.027594106167,17.310369725111894,7.263633882808632,9.508722943099766
1.3447249999999995,-0.0311004633901853,-395.01734648207463,17.31400273064367,7.268388244280182,9.508722943099766
1.3452249999999997,-0.0304438374027484,-395.007725582134,17.31763811335617,7.273142605751732,9.508722943099766
1.3457249999999994,-0.0290697336433782,-394.9971541618019,17.321275873249412,7.277896967223279,9.508722943099766
1.3462249999999998,-0.0274637083849807,-394.98697143789434,17.324916010323395,7.2826513286948344,9.508722943099766
1.3467249999999995,-0.0263342397941897,-394.9763482088044,17.32855852457811,7.2874056901663815,9.508722943099766
1.3472249999999997,-0.0252569126517345,-394.9661938023291,17.332203416013563,7.292160051637932,9.508722943099766
1.3477249999999998,-0.0242342355222121,-394.95585025661967,17.33585068462975,7.296914413109484,9.508722943099766
1.3482249999999998,-0.0232458077903464,-394.9454242791664,17.339500330426674,7.301668774581033,9.508722943099766
1.3487249999999995,-0.0219838554392161,-394.9346469120139,17.343152353404328,7.30642313605258,9.508722943099766
1.3492249999999997,-0.0213456395562068,-394.9240780827448,17.346806753562728,7.311177497524132,9.508722943099766
1.3497249999999998,-0.0205842317433226,-394.91384936115526,17.350463530901855,7.3159318589956825,9.508722943099766
1.3502249999999996,-0.0189135503238238,-394.90403193127884,17.35412268542172,7.320686220467231,9.508722943099766
1.3507249999999995,-0.0175244237199991,-394.89480393166525,17.35778421712232,7.32544058193878,9.508722943099766
1.351225,-0.0162133020987709,-394.8852725667414,17.361448126003662,7.330194943410334,9.508722943099766
1.3517249999999996,-0.0141112878169707,-394.87499158660415,17.365114412065733,7.334949304881881,9.508722943099766
1.3522249999999996,-0.0124005198836937,-394.864833553427,17.368783075308542,7.33970366635343,9.508722943099766
1.352725,-0.0102556811530058,-394.8547526853036,17.37245411573209,7.3444580278249845,9.508722943099766
1.3532249999999997,-0.0084680653384752,-394.844316307289,17.376127533336366,7.3492123892965315,9.508722943099766
1.3537249999999996,-0.0071065032110292,-394.83385418658247,17.379803328121376,7.3539667507680795,9.508722943099766
1.3542249999999998,-0.0051600902631203,-394.8235037019426,17.383481500087136,7.358721112239632,9.508722943099766
1.3547249999999995,-0.0030981194111073,-394.81326526699314,17.387162049233623,7.363475473711179,9.508722943099766
1.3552249999999997,-0.001710136507955,-394.8026694409958,17.390844975560846,7.368229835182731,9.508722943099766
1.3557249999999996,-0.0009033850299322,-394.79228081021205,17.394530279068803,7.37298419665428,9.508722943099766
1.3562249999999998,8.736777030681232e-05,-394.7819109857243,17.3982179597575,7.377738558125831,9.508722943099766
1.3567249999999995,0.0012473688285338,-394.7712132955463,17.401908017626926,7.382492919597378,9.508722943099766
1.3572249999999997,0.0016562617677327,-394.76098231043244,17.4056004526771,7.387247281068931,9.508722943099766
1.3577249999999996,0.0019094121122261,-394.7510867675113,17.409295264908,7.39200164254048,9.508722943099766
1.3582249999999996,0.0020083171611267,-394.74092136032783,17.41299245431963,7.396756004012029,9.508722943099766
1.3587249999999995,0.0020297809049079,-394.73087014795743,17.41669202091201,7.401510365483578,9.508722943099766
1.3592249999999997,0.0020155786115915,-394.7204073278745,17.420393964685122,7.406264726955128,9.508722943099766
1.3597249999999996,0.0006791808927694,-394.71013330176976,17.424098285638966,7.41101908842668,9.508722943099766
1.3602249999999996,-0.0004434540897457,-394.69907906011554,17.427804983773548,7.415773449898229,9.508722943099766
1.3607249999999995,-0.0012836411512802,-394.68884434263964,17.43151405908886,7.420527811369778,9.508722943099766
1.3612249999999997,-0.0030701398767853,-394.67838361300795,17.435225511584918,7.425282172841329,9.508722943099766
1.3617249999999994,-0.00522683866504,-394.6683142060549,17.438939341261705,7.430036534312876,9.508722943099766
1.3622249999999998,-0.006797851155889,-394.65829094932394,17.442655548119227,7.43479089578443,9.508722943099766
1.3627249999999995,-0.0090005994195298,-394.6480248018859,17.446374132157484,7.439545257255977,9.508722943099766
1.3632249999999997,-0.0106880798807143,-394.6380252387169,17.450095093376486,7.444299618727529,9.508722943099766
1.363725,-0.0121127596812039,-394.62786960004723,17.45381843177622,7.449053980199083,9.508722943099766
1.3642249999999998,-0.0139497589404916,-394.6178606706341,17.457544147356685,7.45380834167063,9.508722943099766
1.3647249999999995,-0.015680057778501,-394.6076981297208,17.46127224011789,7.458562703142177,9.508722943099766
1.3652249999999997,-0.0167593506099762,-394.5979169564274,17.465002710059824,7.463317064613728,9.508722943099766
1.365725,-0.0179731236244734,-394.5880179877234,17.468735557182505,7.468071426085282,9.508722943099766
1.3662249999999996,-0.0190613735066879,-394.5780576006989,17.472470781485914,7.472825787556827,9.508722943099766
1.3667249999999995,-0.0194107766773635,-394.5681802078065,17.476208382970054,7.477580149028376,9.508722943099766
1.367225,-0.0205865447936313,-394.5583467304964,17.479948361634943,7.482334510499929,9.508722943099766
1.3677249999999996,-0.0216081787145793,-394.54868323561203,17.483690717480556,7.487088871971476,9.508722943099766
1.3682249999999996,-0.022022881812762,-394.5388029207282,17.487435450506908,7.491843233443027,9.508722943099766
1.3687249999999995,-0.0224020597432096,-394.5283988174159,17.491182560713998,7.496597594914577,9.508722943099766
1.3692249999999997,-0.0227911658325819,-394.51845410562066,17.494932048101827,7.501351956386127,9.508722943099766
1.3697249999999996,-0.0232071960582621,-394.5086153889427,17.49868391267039,7.506106317857676,9.508722943099766
1.3702249999999998,-0.0237762471137656,-394.49925022420683,17.502438154419682,7.510860679329228,9.508722943099766
1.3707249999999995,-0.0243035863346945,-394.4893035235802,17.506194773349716,7.515615040800776,9.508722943099766
1.3712249999999997,-0.0244559172227407,-394.47963342151326,17.509953769460488,7.520369402272328,9.508722943099766
1.3717249999999996,-0.0251676312398244,-394.4697485279742,17.51371514275199,7.525123763743877,9.508722943099766
1.3722249999999998,-0.0259506749401924,-394.459956159364,17.51747889322423,7.529878125215427,9.508722943099766
1.3727249999999995,-0.0264011987984448,-394.4505258336649,17.521245020877203,7.534632486686975,9.508722943099766
1.3732249999999997,-0.0269413857775666,-394.4415662618762,17.525013525710914,7.539386848158526,9.508722943099766
1.3737249999999996,-0.0272766618015692,-394.43278649387435,17.528784407725365,7.544141209630076,9.508722943099766
1.3742249999999996,-0.0276214508503813,-394.4238425358709,17.532557666920546,7.5488955711016255,9.508722943099766
1.3747249999999995,-0.0283820257977542,-394.4151285008334,17.536333303296466,7.553649932573175,9.508722943099766
1.3752249999999997,-0.029779116031937,-394.40674249483345,17.54011131685312,7.558404294044726,9.508722943099766
1.3757249999999996,-0.0309129763370633,-394.3976568366662,17.54389170759051,7.563158655516276,9.508722943099766
1.3762249999999996,-0.0326858341656521,-394.38899704660537,17.547674475508632,7.567913016987824,9.508722943099766
1.3767249999999998,-0.0347870380566501,-394.3804025497235,17.551459620607496,7.572667378459376,9.508722943099766
1.3772249999999997,-0.0366153135980937,-394.3720343281987,17.555247142887097,7.577421739930926,9.508722943099766
1.3777249999999994,-0.0382656141919791,-394.3630237284451,17.559037042347427,7.582176101402473,9.508722943099766
1.3782249999999998,-0.0398490712953342,-394.3539324467256,17.562829318988502,7.586930462874027,9.508722943099766
1.3787249999999998,-0.042176848586842,-394.34499160344063,17.566623972810305,7.591684824345575,9.508722943099766
1.3792249999999997,-0.0439504629969621,-394.335885910767,17.57042100381284,7.5964391858171245,9.508722943099766
1.3797249999999996,-0.0446795722959823,-394.3270602552302,17.57422041199612,7.601193547288674,9.508722943099766
1.3802249999999998,-0.0459833489454293,-394.3179910931493,17.57802219736013,7.605947908760225,9.508722943099766
1.3807249999999995,-0.0488085808961376,-394.3088903525967,17.58182635990488,7.610702270231773,9.508722943099766
1.3812249999999997,-0.0515502594773028,-394.299833486421,17.585632899630365,7.615456631703325,9.508722943099766
1.381725,-0.0527709090191915,-394.29109491139207,17.58944181653659,7.6202109931748785,9.508722943099766
1.3822249999999996,-0.0541753374514339,-394.2829726745797,17.59325311062354,7.624965354646423,9.508722943099766
1.3827249999999995,-0.0565533485207354,-394.27474618922656,17.597066781891225,7.629719716117972,9.508722943099766
1.383225,-0.0589896788715145,-394.2668103462932,17.600882830339657,7.634474077589527,9.508722943099766
1.3837249999999996,-0.0602517524199199,-394.2586140665765,17.604701255968816,7.639228439061074,9.508722943099766
1.3842249999999996,-0.0610655966245918,-394.25037720335604,17.60852205877872,7.643982800532624,9.508722943099766
1.3847249999999998,-0.0628883214646076,-394.2419050459913,17.612345238769354,7.648737162004174,9.508722943099766
1.3852249999999997,-0.0642011255157666,-394.2340260953768,17.61617079594072,7.653491523475725,9.508722943099766
1.3857249999999997,-0.0641024396212473,-394.2256144859008,17.619998730292828,7.658245884947274,9.508722943099766
1.3862249999999996,-0.0634775188388576,-394.217067777762,17.62382904182567,7.6630002464188225,9.508722943099766
1.3867249999999998,-0.0641304685799236,-394.2083563765881,17.62766173053925,7.667754607890374,9.508722943099766
1.3872249999999997,-0.0642582791846182,-394.1992750269537,17.63149679643356,7.672508969361923,9.508722943099766
1.3877249999999997,-0.0636892709825594,-394.1904945626335,17.63533423950861,7.677263330833473,9.508722943099766
1.3882249999999998,-0.0639071461136919,-394.1812696513898,17.639174059764397,7.682017692305024,9.508722943099766
1.3887249999999995,-0.064102910730678,-394.1720633932787,17.643016257200916,7.686772053776572,9.508722943099766
1.3892249999999997,-0.0640902089799966,-394.16295758377123,17.64686083181817,7.691526415248123,9.508722943099766
1.3897249999999997,-0.0639041317542349,-394.15441365545723,17.65070778361616,7.696280776719672,9.508722943099766
1.3902249999999996,-0.0632205082530206,-394.1457086854435,17.654557112594887,7.701035138191222,9.508722943099766
1.3907249999999995,-0.0631756975582501,-394.13677200043367,17.65840881875435,7.705789499662771,9.508722943099766
1.3912249999999995,-0.0637597778164407,-394.1274539809917,17.66226290209455,7.71054386113432,9.508722943099766
1.3917249999999997,-0.0636534562423584,-394.1180960962264,17.666119362615486,7.71529822260587,9.508722943099766
1.3922249999999994,-0.0637872721680129,-394.10864913780364,17.669978200317153,7.720052584077419,9.508722943099766
1.3927249999999998,-0.0644387434043557,-394.09903747331754,17.673839415199563,7.7248069455489725,9.508722943099766
1.3932249999999995,-0.0643853799581461,-394.0901550870339,17.677703007262707,7.7295613070205205,9.508722943099766
1.3937249999999994,-0.065044937407403,-394.08123847179627,17.68156897650658,7.734315668492068,9.508722943099766
1.3942249999999998,-0.066272817491667,-394.07236858004876,17.6854373229312,7.739070029963622,9.508722943099766
1.3947249999999998,-0.0668819893828942,-394.06290308840966,17.68930804653655,7.743824391435172,9.508722943099766
1.3952249999999995,-0.0674877335139448,-394.05299368428194,17.693181147322626,7.748578752906719,9.508722943099766
1.3957249999999997,-0.068229349290085,-394.04324675727014,17.69705662528946,7.753333114378272,9.508722943099766
1.3962249999999998,-0.0690500844454671,-394.0337445666814,17.700934480437017,7.758087475849822,9.508722943099766
1.3967249999999996,-0.0696841427178138,-394.02451340687344,17.704814712765305,7.76284183732137,9.508722943099766
1.3972249999999995,-0.0708763642935582,-394.0149245589018,17.708697322274332,7.767596198792919,9.508722943099766
1.397725,-0.0705696925694423,-394.0060066445404,17.712582308964098,7.772350560264474,9.508722943099766
1.3982249999999996,-0.0701510285969314,-393.99672526463024,17.716469672834602,7.77710492173602,9.508722943099766
1.3987249999999996,-0.0707076940262939,-393.9876436385002,17.720359413885834,7.781859283207569,9.508722943099766
1.399225,-0.0704924045332095,-393.977579815042,17.72425153211781,7.786613644679123,9.508722943099766
1.3997249999999997,-0.0700507239118552,-393.9681993070429,17.728146027530517,7.7913680061506705,9.508722943099766
1.4002249999999996,-0.0690647888219183,-393.95852142382927,17.732042900123954,7.796122367622219,9.508722943099766
1.4007249999999998,-0.0676166664663663,-393.9487004320287,17.73594214989814,7.800876729093771,9.508722943099766
1.4012249999999995,-0.0667400210842111,-393.93873697325955,17.739843776853053,7.805631090565318,9.508722943099766
1.4017249999999997,-0.0652413735868951,-393.92915993816223,17.7437477809887,7.810385452036869,9.508722943099766
1.4022249999999996,-0.0631715145243885,-393.9200238588091,17.747654162305086,7.815139813508419,9.508722943099766
1.4027249999999998,-0.0615971750038471,-393.9103620770637,17.751562920802208,7.81989417497997,9.508722943099766
1.4032249999999995,-0.0599832120932469,-393.90071365719643,17.755474056480065,7.824648536451517,9.508722943099766
1.4037249999999997,-0.0575537089172636,-393.89076612392375,17.759387569338656,7.829402897923069,9.508722943099766
1.4042249999999998,-0.0545463347502298,-393.8815295567509,17.763303459377987,7.83415725939462,9.508722943099766
1.4047249999999996,-0.0526022702743906,-393.8720619274164,17.767221726598052,7.838911620866168,9.508722943099766
1.4052249999999995,-0.0507577301376892,-393.86256991516404,17.771142370998856,7.843665982337717,9.508722943099766
1.4057249999999997,-0.0478871716279061,-393.85315924147517,17.775065392580395,7.848420343809267,9.508722943099766
1.4062249999999996,-0.04511162763078,-393.8437211578021,17.778990791342665,7.853174705280818,9.508722943099766
1.4067249999999996,-0.0426592175412009,-393.8343740164383,17.78291856728567,7.8579290667523685,9.508722943099766
1.4072249999999995,-0.0405113613544452,-393.8251550976993,17.78684872040942,7.862683428223917,9.508722943099766
1.4077249999999997,-0.037729439439523,-393.81603680617826,17.790781250713902,7.867437789695468,9.508722943099766
1.4082249999999994,-0.0344254757016093,-393.807075925248,17.79471615819911,7.872192151167015,9.508722943099766
1.4087249999999998,-0.0324226226218214,-393.79855371426044,17.798653442865064,7.876946512638568,9.508722943099766
1.4092249999999995,-0.0305775550788463,-393.7896181214218,17.80259310471175,7.881700874110117,9.508722943099766
1.4097249999999997,-0.0281443022669889,-393.78101847354674,17.806535143739175,7.886455235581668,9.508722943099766
1.4102249999999998,-0.0262141795780991,-393.7721789903303,17.810479559947336,7.891209597053218,9.508722943099766
1.4107249999999998,-0.0246858415628555,-393.7629490786318,17.81442635333623,7.895963958524769,9.508722943099766
1.4112249999999995,-0.0223092271204846,-393.7534953093449,17.818375523905857,7.900718319996317,9.508722943099766
1.4117249999999997,-0.0203212595619265,-393.74455787206807,17.822327071656225,7.9054726814678675,9.508722943099766
1.4122249999999998,-0.0184918761351178,-393.7355650156157,17.82628099658733,7.91022704293942,9.508722943099766
1.4127249999999996,-0.0161347173380302,-393.72684284667173,17.830237298699164,7.914981404410965,9.508722943099766
1.4132249999999995,-0.0141838620837633,-393.71780474641315,17.834195977991737,7.919735765882515,9.508722943099766
1.413725,-0.0127659938347806,-393.70940661038605,17.83815703446505,7.924490127354069,9.508722943099766
1.4142249999999996,-0.011589700783501,-393.7011557041631,17.84212046811909,7.929244488825616,9.508722943099766
1.4147249999999996,-0.0102643207137523,-393.6928587983983,17.846086278953866,7.933998850297165,9.508722943099766
1.415225,-0.0088404146673182,-393.6846280080603,17.850054466969386,7.938753211768719,9.508722943099766
1.4157249999999997,-0.0082927911813326,-393.676624225322,17.854025032165637,7.943507573240265,9.508722943099766
1.4162249999999996,-0.0089306648052186,-393.6692983379044,17.85799797454263,7.948261934711816,9.508722943099766
1.4167249999999998,-0.0086144881951477,-393.6616691635527,17.861973294100356,7.953016296183367,9.508722943099766
1.4172249999999995,-0.0070591300381861,-393.6547475345209,17.86595099083881,7.957770657654914,9.508722943099766
1.4177249999999997,-0.0072472257255714,-393.6473055937967,17.869931064758006,7.962525019126466,9.508722943099766
1.4182249999999996,-0.0079897099038939,-393.63994009041227,17.873913515857943,7.967279380598016,9.508722943099766
1.4187249999999998,-0.0075461290012299,-393.6324009128728,17.877898344138604,7.972033742069566,9.508722943099766
1.4192249999999995,-0.006651881817645,-393.6244469336904,17.881885549600003,7.9767881035411135,9.508722943099766
1.4197249999999997,-0.0063976244904408,-393.61635624554634,17.885875132242145,7.981542465012664,9.508722943099766
1.4202249999999996,-0.0066355499168846,-393.6088376704021,17.88986709206502,7.986296826484216,9.508722943099766
1.4207249999999996,-0.006321386119781,-393.60124926284163,17.89386142906863,7.991051187955764,9.508722943099766
1.4212249999999995,-0.0059693881147059,-393.59341498032325,17.897858143252975,7.995805549427313,9.508722943099766
1.4217249999999997,-0.0061743974108619,-393.58592211298003,17.901857234618056,8.000559910898867,9.508722943099766
1.4222249999999996,-0.0070771266944677,-393.57808723059145,17.905858703163876,8.005314272370414,9.508722943099766
1.4227249999999996,-0.007335086905936,-393.5702605622143,17.909862548890427,8.010068633841964,9.508722943099766
1.4232249999999995,-0.0067831886260254,-393.5628182262777,17.913868771797716,8.014822995313512,9.508722943099766
1.4237249999999997,-0.0067185461528305,-393.55482267409553,17.91787737188574,8.019577356785065,9.508722943099766
1.4242249999999994,-0.0067604568055099,-393.54701344934705,17.921888349154507,8.024331718256613,9.508722943099766
1.4247249999999998,-0.0062455664788478,-393.53925959825057,17.925901703604,8.029086079728165,9.508722943099766
1.4252249999999995,-0.0054046611213215,-393.53163517374423,17.929917435234227,8.033840441199713,9.508722943099766
1.4257249999999997,-0.0050147687802444,-393.52348019689146,17.933935544045195,8.038594802671263,9.508722943099766
1.426225,-0.0051713558701832,-393.5152658451078,17.937956030036908,8.043349164142818,9.508722943099766
1.4267249999999998,-0.0053022262675408,-393.5066104693622,17.941978893209342,8.048103525614366,9.508722943099766
1.4272249999999995,-0.0049465637226881,-393.4988513303542,17.946004133562514,8.052857887085912,9.508722943099766
1.4277249999999997,-0.0043590577778901,-393.49125749229285,17.95003175109643,8.057612248557463,9.508722943099766
1.428225,-0.0044884479470384,-393.48419459293723,17.954061745811075,8.062366610029017,9.508722943099766
1.4287249999999996,-0.0044869561475415,-393.4769206672309,17.95809411770646,8.067120971500561,9.508722943099766
1.4292249999999995,-0.0039786135491782,-393.4697755155739,17.962128866782574,8.071875332972112,9.508722943099766
1.429725,-0.0034027465323451,-393.46217393128927,17.96616599303943,8.076629694443666,9.508722943099766
1.4302249999999996,-0.0029673288706932,-393.4545600119204,17.970205496477018,8.081384055915214,9.508722943099766
1.4307249999999996,-0.0032452507331982,-393.4469997028942,17.97424737709534,8.086138417386762,9.508722943099766
1.4312249999999995,-0.0033910011638771,-393.4394925473019,17.978291634894404,8.09089277885831,9.508722943099766
1.4317249999999997,-0.0032637323486286,-393.4321924833682,17.982338269874205,8.095647140329863,9.508722943099766
1.4322249999999996,-0.0043102951771098,-393.4250992924856,17.986387282034737,8.100401501801413,9.508722943099766
1.4327249999999998,-0.0058577416456777,-393.4176143515699,17.990438671376005,8.105155863272964,9.508722943099766
1.4332249999999995,-0.0062483151496496,-393.4099909181852,17.994492437898007,8.109910224744512,9.508722943099766
1.4337249999999997,-0.006946957131264,-393.40198160555553,17.998548581600748,8.114664586216062,9.508722943099766
1.4342249999999996,-0.0083271888704668,-393.3936893075869,18.002607102484223,8.119418947687612,9.508722943099766
1.4347249999999998,-0.0096674243456636,-393.38538671494706,18.006668000548437,8.124173309159163,9.508722943099766
1.4352249999999995,-0.0109083989662357,-393.37747525582586,18.010731275793383,8.128927670630711,9.508722943099766
1.4357249999999997,-0.0111683773278171,-393.3700900654259,18.014796928219063,8.133682032102262,9.508722943099766
1.4362249999999996,-0.0124881144882305,-393.36195015255385,18.018864957825485,8.13843639357381,9.508722943099766
1.4367249999999996,-0.0146980191268641,-393.3545436142368,18.02293536461264,8.14319075504536,9.508722943099766
1.4372249999999995,-0.0166360855370545,-393.34708485552585,18.027008148580528,8.147945116516908,9.508722943099766
1.4377249999999997,-0.0182338309697004,-393.33941365513107,18.03108330972916,8.152699477988461,9.508722943099766
1.4382249999999996,-0.0201507992827847,-393.3312560853718,18.035160848058517,8.157453839460011,9.508722943099766
1.4387249999999996,-0.0228102738012197,-393.3230737321155,18.039240763568618,8.162208200931559,9.508722943099766
1.4392249999999998,-0.0246674274751459,-393.3151384891136,18.04332305625945,8.16696256240311,9.508722943099766
1.4397249999999997,-0.0262704681417651,-393.3072729666601,18.047407726131016,8.17171692387466,9.508722943099766
1.4402249999999994,-0.0284236561558273,-393.29949791206013,18.05149477318332,8.176471285346208,9.508722943099766
1.4407249999999998,-0.0302057130609727,-393.2910517489959,18.055584197416373,8.181225646817762,9.508722943099766
1.4412249999999998,-0.031940819044537,-393.2834181865984,18.05967599883014,8.18598000828931,9.508722943099766
1.4417249999999997,-0.0338181533452163,-393.2753392156007,18.063770177424658,8.190734369760861,9.508722943099766
1.4422249999999996,-0.0354247505578563,-393.2669897666754,18.0678667331999,8.195488731232409,9.508722943099766
1.4427249999999998,-0.0373429688464733,-393.2588631218992,18.071965666155897,8.200243092703962,9.508722943099766
1.4432249999999995,-0.0388443471511698,-393.2506915293419,18.07606697629261,8.204997454175508,9.508722943099766
1.4437249999999997,-0.0400241751687023,-393.2422556767014,18.080170663610062,8.20975181564706,9.508722943099766
1.444225,-0.0421819919415562,-393.2345888669405,18.084276728108257,8.214506177118613,9.508722943099766
1.4447249999999996,-0.0434505217189772,-393.2265303366624,18.088385169787184,8.21926053859016,9.508722943099766
1.4452249999999995,-0.0442194137862352,-393.21826101012743,18.092495988646846,8.224014900061707,9.508722943099766
1.445725,-0.0456893766288956,-393.2098449357203,18.09660918468725,8.228769261533262,9.508722943099766
1.4462249999999996,-0.0471035012701796,-393.2011078156085,18.100724757908374,8.233523623004809,9.508722943099766
1.4467249999999996,-0.0479426515051445,-393.19261102364504,18.104842708310247,8.238277984476358,9.508722943099766
1.4472249999999998,-0.0492496424490868,-393.1843222147208,18.108963035892852,8.243032345947912,9.508722943099766
1.4477249999999997,-0.051376386653659,-393.17675419713834,18.113085740656196,8.24778670741946,9.508722943099766
1.4482249999999997,-0.0530694353548259,-393.1690930764191,18.117210822600274,8.25254106889101,9.508722943099766
1.4487249999999996,-0.0549424273229732,-393.16108557659686,18.12133828172509,8.257295430362557,9.508722943099766
1.4492249999999998,-0.0568256838744856,-393.1532005915618,18.125468118030636,8.262049791834109,9.508722943099766
1.4497249999999997,-0.0584704733927609,-393.14515434633535,18.129600331516922,8.266804153305658,9.508722943099766
1.4502249999999997,-0.0607763697925658,-393.13689591224875,18.13373492218394,8.271558514777208,9.508722943099766
1.4507249999999998,-0.0625613533333508,-393.1289742572726,18.137871890031697,8.27631287624876,9.508722943099766
1.4512249999999995,-0.0639922737707799,-393.12080143764507,18.14201123506019,8.281067237720306,9.508722943099766
1.4517249999999997,-0.0662035914395445,-393.1129024501285,18.14615295726942,8.28582159919186,9.508722943099766
1.4522249999999997,-0.0680367663262835,-393.1044014513516,18.150297056659376,8.290575960663409,9.508722943099766
1.4527249999999996,-0.0695177017859675,-393.0959669278036,18.15444353323008,8.295330322134957,9.508722943099766
1.4532249999999995,-0.0719703156472484,-393.0875425382082,18.15859238698152,8.300084683606507,9.508722943099766
1.4537249999999995,-0.0742452357558411,-393.07939580408924,18.162743617913687,8.304839045078054,9.508722943099766
1.4542249999999997,-0.076056651436791,-393.07083082052634,18.166897226026595,8.309593406549606,9.508722943099766
1.4547249999999994,-0.0775851274827722,-393.0622724558574,18.171053211320235,8.314347768021156,9.508722943099766
1.4552249999999998,-0.0790085900962557,-393.0542674948528,18.17521157379462,8.319102129492707,9.508722943099766
1.4557249999999995,-0.0799395216028611,-393.04597490677395,18.179372313449726,8.323856490964255,9.508722943099766
1.4562249999999994,-0.0803665662225844,-393.0376565565214,18.183535430285573,8.328610852435805,9.508722943099766
1.4567249999999998,-0.0801897270600972,-393.02961674743045,18.18770092430217,8.333365213907358,9.508722943099766
1.4572249999999998,-0.0797066998693232,-393.02129114170555,18.19186879549949,8.33811957537891,9.508722943099766
1.4577249999999995,-0.0789616139919349,-393.0126399060921,18.196039043877548,8.342873936850454,9.508722943099766
1.4582249999999997,-0.0774088581454972,-393.0049875038985,18.20021166943634,8.347628298322007,9.508722943099766
1.4587249999999998,-0.0753953136245483,-392.9968368376414,18.204386672175865,8.352382659793557,9.508722943099766
1.4592249999999996,-0.0734235509374869,-392.98877553659753,18.20856405209613,8.357137021265105,9.508722943099766
1.4597249999999995,-0.0712515270017739,-392.9809835763408,18.212743809197136,8.361891382736655,9.508722943099766
1.460225,-0.0692102916706761,-392.97302538845827,18.216925943478877,8.366645744208208,9.508722943099766
1.4607249999999996,-0.066746920486774,-392.96469091209724,18.221110454941346,8.371400105679754,9.508722943099766
1.4612249999999996,-0.0637969368544329,-392.95661107827897,18.225297343584543,8.376154467151306,9.508722943099766
1.461725,-0.0614111728685959,-392.9487459307461,18.229486609408497,8.380908828622857,9.508722943099766
1.4622249999999997,-0.058313610094551,-392.9409239123903,18.23367825241317,8.385663190094405,9.508722943099766
1.4627249999999996,-0.05495197666703,-392.93341572097233,18.237872272598587,8.390417551565955,9.508722943099766
1.4632249999999998,-0.0519084993274284,-392.9258504297964,18.242068669964734,8.395171913037505,9.508722943099766
1.4637249999999995,-0.0488084960650992,-392.91812695320056,18.246267444511627,8.399926274509054,9.508722943099766
1.4642249999999997,-0.0450401388999112,-392.91048939681224,18.250468596239248,8.404680635980604,9.508722943099766
1.4647249999999996,-0.0420507142126924,-392.9024739910818,18.254672125147604,8.409434997452154,9.508722943099766
1.4652249999999998,-0.0390588395429521,-392.89473507923884,18.258878031236698,8.414189358923705,9.508722943099766
1.4657249999999995,-0.0362006142191043,-392.88634051065816,18.263086314506527,8.418943720395252,9.508722943099766
1.4662249999999997,-0.0345861004954425,-392.8787436907104,18.26729697495709,8.423698081866805,9.508722943099766
1.4667249999999998,-0.0323147381555435,-392.87093235713735,18.271510012588397,8.428452443338355,9.508722943099766
1.4672249999999996,-0.0296621035256758,-392.8635502564149,18.27572542740043,8.433206804809904,9.508722943099766
1.4677249999999995,-0.0279680470196548,-392.8557846669912,18.279943219393203,8.437961166281452,9.508722943099766
1.4682249999999997,-0.0263571783876956,-392.84788164239257,18.28416338856671,8.442715527753004,9.508722943099766
1.4687249999999996,-0.0243640042650275,-392.8405701199352,18.28838593492096,8.447469889224553,9.508722943099766
1.4692249999999996,-0.0221839804372076,-392.83295356479357,18.292610858455937,8.452224250696101,9.508722943099766
1.4697249999999995,-0.0204130104273509,-392.824879524226,18.296838159171653,8.456978612167651,9.508722943099766
1.4702249999999997,-0.0194230939379266,-392.817616276609,18.301067837068103,8.461732973639203,9.508722943099766
1.4707249999999994,-0.0180976556039051,-392.8105876793422,18.305299892145296,8.466487335110749,9.508722943099766
1.4712249999999998,-0.0158837557530239,-392.80423466899157,18.309534324403224,8.471241696582306,9.508722943099766
1.4717249999999995,-0.0141281661618167,-392.7971234518493,18.313771133841875,8.475996058053852,9.508722943099766
1.4722249999999997,-0.0135105022675738,-392.7899602715897,18.31801032046127,8.480750419525403,9.508722943099766
1.4727249999999998,-0.0127069224954713,-392.78272103447995,18.322251884261405,8.485504780996955,9.508722943099766
1.4732249999999998,-0.0106008168281521,-392.77483066611745,18.326495825242272,8.490259142468503,9.508722943099766
1.4737249999999995,-0.0090832876017888,-392.7673764557126,18.330742143403864,8.495013503940053,9.508722943099766
1.4742249999999997,-0.0089652280821061,-392.75960515580755,18.33499083874621,8.499767865411602,9.508722943099766
1.4747249999999998,-0.0080584643686705,-392.7526054447208,18.339241911269283,8.504522226883154,9.508722943099766
1.4752249999999996,-0.0071598372487997,-392.7455778113664,18.34349536097309,8.509276588354702,9.508722943099766
1.4757249999999995,-0.0064095352264586,-392.7388233005804,18.34775118785764,8.51403094982625,9.508722943099766
1.476225,-0.0059509514149242,-392.73105851849465,18.35200939192292,8.518785311297805,9.508722943099766
1.4767249999999996,-0.0051037180372796,-392.72408199788987,18.35626997316893,8.52353967276935,9.508722943099766
1.4772249999999996,-0.0043192005040914,-392.7164309359747,18.360532931595685,8.528294034240902,9.508722943099766
1.477725,-0.0034758219952834,-392.70879828024965,18.36479826720318,8.533048395712456,9.508722943099766
1.4782249999999997,-0.001827619376872,-392.7018844350891,18.3690659799914,8.537802757184,9.508722943099766
1.4787249999999996,-0.0005549702860949,-392.69442320664825,18.373336069960356,8.54255711865555,9.508722943099766
1.4792249999999998,0.0002576602727187,-392.68714725225374,18.377608537110056,8.547311480127101,9.508722943099766
1.4797249999999995,0.0008427673149636,-392.6800319070149,18.381883381440485,8.55206584159865,9.508722943099766
1.4802249999999997,0.0013869345301218,-392.6724272701513,18.38616060295165,8.5568202030702,9.508722943099766
1.4807249999999996,0.0018967631013532,-392.664718399493,18.39044020164355,8.56157456454175,9.508722943099766
1.4812249999999998,0.0020703119865309,-392.6570538919094,18.394722177516197,8.5663289260133,9.508722943099766
1.4817249999999995,0.0018963083004731,-392.64923728889636,18.39900653056957,8.571083287484848,9.508722943099766
1.4822249999999997,0.0028401335168336,-392.642072478747,18.403293260803682,8.5758376489564,9.508722943099766
1.4827249999999996,0.0037922640189248,-392.63530167859926,18.407582368218527,8.58059201042795,9.508722943099766
1.4832249999999996,0.0036234669760054,-392.6283629866339,18.411873852814107,8.585346371899497,9.508722943099766
1.4837249999999995,0.0044842911621288,-392.6206754570575,18.416167714590422,8.590100733371049,9.508722943099766
1.4842249999999997,0.0058142325243929,-392.6127617712442,18.420463953547475,8.594855094842599,9.508722943099766
1.4847249999999996,0.0061130833698488,-392.6048240528881,18.42476256968527,8.59960945631415,-1347.0409826068862
1.4852249999999996,0.0060808519816663,-392.59720186398164,18.4288939942906,7.9260889650107815,-1347.0409826068862
1.4857249999999995,0.0060026609220224,-392.58951581187637,18.432688658650278,7.252568473707412,-1347.0409826068862
1.4862249999999997,0.0062962771321742,-392.5820175625242,18.436146562764314,6.579047982403745,-1347.0409826068862
1.4867249999999994,0.0054568304643814,-392.57425745804085,18.43926770663268,5.905527491100675,-1347.0409826068862
1.4872249999999998,0.0043597310320436,-392.56661031125395,18.44205209025541,5.232006999796708,-1347.0409826068862
1.4877249999999995,0.0039073422352292,-392.5586770883489,18.44449971363248,4.558486508493638,-1347.0409826068862
1.4882249999999997,0.0035473539688866,-392.5511944002295,18.446610576763902,3.88496601718997,-1347.0409826068862
1.488725,0.0027276729179209,-392.54346905828595,18.44838467964967,3.211445525886002,-1347.0409826068862
1.4892249999999998,0.0021738134528751,-392.53577559944847,18.44982202228979,2.5379250345829316,-1347.0409826068862
1.4897249999999995,0.0025003961226313,-392.5278458718369,18.45092260468425,1.864404543279861,-1347.0409826068862
1.4902249999999997,0.0024581459363033,-392.5204672497103,18.451686426833067,1.1908840519761938,-1347.0409826068862
1.490725,0.0011688123866381,-392.5130419386189,18.45211348873623,0.5173635606722282,-1347.0409826068862
1.4912249999999996,-0.0001626757619543,-392.50545390489384,18.452203790393742,-0.15615693063054478,-1347.0409826068862
1.4917249999999995,-0.0009313435134206,-392.498544624336,18.451957331805605,-0.8296774219339133,-1347.0409826068862
1.492225,-0.002116632616783,-392.4910681616801,18.451374112971813,-1.503197913237878,-1347.0409826068862
1.4927249999999996,-0.0036731111071586,-392.4833824345528,18.450454133892357,-2.1767184045409502,-1347.0409826068862
1.4932249999999996,-0.0050115225096058,-392.47599869419525,18.449197394567264,-2.850238895844319,-1347.0409826068862
1.4937249999999995,-0.0054876804367229,-392.46862527646795,18.44760389499652,-3.5237593871476887,-1347.0409826068862
1.4942249999999997,-0.006404115779473,-392.461012682679,18.445673635180114,-4.197279878451354,-1347.0409826068862
1.4947249999999996,-0.0080284173397905,-392.4534997660748,18.443406615118068,-4.870800369754726,-1347.0409826068862
1.4952249999999998,-0.0091087801593806,-392.4455504682979,18.440802834810366,-5.544320861058392,-1347.0409826068862
1.4957249999999995,-0.0099415460181941,-392.4376875719361,18.437862294257013,-6.2178413523614635,-1347.0409826068862
1.4962249999999997,-0.0109802754159328,-392.42984245118123,18.434584993458003,-6.891361843665131,-1347.0409826068862
1.4967249999999996,-0.0121527149541838,-392.4222400069273,18.43097093241334,-7.564882334968499,-1347.0409826068862
1.4972249999999998,-0.0140750449905313,-392.41488397328135,18.427020111123035,-8.23840282627217,-1347.0409826068862
1.4977249999999995,-0.0157605371591938,-392.40707937430415,18.422732529587073,-8.911923317575239,-1347.0409826068862
1.4982249999999997,-0.0171994385470626,-392.3991077323334,18.41810818780546,-9.585443808878907,-1347.0409826068862
1.4987249999999996,-0.018524121027015,-392.3912924921663,18.413147085778196,-10.258964300182278,-1347.0409826068862
1.4992249999999996,-0.0199722655228504,-392.3831236755588,18.407849223505277,-10.932484791485644,-1347.0409826068862
1.4997249999999995,-0.0214514058909158,-392.3748774992401,18.402214600986706,-11.606005282789013,-1347.0409826068862
1.5002249999999997,-0.0220483683351585,-392.36647097370803,18.396243218222487,-12.279525774092681,-1347.0409826068862
1.5007249999999996,-0.0223828566213582,-392.3582436606106,18.389935075212616,-12.95304626539605,-1347.0409826068862
1.5012249999999996,-0.0238451641412611,-392.3500998140789,18.383290171957096,-13.626566756699415,-1347.0409826068862
1.5017249999999998,-0.0259907473034951,-392.34191144534816,18.37630850845591,-14.300087248003088,-1347.0409826068862
1.5022249999999997,-0.0272791572379569,-392.33407794510487,18.368990084709086,-14.973607739306454,-1347.0409826068862
1.5027249999999994,-0.0282466914039499,-392.3257668816894,18.361334900716614,-15.64712823060953,-1347.0409826068862
1.5032249999999998,-0.0298157795266756,-392.3174093171714,18.353342956478475,-16.32064872191349,-1347.0409826068862
1.5037249999999998,-0.0324799698915647,-392.30926769016776,18.345014251994694,-16.99416921321686,-1347.0409826068862
1.5042249999999997,-0.0340026047389226,-392.30106773831557,18.336348787265262,-17.66768970452023,-1347.0409826068862
1.5047249999999996,-0.0344344726079327,-392.2924367646708,18.327346562290174,-18.341210195823606,-1347.0409826068862
1.5052249999999998,-0.0358776275210334,-392.28416402067324,18.31800757706943,-19.01473068712727,-1347.0409826068862
1.5057249999999995,-0.0380828084058259,-392.27663403848186,18.308331831603052,-19.688251178430342,-1347.0409826068862
1.5062249999999997,-0.0393231142340323,-392.2689549040144,18.298319325891004,-20.361771669734008,-1347.0409826068862
1.506725,-0.0408799773474804,-392.2610937937258,18.287970059933308,-21.035292161037976,-1347.0409826068862
1.5072249999999996,-0.0429777014067611,-392.2523687448942,18.27728403372997,-21.70881265234074,-1347.0409826068862
1.5077249999999995,-0.046181652212736,-392.2434518622925,18.266261247280976,-22.382333143644107,-1347.0409826068862
1.508225,-0.0492859971783247,-392.23478042082445,18.25490170058632,-23.055853634948082,-1347.0409826068862
1.5087249999999996,-0.0519013009107914,-392.2260792951249,18.24320539364603,-23.729374126251148,-1347.0409826068862
1.5092249999999996,-0.054885296248281,-392.2180689816397,18.231172326460076,-24.40289461755452,-1347.0409826068862
1.5097249999999998,-0.0584603506348001,-392.21003551874287,18.218802499028467,-25.07641510885819,-1347.0409826068862
1.5102249999999997,-0.0614325675496652,-392.20248704093973,18.206095911351216,-25.749935600161557,-1347.0409826068862
1.5107249999999997,-0.0638221026632653,-392.1944214803378,18.19305256342831,-26.423456091464928,-1347.0409826068862
1.5112249999999996,-0.0661343963168291,-392.18603517472394,18.179672455259748,-27.09697658276829,-1347.0409826068862
1.5117249999999998,-0.0679861177099336,-392.17718299265067,18.165955586845534,-27.77049707407197,-1347.0409826068862
1.5122249999999997,-0.0695813707974935,-392.16785316797547,18.15190195818568,-28.444017565375326,-1347.0409826068862
1.5127249999999997,-0.0715025845034976,-392.15850563676054,18.13751156928016,-29.117538056678704,-1347.0409826068862
1.5132249999999998,-0.0727880829662688,-392.149091649571,18.122784420128998,-29.791058547982374,-1347.0409826068862
1.5137249999999995,-0.0730408034065006,-392.14013272853174,18.107720510732186,-30.46457903928544,-1347.0409826068862
1.5142249999999997,-0.0746626286665674,-392.13048335067214,18.092319841089715,-31.138099530589102,-1347.0409826068862
1.5147249999999997,-0.0760974023184598,-392.12097516671554,18.076582411201596,-31.811620021892477,-1347.0409826068862
1.5152249999999996,-0.076206805093413,-392.1112090502404,18.06050822106782,-32.485140513195844,-1347.0409826068862
1.5157249999999995,-0.0757025756036188,-392.10136100695297,18.044097270688404,-33.158661004499216,-1347.0409826068862
1.5162249999999995,-0.0751821461997751,-392.09140430401914,18.027349560063325,-33.83218149580258,-1347.0409826068862
1.5167249999999997,-0.074354453381912,-392.0817177342393,18.010265089192593,-34.50570198710625,-1347.0409826068862
1.5172249999999994,-0.0726931990145059,-392.0722619496525,17.992843858076224,-35.179222478409315,-1347.0409826068862
1.5177249999999998,-0.0702573078746501,-392.0630870943085,17.975085866714185,-35.85274296971329,-1347.0409826068862
1.5182249999999995,-0.0681040528701387,-392.05338059475895,17.95699111510651,-36.526263461016356,-1347.0409826068862
1.5187249999999994,-0.0663627982911528,-392.04321385850074,17.93855960325317,-37.19978395231972,-1347.0409826068862
1.5192249999999998,-0.063935461085089,-392.03233935114986,17.919791331154176,-37.873304443623695,-1347.0409826068862
1.5197249999999998,-0.0617170714287541,-392.0220985677905,17.900686298809543,-38.54682493492706,-1347.0409826068862
1.5202249999999995,-0.0603119357761755,-392.0113905664034,17.881244506219264,-39.22034542623013,-1347.0409826068862
1.5207249999999997,-0.0589073790026214,-392.00125144324204,17.861465953383316,-39.8938659175338,-1347.0409826068862
1.5212249999999998,-0.0567650481098381,-391.9911013214572,17.841350640301716,-40.56738640883747,-1347.0409826068862
1.5217249999999996,-0.0552084169511104,-391.98082993038616,17.82089856697448,-41.24090690014054,-1347.0409826068862
1.5222249999999995,-0.0546284087402847,-391.97066380913316,17.800109733401587,-41.9144273914439,-1347.0409826068862
1.522725,-0.0533194580315555,-391.9602382245483,17.778984139583017,-42.58794788274817,-1347.0409826068862
1.5232249999999996,-0.0518856755783701,-391.9497310615396,17.757521785518836,-43.26146837405095,-1347.0409826068862
1.5237249999999996,-0.0509359306743371,-391.938624259726,17.735722671208993,-43.93498886535431,-1347.0409826068862
1.524225,-0.0507672733757288,-391.9278836729055,17.71358679665347,-44.608509356658274,-1347.0409826068862
1.5247249999999997,-0.0503354061047666,-391.91745958418437,17.691114161852326,-45.28202984796136,-1347.0409826068862
1.5252249999999996,-0.0493085546854677,-391.9072155107986,17.66830476680552,-45.95555033926472,-1347.0409826068862
1.5257249999999998,-0.0489430373042203,-391.89697557369857,17.645158611513057,-46.62907083056839,-1347.0409826068862
1.5262249999999995,-0.0488230674513771,-391.8864967810535,17.621675695974957,-47.302591321871446,-1347.0409826068862
1.5267249999999997,-0.0484056804541093,-391.8756774084975,17.597856020191188,-47.976111813175116,-1347.0409826068862
1.5272249999999996,-0.0473334495019555,-391.8650085845625,17.57369958416178,-48.6496323044785,-1347.0409826068862
1.5277249999999998,-0.0462132795864967,-391.8538637209491,17.549206387886706,-49.32315279578217,-1347.0409826068862
1.5282249999999995,-0.0457988345439304,-391.8428798007413,17.524376431366,-49.99667328708523,-1347.0409826068862
1.5287249999999997,-0.0454677206165491,-391.8321125712692,17.499209714599626,-50.6701937783889,-1347.0409826068862
1.5292249999999998,-0.0450726877638023,-391.8212351931567,17.473706237587592,-51.343714269692576,-1347.0409826068862
1.5297249999999996,-0.0451287388621866,-391.81041367163147,17.44786600032994,-52.01723476099564,-1347.0409826068862
1.5302249999999995,-0.0450075784045816,-391.7997734316913,17.421689002826618,-52.690755252299006,-1347.0409826068862
1.5307249999999997,-0.0450817911130157,-391.7885362591442,17.39517524507763,-53.364275743602676,-1347.0409826068862
1.5312249999999996,-0.0447751244870918,-391.77700826997363,17.36832472708301,-54.03779623490605,-1347.0409826068862
1.5317249999999996,-0.0438499455533361,-391.7657594494799,17.341137448842737,-54.71131672620942,-1347.0409826068862
1.5322249999999995,-0.0437409985104319,-391.7545658191654,17.3136134103568,-55.384837217512775,-1347.0409826068862
1.5327249999999997,-0.0434560497247005,-391.7431053359333,17.285752611625213,-56.058357708816445,-1347.0409826068862
1.5332249999999994,-0.0424122186784558,-391.73164534736406,17.257555052647998,-56.731878200119525,-1347.0409826068862
1.5337249999999998,-0.0413857812414657,-391.7203682668854,17.22902073342509,-57.40539869142349,-1347.0409826068862
1.5342249999999995,-0.0401105732767309,-391.708711943082,17.200149653956565,-58.07891918272655,-1347.0409826068862
1.5347249999999997,-0.0400296511464996,-391.69661211229106,17.17094181424237,-58.75243967403023,-1347.0409826068862
1.5352249999999998,-0.0391438502744337,-391.68539283332757,17.141397214282517,-59.4259601653339,-1347.0409826068862
1.5357249999999998,-0.0366962715398176,-391.6742300081597,17.11151585407703,-60.09948065663726,-1347.0409826068862
1.5362249999999995,-0.0357012672452924,-391.66325213116846,17.0812977336259,-60.77300114794033,-1347.0409826068862
1.5367249999999997,-0.0347772539835958,-391.6532271918098,17.05074285292909,-61.446521639244,-1347.0409826068862
1.5372249999999998,-0.0327564214326614,-391.6428419207986,17.019851211986634,-62.12004213054766,-1347.0409826068862
1.5377249999999996,-0.0303997025329726,-391.6330663829949,16.98862281079855,-62.79356262185073,-1347.0409826068862
1.5382249999999995,-0.0284749944147553,-391.6223495126228,16.957057649364806,-63.467083113154104,-1347.0409826068862
1.538725,-0.0271714446080902,-391.6123378626212,16.925155727685375,-64.14060360445808,-1347.0409826068862
1.5392249999999996,-0.0252956714059606,-391.60222312164524,16.89291704576034,-64.81412409576114,-1347.0409826068862
1.5397249999999996,-0.0230299781854369,-391.5922827691858,16.86034160358964,-65.48764458706452,-1347.0409826068862
1.540225,-0.0215985905082697,-391.5824172573052,16.82742940117325,-66.16116507836847,-1347.0409826068862
1.5407249999999997,-0.0204882902190918,-391.5725781609042,16.794180438511262,-66.83468556967156,-1347.0409826068862
1.5412249999999996,-0.0191867599668243,-391.56340853857284,16.760594715603602,-67.50820606097491,-1347.0409826068862
1.5417249999999998,-0.0172700119229679,-391.55373016722336,16.726672232450277,-68.18172655227858,-1347.0409826068862
1.5422249999999995,-0.0153401097142513,-391.54359896437705,16.69241298905133,-68.85524704358167,-1347.0409826068862
1.5427249999999997,-0.0143576561786863,-391.53398626272514,16.657816985406708,-69.52876753488535,-1347.0409826068862
1.5432249999999996,-0.0127218370406576,-391.5244823342634,16.62288422151644,-70.20228802618868,-1347.0409826068862
1.5437249999999998,-0.0107019394779374,-391.51542808928434,16.58761469738051,-70.87580851749236,-1347.0409826068862
1.5442249999999995,-0.0097117050873128,-391.50666716953236,16.552008412998955,-71.54932900879544,-1347.0409826068862
1.5447249999999997,-0.0085736630818987,-391.4980232962879,16.51606536837172,-72.2228495000991,-1347.0409826068862
1.5452249999999996,-0.0079503171889288,-391.4888701940214,16.479785563498847,-72.89636999140247,-1347.0409826068862
1.5457249999999996,-0.0073058356627659,-391.4800065408571,16.443168998380326,-73.56989048270584,-1347.0409826068862
1.5462249999999995,-0.0061524313921265,-391.47076099705026,16.406215673016153,-74.24341097400922,-1347.0409826068862
1.5467249999999997,-0.0050083633891185,-391.46132758852946,16.368925587406306,-74.91693146531287,-1347.0409826068862
1.5472249999999996,-0.003552207919569,-391.45213737398126,16.331298741550828,-75.59045195661625,-1347.0409826068862
1.5477249999999996,-0.0016405344564897,-391.4430592590119,16.293335135449702,-76.26397244791961,-1347.0409826068862
1.5482249999999995,0.0003002972422683,-391.4345320316451,16.255034769102917,-76.93749293922299,-1347.0409826068862
1.5487249999999997,0.0024989817479808,-391.4267556636168,16.21639764251047,-77.61101343052665,-1347.0409826068862
1.5492249999999994,0.0048426706511891,-391.41880868880537,16.1774237556724,-78.28453392182972,-1347.0409826068862
1.5497249999999998,0.0066141946994577,-391.4108411760696,16.13811310858863,-78.95805441313368,-1347.0409826068862
1.5502249999999995,0.0082692164632376,-391.40276184517694,16.098465701259258,-79.63157490443675,-1347.0409826068862
1.5507249999999997,0.0102465038113284,-391.39489215334396,16.0584815336842,-80.30509539574044,-1347.0409826068862
1.551225,0.0119843897745991,-391.38724423332604,16.018160605863475,-80.9786158870444,-1347.0409826068862
1.5517249999999998,0.0133026226112784,-391.38077946562737,15.97750291779715,-81.65213637834745,-1347.0409826068862
1.5522249999999995,0.0148692753905376,-391.37383947480816,15.936508469485172,-82.32565686965053,-1347.0409826068862
1.5527249999999997,0.0166241483267253,-391.36755707936453,15.895177260927506,-82.9991773609542,-1347.0409826068862
1.553225,0.0176972899035398,-391.36057964281946,15.853509292124171,-83.67269785225817,-1347.0409826068862
1.5537249999999996,0.0185583221579012,-391.3535061566399,15.811504563075257,-84.34621834356095,-1347.0409826068862
1.5542249999999995,0.0190204534497619,-391.34605021656756,15.769163073780653,-85.0197388348643,-1347.0409826068862
1.554725,0.0190173770305434,-391.33889387765186,15.726484824240364,-85.69325932616827,-1347.0409826068862
1.5552249999999996,0.0189335370171062,-391.3319170250116,15.683469814454476,-86.36677981747134,-1347.0409826068862
1.5557249999999996,0.0182489512324255,-391.3253545273333,15.640118044422922,-87.0403003087747,-1347.0409826068862
1.5562249999999995,0.0171709669817002,-391.31875062610635,15.596429514145713,-87.71382080007808,-1347.0409826068862
1.5567249999999997,0.0157793211502993,-391.3122420795324,15.552404223622833,-88.38734129138176,-1347.0409826068862
1.5572249999999996,0.0143732199860824,-391.30550894240645,15.508042172854323,-89.06086178268512,-1347.0409826068862
1.5577249999999998,0.0118294060303189,-391.2988092515654,15.463343361840138,-89.7343822739888,-1347.0409826068862
1.5582249999999995,0.0100479998443575,-391.2914469832291,15.418307790580345,-90.40790276529187,-1347.0409826068862
1.5587249999999997,0.0095033230074987,-391.2841163772233,15.372935459074858,-91.08142325659553,-1347.0409826068862
1.5592249999999996,0.0069442913502203,-391.2769323881464,15.327226367323735,-91.75494374789889,-1347.0409826068862
1.5597249999999998,0.0036233172908085,-391.27085290939857,15.28118051532695,-92.42846423920257,-1347.0409826068862
1.5602249999999995,0.0017843304417582,-391.2651108346396,15.234797903084543,-93.10198473050562,-1347.0409826068862
1.5607249999999997,0.0002857552214943,-391.2584458174577,15.188078530596453,-93.77550522180931,-1347.0409826068862
1.5612249999999996,-0.0023390172549117,-391.25197312648925,15.141022397862725,-94.44902571311268,-1347.0409826068862
1.5617249999999996,-0.0062784205693956,-391.2453286696165,15.093629504883348,-95.12254620441603,-1347.0409826068862
1.5622249999999995,-0.0098824562972404,-391.238202020693,15.04589985165832,-95.7960666957194,-1347.0409826068862
1.5627249999999997,-0.0126225879757334,-391.23102857981723,14.997833438187618,-96.4695871870231,-1347.0409826068862
1.5632249999999996,-0.0154569808669493,-391.22413816552415,14.949430264471289,-97.14310767832644,-1347.0409826068862
1.5637249999999996,-0.0196160645942987,-391.21757316513657,14.900690330509303,-97.81662816962981,-1347.0409826068862
1.5642249999999998,-0.024462559410017,-391.2107382404635,14.851613636301646,-98.4901486609335,-1347.0409826068862
1.5647249999999997,-0.0275079188790014,-391.2038347353982,14.802200181848361,-99.16366915223688,-1347.0409826068862
1.5652249999999994,-0.0307162212405858,-391.1963116945902,14.752449967149442,-99.83718964353994,-1347.0409826068862
1.5657249999999998,-0.0339585133131202,-391.1891824534417,14.702362992204806,-100.5107101348439,-1347.0409826068862
1.5662249999999998,-0.0378931594606415,-391.18106028156535,14.651939257014568,-101.18423062614725,-1347.0409826068862
1.5667249999999997,-0.0437940955889722,-391.1734135592804,14.601178761578666,-101.85775111745062,-1347.0409826068862
1.5672249999999996,-0.0462867939573175,-391.1662310923475,14.550081505897127,-102.531271608754,-1347.0409826068862
1.5677249999999998,-0.0483313888674225,-391.15838941360687,14.498647489969908,-103.20479210005769,-1347.0409826068862
1.5682249999999995,-0.0537045687656473,-391.15061432543047,14.446876713797078,-103.87831259136075,-1347.0409826068862
1.5687249999999997,-0.0570035254208502,-391.14297890300685,14.394769177378556,-104.5518330826644,-1347.0409826068862
1.569225,-0.0581753696972016,-391.13495610813396,14.342324880714354,-105.22535357396836,-1347.0409826068862
1.5697249999999996,-0.0607573426762963,-391.12635273408733,14.289543823804603,-105.89887406527114,-1347.0409826068862
1.5702249999999995,-0.0637489170970615,-391.11845983000796,14.236426006649147,-106.57239455657452,-1347.0409826068862
1.570725,-0.0657760466169372,-391.1102069679479,14.18297142924799,-107.2459150478785,-1347.0409826068862
1.5712249999999996,-0.0665231404902157,-391.10221684425244,14.129180091601254,-107.91943553918156,-1347.0409826068862
1.5717249999999996,-0.066867938176977,-391.0942728219384,14.075051993708845,-108.59295603048493,-1347.0409826068862
1.5722249999999998,-0.0680019424638241,-391.0861889031312,14.020587135570754,-109.26647652178859,-1347.0409826068862
1.5727249999999997,-0.0690484292253395,-391.07724942290224,13.96578551718704,-109.93999701309194,-1347.0409826068862
1.5732249999999997,-0.0682577508385794,-391.06831865308874,13.910647138557678,-110.61351750439533,-1347.0409826068862
1.5737249999999996,-0.0666563005725106,-391.0594307922629,13.855171999682659,-111.2870379956987,-1347.0409826068862
1.5742249999999998,-0.0678771673365047,-391.05104897748583,13.799360100561964,-111.96055848700237,-1347.0409826068862
1.5747249999999997,-0.0713986160885012,-391.0420193348463,13.743211441195644,-112.63407897830572,-1347.0409826068862
1.5752249999999997,-0.1099421378064941,-391.03299186425863,13.686726021583672,-113.30759946960909,-1347.0409826068862
1.5757249999999998,-0.2075225970738651,-391.02406940442046,13.629903841726025,-113.98111996091276,-1347.0409826068862
1.5762249999999995,-0.4105225403630482,-391.0151916777806,13.572744901622773,-114.65464045221583,-1347.0409826068862
1.5767249999999997,-0.6985694546580384,-391.0059157594784,13.515249201273818,-115.32816094351948,-1347.0409826068862
1.5772249999999997,-0.9982256615790982,-390.9963857852856,13.457416740679239,-116.00168143482286,-1347.0409826068862
1.5777249999999996,-1.2942113337383163,-390.9866039281942,13.399247519839012,-116.67520192612623,-1347.0409826068862
1.5782249999999995,-1.5758721120427404,-390.97699838432845,13.340741538753127,-117.34872241742961,-1347.0409826068862
1.5787249999999995,-1.859777448553888,-390.96747708095626,13.28189879742159,-118.02224290873299,-1347.0409826068862
1.5792249999999997,-2.160914001228832,-390.9579719995229,13.222719295844382,-118.69576340003664,-1347.0409826068862
1.5797249999999994,-2.438059261135423,-390.9485280019992,13.163203034021569,-119.36928389133972,-1347.0409826068862
1.5802249999999998,-2.703053136632361,-390.93908611827015,13.103350011953028,-120.04280438264368,-1347.0409826068862
1.5807249999999995,-2.950582446927292,-390.929417388722,13.043160229638913,-120.71632487394675,-1347.0409826068862
1.5812249999999994,-3.142205595131935,-390.9197481175997,12.982633687079117,-121.38984536525012,-1347.0409826068862
1.5817249999999998,-3.280819284816705,-390.91006169019477,12.92177038427362,-122.06336585655407,-1347.0409826068862
1.5822249999999998,-3.3443156326330232,-390.90068202232595,12.860570321222525,-122.73688634785746,-1347.0409826068862
1.5827249999999995,-3.349311944718917,-390.89102018881226,12.799033497925807,-123.41040683916053,-1347.0409826068862
1.5832249999999997,-3.307750574521259,-390.8819934723229,12.737159914383376,-124.0839273304642,-1347.0409826068862
1.5837249999999998,-3.1866621080236475,-390.87326519770136,12.674949570595297,-124.75744782176785,-1347.0409826068862
1.5842249999999996,-2.978666258882918,-390.8650226775186,12.612402466561626,-125.43096831307093,-1347.0409826068862
1.5847249999999995,-2.6917969824433245,-390.8559900670709,12.549518602282268,-126.1044888043743,-1347.0409826068862
1.585225,-2.3170985214259945,-390.8471739198776,12.48629797775718,-126.77800929567857,-1347.0409826068862
1.5857249999999996,-1.860767933089088,-390.8378041286289,12.422740592986576,-127.45152978698134,-1347.0409826068862
1.5862249999999996,-1.3107846738493591,-390.8287473104271,12.358846447970269,-128.12505027828473,-1347.0409826068862
1.586725,-0.6815373527412609,-390.8198700793089,12.29461554270825,-128.7985707695887,-1347.0409826068862
1.5872249999999997,0.0321097606742364,-390.8114961078139,12.230047877200668,-129.47209126089174,-1347.0409826068862
1.5877249999999996,0.8399443553614157,-390.80246653101705,12.1651434514474,-130.14561175219512,-1347.0409826068862
1.5882249999999998,1.7693855493794246,-390.79327180351186,12.099902265448458,-130.81913224349879,-1347.0409826068862
1.5887249999999995,2.7909856344717743,-390.78403133028917,12.034324319203916,-131.49265273480185,-1347.0409826068862
1.5892249999999997,3.893268549982504,-390.77463579249405,11.968409612713666,-132.1661732261055,-1347.0409826068862
1.5897249999999996,5.058242073382746,-390.7657006111427,11.902158145977797,-132.83969371740886,-1347.0409826068862
1.5902249999999998,6.316872561167793,-390.7565027446895,11.835569918996242,-133.51321420871253,-1347.0409826068862
1.5907249999999995,7.701744039312677,-390.7480290634984,11.768644931769098,-134.18673470001562,-1347.0409826068862
1.5912249999999997,9.218835854953312,-390.7394186770185,11.701383184296244,-134.86025519131928,-1347.0409826068862
1.5917249999999998,10.85355966898592,-390.73126931378073,11.633784676577736,-135.53377568262295,1067.5456217888304
1.5922249999999996,12.601941340927509,-390.7226876670986,11.566151231939186,-135.00000287172884,1067.5456217888304
1.5927249999999995,14.471941859437624,-390.71450124452025,11.498784673706052,-134.46623006083448,1067.5456217888304
1.5932249999999997,16.424709587405005,-390.7059808766237,11.431685001878334,-133.9324572499399,1067.5456217888304
1.5937249999999996,18.45285211512904,-390.6974259285106,11.364852216456093,-133.39868443904555,1067.5456217888304
1.5942249999999996,20.56394652375492,-390.68910827904597,11.298286317439306,-132.8649116281512,1067.5456217888304
1.5947249999999995,22.71710698518616,-390.68150087919526,11.231987304827959,-132.33113881725683,1067.5456217888304
1.5952249999999997,24.936680138700915,-390.6735881570794,11.165955178622035,-131.79736600636224,1067.5456217888304
1.5957249999999994,27.20263905335015,-390.66619982141964,11.10018993882161,-131.26359319546813,1067.5456217888304
1.5962249999999998,29.52291831111311,-390.657755197535,11.03469158542655,-130.7298203845733,1067.5456217888304
1.5967249999999995,31.92183700476337,-390.650308970284,10.969460118437024,-130.19604757367915,1067.5456217888304
1.5972249999999997,34.33586406219463,-390.64265999633994,10.904495537852881,-129.66227476278456,1067.5456217888304
1.5977249999999998,36.80398681004376,-390.63499909596254,10.839797843674193,-129.12850195189,1067.5456217888304
1.5982249999999998,39.314839947015294,-390.6280319640683,10.775367035900983,-128.5947291409956,1067.5456217888304
1.5987249999999995,41.8308529385062,-390.6206214751132,10.711203114533244,-128.0609563301015,1067.5456217888304
1.5992249999999997,44.3888098891605,-390.61347647714695,10.647306079570894,-127.52718351920689,1067.5456217888304
1.5997249999999998,46.97296653616048,-390.6052344455567,10.583675931013993,-126.9934107083123,1067.5456217888304
1.6002249999999996,49.57197170104662,-390.597394182482,10.520312668862594,-126.45963789741819,1067.5456217888304
1.6007249999999995,52.18289741403174,-390.58880775071043,10.457216293116616,-125.92586508652383,1067.5456217888304
1.601225,54.786706744060304,-390.5810969769052,10.39438680377603,-125.39209227562903,1067.5456217888304
1.6017249999999996,57.40005349395092,-390.5726715567625,10.331824200840975,-124.85831946473488,1067.5456217888304
1.6022249999999996,60.00475532752476,-390.56442845614924,10.269528484311337,-124.32454665384053,1067.5456217888304
1.602725,62.558387791399696,-390.5565389811717,10.20749965418709,-123.7907738429457,1067.5456217888304
1.6032249999999997,65.12287600312972,-390.54793574655645,10.145737710468378,-123.25700103205158,1067.5456217888304
1.6037249999999996,67.64403805470982,-390.53945382333103,10.084242653155082,-122.72322822115721,1067.5456217888304
1.6042249999999996,70.114535010401,-390.53033545152374,10.023014482247234,-122.18945541026287,1067.5456217888304
1.6047249999999995,72.63560899396288,-390.5215583763424,9.96205319774483,-121.65568259936848,1067.5456217888304
1.6052249999999997,75.07129252635814,-390.51227703532095,9.901358799647852,-121.1219097884739,1067.5456217888304
1.6057249999999996,77.45771875511615,-390.50386712711617,9.84093128795634,-120.58813697757955,1067.5456217888304
1.6062249999999998,79.87024689705792,-390.4945167932675,9.780770662670255,-120.05436416668496,1067.5456217888304
1.6067249999999995,82.21676891326373,-390.48581163809445,9.720876923789671,-119.52059135579084,1067.5456217888304
1.6072249999999997,84.59498796623424,-390.476856013231,9.66125007131448,-118.98681854489624,1067.5456217888304
1.6077249999999996,86.94408092297653,-390.4676800100899,9.601890105244763,-118.4530457340019,1067.5456217888304
1.6082249999999996,89.16756962667826,-390.4587419580794,9.542797025580489,-117.91927292310754,1067.5456217888304
1.6087249999999995,91.34962957513704,-390.4496526883996,9.48397083232167,-117.38550011221315,1067.5456217888304
1.6092249999999997,93.4510827612692,-390.44055515145817,9.425411525468267,-116.85172730131859,1067.5456217888304
1.6097249999999996,95.4320427151017,-390.43165702790964,9.367119105020338,-116.31795449042423,1067.5456217888304
1.6102249999999998,97.2740169709818,-390.4224265436711,9.309093570977826,-115.78418167952961,1067.5456217888304
1.6107249999999995,98.92795073638996,-390.413656580597,9.251334923340822,-115.2504088686355,1067.5456217888304
1.6112249999999997,100.54276806114284,-390.404843156628,9.193843162109209,-114.71663605774094,1067.5456217888304
1.6117249999999994,102.0252668939154,-390.3960716564101,9.13661828728309,-114.18286324684681,1067.5456217888304
1.6122249999999998,103.46114990826725,-390.3865514566176,9.079660298862345,-113.64909043595198,1067.5456217888304
1.6127249999999995,104.96824557804848,-390.3773461007914,9.022969196847123,-113.11531762505784,1067.5456217888304
1.6132249999999997,106.32118548720636,-390.36855114108994,8.966544981237302,-112.58154481416325,1067.5456217888304
1.613725,107.6579203171212,-390.36008020250534,8.9103876520329,-112.04777200326843,1067.5456217888304
1.6142249999999998,108.9046999756902,-390.35197887130465,8.854497209234022,-111.51399919237429,1067.5456217888304
1.6147249999999995,110.01626112519791,-390.3444020667768,8.798873652840587,-110.9802263814802,1067.5456217888304
1.6152249999999997,111.2195804511437,-390.33669648495606,8.743516982852553,-110.44645357058559,1067.5456217888304
1.615725,112.3403176809541,-390.32940737831257,8.688427199269942,-109.91268075969079,1067.5456217888304
1.6162249999999996,113.38007214760526,-390.32194970347047,8.633604302092873,-109.37890794879691,1067.5456217888304
1.6167249999999995,114.29077456714724,-390.3152958906128,8.579048291321204,-108.84513513790252,1067.5456217888304
1.617225,115.14034393598982,-390.3089445658407,8.524759166954935,-108.3113623270077,1067.5456217888304
1.6177249999999996,116.06899783954862,-390.3028098355255,8.470736928994185,-107.77758951611358,1067.5456217888304
1.6182249999999996,116.9840877395879,-390.29718132142415,8.416981577438856,-107.24381670521922,1067.5456217888304
1.618725,117.78119549070064,-390.2921182046958,8.363493112288928,-106.71004389432439,1067.5456217888304
1.6192249999999997,118.5047398059301,-390.2874033318605,8.310271533544519,-106.17627108343028,1067.5456217888304
1.6197249999999996,119.40949532030643,-390.2831305675622,8.257316841205535,-105.64249827253593,1067.5456217888304
1.620225,120.4193698118348,-390.27891057748485,8.20462903527195,-105.10872546164109,1067.5456217888304
1.6207249999999995,121.2910366774976,-390.27563202701435,8.152208115743905,-104.5749526507472,1067.5456217888304
1.6212249999999997,122.05785701380778,-390.2724946538393,8.100054082621238,-104.04117983985262,1067.5456217888304
1.6217249999999996,122.60764996932906,-390.27089903847417,8.04816693590404,-103.50740702895827,1067.5456217888304
1.6222249999999996,123.43508927878364,-390.26997493746745,7.996546675592292,-102.97363421806388,1067.5456217888304
1.6227249999999998,124.23929702631143,-390.26941637238025,7.945193301685964,-102.4398614071693,1067.5456217888304
1.6232249999999997,124.84696461157242,-390.26968824903446,7.894106814185109,-101.90608859627496,1067.5456217888304
1.6237249999999996,125.46333749135196,-390.27025718765844,7.8432872130897,-101.37231578538062,1067.5456217888304
1.6242249999999998,126.020210003821,-390.2712226691141,7.792734498399717,-100.83854297448599,1067.5456217888304
1.6247249999999993,126.81576670111896,-390.2728671323257,7.742448670115247,-100.30477016359211,1067.5456217888304
1.6252249999999997,127.64500546800387,-390.2751421661604,7.692429728236137,-99.7709973526973,1067.5456217888304
1.6257249999999996,128.39307348808785,-390.278050443214,7.642677672762518,-99.23722454180293,1067.5456217888304
1.6262249999999994,129.13542974890214,-390.2820363782749,7.593192503694367,-98.70345173090882,1067.5456217888304
1.6267249999999998,129.8675832618432,-390.2864269280806,7.543974221031597,-98.16967892001398,1067.5456217888304
1.6272249999999997,130.75428290276216,-390.2915698265966,7.49502282477432,-97.63590610911965,1067.5456217888304
1.6277249999999994,131.49895099089304,-390.2975824560076,7.446338314922509,-97.10213329822552,1067.5456217888304
1.6282249999999998,132.08825280304563,-390.303529402232,7.3979206914760836,-96.56836048733068,1067.5456217888304
1.6287249999999998,132.6777337836948,-390.3100814224743,7.349769954435148,-96.03458767643632,1067.5456217888304
1.6292249999999997,133.2637315448913,-390.3166715010993,7.301886103799658,-95.50081486554195,1067.5456217888304
1.629725,133.9053654473301,-390.3239558234483,7.2542691395695735,-94.96704205464712,1067.5456217888304
1.6302249999999998,134.38951150998932,-390.33171474352565,7.2069190617449985,-94.43326924375302,1067.5456217888304
1.6307249999999995,134.892580456167,-390.34006598335486,7.159835870325873,-93.8994964328589,1067.5456217888304
1.631225,135.5282722578653,-390.34840479975225,7.113019565312131,-93.36572362196407,1067.5456217888304
1.631725,136.25611530169678,-390.3569638005785,7.066470146703857,-92.83195081106946,1067.5456217888304
1.6322249999999996,136.97869887629955,-390.3659030920062,7.020187614501092,-92.29817800017558,1067.5456217888304
1.6327249999999995,137.6041657956214,-390.37476917016886,6.974171968703732,-91.76440518928125,1067.5456217888304
1.633225,138.38451390253869,-390.3834199863021,6.928423209311781,-91.2306323783864,1067.5456217888304
1.6337249999999996,139.2191288136591,-390.39207655449434,6.882941336325336,-90.69685956749228,1067.5456217888304
1.6342249999999996,139.91547044959924,-390.4004022446137,6.837726349744319,-90.16308675659792,1067.5456217888304
1.6347249999999995,140.66276740826603,-390.40873500045495,6.792778249568747,-89.62931394570356,1067.5456217888304
1.6352249999999997,141.41543602625836,-390.41739523650534,6.7480970357986045,-89.09554113480895,1067.5456217888304
1.6357249999999997,142.2888503003865,-390.4260994909523,6.703682708433928,-88.5617683239146,1067.5456217888304
1.6362249999999996,143.2748446182333,-390.43410828908804,6.6595352674747,-88.02799551302027,1067.5456217888304
1.6367249999999998,144.05803575480894,-390.4421979893424,6.615654712920899,-87.49422270212568,1067.5456217888304
1.6372249999999997,144.96367504158698,-390.45007912390275,6.572041044772564,-86.96044989123133,1067.5456217888304
1.6377249999999997,146.0245125836106,-390.457945953462,6.528694263029678,-86.42667708033694,1067.5456217888304
1.6382249999999998,147.11259927933267,-390.4655080036462,6.485614367692218,-85.89290426944235,1067.5456217888304
1.6387249999999995,148.3777466314617,-390.47252856733513,6.442801358760243,-85.35913145854823,1067.5456217888304
1.6392249999999997,149.57650839242314,-390.47902469958706,6.400255236233679,-84.82535864765366,1067.5456217888304
1.6397249999999997,150.9455918519401,-390.4853117583314,6.35797600011258,-84.2915858367593,1067.5456217888304
1.6402249999999996,152.576522844121,-390.491589808861,6.315963650396929,-83.75781302586495,1067.5456217888304
1.6407249999999998,154.13787123603902,-390.49769362351685,6.274218187086708,-83.22404021497036,1067.5456217888304
1.6412249999999995,155.73125587497935,-390.5031479879756,6.232739610181968,-82.69026740407622,1067.5456217888304
1.6417249999999997,157.34438313909834,-390.50823651850425,6.19152791968264,-82.15649459318162,1067.5456217888304
1.6422249999999994,159.03255571681248,-390.5132091263059,6.150583115588796,-81.62272178228751,1067.5456217888304
1.6427249999999998,160.8023732422174,-390.5171186006458,6.109905197900343,-81.08894897139268,1067.5456217888304
1.6432249999999995,162.4488612168559,-390.5207693540547,6.069494166617393,-80.55517616049858,1067.5456217888304
1.6437249999999994,164.07620673532443,-390.5240104622094,6.029350021739872,-80.02140334960421,1067.5456217888304
1.6442249999999998,165.7039954145245,-390.5270861704906,5.989472763267763,-79.48763053870938,1067.5456217888304
1.6447249999999998,167.29581884688977,-390.5298381923479,5.949862391201135,-78.95385772781502,1067.5456217888304
1.6452249999999995,168.93542579347712,-390.53221109471156,5.9105189055399725,-78.4200849169209,1067.5456217888304
1.6457249999999994,170.56396280259827,-390.53395814292696,5.871442306284241,-77.88631210602654,1067.5456217888304
1.6462249999999998,172.1333529675647,-390.53577913041573,5.832632593433922,-77.35253929513172,1067.5456217888304
1.6467249999999996,173.84943925579367,-390.5370383110729,5.7940897669891,-76.8187664842376,1067.5456217888304
1.6472249999999995,175.61156902103443,-390.5375577112249,5.7558138269497094,-76.28499367334324,1067.5456217888304
1.647725,177.3528757419467,-390.5377046578633,5.717804773315715,-75.75122086244816,1067.5456217888304
1.6482249999999996,179.12611699297298,-390.5379295598754,5.680062606087251,-75.21744805155429,1067.5456217888304
1.6487249999999996,180.7653323654509,-390.53820915591336,5.642587325264202,-74.68367524065992,1067.5456217888304
1.649225,182.5284147935396,-390.5379751064655,5.605378930846567,-74.14990242976509,1067.5456217888304
1.6497249999999997,184.38875992388503,-390.53704252110674,5.568437422834427,-73.61612961887099,1067.5456217888304
1.6502249999999996,186.0238807899488,-390.53600567981147,5.53176280122772,-73.08235680797662,1067.5456217888304
1.650725,187.7619116255704,-390.5345307308149,5.495355066026428,-72.5485839970818,1067.5456217888304
1.6512249999999995,189.5919113825651,-390.5329919041237,5.459214217230646,-72.01481118618791,1067.5456217888304
1.6517249999999997,191.38190594006235,-390.53117034241535,5.423340254840264,-71.48103837529331,1067.5456217888304
1.6522249999999996,193.17799198719285,-390.52914403595946,5.387733178855345,-70.94726556439896,1067.5456217888304
1.6527249999999996,195.0805997466624,-390.5271938901064,5.352392989275872,-70.41349275350461,1067.5456217888304
1.6532249999999995,197.04585452075537,-390.5247316901461,5.317319686101848,-69.87971994261024,1067.5456217888304
1.6537249999999997,199.311607575498,-390.5229967969239,5.282513269333253,-69.34594713171566,1067.5456217888304
1.6542249999999996,201.44677887100187,-390.52046214543515,5.247973738970124,-68.8121743208213,1067.5456217888304
1.6547249999999998,203.6429682857312,-390.5182042947412,5.213701095012426,-68.2784015099267,1067.5456217888304
1.6552249999999995,205.90903034187312,-390.5163374154608,5.179695337460205,-67.74462869903259,1067.5456217888304
1.6557249999999997,208.0269245030884,-390.51399337284965,5.145956466313401,-67.210855888138,1067.5456217888304
1.6562249999999996,209.9904196830912,-390.5115691301993,5.112484481572059,-66.67708307724364,1067.5456217888304
1.6567249999999991,211.88092393042203,-390.5090490698883,5.079279383236194,-66.14331026634976,1067.5456217888304
1.6572249999999995,213.7016820470272,-390.5068142913153,5.046341171305717,-65.60953745545491,1067.5456217888304
1.6577249999999997,215.73582960896,-390.50432679384284,5.0136698457807025,-65.07576464456032,1067.5456217888304
1.6582249999999994,217.52055094936,-390.5012934356978,4.981265406661163,-64.54199183366622,1067.5456217888304
1.6587249999999998,219.24319482963256,-390.4986435142456,4.949127853947029,-64.00821902277137,1067.5456217888304
1.6592249999999995,221.01010405534151,-390.49574241679454,4.917257187638385,-63.47444621187726,1067.5456217888304
1.6597249999999997,222.5446910703328,-390.49230683647727,4.88565340773516,-62.94067340098267,1067.5456217888304
1.6602249999999998,224.3122444521404,-390.4898702877513,4.854316514237381,-62.40690059008808,1067.5456217888304
1.6607249999999998,225.8850949496777,-390.48679293270686,4.823246507145063,-61.87312777919372,1067.5456217888304
1.6612249999999995,227.49885462146767,-390.48367701896365,4.792443386458208,-61.3393549682996,1067.5456217888304
1.661725,229.0100744459875,-390.48030303173107,4.761907152176758,-60.805582157404764,1067.5456217888304
1.6622249999999998,230.57849856233133,-390.4767868914484,4.7316378043007825,-60.27180934651041,1067.5456217888304
1.6627249999999996,232.28313473111388,-390.4730665911969,4.701635342830267,-59.738036535616295,1067.5456217888304
1.6632249999999995,233.8034117798209,-390.46907013622365,4.671899767765186,-59.20426372472194,1067.5456217888304
1.663725,235.36068205988585,-390.4643751507882,4.642431079105526,-58.670490913827095,1067.5456217888304
1.6642249999999996,236.7390573380233,-390.45969492441816,4.613229276851352,-58.13671810293298,1067.5456217888304
1.6647249999999996,238.1470824772012,-390.45510282946066,4.5842943610026134,-57.60294529203864,1067.5456217888304
1.665225,239.61344517480484,-390.4503155349062,4.555626331559294,-57.0691724811438,1067.5456217888304
1.6657249999999997,241.01379468419032,-390.44554831732466,4.527225188521463,-56.53539967024968,1067.5456217888304
1.6662249999999996,242.57938212903576,-390.4404174484895,4.4990909318890635,-56.00162685935532,1067.5456217888304
1.6667249999999996,243.98078165374216,-390.43523190517703,4.4712235616621125,-55.46785404846097,1067.5456217888304
1.6672249999999995,245.18096394779704,-390.4294964947454,4.443623077840608,-54.93408123756661,1067.5456217888304
1.6677249999999997,246.46165870363217,-390.4235171629664,4.41628948042454,-54.40030842667202,1067.5456217888304
1.6682249999999996,247.6056100646244,-390.41706575290374,4.389222769413931,-53.866535615777664,1067.5456217888304
1.6687249999999998,248.9279831181873,-390.41091348448225,4.362422944808756,-53.33276280488306,1067.5456217888304
1.6692249999999995,250.2162195034585,-390.4040562426167,4.335890006609054,-52.79898999398895,1067.5456217888304
1.6697249999999997,251.13239856133424,-390.3979392939052,4.309623954814774,-52.26521718309436,1067.5456217888304
1.6702249999999996,252.16762068360467,-390.39134974454214,4.283624789425953,-51.731444372199995,1067.5456217888304
1.6707249999999996,252.9999813082564,-390.3840391133047,4.257892510442579,-51.19767156130563,1067.5456217888304
1.6712249999999995,253.75909072338564,-390.37648177184514,4.2324271178646535,-50.66389875041129,1067.5456217888304
1.6717249999999997,254.35118326788808,-390.3681581202871,4.2072286116921624,-50.13012593951669,1067.5456217888304
1.6722249999999996,254.63223047160585,-390.3603490560581,4.1822969919251305,-49.59635312862234,1067.5456217888304
1.6727249999999998,255.1257257814893,-390.3521943815654,4.157632258563535,-49.062580317727736,1067.5456217888304
1.6732249999999995,255.53965124010315,-390.3440815551245,4.1332344116074085,-48.52880750683363,1067.5456217888304
1.6737249999999997,255.9146516168088,-390.3357285554109,4.109103451056707,-47.99503469593903,1067.5456217888304
1.6742249999999994,256.1756690364997,-390.3269784027829,4.085239376911474,-47.461261885044905,1067.5456217888304
1.6747249999999998,256.19400344729473,-390.3180976182352,4.061642189171657,-46.927489074150074,1067.5456217888304
1.6752249999999995,256.267137296263,-390.30920216061327,4.0383118878373185,-46.39371626325596,1067.5456217888304
1.6757249999999997,256.41738760227406,-390.30072979078625,4.0152484729084055,-45.859943452361364,1067.5456217888304
1.676225,256.36829241308453,-390.2915786169955,3.9924519443849316,-45.32617064146653,1067.5456217888304
1.6767249999999998,256.1591208788103,-390.28233144984216,3.9699223022669337,-44.79239783057241,1067.5456217888304
1.6772249999999995,255.96500507247,-390.27274421352354,3.9476595465543847,-44.2586250196783,1067.5456217888304
1.6777249999999997,255.84522414626463,-390.26328304390086,3.925663677247261,-43.7248522087837,1067.5456217888304
1.678225,256.01848518613707,-390.25295481653507,3.903934694345577,-43.19107939788887,1067.5456217888304
1.6787249999999996,255.9575451348128,-390.2433634768035,3.882472597849377,-42.657306586994984,1067.5456217888304
1.6792249999999995,255.6768166838364,-390.23311866370716,3.8612773877586046,-42.123533776100636,1067.5456217888304
1.679725,255.6188287763247,-390.22360337239786,3.8403490640732625,-41.589760965205805,1067.5456217888304
1.6802249999999996,255.51926462531372,-390.2140099051629,3.8196876267933932,-41.055988154311684,1067.5456217888304
1.6807249999999996,255.635820494324,-390.20433619605876,3.7992930759189636,-40.52221534341733,1067.5456217888304
1.681225,255.51916301996948,-390.1947026290938,3.7791654114499633,-39.9884425325225,1067.5456217888304
1.6817249999999997,255.1658831425385,-390.18525268417716,3.759304633386437,-39.45466972162838,1067.5456217888304
1.6822249999999996,255.358949778669,-390.1758248697582,3.739710741728348,-38.92089691073402,1067.5456217888304
1.682725,255.5303172331361,-390.1665286705972,3.7203837364756907,-38.38712409983919,1067.5456217888304
1.6832249999999995,255.4866980151274,-390.15729027329894,3.701323617628513,-37.853351288945305,1067.5456217888304
1.6837249999999997,255.71691057156343,-390.1483971364036,3.6825303851867583,-37.319578478050715,1067.5456217888304
1.6842249999999996,255.81050509370044,-390.1395647781661,3.664004039150458,-36.78580566715635,1067.5456217888304
1.6847249999999996,256.25596367970223,-390.13069017349306,3.6457445795196057,-36.252032856262005,1067.5456217888304
1.6852249999999998,256.8997697002959,-390.1218084873248,3.6277520062941915,-35.718260045367416,1067.5456217888304
1.6857249999999997,257.2072578721002,-390.1135996197874,3.6100263194742337,-35.184487234473046,1067.5456217888304
1.6862249999999996,257.9029335030283,-390.1055149114061,3.592567519059723,-34.6507144235787,1067.5456217888304
1.6867249999999998,258.6526804031364,-390.0975164909602,3.575375605050651,-34.1169416126841,1067.5456217888304
1.6872249999999993,259.4171055634207,-390.0900660304791,3.55845057744705,-33.583168801790215,1067.5456217888304
1.6877249999999997,260.11030765494644,-390.08243890806233,3.5417924362488655,-33.04939599089539,1067.5456217888304
1.6882249999999996,260.82052402775366,-390.0754536705695,3.5254011814561426,-32.515623180001036,1067.5456217888304
1.6887249999999994,261.8032389412476,-390.0688062898032,3.509276813068875,-31.981850369106912,1067.5456217888304
1.6892249999999998,262.8017307140681,-390.0624752795727,3.493419331087033,-31.448077558212088,1067.5456217888304
1.6897249999999997,263.56327365774524,-390.05557055276006,3.4778287355106516,-30.91430474731773,1067.5456217888304
1.6902249999999994,264.33440985691936,-390.04922379341707,3.4625050263397252,-30.38053193642361,1067.5456217888304
1.6907249999999998,264.9737259240398,-390.04330947457845,3.4474482035742255,-29.84675912552878,1067.5456217888304
1.6912249999999998,265.8723271434652,-390.0376073294253,3.4326582672141868,-29.312986314634422,1067.5456217888304
1.6917249999999997,266.8659988083149,-390.0321193241414,3.4181352172595956,-28.779213503740063,1067.5456217888304
1.692225,267.7017009912362,-390.0270112205036,3.403879053710437,-28.245440692845232,1067.5456217888304
1.6927249999999998,268.74642567864174,-390.0222436558306,3.3898897765667453,-27.711667881951122,1067.5456217888304
1.6932249999999995,269.9572656116535,-390.01739502837955,3.3761673858285013,-27.177895071056994,1067.5456217888304
1.693725,271.1249207010191,-390.01303081007205,3.3627118814956853,-26.644122260162163,1067.5456217888304
1.694225,272.43802247866466,-390.0089073884224,3.3495232635683245,-26.110349449267574,1067.5456217888304
1.6947249999999996,273.7573104286901,-390.0044676120166,3.336601532046426,-25.576576638373687,1067.5456217888304
1.6952249999999995,274.8798013244983,-390.0002112595521,3.323946686929965,-25.042803827479332,1067.5456217888304
1.695725,276.77838979116893,-389.99671938087675,3.311558728218939,-24.5090310165845,1067.5456217888304
1.6962249999999996,278.2792686877864,-389.993454114826,3.299437655913377,-23.975258205690384,1067.5456217888304
1.6967249999999996,279.7840338330167,-389.9896758842159,3.287583470013256,-23.441485394796025,1067.5456217888304
1.6972249999999995,281.41081786131105,-389.9866827588835,3.275996170518584,-22.90771258390167,1067.5456217888304
1.6977249999999997,282.9247597317584,-389.9842158708587,3.2646757574293526,-22.373939773007077,1067.5456217888304
1.6982249999999997,284.8409910708885,-389.98120204078464,3.2536222307455738,-21.840166962112722,11374.167417606734
1.6987249999999996,286.43952131703526,-389.978712317028,3.2441239181917196,-16.153083253309983,11374.167417606734
1.6992249999999998,288.0264221746248,-389.9761291413088,3.2374691474922637,-10.465999544504715,11374.167417606734
1.6997249999999997,289.7952292830007,-389.9741729427926,3.233657918647212,-4.778915835701972,11374.167417606734
1.7002249999999997,291.6750474518072,-389.9721841047338,3.232690231656562,0.9081678731007672,11374.167417606734
1.7007249999999998,293.8360964720433,-389.97036380502476,3.234566086520315,6.595251581906035,11374.167417606734
1.7012249999999995,295.5512475874514,-389.9683511755162,3.239285483238465,12.282335290706254,11374.167417606734
1.7017249999999997,297.45039986102245,-389.9665899981204,3.2468484218110216,17.969418999511515,11374.167417606734
1.7022249999999997,299.3143670477654,-389.9646088442915,3.2572549022379773,23.656502708314257,11374.167417606734
1.7027249999999996,300.8640081262133,-389.9623956416007,3.2705049245193334,29.343586417117002,11374.167417606734
1.7032249999999998,303.08557140765777,-389.9606828373953,3.286598488655098,35.03067012592227,11374.167417606734
1.7037249999999995,304.607163113477,-389.95926315225654,3.30553559464525,40.717753834722465,11374.167417606734
1.7042249999999997,306.1861234650118,-389.95789108828393,3.32731624248982,46.40483754352775,11374.167417606734
1.7047249999999994,307.8985706967249,-389.9569586566789,3.3519404321887696,52.091921252327964,11374.167417606734
1.7052249999999998,308.79842983842656,-389.9556499414523,3.379408163742157,57.77900496113575,11374.167417606734
1.7057249999999995,310.202103352765,-389.9543990257405,3.4097194371499073,63.46608866993596,11374.167417606734
1.7062249999999994,311.4132341085584,-389.9527258497533,3.4428742524120723,69.15317237873872,11374.167417606734
1.7067249999999998,312.5783110213855,-389.9513860172109,3.4788726095286724,74.84025608754649,11374.167417606734
1.7072249999999998,314.0145899702185,-389.9498307097307,3.5177145084996417,80.52733979634924,11374.167417606734
1.7077249999999995,315.2626963914584,-389.9486867358043,3.5593999493249933,86.21442350514945,11374.167417606734
1.7082249999999994,316.7920696855678,-389.9474509673197,3.6039289320047643,91.9015072139522,11374.167417606734
1.7087249999999998,318.2815988073765,-389.94612375090725,3.6513014565389783,97.58859092275998,11374.167417606734
1.7092249999999996,319.87455855807696,-389.9449686291811,3.701517522927531,103.2756746315602,11374.167417606734
1.7097249999999995,321.21866588415423,-389.94370849162124,3.754577131170506,108.96275834036292,11374.167417606734
1.710225,322.48839318492674,-389.9422056516742,3.810480281267958,114.64984204917327,11374.167417606734
1.7107249999999996,324.23772030998725,-389.9406391255787,3.8692269732196856,120.33692575797095,11374.167417606734
1.7112249999999996,325.7410638307662,-389.9391997221279,3.930817207025865,126.02400946677369,11374.167417606734
1.711725,327.385455068054,-389.9371409159398,3.995250982686504,131.71109317558148,11374.167417606734
1.7122249999999997,328.8807629242169,-389.93558362898983,4.062528300201458,137.3981768843817,11374.167417606734
1.7127249999999996,330.2765953371049,-389.93355677271586,4.132649159570842,143.08526059318444,11374.167417606734
1.713225,332.1133448136464,-389.931445933937,4.205613560794692,148.77234430199223,11374.167417606734
1.7137249999999995,333.6535481857231,-389.929309521873,4.281421503872812,154.4594280107899,11374.167417606734
1.7142249999999997,335.0285338583396,-389.9273193252673,4.360072988805435,160.1465117195952,11374.167417606734
1.7147249999999996,336.43578932413726,-389.925404202289,4.4415680155924235,165.83359542839793,11374.167417606734
1.7152249999999996,337.9107612065951,-389.92399681902083,4.525906584233814,171.52067913720066,11374.167417606734
1.7157249999999995,339.3299833227993,-389.92259311928575,4.613088694729606,177.2077628460034,11374.167417606734
1.7162249999999997,340.69481365235134,-389.9211720341657,4.703114347079838,182.89484655480865,11374.167417606734
1.7167249999999996,342.17358544484887,-389.91973761051514,4.795983541284433,188.5819302636114,11374.167417606734
1.7172249999999998,343.62280967672405,-389.9184215025843,4.891696277343472,194.26901397241664,11374.167417606734
1.7177249999999995,345.1106876764235,-389.9171398655341,4.990252555256826,199.9560976812169,11374.167417606734
1.7182249999999997,346.6636328510579,-389.9154258136405,5.091652375024672,205.64318139002216,11374.167417606734
1.7187249999999996,347.68859210833926,-389.91415937242385,5.19589573664687,211.33026509882492,11374.167417606734
1.7192249999999991,349.1981036037112,-389.91237054008377,5.302982640123376,217.0173488076226,11374.167417606734
1.7197249999999995,350.5511858329304,-389.91140231772573,5.412913085454474,222.7044325164304,11374.167417606734
1.7202249999999997,351.3931180432912,-389.91039994541023,5.525687072639928,228.39151622523568,11374.167417606734
1.7207249999999994,352.7018963741783,-389.9090505952032,5.641304601679681,234.07859993403588,11374.167417606734
1.7212249999999998,353.35012308911706,-389.9080726773229,5.7597656725739945,239.76568364284364,11374.167417606734
1.7217249999999995,354.3741787797039,-389.9067782851244,5.881070285322549,245.4527673516439,11374.167417606734
1.7222249999999997,355.21224475231105,-389.90581890418537,6.005218439925615,251.13985106044913,11374.167417606734
1.7227249999999998,355.8094279241542,-389.90490154467784,6.132210136383081,256.82693476925436,11374.167417606734
1.7232249999999998,356.40472951611923,-389.9039510160195,6.262045374694894,262.5140184780571,11374.167417606734
1.7237249999999995,356.71235291179306,-389.902953396301,6.39472415486105,268.2011021868573,11374.167417606734
1.724225,357.4587126691098,-389.9017909494926,6.530246476881787,273.8881858956652,11374.167417606734
1.7247249999999998,357.8177945136589,-389.9000981710508,6.6686123407568045,279.5752696044679,11374.167417606734
1.7252249999999996,357.96525720264015,-389.89876399218997,6.809821746486161,285.262353313268,11374.167417606734
1.7257249999999995,358.5187437464898,-389.89713380904766,6.95387469406998,290.94943702207087,11374.167417606734
1.726225,358.71325776159284,-389.8956511127943,7.100771183508331,296.6365207308786,11374.167417606734
1.7267249999999996,359.285411828148,-389.8943900533847,7.250511214800887,302.32360443967883,11374.167417606734
1.7272249999999996,359.59529429620306,-389.8926073874898,7.403094787947909,308.0106881484816,11374.167417606734
1.727725,359.57189741435195,-389.8911637711347,7.558521902949474,313.6977718572894,11374.167417606734
1.7282249999999997,360.1378521463758,-389.8898094212023,7.7167925598052305,319.3848555660895,11374.167417606734
1.7287249999999996,360.1424713785078,-389.888066555617,7.877906758515459,325.0719392748924,11374.167417606734
1.7292249999999996,360.388360691412,-389.88704530056145,8.04186449908009,330.7590229836951,11374.167417606734
1.7297249999999995,360.64967291326593,-389.88570447052984,8.208665781499118,336.4461066924979,11374.167417606734
1.7302249999999997,360.8144524871623,-389.8840528910823,8.378310605772624,342.13319040130307,11374.167417606734
1.7307249999999996,361.18813261421735,-389.8831084159226,8.550798971900461,347.82027411010586,11374.167417606734
1.7312249999999998,361.6008031472318,-389.882038789156,8.726130879882772,353.50735781891115,11374.167417606734
1.7317249999999995,361.7762285892176,-389.88097143008343,8.904306329719326,359.1944415277113,11374.167417606734
1.7322249999999997,362.1956613365031,-389.8794246272129,9.085325321410444,364.8815252365166,11374.167417606734
1.7327249999999996,362.5725070451725,-389.878211618991,9.26918785495588,370.5686089453193,11374.167417606734
1.7332249999999996,363.0199501390231,-389.8770027621748,9.455893930355726,376.25569265412213,11374.167417606734
1.7337249999999995,363.4590248961908,-389.8751361836672,9.645443547609966,381.94277636292475,11374.167417606734
1.7342249999999997,363.8955964753612,-389.873742658362,9.837836706718692,387.62986007173004,11374.167417606734
1.7347249999999996,364.2306588187655,-389.8724917015608,10.033073407681735,393.31694378053294,11374.167417606734
1.7352249999999998,364.5913604789483,-389.87215568875723,10.23115365049927,399.0040274893381,11374.167417606734
1.7357249999999995,365.1945068979479,-389.87141739823613,10.432077435171028,404.69111119813834,11374.167417606734
1.7362249999999997,365.4179723622873,-389.8702142788185,10.635844761697365,410.3781949069436,11374.167417606734
1.7367249999999994,365.548132487858,-389.86884923919615,10.842455630077923,416.06527861574375,11374.167417606734
1.7372249999999998,366.0827649733318,-389.8674456768143,11.051910040313162,421.7523623245515,11374.167417606734
1.7377249999999995,366.306818747667,-389.8651937708859,11.264207992402516,427.43944603335177,11374.167417606734
1.7382249999999997,366.7771316619304,-389.86306338702485,11.479349486346472,433.12652974215706,11374.167417606734
1.738725,367.4292068456298,-389.86083907829067,11.697334522144917,438.8136134509648,11374.167417606734
1.7392249999999998,367.6768603067348,-389.85879502854027,11.918163099797477,444.500697159765,11374.167417606734
1.7397249999999995,368.00918225007393,-389.8566100879249,12.141835219304438,450.1877808685653,11374.167417606734
1.7402249999999997,368.6960861924875,-389.85430751199254,12.368350880665995,455.87486457737043,11374.167417606734
1.740725,369.3296052123288,-389.851727919917,12.59771008388206,461.5619482861783,11374.167417606734
1.7412249999999996,369.91326424348273,-389.84929300948687,12.829912828952118,467.24903199497595,11374.167417606734
1.7417249999999995,370.75390307759767,-389.84622833845486,13.064959115876782,472.93611570377874,11374.167417606734
1.742225,371.5825056090823,-389.8434762068662,13.302848944656057,478.62319941258653,11374.167417606734
1.7427249999999996,372.2505442711019,-389.8405211703709,13.543582315289418,484.31028312138676,11374.167417606734
1.7432249999999996,373.3077571320802,-389.8376317235023,13.787159227777286,489.99736683018943,11374.167417606734
1.743725,374.0411660205066,-389.83479745305374,14.033579682119772,495.6844505389973,11374.167417606734
1.7442249999999997,375.1141035661682,-389.83157052788073,14.282843678316333,501.37153424779757,11374.167417606734
1.7447249999999996,376.6394383217697,-389.828247915151,14.534951216367405,507.0586179566002,11374.167417606734
1.745225,377.4801193315834,-389.8245863496714,14.789902296273107,512.745701665408,11374.167417606734
1.7457249999999995,378.7029290900661,-389.820982584327,15.047696918032749,518.4327853742058,11374.167417606734
1.7462249999999997,380.150187305172,-389.81712177177155,15.308335081647146,524.1198690830109,11374.167417606734
1.7467249999999996,381.5226227952757,-389.81369655987663,15.571816787115822,529.8069527918137,11374.167417606734
1.7472249999999996,382.9012466098688,-389.8096020045393,15.838142034438903,535.4940365006164,11374.167417606734
1.7477249999999998,384.1450731821197,-389.8061845359618,16.1073108236165,541.1811202094217,11374.167417606734
1.7482249999999997,385.4148095901663,-389.80216852738874,16.379323154648382,546.8682039182245,11374.167417606734
1.7487249999999996,386.9877761462624,-389.79832160732303,16.654179027534664,552.5552876270272,11374.167417606734
1.7492249999999998,388.4839527257126,-389.7942338804458,16.93187844227547,558.2423713358326,11374.167417606734
1.7497249999999993,389.7930302742911,-389.7901646978169,17.2124213988703,563.9294550446301,11374.167417606734
1.7502249999999997,391.2710450015942,-389.7860264871754,17.495807897320045,569.6165387534379,11374.167417606734
1.7507249999999996,392.5565022747527,-389.7817913459397,17.78203793762393,575.3036224622408,11374.167417606734
1.7512249999999994,393.8820566227975,-389.777529074465,18.071111519782093,580.9907061710409,11374.167417606734
1.7517249999999998,395.5123012782165,-389.7728837271563,18.363028643795044,586.6777898798487,-24433.18903062649
1.7522249999999997,396.68588881724287,-389.76790498156237,18.6533133901061,574.4611953645368,-24433.18903062649
1.7527249999999994,397.9337006091047,-389.7623730682294,18.937489839159394,562.2446008492303,-24433.18903062649
1.7532249999999998,399.0997367172067,-389.757338477529,19.215557990955393,550.0280063339075,-24433.18903062649
1.7537249999999998,400.3694955163016,-389.75136229859623,19.48751784549349,537.8114118185957,-24433.18903062649
1.7542249999999997,401.748418492711,-389.7458557937027,19.753369402773927,525.5948173032837,-24433.18903062649
1.754725,402.9540414328463,-389.73992034343985,20.013112662796942,513.378222787961,-24433.18903062649
1.7552249999999998,404.1727024428685,-389.73466355281033,20.266747625561955,501.16162827265464,-24433.18903062649
1.7557249999999995,405.22391648596033,-389.72892305566546,20.514274291069317,488.9450337573481,-24433.18903062649
1.756225,406.58534409268594,-389.7227890758242,20.755692659319347,476.7284392420253,-24433.18903062649
1.756725,407.892203848597,-389.71647743443793,20.991002730311607,464.5118447267079,-24433.18903062649
1.7572249999999996,409.1497206608057,-389.7097947337025,21.22020450404591,452.2952502114069,-24433.18903062649
1.7577249999999995,410.31096324389455,-389.7035099720648,21.44329798052276,440.07865569609504,-24433.18903062649
1.758225,411.5865421484284,-389.69649930249227,21.660283159742143,427.86206118077234,-24433.18903062649
1.7587249999999996,412.6119012802175,-389.6896626858118,21.871160041703586,415.64546666546573,-24433.18903062649
1.7592249999999996,414.05962187125925,-389.6819544519217,22.07592862640747,403.4288721501539,-24433.18903062649
1.7597249999999995,415.74670206292194,-389.6749047319366,22.274588913853695,391.21227763484205,-24433.18903062649
1.7602249999999997,417.0108838623626,-389.6673897635054,22.467140904042353,378.99568311952464,-24433.18903062649
1.7607249999999997,418.6891179892984,-389.66013455523245,22.653584596973264,366.7790886042128,-24433.18903062649
1.7612249999999996,420.5034949819591,-389.65192224093033,22.83391999264653,354.5624940889009,-24433.18903062649
1.7617249999999998,421.9924831023858,-389.643570648816,23.008147091062202,342.3458995735835,-24433.18903062649
1.7622249999999997,423.8107824191586,-389.6357302300132,23.176265892220155,330.1293050582717,-24433.18903062649
1.7627249999999997,425.5587975647798,-389.62708684741347,23.338276396120445,317.9127105429598,-24433.18903062649
1.7632249999999998,427.1325582338743,-389.6190852571319,23.494178602763142,305.6961160276424,-24433.18903062649
1.7637249999999995,428.86769562693706,-389.6106946904519,23.643972512148057,293.47952151233596,-24433.18903062649
1.7642249999999997,430.4567306578991,-389.60204045769035,23.78765812427545,281.26292699701867,-24433.18903062649
1.7647249999999997,432.1968057401614,-389.59330431228614,23.925235439145112,269.04633248170677,-24433.18903062649
1.7652249999999996,433.7148831383632,-389.5840071264704,24.056704456757124,256.8297379663949,-24433.18903062649
1.7657249999999998,435.11994473217976,-389.57496865359695,24.182065177111532,244.61314345107755,-24433.18903062649
1.7662249999999995,436.5792961965811,-389.5655836547543,24.30131760020818,232.39654893577102,-24433.18903062649
1.7667249999999997,437.82632354906616,-389.5553091862827,24.41446172604727,220.17995442045373,-24433.18903062649
1.7672249999999994,439.218750756791,-389.5454269406299,24.521497554628606,207.96335990514723,-24433.18903062649
1.7677249999999998,440.2356614906006,-389.5349460912737,24.622425085952433,195.74676538982453,-24433.18903062649
1.7682249999999995,441.2146255281549,-389.5241987750306,24.717244320018462,183.53017087451803,-24433.18903062649
1.7687249999999994,442.69327430725787,-389.5127275685184,24.805955256826888,171.3135763592061,-24433.18903062649
1.7692249999999998,443.7554251990158,-389.50096260943707,24.88855789637772,159.09698184388336,-24433.18903062649
1.7697249999999998,444.8300681455876,-389.4894889611035,24.96505223867083,146.88038732857146,-24433.18903062649
1.7702249999999995,445.778564164429,-389.4778753684515,25.03543828370625,134.66379281326496,-24433.18903062649
1.7707249999999994,446.6354599458196,-389.465688304692,25.099716031484046,122.44719829795305,-24433.18903062649
1.7712249999999998,447.65624104033975,-389.45235310858783,25.157885482004236,110.23060378263037,-24433.18903062649
1.7717249999999996,448.3342397447556,-389.4379455028991,25.209946635266697,98.01400926732381,-24433.18903062649
1.7722249999999995,449.0050312833997,-389.42318620594347,25.255899491271528,85.79741475201192,-24433.18903062649
1.772725,449.7768727407332,-389.4075424022464,25.29574405001874,73.58082023668373,-24433.18903062649
1.7732249999999996,450.3969428407243,-389.3915499599281,25.32948031150822,61.364225721382674,-24433.18903062649
1.7737249999999996,451.2711976708794,-389.37549411965875,25.357108275740092,49.14763120607078,-24433.18903062649
1.774225,451.8077915428629,-389.3590935088115,25.378627942714317,36.93103669074807,-24433.18903062649
1.7747249999999997,452.5398657051375,-389.34293677494986,25.394039312430852,24.714442175441583,-24433.18903062649
1.7752249999999996,453.42415008780847,-389.3261135180667,25.403342384889747,12.497847660129692,-24433.18903062649
1.775725,454.2944747137532,-389.30909622976526,25.40653716009098,0.28125314480697616,-24433.18903062649
1.7762249999999995,455.2971798087849,-389.29065268948756,25.40362363803456,-11.935341370494147,-24433.18903062649
1.7767249999999997,456.06461866325606,-389.27206485342174,25.394601818720485,-24.15193588581145,-24433.18903062649
1.7772249999999996,456.9090430422432,-389.25255891113676,25.379471702148745,-36.36853040112329,-24433.18903062649
1.7777249999999996,457.7572637137767,-389.2323170652651,25.358233288319365,-48.585124916435234,-24433.18903062649
1.7782249999999995,458.4639924894017,-389.21201472930784,25.330886577232324,-60.80171943174707,-24433.18903062649
1.7787249999999997,459.3896816837713,-389.19124829691737,25.297431568887607,-73.01831394706448,-24433.18903062649
1.7792249999999996,460.1418784787951,-389.1704521877718,25.25786826328525,-85.23490846237638,-24433.18903062649
1.7797249999999998,461.0746853566444,-389.1489151948073,25.212196660425217,-97.45150297769368,-24433.18903062649
1.7802249999999995,461.7793343184547,-389.12707629489944,25.160416760307573,-109.66809749300016,-24433.18903062649
1.7807249999999997,462.17793832733713,-389.1051827536204,25.102528562932225,-121.88469200831751,-24433.18903062649
1.7812249999999996,462.6215428004374,-389.0828585009699,25.038532068299247,-134.10128652362937,-24433.18903062649
1.7817249999999991,463.1946680332855,-389.06024720717187,24.96842727640868,-146.31788103893044,-24433.18903062649
1.7822249999999995,463.68079764423527,-389.0378986152073,24.89221418726032,-158.53447555425316,-24433.18903062649
1.7827249999999997,464.1226871072114,-389.01455776636914,24.809892800854342,-170.75107006957046,-24433.18903062649
1.7832249999999994,464.5220955446472,-388.99134225028297,24.721463117190776,-182.96766458487699,-24433.18903062649
1.7837249999999998,465.0240419052049,-388.96697943253344,24.626925136269428,-195.18425910019974,-24433.18903062649
1.7842249999999995,465.7102716129514,-388.9431386781741,24.526278858090564,-207.4008536155063,-24433.18903062649
1.7847249999999997,466.3736602376838,-388.9190774312717,24.41952428265395,-219.61744813082356,-24433.18903062649
1.7852249999999998,466.6836059616686,-388.89464478780076,24.306661409959663,-231.83404264614083,-24433.18903062649
1.7857249999999998,467.0460214346985,-388.87065210441057,24.187690240007775,-244.05063716145276,-24433.18903062649
1.7862249999999995,467.6600053409543,-388.8462649220596,24.062610772798294,-256.26723167675925,-24433.18903062649
1.786725,468.2787401060881,-388.8220225829558,23.93142300833098,-268.483826192082,-24433.18903062649
1.7872249999999998,468.7175410451065,-388.79724442025906,23.794126946606127,-280.70042070739385,-24433.18903062649
1.7877249999999996,469.0986780231673,-388.7730179664651,23.650722587623687,-292.91701522270034,-24433.18903062649
1.7882249999999995,469.68835488781485,-388.74849786135616,23.50120993138352,-305.13360973801224,-24433.18903062649
1.788725,470.43144527698325,-388.72476897618407,23.345588977885566,-317.35020425333494,-24433.18903062649
1.7892249999999996,471.1498184186597,-388.700866572806,23.18385972713015,-329.56679876864143,-24433.18903062649
1.7897249999999996,471.6764351489077,-388.6777051625366,23.016022179117027,-341.7833932839534,-24433.18903062649
1.790225,472.3284475644931,-388.65505736466736,22.84207633384608,-353.99998779927614,-24433.18903062649
1.7907249999999997,473.3617190107613,-388.6328435265094,22.662022191317725,-366.2165823145827,-24433.18903062649
1.7912249999999996,474.24407209910095,-388.6112724265352,22.47585975153162,-378.43317682989453,-24433.18903062649
1.7917249999999996,475.3510437195506,-388.5895678584461,22.28358901448787,-390.64977134520655,-24433.18903062649
1.7922249999999995,476.3618871832623,-388.56923935802223,22.085209980186455,-402.8663658605184,-24433.18903062649
1.7927249999999997,477.7246901808352,-388.54890107856744,21.880722648627298,-415.0829603758357,-24433.18903062649
1.7932249999999996,478.7739147453893,-388.5292970261336,21.67012701981058,-427.2995548911475,-24433.18903062649
1.7937249999999998,479.9974789903719,-388.50997086248395,21.453423093736106,-439.5161494064649,-24433.18903062649
1.7942249999999995,481.3788722212025,-388.4917750150072,21.230610870404167,-451.7327439217714,-24433.18903062649
1.7947249999999997,482.7567933128973,-388.4735066950615,21.001690349814375,-463.9493384370887,-24433.18903062649
1.7952249999999996,484.1923409107368,-388.455967862309,20.766661531967035,-476.1659329524005,-24433.18903062649
1.7957249999999996,485.3300821296058,-388.43921960603865,20.525524416862027,-488.3825274677125,-24433.18903062649
1.7962249999999995,486.6355345876247,-388.4227423382557,20.278279004499378,-500.59912198302436,-24433.18903062649
1.7967249999999997,487.8614012326759,-388.4073669125407,20.024925294878944,-512.8157164983417,-24433.18903062649
1.7972249999999996,489.1127972709916,-388.39259435672284,19.76546328800098,-525.0323110136537,-24433.18903062649
1.7977249999999998,490.397631396496,-388.37923160221374,19.499892983865227,-537.248905528971,-24433.18903062649
1.7982249999999995,491.27654325539913,-388.36620632754824,19.228214382472068,-549.4655000442774,-24433.18903062649
1.7987249999999997,492.71518431988886,-388.3541893647758,18.950427483821006,-561.6820945595947,-24433.18903062649
1.7992249999999994,493.8886577935288,-388.3426990527694,18.666532287912542,-573.8986890749012,-24433.18903062649
1.7997249999999998,495.2931707109554,-388.3322025930462,18.376528794746033,-586.115283590224,-24433.18903062649
1.8002249999999995,496.7118364532895,-388.3223298336138,18.080417004322264,-598.3318781055304,-24433.18903062649
1.8007249999999997,497.5928941712861,-388.3125686689052,17.778196916640567,-610.5484726208479,-24433.18903062649
1.801225,498.9817951273893,-388.30397470749057,17.469868531701074,-622.7650671361706,-24433.18903062649
1.801725,500.5770024433706,-388.2958629780613,17.155431849504197,-634.9816616514825,-24433.18903062649
1.8022249999999995,501.8502865166398,-388.28854535892555,16.834886870049946,-647.1982561667834,-24433.18903062649
1.802725,503.10910778437767,-388.28141435671756,16.508233593337618,-659.4148506821007,-24433.18903062649
1.803225,504.0280864161658,-388.2750130635065,16.175472019367476,-671.6314451974237,-24433.18903062649
1.803725,505.4735205800715,-388.26937983828617,15.83660214813997,-683.8480397127355,-24433.18903062649
1.8042249999999995,507.0239753276935,-388.26381783820665,15.491623979655126,-696.0646342280364,-24433.18903062649
1.804725,508.2846825894976,-388.25927780107713,15.140537513912005,-708.2812287433592,20550.62062076964
1.805225,509.3791402245912,-388.2548655997754,14.788965727117802,-698.0059184329709,20550.62062076964
1.805725,510.3991719950908,-388.2511588885481,14.44253159547895,-687.7306081225873,20550.62062076964
1.806225,511.859499914924,-388.2469840617151,14.101235118995294,-677.4552978122038,20550.62062076964
1.806725,513.5627059414412,-388.2436246156738,13.765076297666823,-667.1799875018199,20550.62062076964
1.807225,515.042396665963,-388.2399406945974,13.434055131493402,-656.9046771914317,20550.62062076964
1.807725,516.7581831445247,-388.23720395612094,13.108171620475312,-646.629366881048,20550.62062076964
1.8082249999999995,518.5100380280459,-388.2345584639756,12.787425764612703,-636.3540565706734,20550.62062076964
1.808725,520.761878229885,-388.2320964364068,12.471817563904722,-626.0787462602807,20550.62062076964
1.809225,522.5866496160979,-388.2298857800601,12.161347018352073,-615.8034359498924,20550.62062076964
1.809725,524.2021703859963,-388.2280500863038,11.85601412795476,-605.5281256395087,20550.62062076964
1.810225,526.5084973969697,-388.22668884929004,11.555818892712633,-595.2528153291249,20550.62062076964
1.810725,528.0669317368439,-388.2249642796822,11.260761312625698,-584.9775050187412,20550.62062076964
1.811225,529.7130310925738,-388.22348554192354,10.970841387693826,-574.7021947083531,20550.62062076964
1.811725,531.1703337299205,-388.22132203089393,10.686059117917278,-564.4268843979694,20550.62062076964
1.8122249999999995,532.152547334648,-388.2199285266468,10.406414503296167,-554.1515740875949,20550.62062076964
1.812725,533.7448927642433,-388.2185409417261,10.131907543829753,-543.876263777202,20550.62062076964
1.813225,534.797327838922,-388.2180982623154,9.86253823951866,-533.6009534668137,20550.62062076964
1.813725,535.9142492663539,-388.2172498967739,9.59830659036311,-523.3256431564391,20550.62062076964
1.814225,537.2905403382003,-388.2171133481595,9.339212596362286,-513.0503328460464,20550.62062076964
1.814725,538.4821553660919,-388.21687005584505,9.085256257516887,-502.77502253566274,20550.62062076964
1.815225,540.0263800114897,-388.2163147362042,8.836437573826789,-492.4997122252836,20550.62062076964
1.815725,541.0643439122346,-388.21627136342755,8.592756545291556,-482.22440191489073,20550.62062076964
1.816225,542.4521281085877,-388.21628745412295,8.354213171911733,-471.949091604507,20550.62062076964
1.816725,543.6775584195132,-388.21641007484806,8.120807453687204,-461.67378129412793,20550.62062076964
1.817225,544.6499766743434,-388.2164740613003,7.89253939061756,-451.39847098373514,20550.62062076964
1.817725,546.1697851156362,-388.21679667718496,7.669408982703311,-441.12316067335144,20550.62062076964
1.8182249999999995,546.9143725476708,-388.21687658378175,7.451416229944447,-430.8478503629768,20550.62062076964
1.818725,547.9364266133626,-388.2172839320193,7.238561132340395,-420.572540052584,20550.62062076964
1.819225,548.9345274287496,-388.21747207829156,7.030843689891628,-410.2972297421957,20550.62062076964
1.819725,549.6043922110026,-388.21852355334005,6.828263902598148,-400.0219194318121,20550.62062076964
1.8202249999999995,550.3203711633059,-388.21944760783475,6.6308217704600345,-389.7466091214376,20550.62062076964
1.820725,550.6361486814682,-388.2204923640974,6.438517293476764,-379.4712988110448,20550.62062076964
1.821225,551.504415760629,-388.22159480745614,6.251350471648775,-369.1959885006565,20550.62062076964
1.821725,552.372373435976,-388.22275612644677,6.0693213049760635,-358.9206781902728,20550.62062076964
1.8222249999999995,552.9692466246696,-388.224621599951,5.892429793458698,-348.64536787989823,20550.62062076964
1.822725,553.6148244058079,-388.22662080265246,5.720675937096214,-338.37005756950543,20550.62062076964
1.823225,554.1617453933471,-388.2286812334769,5.554059735889002,-328.0947472591171,20550.62062076964
1.823725,555.3131548105073,-388.23091515849717,5.392581189837055,-317.8194369487335,20550.62062076964
1.824225,556.2936441082225,-388.2335000127999,5.236240298940302,-307.5441266383498,20550.62062076964
1.824725,556.736956458348,-388.2361292294381,5.08503706319874,-297.2688163279661,20550.62062076964
1.825225,557.4509514552668,-388.2395720661479,4.938971482612306,-286.99350601757783,20550.62062076964
1.825725,558.3046153466795,-388.24291051964275,4.798043557181131,-276.7181957071941,20550.62062076964
1.8262249999999995,559.1938027662925,-388.2466477587959,4.662253286905261,-266.4428853968196,20550.62062076964
1.826725,559.7473842754049,-388.2505679499242,4.531600671784347,-256.16757508642684,20550.62062076964
1.827225,560.0397903728406,-388.25452150979174,4.40608571181869,-245.89226477603853,20550.62062076964
1.827725,560.6168266452262,-388.25881462584044,4.28570840700828,-235.6169544656548,20550.62062076964
1.828225,561.2070812874763,-388.2630059654096,4.17046875735306,-225.3416441552711,20550.62062076964
1.828725,561.7796672945906,-388.26783898392125,4.060366762853033,-215.06633384488748,20550.62062076964
1.829225,562.254334736205,-388.2731262203196,3.955402423508151,-204.7910235344992,20550.62062076964
1.829725,562.8894738383908,-388.27842709910016,3.855575739318596,-194.51571322412462,20550.62062076964
1.830225,563.5590447463472,-388.2836941610521,3.7608867102840575,-184.24040291373186,20550.62062076964
1.830725,564.1175242109805,-388.2894160367589,3.6713353364047983,-173.9650926033481,20550.62062076964
1.831225,564.9371697228519,-388.29562108552767,3.5869216176807637,-163.689782292969,20550.62062076964
1.831725,565.7730965122826,-388.3019964271188,3.507645554111817,-153.41447198257617,20550.62062076964
1.832225,566.7642516067401,-388.3089642607538,3.433507145698133,-143.13916167219253,20550.62062076964
1.8327249999999995,567.9442299829402,-388.31627443324334,3.364506392439699,-132.86385136181795,20550.62062076964
1.833225,568.4594758745438,-388.32376148653833,3.3006432943363655,-122.58854105142973,20550.62062076964
1.833725,569.3109398545859,-388.33137415628016,3.241917851388204,-112.31323074103692,20550.62062076964
1.834225,570.5521396663061,-388.3384617560539,3.1883300635952874,-102.03792043065317,20550.62062076964
1.8347249999999995,571.1264680652841,-388.34583338164595,3.139879930957602,-91.76261012027861,20550.62062076964
1.835225,571.8923491221024,-388.3530256370411,3.0965674534750094,-81.48729980988128,20550.62062076964
1.835725,572.4648329255264,-388.3603024267418,3.0583926311476692,-71.21198949949756,20550.62062076964
1.836225,573.2106913053265,-388.3675857366892,3.0253554639755196,-60.9366791891139,20550.62062076964
1.836725,574.5468140517544,-388.3758737602006,2.997455951958562,-50.66136887873019,20550.62062076964
1.837225,575.6533975019832,-388.3836262263049,2.9746940950967864,-40.38605856834192,20550.62062076964
1.837725,576.4513061200817,-388.3907465147746,2.957069893390213,-30.11074825795823,20550.62062076964
1.838225,577.3991394501177,-388.39804940103386,2.944583346838831,-19.835437947574597,20550.62062076964
1.838725,578.5489288920014,-388.4046485821466,2.937234455442641,-9.560127637190801,20550.62062076964
1.839225,580.0329163442235,-388.41149096395947,2.9350232192016414,0.7151826731974056,20550.62062076964
1.839725,581.3248195414363,-388.4177923250651,2.937949638115836,10.990492983581092,20550.62062076964
1.840225,582.287421716873,-388.4246461017844,2.946013712185222,21.265803293964805,20550.62062076964
1.840725,583.3421996099653,-388.43101393949865,2.9592154414097984,31.541113604348467,20550.62062076964
1.841225,584.6595792499196,-388.4373775737211,2.9775548257895665,41.816423914732184,20550.62062076964
1.841725,586.2135698912577,-388.44313193922034,3.0010318653245376,52.09173422512039,20550.62062076964
1.842225,587.351243419336,-388.4487602960394,3.0296465600146902,62.36704453550405,20550.62062076964
1.842725,588.2038900984049,-388.453577923817,3.063398909860035,72.64235484588777,20550.62062076964
1.843225,589.2432370313485,-388.45870756032406,3.1022889148605706,82.9176651562714,20550.62062076964
1.843725,590.6026847516571,-388.4633320227369,3.1463165750163165,93.19297546665969,20550.62062076964
1.844225,591.7772295833801,-388.4674656224517,3.195481890327191,103.46828577703428,20550.62062076964
1.844725,592.7949294276772,-388.47203399171224,3.2497848607933504,113.7435960874271,20550.62062076964
1.845225,593.8820091566229,-388.47607685810067,3.309225486414653,124.01890639781077,20550.62062076964
1.845725,595.3861413725299,-388.4798087311135,3.373803767191117,134.2942167081899,20550.62062076964
1.846225,596.6096894122342,-388.4825726704537,3.443519703122865,144.56952701858276,20550.62062076964
1.846725,598.0608828857173,-388.48514508258324,3.5183732942097437,154.8448373289664,20550.62062076964
1.847225,599.6761022118087,-388.48697389325866,3.5983645404517786,165.1201476393455,20550.62062076964
1.847725,601.3160549440248,-388.488831113942,3.6834934418491136,175.39545794973833,20550.62062076964
1.848225,603.1397327056766,-388.49055235018017,3.77375999840157,185.67076826012197,20550.62062076964
1.8487249999999995,604.7406917499627,-388.4923317827163,3.8691642101091297,195.94607857049658,20550.62062076964
1.849225,606.4619100087556,-388.4935653723027,3.969706076972054,206.22138888088932,20550.62062076964
1.849725,608.5093394418116,-388.494375573342,4.075385598990131,216.49669919127763,20550.62062076964
1.850225,610.0494543607695,-388.4947791089371,4.186202776163355,226.77200950166136,20550.62062076964
1.8507249999999995,611.7625579620324,-388.4941899301334,4.302157608491663,237.04731981203594,20550.62062076964
1.851225,613.0454987114405,-388.4936255859092,4.423250095975373,247.32263012242876,20550.62062076964
1.851725,614.7620469170085,-388.49237707334953,4.549480238614226,257.597940432817,20550.62062076964
1.852225,616.4503863622604,-388.4907211365173,4.680848036408216,267.8732507432007,20550.62062076964
1.852725,617.7385595170028,-388.4887395727499,4.817353489357398,278.1485610535844,20550.62062076964
1.853225,619.5413512705366,-388.4862758828192,4.95899659746177,288.42387136396803,20550.62062076964
1.853725,620.9855949152471,-388.4836630118476,5.105777360721401,298.6991816743563,20550.62062076964
1.854225,622.8186129693431,-388.48079887501217,5.257695779136157,308.97449198474,20550.62062076964
1.854725,624.4725581951049,-388.4773579513935,5.4147518527061065,319.24980229512363,20550.62062076964
1.855225,625.6194586696615,-388.47334125217304,5.5769455814312465,329.5251126055074,20550.62062076964
1.855725,627.441089709084,-388.4690403564718,5.744276965311652,339.8004229158956,20550.62062076964
1.856225,628.7113923868203,-388.4645079132708,5.916746004347177,350.07573322627934,20550.62062076964
1.8567249999999995,630.5629856468288,-388.4596592481731,6.094352698537734,360.35104353665395,20550.62062076964
1.857225,631.7582256828234,-388.45463009798846,6.277097047883801,370.62635384704663,20550.62062076964
1.857725,632.6697142370197,-388.4493157295048,6.464979052384985,380.901664157435,20550.62062076964
1.858225,634.0165496025977,-388.44303908774003,6.657998712041277,391.17697446781864,-8336.22365611615
1.858725,634.7924063280673,-388.43570532306165,6.852545171318148,387.008862639761,-8336.22365611615
1.859225,636.0296346443599,-388.4280042993385,7.045007574680994,382.8407508117034,-8336.22365611615
1.859725,636.9592346657957,-388.4206417507025,7.235385922129895,378.67263898364394,-8336.22365611615
1.860225,637.7782182804975,-388.41258963047716,7.42368021366468,374.50452715558635,-8336.22365611615
1.860725,638.8579534689794,-388.40482393003634,7.609890449285441,370.3364153275287,-8336.22365611615
1.861225,639.5774736210674,-388.39571213429224,7.7940166289921695,366.1683034994711,-8336.22365611615
1.861725,640.4317534492097,-388.3866756504983,7.97605875278479,362.0001916714153,-8336.22365611615
1.862225,641.2731928937616,-388.37697668482025,8.156016820663623,357.832079843354,-8336.22365611615
1.862725,642.3453819529889,-388.3672667685111,8.333890832628265,353.6639680152964,-8336.22365611615
1.863225,643.8607423788524,-388.3573173522494,8.509680788678804,349.49585618724063,-8336.22365611615
1.863725,644.8113888412477,-388.3471979889083,8.683386688815544,345.3277443591793,-8336.22365611615
1.864225,645.7580047420313,-388.3368256524903,8.8550085330381,341.1596325311217,-8336.22365611615
1.8647249999999995,646.6961937332297,-388.32600995499706,9.024546321346477,336.9915207030678,-8336.22365611615
1.865225,647.7368456595894,-388.3147680457953,9.192000053741054,332.8234088750083,-8336.22365611615
1.865725,648.8451370560977,-388.3033553793974,9.35736973022167,328.65529704694706,-8336.22365611615
1.866225,649.4443619281474,-388.2914926385446,9.520655350788111,324.48718521888935,-8336.22365611615
1.8667249999999995,650.1297964520272,-388.27932116865475,9.681856915440383,320.3190733908355,-8336.22365611615
1.867225,651.2152025736588,-388.2676833951862,9.840974424178908,316.1509615627741,-8336.22365611615
1.867725,651.8618923403785,-388.25515979501404,9.998007877003335,311.9828497347147,-8336.22365611615
1.868225,652.6877287309997,-388.24266838989905,10.152957273913655,307.8147379066571,-8336.22365611615
1.868725,653.2609280697163,-388.2292872414033,10.305822614909955,303.6466260785994,-8336.22365611615
1.869225,654.0462989934259,-388.21623476839125,10.456603899992224,299.47851425054176,-8336.22365611615
1.869725,655.2137192573126,-388.20237517009457,10.605301129160528,295.3104024224823,-8336.22365611615
1.870225,655.7477719266167,-388.1886949334563,10.751914302414741,291.1422905944247,-8336.22365611615
1.8707249999999995,656.8170761242981,-388.17518945590285,10.896443419754798,286.9741787663708,-8336.22365611615
1.871225,657.850782868428,-388.1612286370029,11.038888481181075,282.80606693830947,-8336.22365611615
1.871725,658.6345584889986,-388.14739573933156,11.179249486693264,278.63795511025,-8336.22365611615
1.872225,659.4486990513706,-388.13267685327014,11.31752643629136,274.4698432821924,-8336.22365611615
1.872725,659.7139324546285,-388.11782297357814,11.453719329975424,270.3017314541348,-8336.22365611615
1.873225,660.0293170408456,-388.10241464274503,11.587828167745462,266.1336196260772,-8336.22365611615
1.873725,660.2001746098075,-388.0872540342561,11.719852949601533,261.9655077980177,-8336.22365611615
1.874225,660.2219975030063,-388.07178479963295,11.849793675543511,257.79739596996006,-8336.22365611615
1.8747249999999995,660.4029577411045,-388.05669565682194,11.97765034557135,253.62928414190623,-8336.22365611615
1.875225,660.4452940176095,-388.04186537641306,12.103422959685384,249.46117231384488,-8336.22365611615
1.875725,660.6667224735961,-388.0270603513374,12.227111517885335,245.29306048578536,-8336.22365611615
1.876225,661.1119336018696,-388.0119098211918,12.348716020171093,241.12494865773147,-8336.22365611615
1.876725,661.3022872646861,-387.9967421114246,12.468236466543038,236.95683682967015,-8336.22365611615
1.877225,661.5706599446049,-387.981769126462,12.58567285700084,232.7887250016126,-8336.22365611615
1.877725,662.0884739036594,-387.96620276024424,12.70102519154457,228.6206131735568,-8336.22365611615
1.878225,662.934383531168,-387.9514262204273,12.814293470174423,224.4525013454955,-8336.22365611615
1.878725,663.7822232797546,-387.9364189647818,12.925477692890146,220.2843895174379,-8336.22365611615
1.879225,664.6974202185532,-387.92190773862666,13.034577859691789,216.11627768938212,-8336.22365611615
1.879725,665.7614341599906,-387.9069093672483,13.141593970579548,211.94816586132077,-8336.22365611615
1.880225,666.8867883718345,-387.89230923187614,13.246526025553182,207.78005403326313,-8336.22365611615
1.8807249999999995,667.6408320241702,-387.87735563492066,13.349374024612699,203.6119422052093,-8336.22365611615
1.881225,668.0917335061919,-387.86248912386293,13.450137967758362,199.44383037714792,-8336.22365611615
1.881725,669.218643273605,-387.84764064903504,13.548817854989958,195.27571854908842,-8336.22365611615
1.882225,670.404690748395,-387.833267195333,13.645413686307482,191.1076067210309,-8336.22365611615
1.8827249999999995,671.2267779927694,-387.8193765707539,13.739925461710884,186.93949489297697,-8336.22365611615
1.883225,672.2754847120539,-387.8057080914394,13.832353181200428,182.7713830649156,-8336.22365611615
1.883725,673.0442189044961,-387.79245245442473,13.922696844775903,178.6032712368562,-8336.22365611615
1.884225,674.3844522769069,-387.7790852948244,14.010956452437307,174.4351594087985,-8336.22365611615
1.8847249999999995,675.6460111916556,-387.7658307517552,14.097132004184607,170.2670475807446,-8336.22365611615
1.885225,676.4430319038477,-387.75244486547416,14.18122350001803,166.09893575268327,-8336.22365611615
1.885725,677.326445356494,-387.7398197470987,14.263230939937381,161.9308239246238,-8336.22365611615
1.886225,678.4197111559494,-387.72757407005884,14.34315432394267,157.76271209656622,-8336.22365611615
1.886725,679.5216865911268,-387.715610407963,14.420993652033934,153.5946002685086,-8336.22365611615
1.887225,680.8057151784509,-387.7042991571941,14.496748924211163,149.42648844045098,-8336.22365611615
1.887725,682.0501770091198,-387.6931330779365,14.570420140474399,145.25837661239152,-8336.22365611615
1.888225,682.8707537445899,-387.6825662848198,14.642007300823575,141.0902647843339,-8336.22365611615
1.8887249999999995,683.6638436295268,-387.6718673735982,14.711510405258654,136.92215295627997,-8336.22365611615
1.889225,684.4842129040617,-387.6618740501111,14.778929453779837,132.7540411282187,-8336.22365611615
1.889725,685.5192512568949,-387.65150145998035,14.844264446386951,128.5859293001592,-8336.22365611615
1.890225,686.3722380066249,-387.64148823003427,14.907515383080009,124.41781747210156,-8336.22365611615
1.890725,686.8308160075221,-387.63171388860434,14.968682263859037,120.24970564404394,-8336.22365611615
1.891225,687.9310109842303,-387.6225789649486,15.02776508872404,116.08159381598632,-8336.22365611615
1.891725,689.0028030746455,-387.61404194380725,15.084763857675034,111.9134819879269,-8336.22365611615
1.892225,690.4527779941137,-387.6055442702041,15.139678570711933,107.74537015987298,-8336.22365611615
1.892725,691.2279671812493,-387.59673721436405,15.192509227834892,103.57725833181162,-8336.22365611615
1.893225,691.9459965367107,-387.58812346113586,15.243255829043777,99.40914650375402,-8336.22365611615
1.893725,693.4100503453095,-387.57917048235066,15.291918374338616,95.24103467569827,-8336.22365611615
1.894225,694.5139431884503,-387.57076065016963,15.338496863719488,91.07292284763696,-8336.22365611615
1.894725,696.1213409688834,-387.562589104374,15.382991297186285,86.90481101957934,-8336.22365611615
1.8952249999999995,697.208666901722,-387.5552983764962,15.42540167473902,82.73669919152542,-8336.22365611615
1.895725,698.1493334804611,-387.5480685542791,15.465727996377778,78.56858736346595,-8336.22365611615
1.896225,699.5598310922122,-387.54124835255067,15.503970262102523,74.40047553540462,-8336.22365611615
1.896725,700.9016130618718,-387.53373077135586,15.540128471913208,70.232363707347,-8336.22365611615
1.8972249999999995,702.5846844308473,-387.5271770796191,15.574202625809837,66.0642518792931,-8336.22365611615
1.897725,703.7886723435533,-387.52014716084506,15.606192723792505,61.896140051229935,-8336.22365611615
1.898225,705.1179948191811,-387.51338405233764,15.636098765861101,57.72802822317232,-8336.22365611615
1.898725,706.8469382676203,-387.50701874358,15.663920752015676,53.55991639511469,-8336.22365611615
1.899225,708.2628252745237,-387.5007560039848,15.689658682256212,49.391804567057086,-8336.22365611615
1.899725,710.0166798232959,-387.4943819217561,15.713312556582734,45.22369273899762,-8336.22365611615
1.900225,711.5676102547333,-387.4883763316272,15.734882374995218,41.055580910939995,-8336.22365611615
1.900725,713.0151895713454,-387.482193200501,15.75436813749367,36.88746908288238,-8336.22365611615
1.901225,714.4935927469768,-387.47600688974364,15.771769844078095,32.71935725482477,-8336.22365611615
1.901725,716.1453074013258,-387.4696220583609,15.787087494748498,28.5512454267653,-8336.22365611615
1.902225,717.8165741014242,-387.46361773959853,15.800321089504862,24.38313359870768,-8336.22365611615
1.902725,719.6831234053492,-387.45800824478744,15.8114706283472,20.215021770650065,-8336.22365611615
1.903225,721.0072419924536,-387.45201383334046,15.820536111275514,16.046909942592446,-8336.22365611615
1.903725,722.3309940580926,-387.4463207874191,15.827517538289793,11.878798114534838,-8336.22365611615
1.904225,724.1193249995581,-387.44051149548864,15.832414909390046,7.710686286475366,-8336.22365611615
1.904725,725.4646199195514,-387.434800448602,15.835228224576271,3.542574458417749,-8336.22365611615
1.905225,726.798598961275,-387.4287288889199,15.835957483848464,-0.6255373696398675,-8336.22365611615
1.905725,727.8952171696407,-387.42250844152386,15.834602687206628,-4.793649197697484,-8336.22365611615
1.906225,728.7478458271136,-387.41612111521226,15.831163834650765,-8.961761025756951,-8336.22365611615
1.906725,730.3494278495504,-387.4098318412365,15.82564092618088,-13.129872853810861,-8336.22365611615
1.907225,731.9494562784669,-387.40340694345605,15.818033961796955,-17.297984681872183,-8336.22365611615
1.907725,732.9351429604012,-387.39659623455856,15.808342941499005,-21.4660965099298,-8336.22365611615
1.908225,733.6696318093962,-387.3906637537458,15.796567865287027,-25.63420833798556,-8336.22365611615
1.908725,734.3167976522973,-387.3843131629586,15.782708733161012,-29.80232016604688,-8336.22365611615
1.909225,735.7303202746259,-387.37791958113996,15.766765545120977,-33.9704319941045,-8336.22365611615
1.909725,737.0137346944855,-387.37131906611893,15.748738301166918,-38.13854382216027,-8336.22365611615
1.910225,737.9410432394545,-387.36463702307196,15.728627001298804,-42.30665565022158,-8336.22365611615
1.910725,738.6022478310531,-387.3578818000666,15.706431645516687,-46.474767478279205,-8336.22365611615
1.9112249999999995,739.4939481728015,-387.35108086301284,15.682152233820554,-50.64287930633311,330.5234078138793
1.911725,740.9145595007145,-387.3439614576008,15.656872109593344,-50.477617602426044,330.5234078138793
1.912225,742.119703539222,-387.3366505403177,15.6316746162181,-50.312355898519044,330.5234078138793
1.912725,743.0099924416112,-387.32962177236226,15.606559753694821,-50.14709419461212,330.5234078138793
1.9132249999999995,744.1370641210257,-387.3215811253798,15.581527522023514,-49.98183249070535,330.5234078138793
1.913725,745.3965924601731,-387.31398634275405,15.556577921204118,-49.81657078679829,330.5234078138793
1.914225,747.0118007357025,-387.3061003093042,15.53171095123669,-49.651309082891295,330.5234078138793
1.914725,748.5774108854142,-387.298225489959,15.506926612121221,-49.48604737898436,330.5234078138793
1.915225,749.3896459496425,-387.2901495809744,15.482224903857714,-49.32078567507744,330.5234078138793
1.915725,750.1602536827083,-387.28224109606305,15.457605826446153,-49.155523971170524,330.5234078138793
1.916225,751.0901398838321,-387.27397165986656,15.43306937988654,-48.990262267263525,330.5234078138793
1.916725,752.0256130014752,-387.2661975152782,15.408615564178882,-48.825000563356596,330.5234078138793
1.917225,753.518029514441,-387.25789436371315,15.384244379323183,-48.65973885944968,330.5234078138793
1.917725,754.2928991388417,-387.25008241141813,15.359955825319439,-48.49447715554276,330.5234078138793
1.918225,754.6775363520724,-387.2419007109226,15.335749902167638,-48.32921545163577,330.5234078138793
1.918725,755.2834709624432,-387.2335357099396,15.311626609867796,-48.16395374772885,330.5234078138793
1.9192249999999995,755.8954643239547,-387.2254977622504,15.287585948419935,-47.99869204382207,330.5234078138793
1.919725,756.5072836736599,-387.2171775714442,15.263627917823984,-47.833430339915004,330.5234078138793
1.920225,756.7125175251873,-387.20855010069187,15.239752518079992,-47.66816863600801,330.5234078138793
1.920725,756.6680700527844,-387.199695627164,15.215959749187965,-47.502906932101084,330.5234078138793
1.921225,756.9156645174547,-387.1909509412298,15.192249611147895,-47.33764522819416,330.5234078138793
1.921725,757.3386041226769,-387.18220972886405,15.168622103959779,-47.17238352428725,330.5234078138793
1.922225,758.3843351536159,-387.17327238250624,15.145077227623604,-47.00712182038025,330.5234078138793
1.922725,758.8925729277635,-387.16464160344407,15.121614982139391,-46.84186011647333,330.5234078138793
1.923225,759.1933843966387,-387.15579240966713,15.098235367507137,-46.676598412566406,330.5234078138793
1.923725,759.3241193883687,-387.1467141751982,15.074938383726833,-46.51133670865948,330.5234078138793
1.924225,760.0077773396122,-387.1374088314212,15.05172403079849,-46.34607500475265,330.5234078138793
1.924725,761.5629525175125,-387.12813374419017,15.028592308722075,-46.18081330084558,330.5234078138793
1.925225,762.506111488386,-387.11880178448234,15.005543217497634,-46.01555159693864,330.5234078138793
1.925725,763.3268828811548,-387.1099144406835,14.982576757125154,-45.8502898930318,330.5234078138793
1.926225,763.6779745644749,-387.1014667917081,14.959692927604594,-45.68502818912473,330.5234078138793
1.926725,764.6988352901748,-387.09291226799513,14.936891728936008,-45.51976648521781,330.5234078138793
1.9272249999999995,765.9161749680425,-387.08444955558593,14.914173161119404,-45.354504781311036,330.5234078138793
1.927725,766.5756466305266,-387.07561532192807,14.891537224154717,-45.189243077404036,330.5234078138793
1.928225,767.1066983751497,-387.0666187972344,14.868983918041971,-45.023981373496966,330.5234078138793
1.928725,767.1725964120092,-387.05788052114303,14.846513242781201,-44.85871966959005,330.5234078138793
1.9292249999999995,768.2820216032567,-387.0492688098823,14.824125198372409,-44.69345796568327,330.5234078138793
1.929725,769.6979162715278,-387.040667689922,14.801819784815526,-44.5281962617762,330.5234078138793
1.930225,770.3415158322615,-387.03232222516385,14.779597002110606,-44.362934557869224,330.5234078138793
1.930725,770.9601814794898,-387.0247338546636,14.757456850257654,-44.197672853962295,330.5234078138793
1.931225,771.597883069702,-387.01678412469863,14.735399329256648,-44.03241115005537,330.5234078138793
1.931725,772.8629652861807,-387.008940032405,14.713424439107603,-43.867149446148446,330.5234078138793
1.932225,774.2548545657226,-387.0004290045239,14.691532179810496,-43.70188774224145,330.5234078138793
1.932725,774.8721343421822,-386.9921976686518,14.669722551365354,-43.53662603833453,330.5234078138793
1.9332249999999995,775.4519359790687,-386.9838358181344,14.647995553772184,-43.37136433442777,330.5234078138793
1.933725,776.2329602863474,-386.9759363883015,14.626351187030933,-43.20610263052069,330.5234078138793
1.934225,777.4639083953148,-386.9683720574303,14.60478945114164,-43.04084092661369,330.5234078138793
1.934725,779.0085394843967,-386.96080586085685,14.58331034610431,-42.87557922270677,330.5234078138793
1.935225,779.2860263373427,-386.9534707629016,14.561913871918936,-42.710317518799854,330.5234078138793
1.935725,779.5590610416155,-386.9461623463926,14.540600028585516,-42.545055814892926,330.5234078138793
1.936225,780.210959310217,-386.93865969108344,14.519368816104041,-42.379794110985934,330.5234078138793
1.936725,781.172989265591,-386.9313680409592,14.498220234474529,-42.21453240707901,330.5234078138793
1.9372249999999995,782.7540165718267,-386.9238622055896,14.477154283696983,-42.04927070317225,330.5234078138793
1.937725,783.3167244587919,-386.9173995526275,14.45617096377136,-41.88400899926518,330.5234078138793
1.938225,783.744313915686,-386.91101630691054,14.435270274697695,-41.71874729535818,330.5234078138793
1.938725,784.5480046673467,-386.9046897691653,14.414452216476015,-41.5534855914514,330.5234078138793
1.939225,785.7167771673763,-386.89822475825014,14.393716789106248,-41.388223887544335,330.5234078138793
1.939725,787.2839591164886,-386.8912768674732,14.373063992588458,-41.222962183637414,330.5234078138793
1.940225,787.8983919734826,-386.88500146020044,14.352493826922627,-41.05770047973056,330.5234078138793
1.940725,788.6230009472071,-386.8779174176809,14.332006292108723,-40.89243877582349,330.5234078138793
1.941225,789.743208387942,-386.8710685171132,14.31160138814679,-40.72717707191658,330.5234078138793
1.941725,790.797224096759,-386.8643680076348,14.29127911503682,-40.56191536800973,330.5234078138793
1.942225,792.6731262491261,-386.8581341464942,14.271039472778774,-40.39665366410265,330.5234078138793
1.942725,793.4949653336407,-386.85164262295194,14.250882461372703,-40.23139196019574,330.5234078138793
1.9432249999999995,793.6302904978357,-386.8456380852874,14.230808080818601,-40.06613025628897,330.5234078138793
1.943725,794.6696374281455,-386.8400030147369,14.210816331116417,-39.900868552381894,330.5234078138793
1.944225,795.8215431530623,-386.8333996824831,14.190907212266197,-39.735606848474895,330.5234078138793
1.944725,798.1686118784778,-386.8274030146973,14.171080724267934,-39.57034514456797,330.5234078138793
1.9452249999999995,799.764170281507,-386.8208726761623,14.151336867121652,-39.40508344066121,330.5234078138793
1.945725,800.4582692728197,-386.81518011956024,14.13167564082728,-39.23982173675414,330.5234078138793
1.946225,801.9932777971413,-386.80965454249656,14.112097045384873,-39.07456003284714,330.5234078138793
1.946725,804.0893890197552,-386.804389344799,14.092601080794429,-38.90929832894022,330.5234078138793
1.9472249999999995,806.5525487472241,-386.7982529623973,14.073187747055956,-38.744036625033445,330.5234078138793
1.947725,807.8541194526283,-386.7927217045809,14.053857044169401,-38.578774921126374,330.5234078138793
1.948225,808.9316755357185,-386.7872121284963,14.034608972134809,-38.41351321721939,330.5234078138793
1.948725,810.8506425148876,-386.7812040448689,14.015443530952176,-38.248251513312454,330.5234078138793
1.949225,812.5248218914064,-386.77633345026203,13.9963607206215,-38.08298980940553,330.5234078138793
1.949725,814.2461586697084,-386.7709718460783,13.977360541142776,-37.91772810549862,330.5234078138793
1.950225,815.2422275208274,-386.76603251408153,13.958442992515996,-37.75246640159162,330.5234078138793
1.950725,815.5608706184782,-386.7614804028548,13.939608074741184,-37.58720469768469,330.5234078138793
1.9512249999999995,816.6854609324058,-386.7575496900087,13.920855787818331,-37.42194299377793,330.5234078138793
1.951725,817.8996922606104,-386.75305572191377,13.902186131747404,-37.25668128987086,330.5234078138793
1.952225,818.9759225114462,-386.74887630725465,13.883599106528443,-37.09141958596386,330.5234078138793
1.952725,820.0726886976958,-386.74453722255726,13.865094712161437,-36.926157882056934,330.5234078138793
1.953225,820.7465004526515,-386.7401685614645,13.84667294864639,-36.76089617815003,330.5234078138793
1.953725,821.6061381164006,-386.7359423915794,13.82833381598329,-36.59563447424309,330.5234078138793
1.954225,822.7821858754593,-386.7316760890193,13.810077314172142,-36.4303727703361,330.5234078138793
1.954725,824.3316887691575,-386.7281027089379,13.791903443212968,-36.26511106642933,330.5234078138793
1.955225,825.4309080177147,-386.7240000090015,13.773812203105717,-36.099849362522264,330.5234078138793
1.955725,826.6057674606864,-386.72040255085636,13.755803593850432,-35.934587658615335,330.5234078138793
1.956225,827.6583038650033,-386.71653752004363,13.737877615447113,-35.76932595470849,330.5234078138793
1.956725,828.9923790637242,-386.7137830290142,13.72003426789572,-35.60406425080142,330.5234078138793
1.957225,830.9990904984488,-386.71120693498915,13.7022735511963,-35.43880254689451,330.5234078138793
1.9577249999999995,832.3471888640901,-386.7085279869368,13.684595465348847,-35.27354084298772,330.5234078138793
1.958225,833.261720689009,-386.70635923908645,13.667000010353327,-35.10827913908073,330.5234078138793
1.958725,834.5606761891282,-386.70420444739636,13.64948718620975,-34.943017435173665,330.5234078138793
1.959225,835.8620157390671,-386.7024846176161,13.632056992918141,-34.77775573126674,330.5234078138793
1.9597249999999995,837.6007068115292,-386.7005037525408,13.6147094304785,-34.612494027359965,330.5234078138793
1.960225,839.2270519827191,-386.69887884555106,13.597444498890773,-34.44723232345282,330.5234078138793
1.960725,839.6043979467437,-386.69772842881224,13.580262198155028,-34.28197061954591,330.5234078138793
1.961225,840.7455584778643,-386.6970874015846,13.563162528271231,-34.116708915638974,330.5234078138793
1.961725,841.9990059848881,-386.69613804491473,13.54614548923939,-33.95144721173205,330.5234078138793
1.962225,843.4960956757037,-386.6952002628579,13.529211081059499,-33.78618550782507,330.5234078138793
1.962725,844.9683658984804,-386.6943112705933,13.512359303731563,-33.620923803918146,330.5234078138793
1.963225,845.6405704237608,-386.69357077625034,13.495590157255581,-33.455662100011224,330.5234078138793
1.963725,846.4685572757629,-386.69307994427913,13.478903641631554,-33.2904003961043,330.5234078138793
1.964225,847.584353237848,-386.69280229475993,13.462299756859474,-33.12513869219731,330.5234078138793
1.964725,848.9558449158376,-386.6926284916277,13.445778502939353,-32.95987698829038,330.5234078138793
1.965225,849.9072583678865,-386.6921813168151,13.429339879871186,-32.79461528438346,330.5234078138793
1.965725,850.3790669310501,-386.6923875455415,13.412983887654972,-32.62935358047654,330.5234078138793
1.966225,850.9254651593938,-386.69253067978275,13.396710526290713,-32.46409187656962,330.5234078138793
1.966725,851.6104821444266,-386.69244557614695,13.3805197957784,-32.298830172662626,330.5234078138793
1.967225,852.4263436255903,-386.69213842916366,13.364411696118047,-32.1335684687557,330.5234078138793
1.967725,853.252318628284,-386.69204922394636,13.34838622730965,-31.968306764848784,330.5234078138793
1.968225,853.6854246162793,-386.6920108171045,13.332443389353202,-31.80304506094186,330.5234078138793
1.968725,854.2323945757056,-386.6919649010504,13.316583182248701,-31.637783357034866,330.5234078138793
1.969225,855.2847002961247,-386.69202072348577,13.300805605996176,-31.472521653128098,330.5234078138793
1.969725,856.1387190170688,-386.69199200637695,13.28511066059558,-31.30725994922102,330.5234078138793
1.970225,857.4612631773914,-386.69180302965805,13.269498346046946,-31.141998245314102,330.5234078138793
1.970725,857.7760667124742,-386.69139703319615,13.253968662350275,-30.976736541407256,330.5234078138793
1.971225,858.1383829341614,-386.6905430180225,13.238521609505533,-30.811474837500192,330.5234078138793
1.971725,859.2373245011717,-386.6888466550276,13.223157187512763,-30.64621313359326,330.5234078138793
1.972225,859.8480917261913,-386.6871231793663,13.207875396371952,-30.480951429686414,330.5234078138793
1.972725,860.651096981915,-386.68537976486266,13.192676236083075,-30.315689725779343,330.5234078138793
1.973225,860.6318938700067,-386.68372140778797,13.177559706646162,-30.150428021872433,330.5234078138793
1.9737249999999995,860.9813872380698,-386.6819358902382,13.162525808061218,-29.98516631796565,330.5234078138793
1.974225,862.0041183325466,-386.67979039291873,13.1475745403282,-29.819904614058583,330.5234078138793
1.974725,862.4231448057529,-386.6774043703801,13.132705903447143,-29.654642910151583,330.5234078138793
1.975225,862.9045099669751,-386.67486995931955,13.117919897418048,-29.489381206244666,330.5234078138793
1.9757249999999995,863.5323094548323,-386.67267448426196,13.103216522240917,-29.324119502337894,330.5234078138793
1.976225,864.1384160242809,-386.67022974269184,13.088595777915712,-29.15885779843083,330.5234078138793
1.976725,865.1130458157634,-386.6675279418285,13.074057664442465,-28.99359609452383,330.5234078138793
1.977225,865.7690815478151,-386.66486157733027,13.059602181821182,-28.82833439061691,330.5234078138793
1.977725,866.6177016047226,-386.6618307934419,13.045229330051857,-28.66307268670998,330.5234078138793
1.978225,867.7917839690921,-386.6584560587198,13.030939109134476,-28.497810982803063,330.5234078138793
1.978725,868.354754877733,-386.65466260557594,13.016731519069046,-28.332549278896078,330.5234078138793
1.979225,868.8735087539523,-386.6506112255229,13.002606559855579,-28.16728757498915,330.5234078138793
1.979725,869.9436564595214,-386.64605271236957,12.988564231494061,-28.002025871082225,330.5234078138793
1.980225,870.9333470583693,-386.6417716635474,12.9746045339845,-27.836764167175307,330.5234078138793
1.980725,871.1496051686579,-386.6374752336613,12.960727467326885,-27.671502463268308,330.5234078138793
1.981225,870.9790684207583,-386.6332519585602,12.946933031521231,-27.50624075936139,330.5234078138793
1.9817249999999995,871.3248137472714,-386.62913130878326,12.93322122656754,-27.34097905545461,330.5234078138793
1.982225,872.027030862999,-386.6245617458381,12.919592052465777,-27.175717351547547,330.5234078138793
1.982725,872.4730645994717,-386.62001747528365,12.906045509215977,-27.01045564764055,330.5234078138793
1.983225,872.484476528069,-386.6156104092497,12.892581596818134,-26.845193943733626,330.5234078138793
1.983725,872.9765237776967,-386.6116415395509,12.879200315272245,-26.67993223982671,330.5234078138793
1.984225,873.9960527138016,-386.60626522934484,12.86590166457831,-26.514670535919787,330.5234078138793
1.984725,874.4923527242051,-386.6018338488198,12.852685644736322,-26.34940883201279,330.5234078138793
1.985225,875.004813158175,-386.59677801453273,12.839552255746295,-26.184147128105867,330.5234078138793
1.985725,875.826764218142,-386.5915370557617,12.826501497608218,-26.01888542419895,330.5234078138793
1.986225,876.4426196582278,-386.5862073534325,12.813533370322098,-25.853623720292035,330.5234078138793
1.986725,877.1367326033615,-386.58044804992863,12.800647873887936,-25.688362016385177,330.5234078138793
1.987225,877.7098803616824,-386.57399116622116,12.787845008305709,-25.523100312478114,330.5234078138793
1.987725,878.1615045109295,-386.5673592985584,12.775124773575447,-25.357838608571193,330.5234078138793
1.988225,879.4180275408089,-386.5612699841941,12.762487169697145,-25.192576904664342,330.5234078138793
1.988725,879.9967608080144,-386.5551266211497,12.74993219667078,-25.027315200757272,330.5234078138793
1.989225,880.4339658436551,-386.5493172523869,12.737459854496386,-24.862053496850347,330.5234078138793
1.9897249999999995,881.7256976290913,-386.54373322343366,12.725070143173943,-24.696791792943582,330.5234078138793
1.990225,882.9181750695465,-386.5379148185126,12.712763062703445,-24.531530089036583,330.5234078138793
1.990725,884.2853331015707,-386.5319176502827,12.700538613084893,-24.366268385129512,330.5234078138793
1.991225,885.6787990155857,-386.52579009803054,12.688396794318306,-24.201006681222587,330.5234078138793
1.9917249999999995,886.9519192982546,-386.5199101519214,12.676337606403687,-24.035744977315826,330.5234078138793
1.992225,888.326158381224,-386.51376245382,12.664361049340998,-23.87048327340876,330.5234078138793
1.992725,889.9879299570814,-386.5074474362102,12.652467123130263,-23.705221569501756,330.5234078138793
1.993225,891.1740636091357,-386.5010229953506,12.64065582777149,-23.53995986559483,330.5234078138793
1.993725,892.389095921532,-386.4943552512972,12.628927163264668,-23.374698161687913,330.5234078138793
1.994225,893.8489863595141,-386.4878411168799,12.617281129609808,-23.209436457781,330.5234078138793
1.994725,894.7042222423231,-386.4808566950411,12.605717726806885,-23.044174753874,330.5234078138793
1.995225,895.8339756465184,-386.4728945903422,12.59423695485593,-22.878913049967075,330.5234078138793
1.9957249999999995,897.0439823021786,-386.46548737260935,12.582838813756934,-22.7136513460603,330.5234078138793
1.996225,897.8220201368006,-386.45803953252454,12.57152330350987,-22.548389642153236,330.5234078138793
1.996725,899.0161878153383,-386.4506211163018,12.560290424114768,-22.38312793824624,330.5234078138793
1.997225,900.1225932638599,-386.4429441544508,12.549140175571623,-22.217866234339315,330.5234078138793
1.997725,901.1382816407196,-386.4355335328477,12.538072557880428,-22.052604530432394,330.5234078138793
1.998225,901.5566756646612,-386.42818048386965,12.527087571041195,-21.887342826525476,330.5234078138793
1.998725,902.2273831997528,-386.42015275814373,12.516185215053904,-21.72208112261848,330.5234078138793
1.999225,903.6810682705758,-386.4122331733899,12.50536548991857,-21.55681941871156,330.5234078138793
1.9997249999999995,904.877162823356,-386.4036337056032,12.494628395635205,-21.39155771480478,330.5234078138793
2.0002249999999995,906.1882538508196,-386.39510637024085,12.483973932203778,-21.226296010897862,330.5234078138793
2.000725,906.917183291493,-386.3861785357131,12.473402099624293,-21.061034306990717,330.5234078138793
2.001225,908.0686797708324,-386.3776003295917,12.462912897896782,-20.895772603083874,330.5234078138793
2.0017249999999995,909.9090506001768,-386.36832250070063,12.45250632702122,-20.73051089917702,330.5234078138793
2.002225,910.8338662765916,-386.3582738913526,12.442182386997597,-20.565249195269885,330.5234078138793
2.0027249999999994,912.031972223842,-386.3483950486548,12.431941077825954,-20.39998749136318,330.5234078138793
2.003225,913.3535390292828,-386.33771951832824,12.421782399506235,-20.234725787456036,330.5234078138793
2.003725,914.7576257991726,-386.3269608118747,12.41170635203848,-20.06946408354904,330.5234078138793
2.0042249999999995,916.2487106616192,-386.3159726182527,12.4017129354227,-19.904202379642342,330.5234078138793
2.004725,917.4648080731264,-386.305153458733,12.39180214965884,-19.7389406757352,330.5234078138793
2.005225,918.746840847233,-386.2944477481243,12.381973994746955,-19.57367897182835,330.5234078138793
2.0057249999999995,920.1154377153418,-386.2835879219482,12.372228470687025,-19.408417267921504,330.5234078138793
2.006225,921.5054506095004,-386.2720459662083,12.362565577479028,-19.243155564014362,330.5234078138793
2.006725,922.6672532020816,-386.2603501316968,12.352985315123005,-19.077893860107515,330.5234078138793
2.007225,923.8748784845948,-386.24855133493185,12.343487683618923,-18.912632156200523,330.5234078138793
2.007725,925.1902948919388,-386.2364309989273,12.334072682966797,-18.747370452293527,330.5234078138793
2.008225,926.743256831794,-386.22514648191026,12.324740313166627,-18.582108748386673,330.5234078138793
2.008725,927.9705134293844,-386.2135065343731,12.315490574218412,-18.416847044479677,330.5234078138793
2.009225,929.192194674904,-386.2018406016955,12.306323466122153,-18.25158534057283,330.5234078138793
2.0097249999999995,930.2788284876694,-386.1901203096398,12.297238988877849,-18.086323636665984,330.5234078138793
2.010225,931.3654388218348,-386.17824901332943,12.288237142485482,-17.921061932758846,330.5234078138793
2.010725,932.4751122538324,-386.1660591017423,12.279317926945083,-17.755800228851992,330.5234078138793
2.011225,933.7446395594652,-386.15390776339734,12.270481342256632,-17.590538524945,330.5234078138793
2.011725,934.5786139396804,-386.14182832728574,12.261727388420132,-17.425276821038004,330.5234078138793
2.012225,935.3731531466696,-386.129609410683,12.253056065435596,-17.260015117131157,330.5234078138793
2.012725,936.2015576575784,-386.1177686160506,12.244467373303005,-17.094753413224165,330.5234078138793
2.013225,937.188175024898,-386.10598024753597,12.235961312022372,-16.92949170931731,330.5234078138793
2.0137249999999995,938.6334560676044,-386.0944298631954,12.227537881593696,-16.764230005410468,330.5234078138793
2.014225,939.2190861691396,-386.0826731480831,12.219197082016958,-16.598968301503323,330.5234078138793
2.0147249999999994,939.7990732230246,-386.07112198197154,12.210938913292196,-16.433706597596625,330.5234078138793
2.015225,941.0580455417364,-386.0598710873124,12.202763375419362,-16.26844489368948,330.5234078138793
2.015725,942.0900536643982,-386.0488229195248,12.194670468398492,-16.103183189782488,330.5234078138793
2.0162249999999995,942.9720466525424,-386.0380877347011,12.186660192229589,-15.93792148587579,330.5234078138793
2.016725,943.7328910724916,-386.027425439386,12.17873254691262,-15.772659781968647,330.5234078138793
2.0172249999999994,944.3737812641876,-386.0164424522097,12.17088753244762,-15.60739807806194,330.5234078138793
2.0177249999999995,945.2828856200728,-386.00508285015934,12.163125148834563,-15.442136374154945,330.5234078138793
2.018225,946.2704692491916,-385.99377518271626,12.155445396073453,-15.276874670247805,330.5234078138793
2.0187249999999994,946.8193481743708,-385.98235066588734,12.147848274164316,-15.111612966341104,330.5234078138793
2.019225,947.4906480865368,-385.9718563448388,12.140333783107115,-14.946351262433964,330.5234078138793
2.019725,948.4898765507944,-385.96103810867805,12.132901922901874,-14.78108955852697,330.5234078138793
2.0202249999999995,949.35631555731,-385.95121172358273,12.125552693548595,-14.615827854620271,330.5234078138793
2.020725,950.3613811330856,-385.941679475544,12.118286095047251,-14.450566150713124,330.5234078138793
2.021225,951.6456548374574,-385.93239732213834,12.111102127397881,-14.285304446806279,330.5234078138793
2.021725,952.4948401785608,-385.9234234234833,12.104000790600454,-14.120042742899283,330.5234078138793
2.022225,953.2635455959852,-385.9152743917519,12.096982084654973,-13.954781038992289,330.5234078138793
2.022725,954.901381493626,-385.9073668757355,12.090046009561457,-13.789519335085439,330.5234078138793
2.023225,956.1860999001776,-385.90058845738866,12.08319256531989,-13.624257631178446,330.5234078138793
2.023725,957.7726340416054,-385.8939638514611,12.076421751930274,-13.45899592727145,330.5234078138793
2.024225,959.2490602106036,-385.88738891025406,12.06973356939262,-13.293734223364606,330.5234078138793
2.024725,960.174455203392,-385.88057632269545,12.06312801770691,-13.12847251945761,330.5234078138793
2.025225,962.0400466496204,-385.8739808280624,12.056605096873163,-12.96321081555076,330.5234078138793
2.025725,963.4271961477662,-385.8670159688009,12.050164806891363,-12.797949111643762,330.5234078138793
2.026225,964.54026326364,-385.86026068160004,12.043807147761514,-12.632687407736768,330.5234078138793
2.026725,965.6274450283512,-385.8535637606412,12.037532119483627,-12.467425703829925,330.5234078138793
2.027225,966.334862707144,-385.84745136348096,12.03133972205769,-12.30216399992293,330.5234078138793
2.027725,967.1906389205916,-385.8416781759807,12.025229955483706,-12.136902296016078,330.5234078138793
2.028225,967.5981448183796,-385.8362483372497,12.019202819761674,-11.971640592109084,330.5234078138793
2.028725,968.5743958730396,-385.83149836785515,12.01325831489159,-11.806378888202088,330.5234078138793
2.0292249999999994,969.5666318955482,-385.82695265990316,12.007396440873478,-11.641117184295387,330.5234078138793
2.029725,970.1738728443584,-385.82237080653533,12.001617197707299,-11.47585548038825,330.5234078138793
2.030225,970.9744278713348,-385.8180065258882,11.99592058539308,-11.310593776481253,330.5234078138793
2.0307249999999994,971.7740613118228,-385.81323572942586,11.990306603930824,-11.145332072574554,330.5234078138793
2.031225,972.8833364313948,-385.8098770418296,11.984775253320505,-10.980070368667407,330.5234078138793
2.031725,974.1289964984888,-385.80650260049737,11.979326533562151,-10.814808664760562,330.5234078138793
2.0322249999999995,974.8891579208076,-385.80366935411547,11.973960444655752,-10.649546960853716,330.5234078138793
2.032725,975.7621203176968,-385.80045599849007,11.968676986601297,-10.484285256946572,330.5234078138793
2.0332249999999994,976.8911514662656,-385.7974924819719,11.963476159398807,-10.319023553039875,330.5234078138793
2.033725,978.0093124895338,-385.7948359741701,11.958357963048257,-10.15376184913273,330.5234078138793
2.034225,979.0289904034088,-385.7917453345861,11.953322397549668,-9.988500145225734,330.5234078138793
2.0347249999999995,980.3118491051098,-385.7891174099186,11.948369462903038,-9.823238441319033,330.5234078138793
2.035225,981.6392337458044,-385.78653620402497,11.943499159108347,-9.657976737411893,330.5234078138793
2.035725,982.9567895083115,-385.78471418797415,11.938711486165623,-9.492715033505041,330.5234078138793
2.0362249999999995,983.992185432098,-385.7823993521403,11.934006444074848,-9.327453329598198,330.5234078138793
2.036725,985.1283864550766,-385.7803632613525,11.929384032836024,-9.162191625691053,330.5234078138793
2.037225,986.809874494912,-385.7777339706729,11.924844252449155,-8.996929921784208,330.5234078138793
2.037725,988.4330354858864,-385.77545395269107,11.920387102914237,-8.831668217877212,330.5234078138793
2.038225,989.7548862963112,-385.77373693835204,11.916012584231273,-8.666406513970216,330.5234078138793
2.038725,990.9980390760304,-385.772038100671,11.911720696400268,-8.501144810063368,330.5234078138793
2.039225,992.6101570357314,-385.77092513414385,11.907511439421212,-8.335883106156372,330.5234078138793
2.039725,994.3672859282506,-385.769786074035,11.903384813294112,-8.170621402249525,330.5234078138793
2.040225,995.4645031400636,-385.76854952171266,11.899340818018963,-8.00535969834253,330.5234078138793
2.040725,996.689258700929,-385.7675451944052,11.895379453595769,-7.840097994435538,330.5234078138793
2.041225,997.8813574430902,-385.76542765547674,11.89150072002453,-7.674836290528686,330.5234078138793
2.041725,999.6215815298876,-385.76300136063105,11.88770461730524,-7.5095745866216905,330.5234078138793
2.042225,1001.0616258547074,-385.7607519192619,11.883991145437905,-7.3443128827146955,330.5234078138793
2.042725,1002.0169780900994,-385.75857904468523,11.880360304422526,-7.179051178807851,330.5234078138793
2.043225,1002.9755462855434,-385.75670406762055,11.876812094259098,-7.0137894749008565,330.5234078138793
2.043725,1004.084774559063,-385.7555431763362,11.873346514947624,-6.848527770994009,330.5234078138793
2.0442249999999995,1005.1905898330318,-385.75416415290687,11.869963566488108,-6.683266067087161,330.5234078138793
2.044725,1006.2267675522112,-385.7525640692109,11.866663248880535,-6.518004363180017,330.5234078138793
2.0452249999999994,1007.1369836493998,-385.75092467765927,11.863445562124928,-6.352742659273316,330.5234078138793
2.045725,1008.199728200514,-385.7491337316499,11.860310506221266,-6.1874809553661745,330.5234078138793
2.046225,1009.3143506969112,-385.74697755841737,11.857258081169558,-6.022219251459179,330.5234078138793
2.0467249999999995,1010.6724819264642,-385.74456894438174,11.854288286969808,-5.856957547552481,330.5234078138793
2.047225,1011.8180917340484,-385.7424925678961,11.851401123622008,-5.691695843645336,330.5234078138793
2.047725,1012.9716007579484,-385.7401984846048,11.848596591126162,-5.52643413973849,330.5234078138793
2.0482249999999995,1014.1527147683172,-385.7375666883392,11.84587468948227,-5.361172435831642,330.5234078138793
2.048725,1015.3583981013826,-385.73446363225963,11.843235418690327,-5.195910731924499,330.5234078138793
2.0492249999999994,1016.7754952379725,-385.7313622680278,11.840678778750345,-5.030649028017796,330.5234078138793
2.049725,1017.4322942836365,-385.7284058084805,11.838204769662308,-4.865387324110657,330.5234078138793
2.050225,1018.2316706003768,-385.7250780022787,11.835813391426232,-4.700125620203662,330.5234078138793
2.0507249999999995,1019.5041493616536,-385.72180786963185,11.83350464404211,-4.534863916296961,330.5234078138793
2.051225,1020.6129308549812,-385.7185406150289,11.831278527509935,-4.369602212389819,330.5234078138793
2.051725,1021.5036330815344,-385.71554276872774,11.829135041829717,-4.20434050848297,330.5234078138793
2.0522249999999995,1021.9948149974238,-385.71181316399014,11.827074187001454,-4.039078804576125,330.5234078138793
2.052725,1022.8924036699534,-385.7080434115212,11.82509596302514,-3.873817100668979,330.5234078138793
2.053225,1024.09065272907,-385.70430769074034,11.823200369900784,-3.708555396762135,330.5234078138793
2.053725,1025.2064179399656,-385.7011270803163,11.821387407628379,-3.5432936928551397,330.5234078138793
2.054225,1026.2746812448372,-385.69793706701756,11.819657076207926,-3.3780319889481443,330.5234078138793
2.054725,1027.3043470062391,-385.69476103876804,11.81800937563943,-3.2127702850412954,330.5234078138793
2.055225,1028.8609004540765,-385.6916546039712,11.816444305922886,-3.0475085811343,330.5234078138793
2.055725,1030.1621123448951,-385.6880662198558,11.814961867058297,-2.8822468772274528,330.5234078138793
2.056225,1031.0523573421424,-385.684452152263,11.81356205904566,-2.7169851733204573,330.5234078138793
2.056725,1031.9414453076402,-385.6803960253697,11.812244881884977,-2.551723469413462,330.5234078138793
2.057225,1032.8652670650306,-385.67642165929595,11.811010335576247,-2.3864617655066147,330.5234078138793
2.057725,1033.83711489319,-385.67280076280696,11.809858420119467,-2.2212000615996192,330.5234078138793
2.058225,1034.9225115913164,-385.6688136983019,11.808789135514646,-2.055938357692774,330.5234078138793
2.058725,1035.383349825796,-385.66467429352014,11.807802481761778,-1.8906766537857764,330.5234078138793
2.059225,1036.07056845262,-385.66000608639183,11.80689845886086,-1.7254149498787827,330.5234078138793
2.059725,1037.0680803391188,-385.6554618610556,11.806077066811897,-1.5601532459719336,330.5234078138793
2.060225,1037.5416625995117,-385.6509859114403,11.805338305614889,-1.3948915420649401,330.5234078138793
2.060725,1038.213440913538,-385.6463268191615,11.80468217526983,-1.2296298381579447,330.5234078138793
2.0612249999999994,1038.7611199797211,-385.6415579380359,11.804108675776732,-1.0643681342512423,330.5234078138793
2.061725,1039.3055685469062,-385.6367753010975,11.803617807135584,-0.8991064303441003,330.5234078138793
2.062225,1040.176814934251,-385.6320611127244,11.803209569346386,-0.7338447264372514,330.5234078138793
2.0627249999999995,1040.7047334642623,-385.6280290996216,11.802883962409142,-0.5685830225304024,330.5234078138793
2.063225,1041.2819818638366,-385.62373374145125,11.802640986323857,-0.403321318623264,330.5234078138793
2.063725,1041.963147793693,-385.61937435382924,11.802480641090519,-0.23805961471641493,330.5234078138793
2.0642249999999995,1042.8358304297078,-385.6145572007132,11.80240292670914,-0.07279791080956773,330.5234078138793
2.064725,1043.649683079249,-385.6094659164025,11.802407843179711,0.09246379309757234,330.5234078138793
2.0652249999999994,1043.904353118392,-385.6042164261496,11.802495390502239,0.2577254970042784,330.5234078138793
2.065725,1044.3153547205006,-385.59886895885984,11.802665568676716,0.4229872009114168,330.5234078138793
2.066225,1044.7399184312796,-385.5940262589258,11.802918377703145,0.5882489048184105,330.5234078138793
2.0667249999999995,1045.3621286177138,-385.58895338197374,11.803253817581533,0.753510608725113,330.5234078138793
2.067225,1045.8044178080831,-385.5841898006305,11.803671888311873,0.9187723126322567,330.5234078138793
2.067725,1045.7322124841746,-385.5791392785256,11.804172589894167,1.0840340165391038,330.5234078138793
2.0682249999999995,1046.092734206483,-385.5743802081474,11.80475592232841,1.2492957204459532,330.5234078138793
2.068725,1046.6223008755233,-385.56953401759114,11.805421885614615,1.414557424353093,330.5234078138793
2.069225,1046.946424535333,-385.564473571937,11.806170479752765,1.5798191282599434,330.5234078138793
2.069725,1047.2362387781957,-385.5592099136,11.807001704742873,1.7450808321669358,330.5234078138793
2.070225,1047.6180228418066,-385.55415271526016,11.807915560584933,1.910342536073931,330.5234078138793
2.070725,1048.3357319995805,-385.5492878507721,11.808912047278948,2.075604239980778,330.5234078138793
2.071225,1048.7863547879274,-385.544289501825,11.809991164824915,2.240865943887774,330.5234078138793
2.071725,1048.8119672405144,-385.53904983803807,11.811152913222836,2.4061276477946225,330.5234078138793
2.0722249999999995,1049.098890220033,-385.53369399905637,11.81239729247271,2.57138935170147,330.5234078138793
2.072725,1049.6495728948312,-385.5284053402878,11.813724302574535,2.7366510556086117,330.5234078138793
2.073225,1049.9930599101367,-385.523584470459,11.815133943528318,2.901912759515459,330.5234078138793
2.073725,1049.7283553315976,-385.5180296641325,11.816626215334052,3.0671744634224547,330.5234078138793
2.074225,1049.5050725018623,-385.51262987726807,11.81820111799174,3.2324361673294484,330.5234078138793
2.074725,1049.7726557975311,-385.5066010298752,11.819858651501384,3.3976978712362977,330.5234078138793
2.075225,1049.958028077868,-385.5008229421287,11.821598815862975,3.562959575143292,330.5234078138793
2.075725,1049.8100094718934,-385.4945171061529,11.823421611076522,3.7282212790501394,330.5234078138793
2.0762249999999995,1049.821157146668,-385.48851299359586,11.825327037142022,3.893482982956989,330.5234078138793
2.076725,1049.9955454628298,-385.48209726176225,11.82731509405948,4.058744686864129,330.5234078138793
2.0772249999999994,1050.3506188689316,-385.4758610784237,11.829385781828886,4.22400639077083,330.5234078138793
2.077725,1050.2766204554407,-385.47013556710846,11.831539100450254,4.389268094677973,330.5234078138793
2.078225,1049.83107481786,-385.46426311673747,11.83377504992357,4.554529798584968,330.5234078138793
2.0787249999999995,1049.74088216706,-385.45874164659233,11.836093630248834,4.719791502491668,330.5234078138793
2.079225,1049.9322243184258,-385.4525057532987,11.838494841426062,4.885053206398812,330.5234078138793
2.0797249999999994,1050.0529697961415,-385.4464440318253,11.840978683455232,5.05031491030551,330.5234078138793
2.0802249999999995,1049.871371194872,-385.43929537615503,11.843545156336361,5.215576614212506,330.5234078138793
2.080725,1049.8323981286128,-385.43220909275215,11.846194260069451,5.380838318119648,330.5234078138793
2.0812249999999994,1049.9652449509035,-385.4250911320555,11.848925994654483,5.5461000220263506,330.5234078138793
2.081725,1050.0762408435369,-385.4185064330544,11.851740360091473,5.71136172593349,330.5234078138793
2.082225,1050.1145329752485,-385.41157809984526,11.854637356380417,5.8766234298404845,330.5234078138793
2.0827249999999995,1050.054739606014,-385.4050672997618,11.857616983521313,6.041885133747186,330.5234078138793
2.083225,1049.991044443995,-385.3983360624996,11.860679241514172,6.207146837654331,330.5234078138793
2.083725,1050.0890624265314,-385.3911458770267,11.863824130358967,6.3724085415611755,330.5234078138793
2.084225,1050.110817633569,-385.3842377924021,11.867051650055728,6.537670245468173,330.5234078138793
2.084725,1050.1140075214116,-385.37679823512343,11.870361800604437,6.7029319493751665,330.5234078138793
2.085225,1050.199570212933,-385.3698662341172,11.8737545820051,6.868193653282012,330.5234078138793
2.085725,1050.2844453276016,-385.36174567206933,11.877229994257721,7.033455357189009,330.5234078138793
2.086225,1050.3681456898005,-385.35404952092387,11.880788037362294,7.198717061096003,330.5234078138793
2.086725,1050.227072015819,-385.3461232570582,11.884428711318815,7.363978765002852,330.5234078138793
2.087225,1050.1288921218147,-385.33817902540966,11.888152016127297,7.529240468909846,330.5234078138793
2.087725,1050.1695666675184,-385.33006545834314,11.891957951787722,7.694502172816695,330.5234078138793
2.088225,1050.1589738037176,-385.3212193908404,11.895846518300111,7.859763876723692,330.5234078138793
2.088725,1050.151891839697,-385.3127674986337,11.89981771566445,8.025025580630686,330.5234078138793
2.089225,1050.143707459678,-385.30359070140656,11.903871543880742,8.190287284537531,330.5234078138793
2.089725,1050.056148893853,-385.29480766468447,11.90800800294899,8.355548988444529,330.5234078138793
2.090225,1050.0687571498445,-385.2857897354949,11.912227092869184,8.520810692351374,330.5234078138793
2.090725,1050.0426494787955,-385.2771214101766,11.91652881364134,8.686072396258371,330.5234078138793
2.091225,1049.997588655731,-385.26832934137724,11.920913165265443,8.851334100165365,330.5234078138793
2.0917249999999994,1050.0010375706518,-385.2596585596685,11.925380147741496,9.016595804072068,330.5234078138793
2.092225,1050.004612323341,-385.25115772658575,11.929929761069516,9.181857507979208,330.5234078138793
2.092725,1050.0083129137995,-385.24214925094833,11.934562005249484,9.347119211886199,330.5234078138793
2.0932249999999994,1050.0121393420266,-385.2331719032555,11.9392768802814,9.512380915792903,330.5234078138793
2.093725,1050.0160916080226,-385.22389894827694,11.944074386165278,9.677642619700046,330.5234078138793
2.094225,1050.0201697117875,-385.2148112852174,11.9489545229011,9.842904323606895,330.5234078138793
2.0947249999999995,1050.024373653321,-385.20553826450674,11.953917290488878,10.008166027513742,330.5234078138793
2.095225,1050.0054331514743,-385.1965706383916,11.958962688928619,10.173427731420883,330.5234078138793
2.0957249999999994,1049.9973932480025,-385.18686832063077,11.964090718220298,10.338689435327582,330.5234078138793
2.096225,1049.997554423676,-385.17715016615193,11.969301378363943,10.503951139234728,330.5234078138793
2.096725,1049.9977247311158,-385.16680407690296,11.97459466935954,10.66921284314172,330.5234078138793
2.0972249999999995,1049.9979041703216,-385.1566063681802,11.979970591207085,10.834474547048424,330.5234078138793
2.097725,1049.9980927412937,-385.14683188027095,11.985429143906588,10.999736250955564,330.5234078138793
2.098225,1049.998290444032,-385.136676164503,11.990970327458038,11.164997954862413,330.5234078138793
2.0987249999999995,1049.9984972785364,-385.1266151707087,11.996594141861443,11.33025965876926,330.5234078138793
2.099225,1049.9987132448073,-385.1157233988878,12.002300587116814,11.495521362676403,330.5234078138793
2.099725,1049.9989383428442,-385.1052810477615,12.008089663224123,11.66078306658325,330.5234078138793
2.100225,1049.9991725726477,-385.09424524821486,12.013961370183393,11.826044770490249,330.5234078138793
2.100725,1049.9994159342168,-385.0836497574669,12.01991570799462,11.991306474397241,330.5234078138793
2.101225,1049.9996684275525,-385.0727659754891,12.02595267665779,12.156568178304086,330.5234078138793
2.101725,1049.9999300526542,-385.0621283142027,12.03207227617292,12.321829882211082,330.5234078138793
2.102225,1050.000200809522,-385.05122296581885,12.03827450654,12.487091586117932,330.5234078138793
2.102725,1050.0004806981565,-385.04016861957615,12.044559367759037,12.652353290024925,330.5234078138793
2.103225,1050.000769718557,-385.02960708230256,12.050926859830028,12.81761499393192,330.5234078138793
2.103725,1050.0010678707235,-385.01841880772747,12.05737698275297,12.982876697838769,330.5234078138793
2.104225,1050.0013751546562,-385.0076099373323,12.063909736527867,13.148138401745763,330.5234078138793
2.104725,1050.0016915703552,-384.99664818442574,12.07052512115472,13.313400105652757,330.5234078138793
2.105225,1050.000782297565,-384.98594000353654,12.077223136633517,13.478661809559604,330.5234078138793
2.105725,1049.9996300056462,-384.97519148188513,12.084003782964277,13.6439235134666,330.5234078138793
2.106225,1049.9996300056462,-384.9647080990879,12.090867060146984,13.809185217373447,330.5234078138793
2.1067249999999995,1049.9996300056462,-384.95365024756677,12.097812968181644,13.974446921280295,330.5234078138793
2.107225,1049.9996300056462,-384.9428694913887,12.104841507068267,14.139708625187437,330.5234078138793
2.1077249999999994,1049.9996300056462,-384.9319855687076,12.11195267680683,14.304970329094141,330.5234078138793
2.108225,1049.9996300056462,-384.9207392614789,12.119146477397363,14.470232033001285,330.5234078138793
2.108725,1049.9996300056462,-384.90968331319357,12.126422908839844,14.635493736908279,330.5234078138793
2.1092249999999995,1049.9996300056462,-384.8979578302825,12.13378197113426,14.800755440814978,330.5234078138793
2.109725,1049.9996300056462,-384.88739100482866,12.141223664280654,14.966017144722121,330.5234078138793
2.110225,1049.9996300056462,-384.87656615149626,12.148747988278988,15.131278848628966,330.5234078138793
2.1107249999999995,1049.9996300056462,-384.866240605135,12.156354943129275,15.296540552535816,330.5234078138793
2.111225,1049.9996300056462,-384.8558793795656,12.164044528831528,15.461802256442958,330.5234078138793
2.1117249999999994,1049.9996300056462,-384.8454782491926,12.171816745385717,15.627063960349659,330.5234078138793
2.112225,1049.9996300056462,-384.8352905879527,12.179671592791877,15.792325664256802,330.5234078138793
2.112725,1049.9996300056462,-384.8249856780989,12.187609071049986,15.957587368163791,330.5234078138793
2.1132249999999995,1049.9996300056462,-384.8154865443039,12.195629180160031,16.122849072070498,330.5234078138793
2.113725,1049.9996300056462,-384.8052874756898,12.203731920122054,16.28811077597764,330.5234078138793
2.114225,1049.9996300056462,-384.7960602367847,12.211917290936015,16.453372479884486,330.5234078138793
2.1147249999999995,1049.9996300056462,-384.7861428331574,12.220185292601927,16.61863418379133,330.5234078138793
2.115225,1049.9996300056462,-384.77646217324235,12.228535925119813,16.783895887698474,330.5234078138793
2.115725,1049.9996300056462,-384.76658192034637,12.236969188489631,16.94915759160532,330.5234078138793
2.116225,1049.9996300056462,-384.7567089281654,12.245485082711415,17.11441929551232,330.5234078138793
2.116725,1049.9996300056462,-384.7473593266876,12.254083607785152,17.279680999419313,330.5234078138793
2.117225,1049.9996300056462,-384.7376309314957,12.262764763710832,17.444942703326163,330.5234078138793
2.117725,1049.9996300056462,-384.7281995275795,12.271528550488476,17.610204407233155,330.5234078138793
2.118225,1049.9996300056462,-384.7184713611002,12.280374968118064,17.775466111140005,330.5234078138793
2.118725,1049.9996300056462,-384.7087879577771,12.289304016599617,17.940727815046998,330.5234078138793
2.119225,1049.9996300056462,-384.6988104927672,12.298315695933118,18.105989518953994,330.5234078138793
2.119725,1049.9996300056462,-384.68939671367673,12.307410006118564,18.271251222860844,330.5234078138793
2.120225,1049.9996300056462,-384.6801878042096,12.316586947155978,18.436512926767843,330.5234078138793
2.120725,1049.9996300056462,-384.67111403166405,12.325846519045333,18.601774630674687,330.5234078138793
2.121225,1049.9996300056462,-384.66194481848436,12.335188721786647,18.767036334581675,330.5234078138793
2.121725,1049.9996300056462,-384.65302799132286,12.344613555379917,18.932298038488675,330.5234078138793
2.122225,1049.9996300056462,-384.64450743730714,12.354121019825136,19.097559742395525,330.5234078138793
2.122725,1049.9996300056462,-384.63562109152934,12.363711115122312,19.262821446302517,330.5234078138793
2.123225,1049.9996300056462,-384.6266590823848,12.373383841271446,19.428083150209513,330.5234078138793
2.1237249999999994,1049.9996300056462,-384.6175576254418,12.383139198272511,19.593344854116218,330.5234078138793
2.124225,1049.9996300056462,-384.6086759220184,12.392977186125558,19.75860655802336,330.5234078138793
2.124725,1049.9996300056462,-384.60025593211594,12.402897804830543,19.923868261930203,1485.747439991633
2.1252249999999995,1049.9996300056462,-384.5923065381815,12.413045457391501,20.66674198192561,1485.747439991633
2.125725,1049.9996300056462,-384.5844892385231,12.423564546812473,21.409615701922334,1485.747439991633
2.126225,1049.9996300056462,-384.576718249433,12.434455073093428,22.152489421917736,1485.747439991633
2.1267249999999995,1049.9996300056462,-384.56910566624,12.445717036234381,22.895363141913144,1485.747439991633
2.127225,1049.9996300056462,-384.56162262503943,12.457350436235352,23.638236861909867,1485.747439991633
2.1277249999999994,1049.9996300056462,-384.55371961458854,12.46935527309629,24.381110581904615,1485.747439991633
2.128225,1049.9996300056462,-384.54560365756197,12.481731546817256,25.12398430190134,1485.747439991633
2.128725,1049.9996300056462,-384.5378608951885,12.494479257398206,25.8668580218974,1485.747439991633
2.1292249999999995,1049.9996300056462,-384.53017313784693,12.507598404839134,26.60973174189215,1485.747439991633
2.129725,1049.9996300056462,-384.5224020073716,12.5210889891401,27.35260546188887,1485.747439991633
2.130225,1049.9996300056462,-384.5146037142057,12.534951010301032,28.095479181884276,1485.747439991633
2.1307249999999995,1049.9996300056462,-384.50651286101663,12.549184468321968,28.838352901879684,1485.747439991633
2.131225,1049.9996300056462,-384.4981791026712,12.563789363202927,29.581226621876407,1485.747439991633
2.131725,1049.9996300056462,-384.49011889800636,12.578765694943849,30.324100341871812,1485.747439991633
2.132225,1049.9996300056462,-384.4818417682507,12.594113463544792,31.066974061867874,1485.747439991633
2.132725,1049.9996300056462,-384.47381186354903,12.60983266900573,31.80984778186394,1485.747439991633
2.133225,1049.9996300056462,-384.4658210235846,12.625923311326652,32.55272150185935,1485.747439991633
2.133725,1049.9996300056462,-384.45768610425716,12.642385390507588,33.29559522185541,1485.747439991633
2.134225,1049.9996300056462,-384.4496547962567,12.659218906548503,34.03846894185081,1485.747439991633
2.1347249999999995,1049.9996300056462,-384.44134320380834,12.67642385944942,34.78134266184622,1485.747439991633
2.135225,1049.9996300056462,-384.43351658428844,12.694000249210362,35.52421638184295,1485.747439991633
2.135725,1049.9996300056462,-384.4256629093031,12.711948075831273,36.26709010183835,1485.747439991633
2.136225,1049.9996300056462,-384.4180446976396,12.730267339312196,37.00996382183442,1485.747439991633
2.136725,1049.9996300056462,-384.4100226627361,12.748958039653118,37.752837541830466,1485.747439991633
2.137225,1049.9996300056462,-384.40251163422164,12.768020176854023,38.49571126182588,1485.747439991633
2.137725,1049.9996300056462,-384.39494892790486,12.787453750914942,39.23858498182195,1485.747439991633
2.138225,1049.9996300056462,-384.38736434115447,12.807258761835838,39.98145870181736,1485.747439991633
2.1387249999999995,1049.9996300056462,-384.3801689009251,12.827435209616736,40.72433242181276,1485.747439991633
2.139225,1049.9996300056462,-384.3727177452987,12.84798309425767,41.467206141809484,1485.747439991633
2.1397249999999994,1049.9996300056462,-384.3650494103097,12.86890241575854,42.210079861804225,1485.747439991633
2.140225,1049.9996300056462,-384.35747571752654,12.890193174119467,42.952953581800955,1485.747439991633
2.140725,1049.9996300056462,-384.3502244401781,12.911855369340373,43.695827301797024,1485.747439991633
2.1412249999999995,1049.9996300056462,-384.3431162286459,12.93388900142124,44.43870102179176,1485.747439991633
2.141725,1049.9996300056462,-384.33585632907125,12.956294070362162,45.18157474178849,1485.747439991633
2.1422249999999994,1049.9996300056462,-384.3286894809482,12.979070576163023,45.92444846178323,1485.747439991633
2.1427249999999995,1049.9996300056462,-384.3214461733804,13.002218518823923,46.66732218177929,1485.747439991633
2.143225,1049.9996300056462,-384.31485388061583,13.02573789834484,47.41019590177602,1485.747439991633
2.1437249999999994,1049.9996300056462,-384.3079876114671,13.04962871472569,48.15306962177077,1485.747439991633
2.144225,1049.9996300056462,-384.30130039130603,13.073890967966607,48.8959433417675,1485.747439991633
2.144725,1049.9996300056462,-384.29461675554546,13.098524658067497,49.63881706176356,1485.747439991633
2.1452249999999995,1049.9996300056462,-384.2884785990273,13.123529785028339,50.38169078175831,1485.747439991633
2.145725,1049.9996300056462,-384.2825189832179,13.148906348849247,51.124564501755025,1485.747439991633
2.146225,1049.9996300056462,-384.2758561736007,13.17465434953011,51.86743822175043,1485.747439991633
2.146725,1049.9996300056462,-384.2695718983819,13.200773787070995,52.610311941746495,1485.747439991633
2.147225,1049.9996300056462,-384.262413895231,13.227264661471876,53.353185661742565,1485.747439991633
2.147725,1049.9996300056462,-384.2558006615589,13.254126972732735,54.09605938173797,1485.747439991633
2.148225,1049.9996300056462,-384.24966456117664,13.281360720853609,54.838933101734035,1485.747439991633
2.148725,1049.9996300056462,-384.2437432397985,13.30896590583448,55.5818068217301,1485.747439991633
2.149225,1049.9996300056462,-384.2377910925237,13.336942527675332,56.32468054172549,1485.747439991633
2.149725,1049.9996300056462,-384.231854029475,13.3652905863762,57.06755426172156,1485.747439991633
2.150225,1049.9996300056462,-384.2263299948784,13.394010081937045,57.81042798171696,1485.747439991633
2.150725,1049.9996300056462,-384.2201295926718,13.423101014357911,58.55330170171304,1485.747439991633
2.151225,1049.9996300056462,-384.2145931250348,13.45256338363878,59.2961754217091,1485.747439991633
2.151725,1049.9996300056462,-384.208928068208,13.482397189779617,60.03904914170451,1485.747439991633
2.152225,1049.9996300056462,-384.20355315564495,13.512602432780476,60.781922861700565,1485.747439991633
2.152725,1049.9996300056462,-384.19857322619714,13.543179112641308,61.524796581695966,1485.747439991633
2.153225,1049.9996300056462,-384.19397576563654,13.574127229362164,62.267670301692036,1485.747439991633
2.153725,1049.9996300056462,-384.18869858755704,13.605446782943025,63.0105440216881,1485.747439991633
2.1542249999999994,1049.9996300056462,-384.1833110544559,13.63713777338382,63.753417741682846,1485.747439991633
2.154725,1049.9996300056462,-384.17833459258395,13.6692002006847,64.49629146167958,1485.747439991633
2.155225,1049.9996300056462,-384.1728634143994,13.701634064845548,65.23916518167563,1485.747439991633
2.1557249999999994,1049.9996300056462,-384.16807127029404,13.734439365866338,65.98203890167038,1485.747439991633
2.156225,1049.9996300056462,-384.16279559637894,13.767616103747216,66.7249126216671,1485.747439991633
2.156725,1049.9996300056462,-384.1580169563264,13.801164278488026,67.4677863416625,1485.747439991633
2.1572249999999995,1049.9996300056462,-384.15266356034255,13.835083890088839,68.2106600616579,1485.747439991633
2.157725,1049.9996300056462,-384.1474754995871,13.869374938549708,68.95353378165464,1485.747439991633
2.1582249999999994,1049.9996300056462,-384.14209126646193,13.904037423870482,69.69640750164939,1485.747439991633
2.158725,1049.9996300056462,-384.13671045686846,13.939071346051351,70.43928122164611,1485.747439991633
2.159225,1049.9996300056462,-384.13146996866715,13.974476705092188,71.18215494164217,1485.747439991633
2.1597249999999995,1049.9996300056462,-384.1260616593844,14.010253500992953,71.92502866163692,1485.747439991633
2.160225,1049.9996300056462,-384.1213038930276,14.046401733753816,72.66790238163364,1485.747439991633
2.160725,1049.9996300056462,-384.11642058579105,14.08292140337461,73.41077610162904,1485.747439991633
2.1612249999999995,1049.9996300056462,-384.1113418911282,14.119812509855404,74.15364982162446,1485.747439991633
2.161725,1049.9996300056462,-384.106555132285,14.15707505319626,74.89652354162118,1485.747439991633
2.162225,1049.9996300056462,-384.10114479248546,14.19470903339705,75.6393972616166,1485.747439991633
2.162725,1049.9996300056462,-384.09580332136136,14.23271445045787,76.38227098161263,1485.747439991633
2.163225,1049.9996300056462,-384.0901757472892,14.271091304378686,77.1251447016087,1485.747439991633
2.163725,1049.9996300056462,-384.0847190448256,14.30983959515947,77.86801842160412,1485.747439991633
2.164225,1049.9996300056462,-384.07955673621103,14.348959322800283,78.61089214160019,1485.747439991633
2.164725,1049.9996300056462,-384.07407401807507,14.38845048730106,79.35376586159559,1485.747439991633
2.165225,1049.9996300056462,-384.0688813531286,14.42831308866187,80.09663958159165,1485.747439991633
2.165725,1049.9996300056462,-384.0631177073262,14.468547126882678,80.83951330158771,1485.747439991633
2.166225,1049.9996300056462,-384.05795159853005,14.509152601963448,81.58238702158313,1485.747439991633
2.166725,1049.9996300056462,-384.0522592526068,14.550129513904253,82.32526074157917,1485.747439991633
2.167225,1049.9996300056462,-384.04645992304916,14.591477862705055,83.06813446157526,1485.747439991633
2.167725,1049.9996300056462,-384.0405269147606,14.63319764836582,83.81100818157066,1485.747439991633
2.168225,1049.9996300056462,-384.0350013079955,14.67528887088662,84.55388190156673,1485.747439991633
2.168725,1049.9996300056462,-384.0287417253068,14.717751530267376,85.29675562156213,1485.747439991633
2.1692249999999995,1049.9996300056462,-384.022838129154,14.760585626508133,86.03962934155753,1485.747439991633
2.169725,1049.9996300056462,-384.0166650847582,14.803791159608963,86.78250306155425,1485.747439991633
2.1702249999999994,1049.9996300056462,-384.00986484064356,14.847368129569675,87.52537678154899,1485.747439991633
2.170725,1049.9996300056462,-384.0035645905966,14.8913165363905,88.26825050154572,1485.747439991633
2.171225,1049.9996300056462,-383.99690722930256,14.935636380071289,89.01112422154178,1485.747439991633
2.1717249999999995,1049.9996300056462,-383.99018882841284,14.980327660611994,89.75399794153654,1485.747439991633
2.172225,1049.9996300056462,-383.98326282609787,15.025390378012812,90.49687166153326,1485.747439991633
2.172725,1049.9996300056462,-383.9765476212287,15.070824532273557,91.23974538152866,1485.747439991633
2.1732249999999995,1049.9996300056462,-383.9697709507903,15.116630123394293,91.98261910152407,1485.747439991633
2.173725,1049.9996300056462,-383.9627536061065,15.162807151375112,92.72549282152077,1485.747439991633
2.1742249999999994,1049.9996300056462,-383.95597175156485,15.209355616215804,93.46836654151554,1485.747439991633
2.174725,1049.9996300056462,-383.9490360132204,15.25627551791662,94.21124026151226,1485.747439991633
2.175225,1049.9996300056462,-383.94204678517934,15.30356685647739,94.95411398150833,1485.747439991633
2.1757249999999995,1049.9996300056462,-383.93568816032774,15.351229631898073,95.69698770150306,1485.747439991633
2.176225,1049.9996300056462,-383.92931059492577,15.399263844178881,96.43986142149977,1485.747439991633
2.176725,1049.9996300056462,-383.92285445203703,15.447669493319603,97.1827351414952,1485.747439991633
2.1772249999999995,1049.9996300056462,-383.91593973453286,15.496446579320322,97.92560886149059,1485.747439991633
2.177725,1049.9996300056462,-383.9089583855187,15.545595102181128,98.66848258148732,1485.747439991633
2.178225,1049.9996300056462,-383.9017734501622,15.595115061901842,99.41135630148273,1485.747439991633
2.178725,1049.9996300056462,-383.89549573052125,15.645006458482603,100.15423002147881,1485.747439991633
2.179225,1049.9996300056462,-383.88874917012805,15.695269291923358,100.89710374147485,1485.747439991633
2.179725,1049.9996300056462,-383.8816377560208,15.745903562224063,101.63997746147028,1485.747439991633
2.180225,1049.9996300056462,-383.87497506987637,15.796909269384816,102.38285118146632,1485.747439991633
2.180725,1049.9996300056462,-383.8686590177445,15.84828641340552,103.12572490146174,1485.747439991633
2.181225,1049.9996300056462,-383.8621100111735,15.900034994286269,103.8685986214578,1485.747439991633
2.181725,1049.9996300056462,-383.85503791105515,15.952155012027013,104.61147234145388,1485.747439991633
2.182225,1049.9996300056462,-383.8479441526069,16.00464646662771,105.35434606144926,1485.747439991633
2.182725,1049.9996300056462,-383.8412005141232,16.05750935808845,106.09721978144533,1485.747439991633
2.183225,1049.9996300056462,-383.8351334629522,16.11074368640914,106.84009350144075,1485.747439991633
2.183725,1049.9996300056462,-383.82924731900704,16.164349451589878,107.5829672214368,1485.747439991633
2.184225,1049.9996300056462,-383.8231559820766,16.218326653630612,108.32584094143287,1485.747439991633
2.184725,1049.9996300056462,-383.8170886749974,16.2726752925313,109.06871466142827,1485.747439991633
2.185225,1049.9996300056462,-383.81077537277366,16.32739536829203,109.81158838142433,1485.747439991633
2.185725,1049.9996300056462,-383.804651529967,16.38248688091276,110.55446210142041,1485.747439991633
2.1862249999999994,1049.9996300056462,-383.7982347160901,16.43794983039339,111.29733582141516,1485.747439991633
2.186725,1049.9996300056462,-383.79230102127616,16.49378421673417,112.04020954141187,1485.747439991633
2.187225,1049.9996300056462,-383.78608245105096,16.549990039934837,112.78308326140727,1485.747439991633
2.1877249999999995,1049.9996300056462,-383.78012865046253,16.606567299995508,113.52595698140269,1485.747439991633
2.188225,1049.9996300056462,-383.7742812723733,16.663515996916278,114.2688307013994,1485.747439991633
2.188725,1049.9996300056462,-383.7681336200421,16.72083613069695,115.01170442139482,1485.747439991633
2.1892249999999995,1049.9996300056462,-383.7620069516004,16.778527701337612,115.75457814139023,1485.747439991633
2.189725,1049.9996300056462,-383.75578390854207,16.836590708838376,116.49745186138693,1485.747439991633
2.1902249999999994,1049.9996300056462,-383.75016302464275,16.895025153198986,117.2403255813817,1485.747439991633
2.190725,1049.9996300056462,-383.74386435078503,16.953831034419743,117.98319930137842,1485.747439991633
2.191225,1049.9996300056462,-383.73798360870427,17.013008352500453,118.72607302137446,1485.747439991633
2.1917249999999995,1049.9996300056462,-383.73217816194307,17.072557107441053,119.46894674136921,1485.747439991633
2.192225,1049.9996300056462,-383.72616742241485,17.132477299241813,120.21182046136593,1485.747439991633
2.192725,1049.9996300056462,-383.72042722607836,17.19276892790246,120.95469418136136,1485.747439991633
2.1932249999999995,1049.9996300056462,-383.71425690344637,17.253431993423103,121.69756790135676,1485.747439991633
2.193725,1049.9996300056462,-383.7086364144389,17.314466495803856,122.44044162135349,1485.747439991633
2.194225,1049.9996300056462,-383.70284703786314,17.375872435044503,123.18331534134887,1485.747439991633
2.194725,1049.9996300056462,-383.6973949005137,17.437649811145192,123.92618906134496,1485.747439991633
2.195225,1049.9996300056462,-383.69152133791806,17.499798624105882,124.669062781341,1485.747439991633
2.195725,1049.9996300056462,-383.68632639062656,17.56231887392652,125.41193650133643,1485.747439991633
2.196225,1049.9996300056462,-383.6808702961171,17.625210560607208,126.15481022133248,1485.747439991633
2.196725,1049.9996300056462,-383.6749905518092,17.688473684147837,126.8976839413279,1485.747439991633
2.1972249999999995,1049.9996300056462,-383.66939124041073,17.752108244548467,127.64055766132329,1485.747439991633
2.197725,1049.9996300056462,-383.66362652592477,17.816114241809206,128.38343138132,1485.747439991633
2.198225,1049.9996300056462,-383.6578033786222,17.88049167592983,129.12630510131544,1485.747439991633
2.198725,1049.9996300056462,-383.6521338944491,17.945240546910505,129.8691788213115,1485.747439991633
2.199225,1049.9996300056462,-383.6471693586095,18.01036085475118,130.61205254130755,1485.747439991633
2.199725,1049.9996300056462,-383.641622968859,18.0758525994518,131.35492626130295,1485.747439991633
2.200225,1049.9996300056462,-383.635860184512,18.141715781012472,132.09779998129903,1485.747439991633
2.200725,1049.9996300056462,-383.6297845966192,18.20795039943308,132.84067370129443,1485.747439991633
2.2012249999999995,1049.9996300056462,-383.62361229151236,18.2745564547137,133.58354742128984,1485.747439991633
2.201725,1049.9996300056462,-383.6174186344866,18.34153394685442,134.32642114128654,1485.747439991633
2.2022249999999994,1049.9996300056462,-383.61059836945725,18.408882875854967,135.0692948612813,1485.747439991633
2.202725,1049.9996300056462,-383.6038705927831,18.476603241715686,135.81216858127803,1485.747439991633
2.203225,1049.9996300056462,-383.5973410919201,18.544695044436345,136.5550423012741,1485.747439991633
2.2037249999999995,1049.9996300056462,-383.5908412311869,18.613158284016883,137.29791602126883,1485.747439991633
2.204225,1049.9996300056462,-383.5839340389873,18.6819929604576,138.04078974126557,1485.747439991633
2.2047249999999994,1049.9996300056462,-383.57694023577903,18.751199073758134,138.78366346126032,1485.747439991633
2.2052249999999995,1049.9996300056462,-383.5704643106895,18.820776623918782,139.52653718125634,1485.747439991633
2.205725,1049.9996300056462,-383.5637308901223,18.8907256109395,140.26941090125308,1485.747439991633
2.2062249999999994,1049.9996300056462,-383.5571285449635,18.961046034820026,141.01228462124783,1485.747439991633
2.206725,1049.9996300056462,-383.5506089367689,19.03173789556073,141.75515834124454,1485.747439991633
2.207225,1049.9996300056462,-383.5438274937556,19.10280119316138,142.49803206124065,1485.747439991633
2.2077249999999995,1049.9996300056462,-383.537139490819,19.17423592762189,143.24090578123537,1485.747439991633
2.208225,1049.9996300056462,-383.5303283284121,19.246042098942603,143.9837795012321,1485.747439991633
2.208725,1049.9996300056462,-383.52335460452895,19.318219707123173,144.7266532212275,1485.747439991633
2.209225,1049.9996300056462,-383.51648634788495,19.390768752163808,145.46952694122353,1485.747439991633
2.209725,1049.9996300056462,-383.50960842190085,19.463689234064447,146.21240066121965,1485.747439991633
2.210225,1049.9996300056462,-383.50268943524384,19.536981152825014,146.95527438121502,1485.747439991633
2.210725,1049.9996300056462,-383.49547571687174,19.61064450844564,147.69814810121107,1485.747439991633
2.211225,1049.9996300056462,-383.48857237699013,19.684679300926273,148.44102182120716,1485.747439991633
2.211725,1049.9996300056462,-383.4812764041583,19.759085530266834,149.1838955412026,1485.747439991633
2.212225,1049.9996300056462,-383.47371306889727,19.833863196467462,149.92676926119867,1485.747439991633
2.212725,1049.9996300056462,-383.4658388158171,19.90901229952802,150.66964298119404,1485.747439991633
2.213225,1049.9996300056462,-383.45808844382225,19.98453283944863,151.4125167011901,1485.747439991633
2.213725,1049.9996300056462,-383.4506399783808,20.060424816229258,152.15539042118618,1485.747439991633
2.214225,1049.9996300056462,-383.4430761687146,20.136688229869804,152.89826414118156,1485.747439991633
2.214725,1049.9996300056462,-383.43532430558105,20.21332308037042,153.6411378611776,1485.747439991633
2.215225,1049.9996300056462,-383.42692124967306,20.290329367730962,154.38401158117304,1485.747439991633
2.215725,1049.9996300056462,-383.4189263326009,20.36770709195158,155.1268853011691,1485.747439991633
2.216225,1049.9996300056462,-383.41084055961426,20.445456253032187,155.86975902116518,1485.747439991633
2.2167249999999994,1049.9996300056462,-383.40248884782324,20.523576850972653,156.61263274115993,1485.747439991633
2.217225,1049.9996300056462,-383.3939025700385,20.60206888577333,157.35550646115664,1485.747439991633
2.217725,1049.9996300056462,-383.3855292143436,20.68093235743393,158.09838018115272,1485.747439991633
2.2182249999999994,1049.9996300056462,-383.37755018427447,20.760167265954394,158.84125390114747,1485.747439991633
2.218725,1049.9996300056462,-383.3693261995099,20.839773611335072,159.58412762114415,1485.747439991633
2.219225,1049.9996300056462,-383.3610162227216,20.919751393575595,160.32700134113958,1485.747439991633
2.2197249999999995,1049.9996300056462,-383.35271595020174,21.000100612676118,161.06987506113498,1485.747439991633
2.220225,1049.9996300056462,-383.34426534565705,21.08082126863678,161.8127487811317,1485.747439991633
2.2207249999999994,1049.9996300056462,-383.3354237293197,21.16191336145723,162.55562250112644,1485.747439991633
2.221225,1049.9996300056462,-383.3268220666817,21.24337689113789,163.29849622112317,1485.747439991633
2.221725,1049.9996300056462,-383.3186361205428,21.325211857678482,164.04136994111926,1485.747439991633
2.2222249999999995,1049.9996300056462,-383.3105016535848,21.40741826107892,164.784243661114,1485.747439991633
2.222725,1049.9996300056462,-383.30220298942317,21.489996101339578,165.5271173811107,1485.747439991633
2.223225,1049.9996300056462,-383.29412946861123,21.57294537846008,166.26999110110611,1485.747439991633
2.2237249999999995,1049.9996300056462,-383.2860390435622,21.65626609244059,167.01286482110154,1485.747439991633
2.224225,1049.9996300056462,-383.2775528347234,21.739958243281244,167.75573854109822,1485.747439991633
2.224725,1050.0791631484058,-383.26906926646916,21.824021830981746,168.49861226109365,1485.747439991633
2.225225,1050.8345317614471,-383.2603735376382,21.908456855542326,169.2414859810897,1485.747439991633
2.225725,1052.180640530577,-383.2521168107825,21.99326331696289,169.9843597010858,1485.747439991633
2.226225,1053.860821216369,-383.2433342243778,22.078441215243384,170.7272334210812,1485.747439991633
2.226725,1055.570106409264,-383.2349164953137,22.16399055038395,171.47010714107725,1485.747439991633
2.227225,1056.782183637612,-383.22686816266435,22.249911322384442,172.21298086107265,1485.747439991633
2.227725,1057.6735881383304,-383.21850971674775,22.336203531245005,172.9558545810687,1485.747439991633
2.228225,1058.4983679710515,-383.21003927938455,22.42286717696557,173.69872830106476,1485.747439991633
2.228725,1058.910252653342,-383.2016004343777,22.509902259546053,174.4416020210602,1485.747439991633
2.229225,1059.612470767452,-383.193200221454,22.597308778986616,175.18447574105625,1485.747439991633
2.229725,1060.9870302871627,-383.1851610188092,22.68508673528717,175.92734946105233,1485.747439991633
2.230225,1061.823352138736,-383.1769197877994,22.77323612844764,176.67022318104773,1485.747439991633
2.230725,1061.5484779999797,-383.168260202846,22.861756958468195,177.4130969010438,1485.747439991633
2.231225,1059.903074223138,-383.1596417840511,22.950649225348666,178.1559706210392,1485.747439991633
2.2317249999999995,1057.723998209197,-383.1508675034029,23.039912929089134,178.89884434103456,51435.53214213493
2.232225,1056.417827997661,-383.14223106886874,23.135791792777542,204.6166104121335,51435.53214213493
2.2327249999999994,1055.1040226167538,-383.13354449546375,23.244529539501208,230.33437648316385,51435.53214213493
2.233225,1053.792889561617,-383.124595749318,23.36612616926071,256.05214255426273,51435.53214213493
2.233725,1052.8023032133772,-383.115804740522,23.500581682055657,281.76990862533876,51435.53214213493
2.2342249999999995,1053.0124814749054,-383.10677004599466,23.647896077885875,307.4876746963692,51435.53214213493
2.234725,1053.925221405333,-383.09797893205547,23.808069356752032,333.205440767468,51435.53214213493
2.235225,1055.2954149779457,-383.08878392002373,23.981101518653432,358.9232068385213,51435.53214213493
2.2357249999999995,1057.4233431357884,-383.07966772046467,24.16699256359035,384.64097290957454,51435.53214213493
2.236225,1060.0320620149498,-383.07016742190626,24.365742491563157,410.35873898067337,51435.53214213493
2.2367249999999994,1062.3002012672146,-383.06049945373485,24.577351302570946,436.0765050517038,51435.53214213493
2.237225,1062.9368049282027,-383.0510181714915,24.80181899661484,461.7942711228026,51435.53214213493
2.237725,1063.6821785152883,-383.0407510698983,25.039145573694096,487.5120371938787,51435.53214213493
2.2382249999999995,1065.3430703998083,-383.0312274685183,25.28933103380844,513.229803264909,51435.53214213493
2.238725,1067.1733390087925,-383.02129356040126,25.55237537695898,538.9475693360081,51435.53214213493
2.239225,1071.0022574624102,-383.0114731322028,25.828278603144604,564.6653354070612,51435.53214213493
2.2397249999999995,1075.2436863550638,-383.0012196151051,26.117040712365736,590.3831014781144,51435.53214213493
2.240225,1079.4503251309752,-382.9915993772462,26.418661704622934,616.1008675492134,51435.53214213493
2.240725,1083.9600773325612,-382.98123164739167,26.733141579915127,641.8186336202665,51435.53214213493
2.241225,1085.8710669324275,-382.9703921685157,27.060480338243142,667.5363996913426,51435.53214213493
2.241725,1083.807025251256,-382.9588908957819,27.400677979606694,693.2541657624187,51435.53214213493
2.242225,1076.2123145681126,-382.94752831502876,27.753734504005468,718.9719318334718,51435.53214213493
2.242725,1062.2460314067455,-382.9359102557682,28.1196499114401,744.6896979045479,51435.53214213493
2.243225,1043.954534276612,-382.92376139131704,28.49842420190992,770.4074639756011,51435.53214213493
2.243725,1021.9791443801302,-382.91187253339314,28.89005737541563,796.1252300466771,51435.53214213493
2.244225,997.848568671592,-382.89931592413666,29.294549431956863,821.8429961177533,51435.53214213493
2.244725,971.7472676729882,-382.88714012100877,29.71190037153327,847.5607621888064,51435.53214213493
2.245225,944.9173576078174,-382.8747458577801,30.142110194145594,873.2785282598824,51435.53214213493
2.245725,918.619081719982,-382.8620243051262,30.585178899793046,898.9962943309357,51435.53214213493
2.246225,892.5339999162798,-382.84926904872106,31.04110648847644,924.7140604020118,51435.53214213493
2.246725,866.7632483632912,-382.8365725513187,31.50989296019537,950.431826473088,51435.53214213493
2.247225,841.2578615955487,-382.82353249177925,31.991538314949416,976.149592544141,51435.53214213493
2.247725,814.7449244022739,-382.8105995659233,32.48604255273941,1001.8673586152172,51435.53214213493
2.248225,786.8430786215187,-382.79767790015785,32.993405673564965,1027.5851246862933,51435.53214213493
2.2487249999999994,756.4602163635254,-382.7848135553228,33.51362767742512,1053.3028907573234,51435.53214213493
2.249225,724.6335623296602,-382.77190021361224,34.046708564322216,1079.0206568284227,51435.53214213493
2.249725,693.5327277733469,-382.75895796307884,34.59264833425389,1104.7384228994758,51435.53214213493
2.2502249999999995,662.1796292177427,-382.7455993143742,35.15144698722107,1130.4561889705287,51435.53214213493
2.250725,629.1873228014679,-382.7318177136955,35.723104523224805,1156.1739550416278,51435.53214213493
2.251225,595.6556513875624,-382.71855787637685,36.307620942263064,1181.891721112681,51435.53214213493
2.2517249999999995,562.9878270420747,-382.70452771174155,36.90499624433684,1207.609487183734,51435.53214213493
2.252225,531.5834825880298,-382.6899809149042,37.51523042944722,1233.327253254833,51435.53214213493
2.2527249999999994,501.3900323753449,-382.6751210712635,38.1383234975915,1259.0450193258634,51435.53214213493
2.253225,469.745844707793,-382.6601142927298,38.774275448772975,1284.7627853969623,51435.53214213493
2.253725,437.34866463889193,-382.6454019167292,39.42308628298945,1310.4805514680381,51435.53214213493
2.2542249999999995,405.9085235328654,-382.63026300940624,40.08475600024027,1336.198317539069,51435.53214213493
2.254725,374.3176456299755,-382.61435663179077,40.759284600528396,1361.9160836101676,51435.53214213493
2.255225,342.9687352689875,-382.59776874439416,41.44667208385087,1387.633849681221,51435.53214213493
2.2557249999999995,311.6002785507477,-382.58056448926055,42.146918450208844,1413.351615752274,51435.53214213493
2.256225,279.4062072612677,-382.56267445287784,42.86002369960364,1439.069381823373,51435.53214213493
2.256725,248.4381060537265,-382.54401034849064,43.585987832032686,1464.7871478944267,51435.53214213493
2.257225,218.98818388848176,-382.5246597893544,44.324810847497915,1490.5049139655018,51435.53214213493
2.257725,189.83538609582016,-382.5041198831172,45.07649274599868,1516.2226800365781,51435.53214213493
2.258225,161.15293140981163,-382.48302299987745,45.841033527534314,1541.9404461076315,51435.53214213493
2.258725,133.16705818251597,-382.4606302070895,46.61843319210616,1567.6582121787076,-106583.6118060137
2.259225,106.22130587879914,-382.43740073639583,47.388939346719354,1514.3664062757302,-106583.6118060137
2.2597249999999995,81.70963411041876,-382.41355456081715,48.13279959838105,1461.074600372753,-106583.6118060137
2.260225,58.359686940375546,-382.38912048398055,48.85001394709253,1407.782794469681,-106583.6118060137
2.260725,36.15920704529651,-382.3633416376445,49.54058239285124,1354.4909885667037,-106583.6118060137
2.261225,15.980030617369646,-382.3375235217236,50.204504935659074,1301.1991826636788,-106583.6118060137
2.261725,-3.634777950845708,-382.3104398420193,50.841781575515355,1247.9073767606544,-106583.6118060137
2.262225,-21.980478967669853,-382.28303691773294,51.452412312419604,1194.6155708576769,-106583.6118060137
2.262725,-39.02258174312631,-382.2544731402096,52.036397146372884,1141.3237649546525,-106583.6118060137
2.263225,-55.154346068452526,-382.22504610850194,52.59373607737415,1088.031959051675,-106583.6118060137
2.2637249999999995,-70.25327626282537,-382.19465889534996,53.124429105423964,1034.7401531486978,-106583.6118060137
2.264225,-85.04655504371976,-382.1633107816718,53.628476230523155,981.4483472456255,-106583.6118060137
2.2647249999999994,-98.77899133561333,-382.1306192784328,54.105877452669546,928.1565413426957,-106583.6118060137
2.265225,-109.89173111816784,-382.09680248434455,54.55663277186568,874.8647354396239,-106583.6118060137
2.265725,-119.40243916703518,-382.06228293723774,54.980742188109865,821.5729295365992,-106583.6118060137
2.2662249999999995,-127.79898548516532,-382.0261185104715,55.37820570140187,768.2811236336692,-106583.6118060137
2.266725,-135.33675379388404,-381.9895202948092,55.74902331174339,714.9893177305971,-106583.6118060137
2.2672249999999994,-139.6346292324293,-381.95188012917225,56.09319501913245,661.6975118276671,-106583.6118060137
2.2677249999999995,-139.68474306772697,-381.9134874473805,56.410720823570635,608.4057059246423,-106583.6118060137
2.268225,-138.6446179092082,-381.87383385733375,56.70160072505755,555.1139000215707,-106583.6118060137
2.2687249999999994,-137.07901176696342,-381.83370061393794,56.96583472359221,501.8220941186405,-106583.6118060137
2.269225,-133.65970927919045,-381.7927022777183,57.20342281917607,448.53028821556865,-106583.6118060137
2.269725,-128.24214163098227,-381.7509817944914,57.41436501180817,395.23848231254397,-106583.6118060137
2.2702249999999995,-119.85990983623591,-381.70907313362346,57.598661301488434,341.946676409614,-106583.6118060137
2.270725,-110.32237679044115,-381.66653039241424,57.756311688217664,288.6548705065419,-106583.6118060137
2.271225,-102.3578100452529,-381.6231316928788,57.88731617199511,235.36306460356462,-106583.6118060137
2.271725,-95.11408018787397,-381.5789480647237,57.991674752821176,182.07125870054003,-106583.6118060137
2.272225,-87.4680152487263,-381.5341940349581,58.06938743069572,128.7794527975155,-106583.6118060137
2.272725,-80.64757289358053,-381.489138492341,58.12045420561869,75.48764689453814,-106583.6118060137
2.273225,-71.86947778484611,-381.44421903391384,58.14487507759022,22.195840991513503,-106583.6118060137
2.273725,-62.69470412198461,-381.3990367961608,58.14265004661023,-31.095964911511153,-106583.6118060137
2.274225,-55.375501181971856,-381.35406395425366,58.11377911267875,-84.38777081448859,-106583.6118060137
2.274725,-47.84198908427978,-381.3090332292388,58.05826227579572,-137.67957671751324,-106583.6118060137
2.275225,-42.216011112559066,-381.2642241355975,57.97609953596127,-190.97138262049057,-106583.6118060137
2.275725,-39.38234854006671,-381.21918652672326,57.86729089317523,-244.26318852351514,-106583.6118060137
2.276225,-38.4592456737076,-381.1737433315736,57.73183634743767,-297.55499442653985,-106583.6118060137
2.276725,-42.45354068035374,-381.1286199203171,57.569735898748746,-350.84680032951724,-106583.6118060137
2.277225,-49.431762963425335,-381.08362500586696,57.380989547108165,-404.13860623254175,-106583.6118060137
2.277725,-56.94033899010113,-381.0389741831854,57.16559729251626,-457.43041213551913,-106583.6118060137
2.278225,-66.01287734741588,-380.9942639379578,56.923559134972685,-510.7222180385439,-106583.6118060137
2.278725,-73.58809585446897,-380.94951037052897,56.65487507447756,-564.0140239415684,-106583.6118060137
2.2792249999999994,-78.84038723652631,-380.90530350344625,56.359545111031466,-617.3058298444982,-106583.6118060137
2.279725,-81.58180547780535,-380.86166766193054,56.037569244633055,-670.5976357475705,-106583.6118060137
2.280225,-81.70670298797775,-380.81844456163066,55.688947475283406,-723.889441650595,-106583.6118060137
2.2807249999999994,-80.99343055195382,-380.7754406153457,55.313679802982904,-777.181247553525,-106583.6118060137
2.281225,-78.37274137919778,-380.73301876524306,54.91176622772989,-830.473053456597,-106583.6118060137
2.281725,-74.38278004570479,-380.69118278160266,54.48320674952609,-883.7648593595742,-106583.6118060137
2.2822249999999995,-71.92941926529564,-380.6500464005317,54.0280013683708,-937.0566652625516,-106583.6118060137
2.282725,-70.6049833669429,-380.6089244157013,53.54615008426318,-990.3484711656236,-106583.6118060137
2.2832249999999994,-70.57496310130217,-380.56859853304206,53.037652897205355,-1043.6402770685538,-106583.6118060137
2.283725,-72.13106175138589,-380.52846618086045,52.50250980719466,-1096.9320829716255,-106583.6118060137
2.284225,-73.27833875337289,-380.4891348720982,51.940720814232904,-1150.2238888746501,-106583.6118060137
2.2847249999999995,-74.04509786598408,-380.45016392165184,51.352285918320696,-1203.5156947775802,-106583.6118060137
2.285225,-73.05895656915628,-380.41209001580586,50.737205119455375,-1256.807500680652,23524.784885123358
2.285725,-71.52341559547565,-380.3746478842556,50.111741967226045,-1245.045108238097,23524.784885123358
2.2862249999999995,-72.07776937429442,-380.3373596368259,49.492160011217976,-1233.282715795542,23524.784885123358
2.286725,-71.34176099081338,-380.30130784307255,48.87845925143011,-1221.5203233529658,23524.784885123358
2.287225,-68.03288192150586,-380.26535037391966,48.2706396878646,-1209.7579309104106,23524.784885123358
2.287725,-65.2430857200981,-380.2303099672193,47.66870132051983,-1197.9955384678449,23524.784885123358
2.288225,-63.53985926530328,-380.19612960486916,47.072644149396346,-1186.2331460252792,23524.784885123358
2.288725,-65.0437576415738,-380.1631994251661,46.48246817449467,-1174.470753582724,23524.784885123358
2.289225,-66.30633604446628,-380.13111529029715,45.89817339581375,-1162.7083611401588,23524.784885123358
2.289725,-64.68521903892346,-380.0996762578685,45.31975981335463,-1150.9459686976033,23524.784885123358
2.290225,-63.79732606003815,-380.0687702422733,44.747227427116286,-1139.1835762550377,23524.784885123358
2.290725,-65.05433951429313,-380.03834578232505,44.18057623709921,-1127.4211838124725,23524.784885123358
2.291225,-65.7579707903567,-380.00938391420016,43.619806243303934,-1115.6587913699173,23524.784885123358
2.291725,-65.26559430442504,-379.9806511112752,43.064917445729435,-1103.8963989273516,23524.784885123358
2.292225,-62.60359701104187,-379.9532971529604,42.51590984437621,-1092.134006484786,23524.784885123358
2.292725,-58.647072377035386,-379.9268544494325,41.972783439244765,-1080.3716140422305,23524.784885123358
2.293225,-56.36945960283375,-379.90203904866854,41.43553823033412,-1068.6092215996653,23524.784885123358
2.293725,-54.56000947743537,-379.87846593051205,40.904174217645206,-1056.84682915711,23524.784885123358
2.2942249999999995,-51.47739715561046,-379.85588040205647,40.37869140117758,-1045.0844367145548,23524.784885123358
2.294725,-48.21258257499478,-379.8350985759281,39.85908978093032,-1033.3220442719787,23524.784885123358
2.2952249999999994,-44.8718229474616,-379.81578060452665,39.34536935690571,-1021.559651829434,23524.784885123358
2.295725,-42.21770556224592,-379.79806025091756,38.837530129101005,-1009.7972593868578,23524.784885123358
2.296225,-40.59238889106577,-379.78087130235957,38.33557209751807,-998.0348669442926,23524.784885123358
2.2967249999999995,-37.60965227356409,-379.76553962249943,37.83949526215726,-986.2724745017476,23524.784885123358
2.297225,-34.66559858404218,-379.7511921853354,37.34929962301642,-974.5100820591717,23524.784885123358
2.297725,-32.20734356904842,-379.73789668635993,36.864985180097754,-962.7476896166165,23524.784885123358
2.2982249999999995,-30.23429146028377,-379.72525147272273,36.38655193340035,-950.9852971740612,23524.784885123358
2.298725,-29.17996707419217,-379.7133615014768,35.91399988292338,-939.2229047314852,23524.784885123358
2.2992249999999994,-27.945474547031505,-379.7027656496382,35.447329028668946,-927.4605122889405,23524.784885123358
2.299725,-25.71075227055612,-379.69232581843386,34.98653937063456,-915.6981198463644,23524.784885123358
2.300225,-22.39577972564093,-379.6834432615191,34.53163090882186,-903.9357274037989,23524.784885123358
2.3007249999999995,-17.4851112201192,-379.6756799879091,34.082603643231245,-892.1733349612542,23524.784885123358
2.301225,-13.694092391893054,-379.6694197394754,33.639457573860724,-880.4109425186781,23524.784885123358
2.301725,-12.295977333050615,-379.66336400660987,33.202192700712274,-868.648550076123,23524.784885123358
2.3022249999999995,-11.54683155868383,-379.6590233403753,32.77080902378509,-856.8861576335678,23524.784885123358
2.302725,-10.606993018251764,-379.6550683292993,32.34530654307842,-845.1237651909918,23524.784885123358
2.303225,-9.239354548397142,-379.6527510292417,31.925685258593806,-833.3613727484367,23524.784885123358
2.303725,-8.582287299697748,-379.6512385372299,31.511945170330083,-821.5989803058709,23524.784885123358
2.304225,-9.672973113678458,-379.6505777703185,31.104086278287653,-809.8365878633053,23524.784885123358
2.304725,-8.96069907588332,-379.65119956746105,30.702108582466863,-798.0741954207502,23524.784885123358
2.305225,-7.714063996068383,-379.6525018167798,30.306012082866996,-786.3118029781846,23524.784885123358
2.305725,-5.903073308887027,-379.6546912998111,29.915796779488755,-774.5494105356292,23524.784885123358
2.306225,-5.214816274444383,-379.65679987142494,29.53146267233146,-762.7870180930638,23524.784885123358
2.306725,-8.011163678551648,-379.6597318808729,29.15300976139544,-751.0246256504981,23524.784885123358
2.307225,-8.937102180541174,-379.662580491718,28.78043804668104,-739.262233207943,23524.784885123358
2.307725,-6.576681528386311,-379.6661608991237,28.41374752818758,-727.4998407653775,23524.784885123358
2.308225,-4.351427270329338,-379.67019840993345,28.052938205915734,-715.7374483228222,23524.784885123358
2.308725,-3.0793382390273907,-379.67479901053554,27.698010079864844,-703.9750558802566,23524.784885123358
2.309225,-4.151797817399719,-379.6793684688749,27.34896315003524,-692.212663437691,23524.784885123358
2.309725,-5.218823309964388,-379.68376127422584,27.00579741642722,-680.4502709951358,23524.784885123358
2.310225,-4.418967804216583,-379.6874193992495,26.668512879040186,-668.6878785525703,23524.784885123358
2.310725,-2.290319741753684,-379.6908407956099,26.337109537874433,-656.9254861100046,23524.784885123358
2.3112249999999994,-1.6676115874365482,-379.6934014807226,26.011587392930533,-645.16309366746,23524.784885123358
2.311725,-2.967493235214011,-379.69563417883916,25.69194644420706,-633.4007012248838,23524.784885123358
2.312225,-5.837043200985645,-379.6972325253723,25.378186691705427,-621.6383087823289,23524.784885123358
2.3127249999999995,-7.342120199815639,-379.6980550916418,25.070308135425076,-609.8759163397735,23524.784885123358
2.313225,-8.880895931933093,-379.69846835650895,24.76831077536546,-598.1135238971975,23524.784885123358
2.313725,-12.570951926593988,-379.697758733079,24.472194611527666,-586.3511314546424,23524.784885123358
2.3142249999999995,-16.949346496877435,-379.6967790124047,24.181959643911142,-574.5887390120872,23524.784885123358
2.314725,-19.4726196566715,-379.69480589273155,23.897605872515395,-562.8263465695112,23524.784885123358
2.3152249999999994,-17.248267479085264,-379.69272148619274,23.619133297341683,-551.0639541269665,23524.784885123358
2.315725,-13.446877108140535,-379.690047547912,23.34654191838851,-539.3015616843904,23524.784885123358
2.316225,-12.808994340347924,-379.6870628698728,23.079831735656864,-527.5391692418248,23524.784885123358
2.3167249999999995,-13.90736685013636,-379.68411682506894,22.819002749146968,-515.77677679928,23524.784885123358
2.317225,-14.61373161709837,-379.6798671432025,22.56405495885766,-504.0143843567041,23524.784885123358
2.317725,-16.386604649685413,-379.675215547207,22.314988364790086,-492.2519919141489,23524.784885123358
2.3182249999999995,-18.272927507312183,-379.66931185657637,22.071802966943785,-480.4895994715937,23524.784885123358
2.318725,-21.02374911689305,-379.66269389199255,21.83449876531834,-468.72720702901773,23524.784885123358
2.319225,-25.563843962347512,-379.65539738215404,21.603075759914596,-456.9648145864625,23524.784885123358
2.319725,-27.7268223577638,-379.64805622082537,21.37753395073193,-445.20242214389685,23524.784885123358
2.320225,-28.257385583529533,-379.6400716918658,21.157873337770553,-433.4400297013313,23524.784885123358
2.320725,-28.434140154781783,-379.63164410823794,20.944093921030642,-421.67763725877626,23524.784885123358
2.321225,-28.96584265188156,-379.62275041295743,20.73619570051183,-409.91524481621053,23524.784885123358
2.321725,-31.40683852104969,-379.6129920890868,20.53417867621447,-398.1528523736554,23524.784885123358
2.3222249999999995,-31.65595120557872,-379.6032769951621,20.33804284813839,-386.3904599311001,23524.784885123358
2.322725,-28.64897421516211,-379.59296403098887,20.147788216283253,-374.62806748852415,23524.784885123358
2.323225,-28.01164955266723,-379.5825447270897,19.96341478064973,-362.865675045969,23524.784885123358
2.323725,-31.135666311496102,-379.57182906160506,19.78492254123733,-351.1032826034034,23524.784885123358
2.324225,-35.42100949386558,-379.56138481613317,19.61231149804621,-339.3408901608377,23524.784885123358
2.324725,-37.08803426083121,-379.5506192269274,19.445581651076523,-327.57849771828256,23524.784885123358
2.325225,-37.02469704454063,-379.5398919512772,19.28473300032797,-315.816105275717,23524.784885123358
2.325725,-37.77319423651432,-379.52890835047197,19.129765545800833,-304.05371283316185,23524.784885123358
2.3262249999999995,-40.31507308853653,-379.51750154641803,18.980679287494976,-292.2913203906067,23524.784885123358
2.326725,-40.97813667400485,-379.50631240737243,18.83747422541014,-280.5289279480307,23524.784885123358
2.3272249999999994,-38.8557602263603,-379.4948171912515,18.700150359546964,-268.7665355054859,23524.784885123358
2.327725,-36.89094255758364,-379.4840368103514,18.568707689904702,-257.0041430629098,23524.784885123358
2.328225,-36.75686658886294,-379.4736605334534,18.443146216483846,-245.2417506203443,23524.784885123358
2.3287249999999995,-39.39628963778257,-379.4632898027391,18.32346593928448,-233.47935817779947,23524.784885123358
2.329225,-41.92362356142943,-379.4531878081862,18.209666858306086,-221.71696573522348,23524.784885123358
2.3297249999999994,-41.92299902146174,-379.44329090211244,18.10174897354927,-209.95457329267873,23524.784885123358
2.3302249999999995,-41.53968617168394,-379.4335439951552,17.999712285013537,-198.19218085011317,23524.784885123358
2.330725,-41.94339325793611,-379.42411425004616,17.90355679269901,-186.4297884075371,23524.784885123358
2.3312249999999994,-43.47167391275457,-379.41413148465256,17.813282496606007,-174.66739596499238,23524.784885123358
2.331725,-44.499994131174674,-379.40421312869154,17.72888939673405,-162.90500352241634,23524.784885123358
2.332225,-42.65012717713419,-379.3945192504301,17.650377493083454,-151.14261107985075,23524.784885123358
2.3327249999999995,-40.95373165125068,-379.38472141692444,17.577746785654274,-139.38021863730603,23524.784885123358
2.333225,-40.15738224480826,-379.3751403196087,17.51099727444618,-127.61782619472999,23524.784885123358
2.333725,-40.281519367692006,-379.365194696111,17.450128959459484,-115.8554337521748,23524.784885123358
2.334225,-40.46336301246304,-379.35560535136415,17.395141840694023,-104.09304130960922,23524.784885123358
2.334725,-37.86666768370078,-379.34594121429745,17.34603591814984,-92.33064886704362,23524.784885123358
2.335225,-35.57147756843456,-379.33667724621637,17.302811191826986,-80.56825642448844,23524.784885123358
2.335725,-35.36282253300051,-379.3272958454512,17.265467661725367,-68.80586398192283,23524.784885123358
2.336225,-35.63426270926599,-379.31834338740873,17.234005327845036,-57.04347153935723,23524.784885123358
2.336725,-36.63104974941787,-379.3091940014447,17.208424190186015,-45.281079096802074,23524.784885123358
2.337225,-36.28500058449591,-379.2994233286978,17.188724248748244,-33.51868665423646,23524.784885123358
2.337725,-34.62706594156005,-379.2901718534782,17.17490550353177,-21.756294211681304,23524.784885123358
2.338225,-35.04807432340477,-379.2801667356729,17.16696795453657,-9.993901769115695,152.79612451015888
2.338725,-35.896542499441814,-379.2704572614526,17.16199010316757,-9.917503706860591,152.79612451015888
2.339225,-34.80376891103025,-379.2602168798395,17.15705045082971,-9.841105644605554,152.79612451015888
2.339725,-34.04717671769272,-379.24996156335135,17.152148997522975,-9.764707582350448,152.79612451015888
2.340225,-32.22573464268815,-379.23980230171026,17.147285743247362,-9.68830952009541,152.79612451015888
2.340725,-30.37350787889349,-379.2290037249132,17.142460688002878,-9.611911457840307,152.79612451015888
2.341225,-29.33135861570119,-379.2176435375277,17.137673831789517,-9.535513395585202,152.79612451015888
2.3417249999999994,-27.42769732253636,-379.2062640967234,17.132925174607298,-9.459115333330232,152.79612451015888
2.342225,-26.43731838411784,-379.19503195514375,17.12821471645619,-9.382717271075059,152.79612451015888
2.342725,-25.242497850912528,-379.1834507911049,17.123542457336217,-9.306319208819954,152.79612451015888
2.3432249999999994,-23.78068953461684,-379.1725378117268,17.118908397247377,-9.229921146564985,152.79612451015888
2.343725,-25.92253387141364,-379.1610270288958,17.114312536189647,-9.153523084309812,152.79612451015888
2.344225,-27.81681429287445,-379.14965656483207,17.109754874163063,-9.077125022054775,152.79612451015888
2.3447249999999995,-28.172198329647244,-379.1376383266472,17.1052354111676,-9.000726959799739,152.79612451015888
2.345225,-25.735458991623453,-379.125310639115,17.100754147203258,-8.924328897544568,152.79612451015888
2.3457249999999994,-23.00614146273347,-379.1122850796408,17.09631108227006,-8.847930835289597,152.79612451015888
2.346225,-21.798155312474226,-379.0994951372571,17.091906216367974,-8.771532773034423,152.79612451015888
2.346725,-21.91757854604996,-379.08604925873703,17.087539549497016,-8.69513471077932,152.79612451015888
2.3472249999999995,-21.23395155863734,-379.07248456572097,17.0832110816572,-8.618736648524349,152.79612451015888
2.347725,-20.053309686063507,-379.05918558638234,17.078920812848494,-8.542338586269176,152.79612451015888
2.348225,-18.364389970263137,-379.0458550644949,17.07466874307093,-8.46594052401414,152.79612451015888
2.3487249999999995,-18.267572316783824,-379.03246426249194,17.070454872324486,-8.389542461759103,152.79612451015888
2.349225,-19.412377734314767,-379.01858900589673,17.066279200609163,-8.31314439950393,152.79612451015888
2.349725,-18.26556020580768,-379.0052340821404,17.062141727924978,-8.236746337248894,152.79612451015888
2.350225,-15.990302138370089,-378.99163771901203,17.058042454271916,-8.160348274993789,152.79612451015888
2.350725,-13.120030021042576,-378.9788593881394,17.053981379649986,-8.083950212738683,152.79612451015888
2.351225,-13.281748486042355,-378.9662127689264,17.049958504059177,-8.007552150483646,152.79612451015888
2.351725,-16.31724551209463,-378.9534515798175,17.0459738274995,-7.93115408822854,152.79612451015888
2.352225,-15.883276562756684,-378.9401920367391,17.04202734997095,-7.854756025973503,152.79612451015888
2.352725,-12.450566054368757,-378.92618718336144,17.038119071473524,-7.778357963718397,152.79612451015888
2.353225,-12.125253050095417,-378.9126242107544,17.03424899200723,-7.701959901463293,152.79612451015888
2.353725,-13.794311501565035,-378.8981552769428,17.030417111572064,-7.625561839208256,152.79612451015888
2.354225,-15.684935198334184,-378.88410413585336,17.02662343016802,-7.549163776953152,152.79612451015888
2.354725,-15.741806085385369,-378.8700998405907,17.022867947795106,-7.472765714698046,152.79612451015888
2.355225,-11.617755643763587,-378.8559915074989,17.019150664453324,-7.3963676524430095,152.79612451015888
2.355725,-9.915109698027347,-378.841183971611,17.015471580142663,-7.319969590187905,152.79612451015888
2.356225,-12.378930282852265,-378.8268902442672,17.011830694863136,-7.243571527932868,152.79612451015888
2.3567249999999995,-13.623419330495532,-378.8121981172549,17.008228008614736,-7.1671734656778305,152.79612451015888
2.357225,-12.925393270767085,-378.7974055147833,17.004663521397458,-7.090775403422657,152.79612451015888
2.3577249999999994,-11.559830551568384,-378.7826644543369,17.001137233211313,-7.014377341167688,152.79612451015888
2.358225,-13.136338032703708,-378.7679079228811,16.99764914405629,-6.937979278912516,152.79612451015888
2.358725,-18.77955260934409,-378.7532850250729,16.994199253932393,-6.86158121665741,152.79612451015888
2.3592249999999995,-22.36046123183582,-378.73882614792484,16.990787562839635,-6.785183154402441,152.79612451015888
2.359725,-20.652230949185213,-378.7251909166788,16.987414070777994,-6.708785092147268,152.79612451015888
2.360225,-17.179781981661268,-378.7106951722269,16.984078777747488,-6.632387029892231,152.79612451015888
2.3607249999999995,-17.788988850623536,-378.6966295601954,16.98078168374811,-6.5559889676371945,152.79612451015888
2.361225,-20.385892711474806,-378.68211713779067,16.977522788779847,-6.479590905382021,152.79612451015888
2.3617249999999994,-21.98204367458404,-378.66709691140403,16.974302092842724,-6.403192843127052,152.79612451015888
2.362225,-21.24106308265765,-378.65226165216706,16.97111959593672,-6.32679478087188,152.79612451015888
2.362725,-20.06876567624765,-378.6377279877739,16.967975298061848,-6.250396718616774,152.79612451015888
2.3632249999999995,-22.377725289695537,-378.6241164677729,16.96486919921811,-6.173998656361806,152.79612451015888
2.363725,-26.77970662414732,-378.610212553721,16.96180129940549,-6.097600594106633,152.79612451015888
2.364225,-27.6464630401884,-378.59647781795576,16.958771598623997,-6.021202531851596,152.79612451015888
2.3647249999999995,-25.580455759723627,-378.58282617238206,16.95578009687364,-5.9448044695965585,152.79612451015888
2.365225,-23.80517639029648,-378.5693431550683,16.952826794154404,-5.868406407341385,152.79612451015888
2.365725,-24.3014223916651,-378.5558745080829,16.949911690466298,-5.792008345086348,152.79612451015888
2.366225,-26.47316780905456,-378.54254265178014,16.94703478580932,-5.715610282831244,152.79612451015888
2.366725,-26.40851890371505,-378.5297229091836,16.94419608018346,-5.639212220576138,152.79612451015888
2.367225,-23.180164927149576,-378.5168227092243,16.941395573588743,-5.562814158321101,152.79612451015888
2.367725,-22.15850199524644,-378.5046084291306,16.938633266025146,-5.486416096065996,152.79612451015888
2.368225,-25.524734514800983,-378.4914377121289,16.935909157492674,-5.410018033810959,152.79612451015888
2.368725,-28.877616871965444,-378.478859903799,16.933223247991332,-5.333619971555854,152.79612451015888
2.369225,-30.131828074250432,-378.4656468692424,16.93057553752111,-5.257221909300749,152.79612451015888
2.369725,-27.88117675480021,-378.45281775330216,16.92796602608203,-5.180823847045712,152.79612451015888
2.370225,-26.84171287500821,-378.4400862574821,16.92539471367407,-5.104425784790608,152.79612451015888
2.370725,-29.61961555758984,-378.4276565132959,16.922861600297242,-5.028027722535571,152.79612451015888
2.371225,-31.18739446782491,-378.41576710954337,16.92036668595154,-4.9516296602804655,152.79612451015888
2.371725,-29.10978096137204,-378.40488861610163,16.91790997063696,-4.875231598025363,152.79612451015888
2.372225,-28.159899536716807,-378.3946739968641,16.91549145435351,-4.798833535770323,152.79612451015888
2.372725,-28.799484604650083,-378.3840671334856,16.91311113710119,-4.722435473515218,152.79612451015888
2.373225,-31.333784632781192,-378.3745300108536,16.910769018879993,-4.646037411260113,152.79612451015888
2.3737249999999994,-33.68841890637775,-378.36529744624426,16.90846509968993,-4.569639349005144,152.79612451015888
2.374225,-32.5439733674488,-378.356774708719,16.906199379530992,-4.4932412867499725,152.79612451015888
2.374725,-31.14524271367646,-378.3485177113916,16.903971858403178,-4.4168432244949365,152.79612451015888
2.3752249999999995,-31.92050091361478,-378.34100213600266,16.9017825363065,-4.340445162239897,152.79612451015888
2.375725,-33.97149976850481,-378.3342481020995,16.89963141324094,-4.264047099984724,152.79612451015888
2.376225,-34.11606996270987,-378.3277564247216,16.89751848920651,-4.187649037729687,152.79612451015888
2.3767249999999995,-33.22625576767287,-378.32174337671125,16.895443764203215,-4.11125097547465,152.79612451015888
2.377225,-33.33557429703325,-378.3167208556016,16.89340723823104,-4.034852913219477,152.79612451015888
2.3777249999999994,-34.75888660625829,-378.312182213602,16.891408911289997,-3.9584548509645083,152.79612451015888
2.378225,-36.55379729284881,-378.3085884278145,16.88944878338007,-3.8820567887093365,152.79612451015888
2.378725,-35.74011919324084,-378.3052354768602,16.88752685450128,-3.8056587264542325,152.79612451015888
2.3792249999999995,-34.914930171620746,-378.302057085727,16.885643124653615,-3.729260664199262,152.79612451015888
2.379725,-33.446815420753694,-378.2997682951891,16.883797593837077,-3.652862601944088,152.79612451015888
2.380225,-32.306215758211536,-378.2975657527775,16.881990262051673,-3.5764645396890518,152.79612451015888
2.3807249999999995,-32.13398557360429,-378.29560702716475,16.880221129297393,-3.500066477434014,152.79612451015888
2.381225,-30.98946629056105,-378.2940209286841,16.878490195574237,-3.4236684151788412,152.79612451015888
2.381725,-30.714751699738457,-378.2930183734536,16.876797460882212,-3.3472703529238057,152.79612451015888
2.382225,-31.129934832132182,-378.2922507783916,16.875142925221315,-3.270872290668701,152.79612451015888
2.382725,-30.98124129500033,-378.2916170690973,16.873526588591545,-3.194474228413596,152.79612451015888
2.383225,-32.15589603789662,-378.2918970542883,16.871948450992903,-3.1180761661585565,152.79612451015888
2.383725,-32.80223735879805,-378.2921759990929,16.870408512425385,-3.0416781039034517,152.79612451015888
2.384225,-32.25211413440694,-378.29237150701135,16.868906772888998,-2.9652800416484157,152.79612451015888
2.3847249999999995,-31.11296968693768,-378.29253447732833,16.86744323238374,-2.888881979393379,152.79612451015888
2.385225,-28.78711363815712,-378.293373115136,16.866017890909603,-2.812483917138206,152.79612451015888
2.385725,-28.51425195171141,-378.29426289099274,16.8646307484666,-2.7360858548831692,152.79612451015888
2.386225,-27.771573671852867,-378.29539376914397,16.863281805054722,-2.659687792628063,152.79612451015888
2.386725,-27.30524008020217,-378.2964105597344,16.86197106067397,-2.5832897303729583,152.79612451015888
2.387225,-26.56721208453659,-378.2974290583057,16.860698515324348,-2.5068916681179223,152.79612451015888
2.387725,-25.94540800011249,-378.2985251580758,16.85946416900585,-2.4304936058628175,152.79612451015888
2.388225,-27.98570613914358,-378.29925346239423,16.858268021718484,-2.3540955436077806,152.79612451015888
2.3887249999999995,-30.467358507574342,-378.2993546621166,16.857110073462245,-2.277697481352742,152.79612451015888
2.389225,-29.474036801737764,-378.2987880539001,16.855990324237133,-2.20129941909757,152.79612451015888
2.3897249999999994,-28.04391561673167,-378.2984147577991,16.85490877404315,-2.124901356842601,152.79612451015888
2.390225,-27.1436576889252,-378.2975135670045,16.853865422880293,-2.048503294587427,152.79612451015888
2.390725,-26.11647744559578,-378.29686603649384,16.852860270748558,-1.9721052323323232,152.79612451015888
2.3912249999999995,-27.02779268345228,-378.29549575102163,16.85189331764796,-1.8957071700773533,152.79612451015888
2.391725,-27.66399333050386,-378.2943075330267,16.850964563578486,-1.8193091078221804,152.79612451015888
2.3922249999999994,-26.58602043366779,-378.29218855591967,16.85007400854014,-1.7429110455672108,152.79612451015888
2.3927249999999995,-26.361369854179493,-378.29009971718585,16.849221652532915,-1.666512983312106,152.79612451015888
2.393225,-26.948986220886127,-378.2874769124468,16.848407495556827,-1.5901149210569347,152.79612451015888
2.3937249999999994,-27.51227152765336,-378.28464390844385,16.84763153761186,-1.513716858801965,152.79612451015888
2.394225,-26.704324136177924,-378.28224394071555,16.846893778698018,-1.4373187965467922,152.79612451015888
2.394725,-23.337310376485554,-378.27927776231746,16.846194218815313,-1.3609207342916871,152.79612451015888
2.3952249999999995,-21.614214641232245,-378.27619202596713,16.84553285796373,-1.2845226720367173,152.79612451015888
2.395725,-21.87583440248564,-378.2722160842183,16.844909696143276,-1.2081246097815455,152.79612451015888
2.396225,-22.250114284159576,-378.2677842581588,16.84432473335395,-1.1317265475265086,152.79612451015888
2.396725,-20.73093849294468,-378.2631541007527,16.843777969595756,-1.0553284852714035,152.79612451015888
2.397225,-19.08845063958304,-378.2574893107118,16.843269404868675,-0.9789304230162968,152.79612451015888
2.397725,-19.08519715533719,-378.25228306420524,16.842799039172732,-0.9025323607612619,152.79612451015888
2.398225,-20.36717051667448,-378.2465720119434,16.842366872507913,-0.8261342985061552,152.79612451015888
2.398725,-20.434679446393787,-378.24077811047846,16.841972904874225,-0.7497362362510502,152.79612451015888
2.399225,-18.67432507099665,-378.2343847642296,16.84161713627167,-0.6733381739960143,152.79612451015888
2.399725,-16.36815052904713,-378.2279819209815,16.841299566700233,-0.5969401117409093,152.79612451015888
2.400225,-16.136180635189465,-378.2212662557798,16.841020196159928,-0.5205420494858707,152.79612451015888
2.400725,-16.253618815956266,-378.21432513455926,16.84077902465074,-0.44414398723076665,152.79612451015888
2.401225,-16.606070484874632,-378.2067869294598,16.840576052172697,-0.3677459249756618,152.79612451015888
2.401725,-17.03452593461796,-378.1994682823305,16.84041127872577,-0.2913478627206249,152.79612451015888
2.402225,-16.98136640864104,-378.1913257696416,16.840284704309976,-0.21494980046551995,152.79612451015888
2.402725,-18.597799913883023,-378.1828080095195,16.840196328925302,-0.13855173821048303,152.79612451015888
2.403225,-21.513392532543627,-378.1745611353731,16.840146152571766,-0.06215367595537907,152.79612451015888
2.403725,-21.272751802636183,-378.16497421593425,16.84013417524935,0.01424438629972664,152.79612451015888
2.4042249999999994,-20.426137014565185,-378.1553346524395,16.840160396958062,0.09064244855469641,152.79612451015888
2.404725,-20.3152647185344,-378.14542167318325,16.8402248176979,0.16704051080986848,152.79612451015888
2.405225,-20.269362895252065,-378.1353625622445,16.840327437468872,0.24343857306497332,152.79612451015888
2.4057249999999994,-21.384341532802445,-378.12557258378115,16.840468256270967,0.3198366353199422,152.79612451015888
2.406225,-22.003302175147805,-378.11572628930094,16.84064727410419,0.39623469757511603,152.79612451015888
2.406725,-21.128134809992805,-378.10603903597627,16.840864490968546,0.47263275983015285,152.79612451015888
2.4072249999999995,-21.453768295676703,-378.09683014235037,16.84111990686402,0.5490308220851898,152.79612451015888
2.407725,-23.84182259038268,-378.08668953872365,16.841413521790628,0.6254288843403627,152.79612451015888
2.4082249999999994,-24.12265407215414,-378.07526776339,16.841745335748367,0.7018269465953325,152.79612451015888
2.408725,-24.15630383918026,-378.0641831836433,16.842115348737224,0.7782250088505045,152.79612451015888
2.409225,-23.583407521500884,-378.0534313760848,16.84252356075721,0.8546230711056103,152.79612451015888
2.4097249999999995,-22.90031709528624,-378.0427242686758,16.84296997180833,0.9310211333605785,152.79612451015888
2.410225,-24.40325228377231,-378.0324081078045,16.843454581890576,1.0074191956157512,152.79612451015888
2.410725,-24.71665081453784,-378.02229059982335,16.843977391003943,1.083817257870789,152.79612451015888
2.4112249999999995,-23.176769471002423,-378.0121263794457,16.844538399148448,1.1602153201258258,152.79612451015888
2.411725,-23.0891586901437,-378.00179785492156,16.845137606324073,1.2366133823809988,152.79612451015888
2.412225,-24.62055544266516,-377.99158357892895,16.845775012530826,1.3130114446360366,152.79612451015888
2.412725,-27.15838238638556,-377.9810628405858,16.846450617768706,1.3894095068911423,152.79612451015888
2.413225,-28.51792631000556,-377.9705591890624,16.847164422037718,1.4658075691462469,152.79612451015888
2.413725,-27.7661342030857,-377.96077908946324,16.847916425337853,1.5422056314012815,152.79612451015888
2.414225,-27.12661984488404,-377.950619362674,16.84870662766912,1.6186036936563863,152.79612451015888
2.414725,-28.79950339932335,-377.9402253760634,16.849535029031507,1.6950017559114257,152.79612451015888
2.415225,-29.28887394900448,-377.9301830820562,16.850401629425026,1.7713998181665305,152.79612451015888
2.415725,-28.115641558406708,-377.9190835074983,16.851306428849675,1.847797880421636,152.79612451015888
2.416225,-27.83433392147032,-377.9082960699177,16.85224942730545,1.9241959426766724,152.79612451015888
2.416725,-29.109656441887942,-377.89730036592044,16.853230624792356,2.0005940049317767,152.79612451015888
2.417225,-31.145405489641423,-377.8866820740426,16.854250021310385,2.0769920671868816,152.79612451015888
2.417725,-32.70899811925474,-377.87548102651607,16.855307616859537,2.1533901294419184,152.79612451015888
2.418225,-31.55246109662271,-377.8643247673104,16.85640341143983,2.2297881916970232,152.79612451015888
2.418725,-30.538551902973428,-377.8537072671966,16.857537405051236,2.3061862539520614,152.79612451015888
2.4192249999999995,-31.53702769682217,-377.8420904617026,16.858709597693775,2.382584316207098,152.79612451015888
2.419725,-32.14048350579119,-377.8303941059315,16.859919989367445,2.4589823784622706,152.79612451015888
2.4202249999999994,-31.736515411536733,-377.8176694746786,16.861168580072235,2.5353804407172404,152.79612451015888
2.420725,-31.774822701380675,-377.8055421262942,16.862455369808163,2.611778502972412,152.79612451015888
2.421225,-33.680636916406286,-377.7930589643737,16.863780358575216,2.6881765652275167,152.79612451015888
2.4217249999999995,-35.98497952783773,-377.78101546378576,16.86514354637339,2.7645746274824865,152.79612451015888
2.422225,-36.8860584202594,-377.7685464186419,16.866544933202693,2.840972689737661,152.79612451015888
2.422725,-35.12596596358361,-377.75634700426076,16.867984519063125,2.917370751992698,152.79612451015888
2.4232249999999995,-34.90469594883338,-377.7445541405324,16.869462303954684,2.993768814247734,152.79612451015888
2.423725,-33.96804502348219,-377.73260746379594,16.870978287877378,3.0701668765029066,152.79612451015888
2.4242249999999994,-31.36647020184341,-377.7204386713669,16.872532470831185,3.1465649387578765,152.79612451015888
2.424725,-29.876417353110355,-377.70907717431226,16.874124852816134,3.222963001013049,152.79612451015888
2.425225,-29.19446864760652,-377.6982743513998,16.875755433832207,3.2993610632681536,152.79612451015888
2.4257249999999995,-29.07268897341444,-377.6874548189066,16.8774242138794,3.3757591255231234,152.79612451015888
2.426225,-29.74657173943144,-377.6771024321244,16.879131192957725,3.452157187778296,152.79612451015888
2.426725,-29.89795490243569,-377.6661479506298,16.88087637106718,3.528555250033332,152.79612451015888
2.4272249999999995,-30.50788439476246,-377.6551320424643,16.88265974820776,3.604953312288369,152.79612451015888
2.427725,-30.9570734073266,-377.645005216749,16.88448132437947,3.6813513745435418,152.79612451015888
2.428225,-29.84398283606009,-377.6347927116659,16.886341099582303,3.7577494367985804,152.79612451015888
2.428725,-27.91341071600935,-377.62509111893877,16.88823907381627,3.834147499053686,152.79612451015888
2.429225,-26.37140439936781,-377.6155813484112,16.89017524708136,3.9105455613087905,152.79612451015888
2.429725,-25.21663784537199,-377.6068387634872,16.892149619377577,3.9869436235638265,152.79612451015888
2.430225,-22.986803579346848,-377.5981167205387,16.894162190704918,4.063341685818932,152.79612451015888
2.430725,-22.46661560943464,-377.5897385470735,16.896212961063394,4.1397397480739695,152.79612451015888
2.431225,-22.692816876093048,-377.58156035915533,16.89830193045299,4.216137810329074,152.79612451015888
2.431725,-22.789489501438805,-377.57348372613654,16.900429098873722,4.292535872584179,152.79612451015888
2.432225,-24.32804979537027,-377.56563245039007,16.90259446632558,4.368933934839217,152.79612451015888
2.432725,-25.335344735114248,-377.55796182509033,16.90479803280856,4.445331997094322,152.79612451015888
2.433225,-24.87252392523856,-377.55108662047456,16.90703979832267,4.521730059349358,152.79612451015888
2.433725,-23.92672581736956,-377.54433655115685,16.909319762867913,4.5981281216044625,152.79612451015888
2.434225,-22.72195732254596,-377.53786634926075,16.91163792644428,4.674526183859568,152.79612451015888
2.434725,-21.218849132859194,-377.53160517683654,16.91399428905177,4.7509242461146055,152.79612451015888
2.435225,-20.71985530042673,-377.52543169163783,16.916388850690396,4.827322308369709,152.79612451015888
2.435725,-20.83428203070544,-377.5193040971305,16.918821611360144,4.903720370624814,152.79612451015888
2.4362249999999994,-21.02516691945018,-377.51412534300215,16.921292571061016,4.980118432879785,152.79612451015888
2.436725,-20.927361501925283,-377.5087280355171,16.92380172979302,5.056516495134956,152.79612451015888
2.437225,-19.505224759632604,-377.5047267100509,16.92634908755615,5.132914557389994,152.79612451015888
2.4377249999999995,-20.02923491984754,-377.50023864875857,16.928934644350406,5.209312619645029,152.79612451015888
2.438225,-19.96498699155264,-377.4971632002413,16.931558400175795,5.285710681900205,152.79612451015888
2.438725,-17.507870521204868,-377.4949013614808,16.934220355032313,5.3621087441552415,152.79612451015888
2.4392249999999995,-16.952891066039967,-377.4922134752207,16.936920508919947,5.438506806410279,152.79612451015888
2.439725,-17.18689540187173,-377.4901748042451,16.939658861838723,5.514904868665451,152.79612451015888
2.4402249999999994,-15.946311314221912,-377.4881326593954,16.942435413788612,5.59130293092042,152.79612451015888
2.440725,-15.27551454095699,-377.4870900346748,16.945250164769643,5.667700993175592,152.79612451015888
2.441225,-13.0517062912914,-377.4863141462724,16.948103114781794,5.744099055430698,152.79612451015888
2.4417249999999995,-13.017179696116028,-377.4859695659808,16.95099426382507,5.820497117685666,152.79612451015888
2.442225,-15.985124293001473,-377.4855028659128,16.95392361189948,5.89689517994084,152.79612451015888
2.442725,-15.112792364027769,-377.4857587046887,16.95689115900501,5.973293242195877,152.79612451015888
2.4432249999999995,-13.548583477089776,-377.4850107730982,16.959896905141672,6.049691304450914,152.79612451015888
2.443725,-12.811174901587268,-377.4841180349118,16.962940850309465,6.126089366706087,152.79612451015888
2.444225,-13.31930999305855,-377.4842088904213,16.96602299450838,6.202487428961125,152.79612451015888
2.444725,-13.15450786526972,-377.4849698358887,16.969143337738423,6.278885491216229,152.79612451015888
2.445225,-11.7359309248084,-377.4858041605972,16.9723018799996,6.355283553471335,152.79612451015888
2.445725,-10.560601432992526,-377.48664377277,16.975498621291898,6.43168161572637,152.79612451015888
2.446225,-10.598875144695857,-377.48711038778487,16.978733561615325,6.508079677981475,152.79612451015888
2.446725,-12.898749596069674,-377.4874614318529,16.982006700969876,6.584477740236512,152.79612451015888
2.4472249999999995,-14.839745563577186,-377.48765571288914,16.985318039355555,6.66087580249155,152.79612451015888
2.447725,-12.646412762630115,-377.4876806524808,16.98866757677237,6.737273864746723,152.79612451015888
2.448225,-11.259464838874187,-377.4873658548224,16.992055313220305,6.81367192700176,152.79612451015888
2.448725,-12.526139091568655,-377.4869076713029,16.995481248699374,6.890069989256864,152.79612451015888
2.449225,-13.711638463529557,-377.48634609423806,16.998945383209563,6.96646805151197,152.79612451015888
2.449725,-13.864475536565042,-377.4851062862239,17.002447716750883,7.0428661137670066,152.79612451015888
2.450225,-13.013721494522368,-377.48305159394613,17.005988249323334,7.119264176022112,152.79612451015888
2.450725,-12.597841060531977,-377.4815109219918,17.009566980926905,7.1956622382771505,152.79612451015888
2.4512249999999995,-14.657656192830244,-377.4792285310595,17.013183911561605,7.2720603005321856,152.79612451015888
2.451725,-16.11124926302792,-377.47677218495414,17.016839041227442,7.34845836278736,152.79612451015888
2.4522249999999994,-14.77486014734058,-377.4743333912417,17.020532369924393,7.424856425042327,152.79612451015888
2.452725,-13.152274442823048,-377.4709733392287,17.02426389765248,7.5012544872974996,152.79612451015888
2.453225,-12.563637343987336,-377.467415524967,17.028033624411695,7.577652549552605,152.79612451015888
2.4537249999999995,-12.802223913594196,-377.46317576670174,17.03184155020203,7.654050611807576,152.79612451015888
2.454225,-14.725879862883028,-377.4586532761406,17.0356876750235,7.730448674062747,152.79612451015888
2.4547249999999994,-14.122377247052722,-377.4521348812638,17.03957199887609,7.806846736317717,152.79612451015888
2.4552249999999995,-12.856044043728584,-377.44569229018225,17.043494521759815,7.8832447985728225,152.79612451015888
2.455725,-13.56253936087017,-377.43849510002633,17.04745524367467,7.959642860827995,152.79612451015888
2.4562249999999994,-15.834321718755664,-377.43092573463315,17.05145416462064,8.036040923082963,152.79612451015888
2.456725,-18.411233660180034,-377.42367227743364,17.055491284597753,8.112438985338137,152.79612451015888
2.457225,-17.127049958966055,-377.4153278105339,17.059566603605983,8.188837047593243,152.79612451015888
2.4577249999999995,-13.761613224161902,-377.40662328340244,17.06368012164534,8.265235109848211,152.79612451015888
2.458225,-13.489494530631188,-377.3972218723211,17.067831838715833,8.341633172103386,152.79612451015888
2.458725,-16.102168414544828,-377.38736875822724,17.07202175481745,8.41803123435842,152.79612451015888
2.459225,-15.679594707573278,-377.3767614845734,17.07624986995019,8.494429296613525,152.79612451015888
2.459725,-14.425748567150723,-377.36518596929693,17.080516184114064,8.57082735886863,152.79612451015888
2.460225,-14.910745996342726,-377.3536296022373,17.08482069730906,8.647225421123666,152.79612451015888
2.460725,-16.906060546042816,-377.3415063930959,17.089163409535182,8.723623483378772,152.79612451015888
2.461225,-19.70993030452296,-377.3289532905168,17.09354432079244,8.800021545633877,152.79612451015888
2.461725,-20.85955845207036,-377.315212178507,17.09796343108082,8.876419607888918,152.79612451015888
2.462225,-18.519205139461057,-377.300873924226,17.10242074040033,8.95281767014402,152.79612451015888
2.462725,-17.04805088258653,-377.28623418700204,17.106916248750963,9.02921573239906,152.79612451015888
2.463225,-17.60765949304845,-377.2706524061998,17.11144995613273,9.105613794654163,152.79612451015888
2.463725,-18.02682678356802,-377.2548150050821,17.11602186254562,9.182011856909266,152.79612451015888
2.464225,-18.81048288687096,-377.23832266232716,17.12063196798963,9.258409919164302,152.79612451015888
2.464725,-18.784867477092668,-377.22212537162915,17.12528027246478,9.334807981419408,152.79612451015888
2.465225,-20.393176429560107,-377.2055132759177,17.129966775971052,9.411206043674445,152.79612451015888
2.465725,-23.332993487468865,-377.18830053256977,17.134691478508454,9.48760410592955,152.79612451015888
2.466225,-25.335297736763085,-377.17059570141373,17.139454380076987,9.564002168184656,152.79612451015888
2.4667249999999994,-25.42109062611734,-377.1522014452516,17.144255480676634,9.640400230439624,152.79612451015888
2.467225,-24.85701621053459,-377.1333400361257,17.149094780307426,9.716798292694799,152.79612451015888
2.467725,-24.10484485063196,-377.11424412414345,17.153972278969334,9.793196354949902,152.79612451015888
2.4682249999999994,-23.614704957873386,-377.0953296423868,17.15888797666237,9.869594417204873,152.79612451015888
2.468725,-23.39157169811988,-377.07599105806503,17.16384187338654,9.945992479460045,152.79612451015888
2.469225,-24.108305085116505,-377.05695332850297,17.168833969141833,10.022390541715083,152.79612451015888
2.4697249999999995,-23.48895440692032,-377.0378630145781,17.17386426392825,10.098788603970117,152.79612451015888
2.470225,-23.81354527494313,-377.01842477595284,17.178932757745805,10.175186666225292,152.79612451015888
2.4707249999999994,-25.888499800603974,-376.99929861515835,17.184039450594472,10.25158472848026,152.79612451015888
2.471225,-28.35354139822369,-376.98042461438314,17.189184342474285,10.327982790735433,152.79612451015888
2.471725,-30.20249763951823,-376.962502476469,17.19436743338522,10.404380852990538,152.79612451015888
2.4722249999999995,-28.224762661801712,-376.9439838073988,17.19958872332727,10.48077891524551,152.79612451015888
2.472725,-26.670677989001945,-376.9262409567705,17.204848212300465,10.55717697750068,152.79612451015888
2.473225,-27.590813524218856,-376.9082203224741,17.21014590030477,10.633575039755717,152.79612451015888
2.4737249999999995,-27.309228756956657,-376.8908077707591,17.21548178734021,10.709973102010755,152.79612451015888
2.474225,-25.488085430273195,-376.87334466856316,17.220855873406787,10.786371164265928,152.79612451015888
2.474725,-24.46792837684519,-376.85546264828207,17.22626815850448,10.862769226520964,152.79612451015888
2.475225,-24.029901260406813,-376.8379443186026,17.231718642633307,10.939167288776071,152.79612451015888
2.475725,-26.133073957999727,-376.82049317220293,17.23720732579326,11.015565351031174,152.79612451015888
2.476225,-29.126192014652048,-376.80430176653374,17.242734207984334,11.091963413286212,152.79612451015888
2.476725,-30.093175792801865,-376.78822041997273,17.248299289206546,11.168361475541317,152.79612451015888
2.477225,-29.29451347703752,-376.77241260413626,17.25390256945988,11.244759537796353,152.79612451015888
2.477725,-28.84212808730004,-376.7566721813982,17.259544048744342,11.321157600051459,152.79612451015888
2.478225,-29.250377477308167,-376.7409171509361,17.26522372705993,11.39755566230656,152.79612451015888
2.478725,-28.500595375024886,-376.72584451315095,17.270941604406648,11.473953724561598,152.79612451015888
2.479225,-26.57103940815633,-376.71106878254653,17.276697680784494,11.550351786816705,152.79612451015888
2.479725,-24.64444562902472,-376.69715458160647,17.282491956193464,11.62674984907181,152.79612451015888
2.480225,-24.382348908545183,-376.6836896504216,17.288324430633562,11.703147911326848,152.79612451015888
2.480725,-25.972047150785897,-376.6703457149329,17.294195104104794,11.779545973581952,152.79612451015888
2.481225,-25.66713144503416,-376.6572925878566,17.300103976607144,11.85594403583699,152.79612451015888
2.4817249999999995,-25.02143294062427,-376.64473711382016,17.30605104814062,11.932342098092025,152.79612451015888
2.482225,-25.89699407533417,-376.6329747686381,17.31203631870524,12.0087401603472,152.79612451015888
2.4827249999999994,-25.52229570838677,-376.62199813917096,17.31805978830097,12.085138222602168,152.79612451015888
2.483225,-26.052973225732018,-376.6119758369173,17.324121456927845,12.161536284857343,152.79612451015888
2.483725,-27.865446747943725,-376.6027018251968,17.330221324585835,12.237934347112446,152.79612451015888
2.4842249999999995,-26.93538231439092,-376.59446873318456,17.33635939127495,12.314332409367415,152.79612451015888
2.484725,-25.424138732564384,-376.5866317577979,17.3425356569952,12.390730471622586,152.79612451015888
2.485225,-23.10269479016247,-376.57978387938107,17.348750121746573,12.467128533877625,152.79612451015888
2.4857249999999995,-22.358902655098337,-376.57309801473593,17.355002785529077,12.543526596132661,152.79612451015888
2.486225,-23.39381969561068,-376.5669114427476,17.361293648342713,12.619924658387832,152.79612451015888
2.4867249999999994,-22.067770825479265,-376.5614232283802,17.367622710187458,12.696322720642806,152.79612451015888
2.487225,-18.21463757544568,-376.55603622929004,17.373989971063352,12.772720782897979,152.79612451015888
2.487725,-16.67557401736894,-376.5518508285783,17.380395430970367,12.849118845153084,152.79612451015888
2.4882249999999995,-17.99538371373021,-376.5477060979042,17.3868390899085,12.92551690740805,152.79612451015888
2.488725,-17.155547947536114,-376.5441556276777,17.393320947877775,13.001914969663225,152.79612451015888
2.489225,-16.48466484617919,-376.5402540290266,17.399841004878166,13.078313031918258,152.79612451015888
2.4897249999999995,-15.5920029585628,-376.53677630698047,17.406399260909687,13.1547110941733,152.79612451015888
2.490225,-15.653004229574645,-376.5332169363345,17.412995715972343,13.23110915642847,152.79612451015888
2.490725,-18.855149820685654,-376.5300607430522,17.41963037006612,13.307507218683508,152.79612451015888
2.491225,-20.46784919236724,-376.52776860930004,17.426303223191027,13.383905280938611,152.79612451015888
2.491725,-17.611267039635074,-376.52515855796787,17.43301427534706,13.460303343193717,152.79612451015888
2.492225,-14.722829142364684,-376.5232997911022,17.439763526534218,13.536701405448758,152.79612451015888
2.492725,-12.849969194033772,-376.52067271205317,17.446550976752505,13.613099467703861,152.79612451015888
2.493225,-13.9502685150844,-376.5184475941729,17.45337662600192,13.689497529958897,152.79612451015888
2.493725,-14.556414240569143,-376.5157507648074,17.460240474282465,13.765895592214004,152.79612451015888
2.494225,-12.480523682238829,-376.51359158224227,17.467142521594138,13.84229365446911,152.79612451015888
2.494725,-11.505235280817462,-376.51163301822066,17.47408276793693,13.918691716724144,152.79612451015888
2.495225,-12.592582281538926,-376.51001072394666,17.481061213310863,13.99508977897925,152.79612451015888
2.495725,-14.494569670822504,-376.50883000213713,17.48807785771591,14.071487841234285,152.79612451015888
2.496225,-12.388968399656925,-376.5071247618629,17.49513270115209,14.147885903489389,152.79612451015888
2.496725,-10.43047128884617,-376.50557767976846,17.502225743619405,14.224283965744494,152.79612451015888
2.497225,-9.81434536136187,-376.5031700587539,17.50935698511784,14.300682027999533,152.79612451015888
2.497725,-9.114632261349817,-376.5010595566409,17.516526425647402,14.377080090254637,152.79612451015888
2.498225,-11.60594413196345,-376.49840793475744,17.5237340652081,14.453478152509742,152.79612451015888
2.4987249999999994,-11.729978674882602,-376.4948553658727,17.530979903799903,14.529876214764712,152.79612451015888
2.499225,-9.42620989651991,-376.49111568433915,17.53826394142286,14.606274277019885,152.79612451015888
2.499725,-9.680497180535806,-376.4871007967728,17.545586178076928,14.682672339274921,152.79612451015888
2.5002249999999995,-10.359606482871156,-376.4823584383808,17.552946613762128,14.759070401529959,152.79612451015888
2.500725,-11.942305669274868,-376.47683068042414,17.560345248478466,14.83546846378513,152.79612451015888
2.501225,-12.494854480057333,-376.4712182838424,17.567782082225918,14.91186652604017,152.79612451015888
2.5017249999999995,-10.188347367723622,-376.4648539034669,17.575257115004497,14.988264588295202,152.79612451015888
2.502225,-8.622533427188397,-376.4578738641395,17.58277034681422,15.064662650550376,152.79612451015888
2.5027249999999994,-9.327777282075411,-376.45126635127616,17.590321777655042,15.141060712805348,152.79612451015888
2.503225,-8.97665685541334,-376.44424546799775,17.597911407527018,15.21745877506052,152.79612451015888
2.503725,-7.892338582500836,-376.43681088007617,17.605539236430115,15.293856837315625,152.79612451015888
2.5042249999999995,-7.434744692380069,-376.4285798789556,17.613205264364332,15.370254899570597,152.79612451015888
2.504725,-8.072089893170235,-376.4201587997875,17.620909491329684,15.446652961825768,152.79612451015888
2.505225,-10.906744400355564,-376.41075366342915,17.628651917326156,15.523051024080806,152.79612451015888
2.5057249999999995,-14.46887218770508,-376.40015511912725,17.636432542353756,15.599449086335841,152.79612451015888
2.506225,-14.235642846243064,-376.38949939393166,17.644251366412497,15.675847148591016,152.79612451015888
2.506725,-12.003861679799453,-376.37855001859646,17.652108389502352,15.75224521084605,152.79612451015888
2.507225,-10.2515988323925,-376.36704304452087,17.660003611623342,15.828643273101155,152.79612451015888
2.507725,-8.927346122024652,-376.3550661982494,17.66793703277546,15.90504133535626,152.79612451015888
2.508225,-10.869681043893568,-376.3423237626605,17.675908652958697,15.9814393976113,152.79612451015888
2.508725,-9.853027021385142,-376.3293059472565,17.683918472173072,16.057837459866406,152.79612451015888
2.509225,-8.581809426016711,-376.31584587064157,17.691966490418558,16.13423552212144,152.79612451015888
2.5097249999999995,-10.633911700445074,-376.30170012832787,17.700052707695185,16.210633584376478,152.79612451015888
2.510225,-13.713519361740577,-376.28683057122777,17.708177124002948,16.28703164663165,152.79612451015888
2.510725,-15.845853177584583,-376.2714983376129,17.716339739341812,16.363429708886688,152.79612451015888
2.511225,-14.832577840806334,-376.25586038049215,17.72454055371183,16.439827771141793,152.79612451015888
2.511725,-13.436649119478687,-376.23972193264063,17.732779567112967,16.5162258333969,152.79612451015888
2.512225,-13.763646000949752,-376.22354555749706,17.74105677954523,16.592623895651936,152.79612451015888
2.512725,-13.104560157987686,-376.2059031874972,17.749372191008618,16.66902195790704,152.79612451015888
2.513225,-13.820099335890712,-376.1881595880871,17.75772580150313,16.745420020162076,152.79612451015888
2.5137249999999995,-12.645340501947617,-376.16962446790313,17.76611761102877,16.82181808241711,152.79612451015888
2.514225,-9.729326501404028,-376.15113103144995,17.774547619585555,16.898216144672286,152.79612451015888
2.5147249999999994,-10.60097430178455,-376.13286377349954,17.783015827173443,16.974614206927257,152.79612451015888
2.515225,-13.087933347360709,-376.11426576984735,17.791522233792477,17.05101226918243,152.79612451015888
2.515725,-15.531693696384476,-376.0958088497969,17.800066839442643,17.127410331437535,152.79612451015888
2.5162249999999995,-17.062063226095102,-376.07787745232423,17.808649644123914,17.203808393692505,152.79612451015888
2.516725,-14.987561943722572,-376.0603622288875,17.817270647836327,17.280206455947674,152.79612451015888
2.5172249999999994,-15.201115147435962,-376.04351151879547,17.82592985057985,17.356604518202644,152.79612451015888
2.5177249999999995,-17.94368970858327,-376.0265234462542,17.834627252354522,17.433002580457753,152.79612451015888
2.518225,-16.431319988887203,-376.01008891143647,17.843362853160322,17.509400642712922,152.79612451015888
2.5187249999999994,-14.11419207233946,-375.9938130991857,17.852136652997235,17.585798704967893,152.79612451015888
2.519225,-12.893587980496022,-375.97755558896785,17.860948651865293,17.662196767223065,152.79612451015888
2.519725,-12.672473466044607,-375.9617668741082,17.869798849764468,17.73859482947817,152.79612451015888
2.5202249999999995,-16.15104668754325,-375.9462707146643,17.878687246694756,17.814992891733137,152.79612451015888
2.520725,-18.09531425184907,-375.93099353645783,17.887613842656194,17.89139095398831,152.79612451015888
2.521225,-17.24163963529196,-375.9161972439274,17.896578637648748,17.967789016243348,152.79612451015888
2.521725,-15.880228641069014,-375.90220455572,17.905581631672437,18.044187078498453,152.79612451015888
2.522225,-15.698225989036828,-375.8892905312733,17.914622824727257,18.120585140753555,152.79612451015888
2.522725,-17.26924575898115,-375.87666827876996,17.923702216813194,18.1969832030086,152.79612451015888
2.523225,-19.06807550020854,-375.8648243324939,17.93281980793026,18.2733812652637,152.79612451015888
2.523725,-16.68111253245231,-375.8535107090228,17.941975598078457,18.34977932751881,152.79612451015888
2.524225,-14.716668299204176,-375.8426450526326,17.951169587257777,18.426177389773844,152.79612451015888
2.524725,-17.077814162473732,-375.8318659942622,17.960401775468238,18.50257545202895,152.79612451015888
2.525225,-19.88848760167651,-375.82171477597296,17.9696721627098,18.578973514283984,152.79612451015888
2.525725,-20.537843904252497,-375.812277755082,17.97898074898251,18.655371576539093,152.79612451015888
2.526225,-17.81601294900097,-375.8031610046002,17.988327534286356,18.731769638794198,152.79612451015888
2.526725,-16.325928278409016,-375.7949545818785,17.997712518621306,18.808167701049236,152.79612451015888
2.527225,-18.00198454874424,-375.78716743481743,18.0071357019874,18.884565763304337,152.79612451015888
2.527725,-19.38886839242629,-375.7805112316561,18.01659708438461,18.96096382555937,152.79612451015888
2.528225,-20.470021302353203,-375.77393867027837,18.026096665812958,19.037361887814477,152.79612451015888
2.528725,-18.81734598063748,-375.7685615688717,18.03563444627243,19.113759950069582,152.79612451015888
2.5292249999999994,-16.069734819085852,-375.76369431442356,18.045210425763017,19.190158012324552,152.79612451015888
2.529725,-17.086601866775457,-375.76000671925067,18.05482460428475,19.266556074579725,152.79612451015888
2.530225,-18.71212204121174,-375.7571966487666,18.06447698183761,19.34295413683483,152.79612451015888
2.5307249999999994,-18.70080071657132,-375.755114851731,18.07416755842158,19.419352199089804,152.79612451015888
2.531225,-18.23049793780018,-375.7536078864936,18.083896334036698,19.49575026134497,152.79612451015888
2.531725,-15.189489985799572,-375.7523702873829,18.09366330868293,19.572148323600008,152.79612451015888
2.5322249999999995,-16.44189908107935,-375.7515224355485,18.103468482360295,19.64854638585505,152.79612451015888
2.532725,-18.73509035598469,-375.7507910833591,18.113311855068794,19.724944448110218,152.79612451015888
2.5332249999999994,-16.563369787758415,-375.7497985529759,18.123193426808395,19.801342510365185,152.79612451015888
2.533725,-15.564406294236878,-375.7485203506258,18.133113197579153,19.87774057262036,152.79612451015888
2.534225,-14.55184692091755,-375.74721676017504,18.143071167381027,19.954138634875466,152.79612451015888
2.5347249999999995,-15.13204001334331,-375.74711323064093,18.153067336214022,20.030536697130437,152.79612451015888
2.535225,-19.2861127836135,-375.7466546973005,18.16310170407816,20.106934759385602,152.79612451015888
2.535725,-20.23122784153957,-375.74625171718094,18.17317427097341,20.183332821640647,152.79612451015888
2.5362249999999995,-18.1847124620627,-375.74588012051964,18.183285036899786,20.25973088389568,152.79612451015888
2.536725,-16.64747507593336,-375.7457457021684,18.193434001857312,20.336128946150854,152.79612451015888
2.537225,-14.891311252606334,-375.74528127656436,18.203621165845945,20.412527008405895,152.79612451015888
2.537725,-16.227974454307578,-375.74505343591784,18.213846528865716,20.488925070661,152.79612451015888
2.538225,-17.71730817713111,-375.74440869174293,18.224110090916614,20.565323132916106,152.79612451015888
2.538725,-14.264969719454092,-375.74301530027594,18.23441185199863,20.64172119517114,152.79612451015888
2.539225,-13.41157332526809,-375.74152864113734,18.244751812111783,20.718119257426245,152.79612451015888
2.539725,-16.49315006337835,-375.739322899891,18.255129971256054,20.794517319681283,152.79612451015888
2.540225,-19.295362276810863,-375.73613280211725,18.265546329431462,20.87091538193639,152.79612451015888
2.540725,-19.97909594728768,-375.7321779789605,18.276000886638005,20.947313444191494,152.79612451015888
2.541225,-16.352070379281525,-375.727348206877,18.286493642875648,21.023711506446528,152.79612451015888
2.541725,-14.113433261789378,-375.7223345558254,18.297024598144446,21.100109568701637,152.79612451015888
2.542225,-14.870034035281495,-375.716932436042,18.307593752444365,21.17650763095674,152.79612451015888
2.542725,-15.579432880330026,-375.7108759087879,18.318201105775394,21.25290569321178,152.79612451015888
2.543225,-16.316521322418836,-375.7041047885749,18.328846658137575,21.32930375546688,152.79612451015888
2.543725,-14.105223058293646,-375.6966571893519,18.339530409530862,21.40570181772192,152.79612451015888
2.5442249999999995,-10.460803249959383,-375.6882062993384,18.350252359955284,21.482099879976953,152.79612451015888
2.544725,-11.7702956265864,-375.67977827003995,18.361012509410845,21.558497942232126,152.79612451015888
2.5452249999999994,-14.83432706559906,-375.66978327149684,18.371810857897508,21.634896004487096,152.79612451015888
2.545725,-15.221762148065974,-375.6594490278453,18.38264740541533,21.71129406674227,152.79612451015888
2.546225,-13.248770356495138,-375.6483604638337,18.393522151964273,21.787692128997374,152.79612451015888
2.5467249999999995,-9.406989034376252,-375.6371212310808,18.404435097544315,21.864090191252348,152.79612451015888
2.547225,-11.165238798582228,-375.62528161221246,18.415386242155517,21.94048825350751,152.79612451015888
2.547725,-13.777907695966965,-375.61294510197433,18.42637558579783,22.01688631576255,152.79612451015888
2.5482249999999995,-11.649039244933508,-375.5993639997669,18.43740312847127,22.093284378017593,152.79612451015888
2.548725,-9.885631836677309,-375.5855525774518,18.448468870175855,22.169682440272762,152.79612451015888
2.5492249999999994,-8.865084497310757,-375.57133943481716,18.459572810911542,22.246080502527732,152.79612451015888
2.549725,-11.299742775719604,-375.55694148879076,18.47071495067838,22.322478564782905,152.79612451015888
2.550225,-16.621695965850357,-375.5423396785658,18.481895289476338,22.39887662703801,152.79612451015888
2.5507249999999995,-15.795429117872567,-375.5273343294365,18.493113827305404,22.47527468929298,152.79612451015888
2.551225,-13.155000502281569,-375.5115784229185,18.504370564165633,22.551672751548153,152.79612451015888
2.551725,-10.786848171653713,-375.4958715028229,18.51566550005696,22.62807081380319,-1087.203061476312
2.5522249999999995,-9.593047526407243,-375.4793758263684,18.52684363508117,22.084469283065335,-1087.203061476312
2.552725,-12.194282655447823,-375.46301517049267,18.537749969340034,21.540867752326516,-1087.203061476312
2.553225,-12.05885480560102,-375.44596277105205,18.548384502833503,20.997266221588664,-1087.203061476312
2.553725,-8.038206599659178,-375.4292121507734,18.55874723556162,20.453664690850324,-1087.203061476312
2.554225,-8.438960772453882,-375.4122554964666,18.568838167524365,19.910063160111985,-1087.203061476312
2.554725,-12.421511793883733,-375.3950895505478,18.57865729872173,19.366461629374133,-1087.203061476312
2.555225,-16.639981157080875,-375.3783838380908,18.588204629153736,18.822860098635797,-1087.203061476312
2.555725,-15.76314290981584,-375.3613331540677,18.59748015882036,18.27925856789794,-1087.203061476312
2.556225,-11.45981978172168,-375.3446319394833,18.606483887721634,17.7356570371596,-1087.203061476312
2.556725,-11.74927650615513,-375.3280697820977,18.615215815857532,17.192055506421262,-1087.203061476312
2.557225,-13.194348186559091,-375.3119169724781,18.62367594322805,16.64845397568341,-1087.203061476312
2.557725,-14.42859359604012,-375.29604033991995,18.631864269833212,16.104852444945067,-1087.203061476312
2.558225,-13.905011025753105,-375.28035190312414,18.639780795672998,15.561250914207216,-1087.203061476312
2.558725,-10.30327246021152,-375.2653931945098,18.64742552074742,15.017649383468882,-1087.203061476312
2.559225,-8.400291346681135,-375.2499326845397,18.654798445056468,14.474047852730543,-1087.203061476312
2.559725,-11.591963506858535,-375.2348466393584,18.66189956860015,13.93044632199269,-1087.203061476312
2.560225,-14.655269538118892,-375.2191995946872,18.668728891378457,13.386844791254347,-1087.203061476312
2.560725,-14.7463684163909,-375.2041694056663,18.675286413391404,12.843243260516013,-1087.203061476312
2.5612249999999994,-12.939452788279295,-375.1898830451474,18.68157213463897,12.299641729778644,-1087.203061476312
2.561725,-10.63163820958665,-375.1756453974122,18.687586055121187,11.75604019903982,-1087.203061476312
2.562225,-13.502836909456004,-375.16223115717185,18.693328174838012,11.212438668301965,-1087.203061476312
2.5627249999999995,-14.1812833217385,-375.14906637471347,18.69879849378948,10.668837137564111,-1087.203061476312
2.563225,-10.207506232388996,-375.1362435996197,18.70399701197558,10.12523560682529,-1087.203061476312
2.563725,-9.113070849796085,-375.12371091675817,18.708923729396307,9.581634076087436,-1087.203061476312
2.5642249999999995,-9.254027367886028,-375.11165281630707,18.71357864605166,9.03803254534958,-1087.203061476312
2.564725,-11.24001130583575,-375.10009947650605,18.71796176194166,8.494431014610761,-1087.203061476312
2.5652249999999994,-15.909944798332338,-375.08939728544226,18.722073077066277,7.950829483873389,-1087.203061476312
2.565725,-15.685854563782945,-375.07891324931984,18.72591259142553,7.4072279531345675,-1087.203061476312
2.566225,-14.335732248159534,-375.0688890936612,18.729480305019415,6.863626422396232,-1087.203061476312
2.5667249999999995,-12.568062554027062,-375.05878659736067,18.732776217847924,6.320024891658858,-1087.203061476312
2.567225,-10.898396301465691,-375.0488970537798,18.735800329911076,5.776423360920039,-1087.203061476312
2.567725,-13.31126199668218,-375.0390323920732,18.738552641208845,5.232821830182184,-1087.203061476312
2.5682249999999995,-13.666163546498208,-375.02908109964693,18.74103315174125,4.689220299444329,-1087.203061476312
2.568725,-10.012092575645074,-375.01916968589416,18.743241861508295,4.145618768705507,-1087.203061476312
2.569225,-9.583705112162372,-375.0093941963615,18.74517877050996,3.6020172379676545,-1087.203061476312
2.569725,-12.242762581813675,-375.0004547413263,18.746843878746255,3.058415707229316,-1087.203061476312
2.570225,-16.214220396250305,-374.9916927391111,18.74823718621719,2.5148141764909755,-1087.203061476312
2.570725,-15.725255934938293,-374.9828086886959,18.74935869292275,1.9712126457531232,-1087.203061476312
2.571225,-11.446816836480169,-374.97421747688264,18.750208398862938,1.427611115014786,-1087.203061476312
2.571725,-11.202819494516962,-374.96548800382726,18.750786304037767,0.8840095842769305,-1087.203061476312
2.5722249999999995,-12.290359214438949,-374.95705721074034,18.751092408447217,0.34040805353907483,-1087.203061476312
2.572725,-13.750127653073488,-374.9484647189183,18.751126712091303,-0.20319347719974679,-1087.203061476312
2.573225,-13.415878959884086,-374.93968867594793,18.750889214970016,-0.7467950079375991,-1087.203061476312
2.573725,-9.018206269418894,-374.9308479804635,18.750379917083364,-1.290396538675936,-1087.203061476312
2.574225,-6.578713345651839,-374.9223364821029,18.74959881843134,-1.8339980694142766,-1087.203061476312
2.574725,-9.381939148344214,-374.91331652748795,18.748545919013953,-2.377599600152129,-1087.203061476312
2.575225,-11.857133602010348,-374.9048702380807,18.747221218831186,-2.921201130890469,-1087.203061476312
2.575725,-11.976897977885752,-374.8960421577009,18.745624717883064,-3.464802661628321,-1087.203061476312
2.5762249999999995,-8.885567930064067,-374.8878381231654,18.74375641616956,-4.008404192366177,-1087.203061476312
2.576725,-6.1129026677540415,-374.8805274361017,18.741616313690695,-4.552005723104995,-1087.203061476312
2.5772249999999994,-9.413185462645403,-374.8735060731262,18.739204410446458,-5.09560725384237,-1087.203061476312
2.577725,-9.773010937391582,-374.867252804783,18.73652070643685,-5.639208784581191,-1087.203061476312
2.578225,-6.97257685188581,-374.86101522941794,18.73356520166188,-6.182810315319526,-1087.203061476312
2.5787249999999995,-5.62527681907096,-374.85516349166426,18.730337896121537,-6.726411846056896,-1087.203061476312
2.579225,-4.622909622666076,-374.8488891550699,18.726838789815815,-7.270013376795721,-1087.203061476312
2.5797249999999994,-7.785527574940136,-374.8429717680755,18.72306788274474,-7.813614907533089,-1087.203061476312
2.5802249999999995,-12.303100109600845,-374.837080183961,18.719025174908296,-8.35721643827143,-1087.203061476312
2.580725,-11.383605048626778,-374.8307392685286,18.714710666306463,-8.900817969010252,-1087.203061476312
2.5812249999999994,-9.04237556778292,-374.82495828581,18.71012435693928,-9.444419499747621,-1087.203061476312
2.581725,-5.960877837450347,-374.819302528096,18.705266246806712,-9.98802103048644,-1087.203061476312
2.582225,-5.301409365244424,-374.8136275801878,18.70013633590878,-10.53162256122478,-1087.203061476312
2.5827249999999995,-8.934776139122832,-374.8080840954967,18.694734624245495,-11.075224091962154,-1087.203061476312
2.583225,-8.598197470653815,-374.8024995891223,18.689061111816823,-11.618825622700971,-1087.203061476312
2.583725,-4.648024695974609,-374.79653798089277,18.68311579862279,-12.162427153438822,-1087.203061476312
2.584225,-4.618402401652668,-374.79124705173854,18.67689868466338,-12.706028684177163,-1087.203061476312
2.584725,-7.236767514999951,-374.78568239610456,18.67040976993861,-13.2496302149155,-1087.203061476312
2.585225,-11.69426649957643,-374.78040679786994,18.663649054448474,-13.793231745653353,-1087.203061476312
2.585725,-11.05343281556553,-374.7745461109119,18.656616538192957,-14.336833276391694,-1087.203061476312
2.586225,-6.012886313323682,-374.76902511539276,18.649312221172075,-14.880434807130028,-1087.203061476312
2.586725,-5.803185917708018,-374.7636571375796,18.64173610338583,-15.42403633786788,-1087.203061476312
2.587225,-7.127918295882305,-374.75759926707434,18.63388818483421,-15.967637868606225,-1087.203061476312
2.587725,-10.342359816269257,-374.7522292629073,18.625768465517226,-16.511239399344074,-1087.203061476312
2.588225,-11.058369063189671,-374.7468400110304,18.617376945434863,-17.054840930082417,-1087.203061476312
2.588725,-5.907941067470958,-374.7414678612605,18.608713624587143,-17.598442460820756,-1087.203061476312
2.589225,-4.431586593874274,-374.7365926668777,18.599778502974043,-18.14204399155861,-1087.203061476312
2.589725,-8.681925313726573,-374.7317256914613,18.590571580595576,-18.685645522296944,-1087.203061476312
2.590225,-11.76760800339946,-374.72686579847516,18.581092857451758,-19.229247053034797,-1087.203061476312
2.590725,-12.192907833108626,-374.7223026813559,18.571342333542553,-19.772848583773143,-1087.203061476312
2.591225,-8.40099163316572,-374.71797915911424,18.561320008867973,-20.316450114511476,-1087.203061476312
2.5917249999999994,-6.412543757900541,-374.71426260880577,18.551025883428046,-20.860051645248845,-1087.203061476312
2.592225,-11.544267938565518,-374.71020042863194,18.540459957222726,-21.403653175987674,-1087.203061476312
2.592725,-11.939776110320809,-374.7065053982991,18.529622230252045,-21.947254706726003,-1087.203061476312
2.5932249999999994,-9.133437999634529,-374.7025140418567,18.51851270251601,-22.490856237463372,-1087.203061476312
2.593725,-7.610167973735214,-374.6986627660414,18.507131374014577,-23.0344577682022,-1087.203061476312
2.594225,-7.6135143021950045,-374.6940663170059,18.4954782447478,-23.578059298940058,-1087.203061476312
2.5947249999999995,-12.095519342626652,-374.68892925413223,18.483553314715657,-24.121660829677904,-1087.203061476312
2.595225,-16.561514535705506,-374.68381916495446,18.47135658391812,-24.66526236041673,-1087.203061476312
2.5957249999999994,-14.81513298028464,-374.67916684439984,18.458888052355242,-25.2088638911541,-1087.203061476312
2.596225,-12.446586448825474,-374.6746861312359,18.446147720026964,-25.752465421892914,-1087.203061476312
2.596725,-10.163833274289114,-374.6706154829453,18.433135586933332,-26.296066952631254,-1087.203061476312
2.5972249999999995,-10.09742437177856,-374.66669645801346,18.419851653074346,-26.83966848336863,-1087.203061476312
2.597725,-14.387246252828785,-374.6628165224672,18.406295918449963,-27.38327001410745,-1087.203061476312
2.598225,-14.021262221161097,-374.6584507071823,18.392468383060233,-27.926871544845305,-1087.203061476312
2.5987249999999995,-10.99443668693567,-374.65424176389604,18.378369046905135,-28.470473075583158,-1087.203061476312
2.599225,-13.382042734860306,-374.65001851165835,18.36399790998464,-29.014074606321973,-1087.203061476312
2.599725,-17.51829767356511,-374.64537954442574,18.349354972298805,-29.55767613705983,-1087.203061476312
2.600225,-21.215090170479368,-374.6410836581633,18.334440233847587,-30.101277667798172,-1087.203061476312
2.600725,-19.946028003612405,-374.6369961175446,18.31925369463099,-30.644879198536508,-1087.203061476312
2.601225,-15.494235933968591,-374.6322286619403,18.30379535464905,-31.188480729274364,-1087.203061476312
2.601725,-15.96071925699982,-374.6279901298549,18.288065213901728,-31.732082260012703,-1087.203061476312
2.602225,-17.25530653754472,-374.6238970707068,18.272063272389047,-32.275683790750556,-1087.203061476312
2.602725,-19.638522573019262,-374.6194408647011,18.255789530110977,-32.81928532148889,-1087.203061476312
2.603225,-19.56337928234996,-374.6152680745766,18.239243987067542,-33.362886852227234,-1087.203061476312
2.603725,-15.73531850380904,-374.6105969507474,18.222426643258753,-33.90648838296509,-1087.203061476312
2.604225,-15.13675591051216,-374.60576924007916,18.205337498684578,-34.450089913703415,-1087.203061476312
2.604725,-18.02917068000186,-374.60088496196096,18.187976553345038,-34.993691444441765,-1087.203061476312
2.605225,-20.6620022396934,-374.59589643537555,18.170343807240144,-35.53729297517962,-1087.203061476312
2.605725,-21.197452292909578,-374.5910242345481,18.15243926036986,-36.080894505917946,-1087.203061476312
2.606225,-17.790255346613982,-374.5851249512447,18.13426291273423,-36.62449603665581,-1087.203061476312
2.6067249999999995,-15.661187050137835,-374.5789710725992,18.115814764333226,-37.168097567393666,-1087.203061476312
2.607225,-19.47965838718037,-374.57204203445065,18.097094815166827,-37.711699098132485,-1087.203061476312
2.6077249999999994,-19.21324854271944,-374.56567352280155,18.0781030652351,-38.255300628869854,-1087.203061476312
2.608225,-16.970130010801498,-374.55892454924117,18.058839514537954,-38.79890215960868,-1087.203061476312
2.608725,-15.916502080506469,-374.55252031502715,18.039304163075464,-39.34250369034701,-1087.203061476312
2.6092249999999995,-14.752114873939224,-374.54559611031254,18.01949701084763,-39.886105221084385,-1087.203061476312
2.609725,-18.588308558046123,-374.5385864533601,17.99941805785438,-40.429706751823204,-1087.203061476312
2.610225,-23.40305464453698,-374.5318312629904,17.979067304095796,-40.973308282561064,-1087.203061476312
2.6107249999999995,-22.270284400984664,-374.5249079200409,17.95844474957184,-41.5169098132989,-1087.203061476312
2.611225,-20.508211875076466,-374.5178566043535,17.937550394282482,-42.06051134403774,-1087.203061476312
2.6117249999999994,-16.846633309117394,-374.5108235409537,17.91638423822781,-42.604112874775105,-1087.203061476312
2.612225,-16.03036703248467,-374.50405385679665,17.89494628140771,-43.14771440551392,-1087.203061476312
2.612725,-20.27403389674378,-374.496665666689,17.873236523822257,-43.691315936252266,-1087.203061476312
2.6132249999999995,-19.00595998912584,-374.48949228780685,17.85125496547148,-44.23491746698964,-1087.203061476312
2.613725,-15.016039046235676,-374.48176196572757,17.829001606355273,-44.77851899772846,-1087.203061476312
2.614225,-15.40726892563596,-374.47314642798176,17.806476446473745,-45.322120528466314,-1087.203061476312
2.6147249999999995,-18.97659873083773,-374.46406791867395,17.78367948582683,-45.86572205920416,-1087.203061476312
2.615225,-23.153858791008297,-374.4548815733063,17.76061072441452,-46.409323589942986,-1087.203061476312
2.615725,-21.276907492859863,-374.4455643914899,17.737270162236875,-46.95292512068084,-1087.203061476312
2.616225,-15.484425522198578,-374.4359885472549,17.71365779929384,-47.49652665141918,-1087.203061476312
2.616725,-15.75680778659553,-374.4262724373177,17.689773635585443,-48.040128182157524,-1087.203061476312
2.617225,-17.938106582724426,-374.41615211147115,17.665617671111697,-48.58372971289538,-1087.203061476312
2.617725,-20.737380149301696,-374.40574067736094,17.641189905872555,-49.12733124363371,-1087.203061476312
2.618225,-19.609231060732068,-374.39539439287887,17.61649033986807,-49.670932774371565,-1087.203061476312
2.618725,-14.632157674331344,-374.3849628782069,17.591518973098182,-50.21453430510989,-1087.203061476312
2.619225,-13.329596160853676,-374.37428309104655,17.566275805562935,-50.758135835848236,-1087.203061476312
2.619725,-16.405254449481966,-374.3634970583654,17.540760837262344,-51.301737366586096,-1087.203061476312
2.620225,-18.52467542874693,-374.3520859696225,17.514974068196356,-51.84533889732443,-1087.203061476312
2.620725,-18.186025266882417,-374.3407859983782,17.488915498365024,-52.38894042806229,-1087.203061476312
2.621225,-14.12031973837999,-374.3292401568841,17.4625851277683,-52.93254195880063,-1087.203061476312
2.621725,-12.631139954381656,-374.31762992173066,17.435982956406207,-53.47614348953896,-1087.203061476312
2.622225,-17.082569643711462,-374.3056864925159,17.409108984278763,-54.01974502027681,-1087.203061476312
2.622725,-16.362865214227284,-374.2933885453603,17.381963211385933,-54.56334655101515,-1087.203061476312
2.623225,-12.354513804705237,-374.28174891878825,17.354545637727732,-55.10694808175349,-1087.203061476312
2.6237249999999994,-10.111948259771433,-374.27010016276245,17.32685626330421,-55.650549612490856,-1087.203061476312
2.624225,-9.11767108631986,-374.25862600847887,17.298895088115252,-56.19415114322969,-1087.203061476312
2.624725,-11.766734153131308,-374.2471679223,17.270662112160966,-56.737752673967535,-1087.203061476312
2.6252249999999995,-15.474591546025945,-374.2358531173039,17.24215733544131,-57.28135420470539,-1087.203061476312
2.625725,-13.697772896014996,-374.2246447644264,17.21338075795624,-57.82495573544421,-1087.203061476312
2.626225,-11.870152096335294,-374.2137164071094,17.18433237970585,-58.36855726618207,-1087.203061476312
2.6267249999999995,-9.299022072438827,-374.20292915830703,17.155012200690084,-58.91215879691991,-1087.203061476312
2.627225,-7.772233462843593,-374.19212000705556,17.125420220908907,-59.45576032765874,-1087.203061476312
2.6277249999999994,-10.080674143745652,-374.1804823829639,17.095556440362436,-59.999361858396114,-1087.203061476312
2.628225,-9.77835511321869,-374.16963521766405,17.065420859050516,-60.54296338913494,-1087.203061476312
2.628725,-6.070258052298716,-374.15851516506314,17.035013476973255,-61.086564919873275,-1087.203061476312
2.6292249999999995,-4.375430253686075,-374.1472550508207,17.00433429413068,-61.63016645061065,-1087.203061476312
2.629725,-6.482155978774538,-374.1362127648522,16.973383310522653,-62.17376798134947,-1087.203061476312
2.630225,-10.161640259195387,-374.1252527514005,16.94216052614931,-62.71736951208733,-1087.203061476312
2.6307249999999995,-9.169848552910448,-374.11509428344607,16.9106659410106,-63.26097104282517,-1087.203061476312
2.631225,-3.624123336481911,-374.10469886986067,16.878899555106464,-63.80457257356399,-1087.203061476312
2.631725,-2.5937777571404115,-374.09512247056745,16.846861368437015,-64.34817410430185,-1087.203061476312
2.632225,-5.198334899016831,-374.0847147882435,16.814551381002165,-64.89177563504019,-1087.203061476312
2.632725,-9.543403828366724,-374.0751128905207,16.78196959280195,-65.43537716577853,-1087.203061476312
2.633225,-8.926993823384384,-374.06566721993846,16.7491160038364,-65.97897869651639,-1087.203061476312
2.633725,-3.5546533480603424,-374.0561890855809,16.715990614105444,-66.52258022725472,-1087.203061476312
2.634225,-1.2804792187196423,-374.04729332542865,16.682593423609152,-67.06618175799258,-1087.203061476312
2.6347249999999995,-4.313804818778287,-374.0383596401659,16.64892443234749,-67.60978328873043,-1087.203061476312
2.635225,-6.828928203601725,-374.0302483335901,16.6149836403204,-68.15338481946925,-1087.203061476312
2.635725,-5.798004580117226,-374.02199191061203,16.580771047527996,-68.6969863502071,-1087.203061476312
2.636225,-0.9788044810209332,-374.014051690271,16.546286653970196,-69.24058788094544,-1087.203061476312
2.636725,1.03835944112094,-374.00596998225853,16.511530459647023,-69.78418941168377,-1087.203061476312
2.637225,-3.460116907639436,-373.99841058443,16.47650246455852,-70.32779094242163,-1087.203061476312
2.637725,-3.539550546245234,-373.990798040772,16.441202668704612,-70.87139247315996,-1087.203061476312
2.638225,-0.1287751903547115,-373.98287728042317,16.405631072085367,-71.41499400389782,-1087.203061476312
2.6387249999999995,2.128871050109284,-373.9755143544285,16.369787674700753,-71.95859553463568,-1087.203061476312
2.639225,2.4213632888931924,-373.9676599197831,16.33367247655071,-72.5021970653745,-1087.203061476312
2.6397249999999994,-1.4389972903761763,-373.96015328362995,16.297285477635388,-73.04579859611188,-1087.203061476312
2.640225,-5.695398877640697,-373.9529151959849,16.2606266779546,-73.58940012685068,-1087.203061476312
2.640725,-4.618356402284505,-373.9458079802387,16.22369607750848,-74.13300165758902,-1087.203061476312
2.6412249999999995,-2.4443141889165227,-373.93834584153143,16.186493676297054,-74.67660318832641,-1087.203061476312
2.641725,-0.3105344855196256,-373.93061096287477,16.14901947432016,-75.22020471906522,-1087.203061476312
2.6422249999999994,0.5231550339846884,-373.9228066621277,16.111273471578,-75.76380624980258,-1087.203061476312
2.6427249999999995,-2.470361684661301,-373.9157126164598,16.073255668070402,-76.30740778054093,-1087.203061476312
2.643225,-2.7570458141194143,-373.90907718637527,16.0349660637974,-76.85100931127974,-1087.203061476312
2.6437249999999994,0.3439359385572831,-373.90200716807306,15.99640465875913,-77.39461084201713,-1087.203061476312
2.644225,0.1406115996721539,-373.8943654658488,15.95757145295539,-77.93821237275594,-1087.203061476312
2.644725,-3.091801154658256,-373.88651024372643,15.918466446386317,-78.48181390349428,-1087.203061476312
2.6452249999999995,-7.096075230690812,-373.87878973236997,15.879089639051942,-79.02541543423165,-1087.203061476312
2.645725,-6.802519647662844,-373.8706895480664,15.839441030952091,-79.56901696497049,-1087.203061476312
2.646225,-2.1616582927492014,-373.86248949804417,15.799520622086945,-80.11261849570833,-1087.203061476312
2.646725,-1.2320762326066257,-373.85437018785797,15.759328412456385,-80.65622002644665,-1087.203061476312
2.647225,-3.927347929189223,-373.84656799957725,15.718864402060472,-81.19982155718499,-1087.203061476312
2.647725,-8.66679664914115,-373.8390873602416,15.678128590899217,-81.74342308792285,-1087.203061476312
2.648225,-8.961594244488476,-373.831557509362,15.637120978972552,-82.28702461866119,-1087.203061476312
2.648725,-4.988570455373926,-373.8238004475819,15.595841566280528,-82.83062614939954,-1087.203061476312
2.649225,-4.031654074815742,-373.8158330101282,15.554290352823164,-83.3742276801374,-1087.203061476312
2.649725,-7.931271171192208,-373.80785771705,15.512467338600398,-83.91782921087571,-1087.203061476312
2.650225,-11.968297202304733,-373.8000579104476,15.470372523612298,-84.46143074161357,-1087.203061476312
2.650725,-11.184490362132376,-373.79263630285794,15.428005907858791,-85.00503227235191,-1087.203061476312
2.651225,-7.166496152498769,-373.7852646538176,15.385367491339922,-85.54863380309025,-1087.203061476312
2.651725,-6.262708594258777,-373.77783076562014,15.342457274055715,-86.09223533382811,-1087.203061476312
2.652225,-11.342352595834766,-373.7698019038752,15.299275256006098,-86.63583686456646,-1087.203061476312
2.652725,-12.408195810788593,-373.76223966265485,15.255821437191157,-87.17943839530432,-1087.203061476312
2.653225,-8.505791290441511,-373.7540088927845,15.212095817610804,-87.72303992604263,-1087.203061476312
2.653725,-6.935758490325682,-373.74607147116126,15.168098397265084,-88.26664145678097,-1087.203061476312
2.6542249999999994,-7.887715756858701,-373.73806285148856,15.123829176154075,-88.81024298751834,-1087.203061476312
2.654725,-11.448995342384956,-373.7295510741139,15.079288154277574,-89.35384451825718,-1087.203061476312
2.655225,-15.37494716315058,-373.7215548068108,15.034475331635747,-89.89744604899552,-1087.203061476312
2.6557249999999994,-14.519404540545874,-373.7133946025182,14.989390708228626,-90.44104757973287,-1087.203061476312
2.656225,-13.290317553602204,-373.7057837024247,14.944034284056023,-90.9846491104717,-1087.203061476312
2.656725,-11.397686126322842,-373.6969845933778,14.898406059118129,-91.52825064120954,-1087.203061476312
2.6572249999999995,-9.47381335091266,-373.68873089440797,14.852506033414866,-92.07185217194741,-1087.203061476312
2.657725,-11.146140569764448,-373.6803587347048,14.806334206946149,-92.61545370268622,-1087.203061476312
2.6582249999999994,-10.912518201143218,-373.671545975475,14.759890579712192,-93.1590552334236,-83.47827541828912
2.658725,-7.246455762485508,-373.66291522559345,14.713300617310995,-93.20079437113279,-83.47827541828912
2.659225,-7.389204280938965,-373.65422584433236,14.666689785340985,-93.24253350884193,-83.47827541828912
2.6597249999999995,-10.603310121989956,-373.64590360646724,14.6200580838022,-93.28427264655105,-83.47827541828912
2.660225,-13.72780199608835,-373.63748340538285,14.573405512694443,-93.32601178426023,-83.47827541828912
2.660725,-14.047470173537786,-373.6286112412194,14.52673207201791,-93.36775092196935,-83.47827541828912
2.6612249999999995,-9.654105424966898,-373.6198499719654,14.480037761772527,-93.40949005967848,-83.47827541828912
2.661725,-7.991735263580587,-373.6108305472532,14.433322581958203,-93.45122919738768,-83.47827541828912
2.662225,-10.603207706765795,-373.60175782261,14.386586532575109,-93.49296833509679,-83.47827541828912
2.662725,-13.34537677938452,-373.5928301673608,14.339829613623117,-93.53470747280593,-83.47827541828912
2.663225,-13.555399012643676,-373.58398911667496,14.29305182510227,-93.57644661051512,-83.47827541828912
2.663725,-10.09368614916498,-373.57594627952756,14.246253167012613,-93.61818574822423,-83.47827541828912
2.664225,-7.258560349733829,-373.56786999034676,14.199433639354053,-93.65992488593338,-83.47827541828912
2.664725,-9.46484988166333,-373.5597288291842,14.152593242126688,-93.70166402364252,-83.47827541828912
2.665225,-12.964856577868565,-373.5515619494558,14.105731975330423,-93.74340316135168,-83.47827541828912
2.665725,-12.399774220062142,-373.5436080624414,14.058849838965305,-93.78514229906082,-83.47827541828912
2.666225,-9.023384944085969,-373.53585981932713,14.011946833031375,-93.82688143676997,-83.47827541828912
2.666725,-7.348278599967767,-373.52827811446724,13.965022957528545,-93.86862057447911,-83.47827541828912
2.667225,-10.484544069044231,-373.5207118310818,13.918078212456859,-93.91035971218827,-83.47827541828912
2.667725,-12.128429538268891,-373.5123575837308,13.871112597816365,-93.95209884989738,-83.47827541828912
2.668225,-8.449089011921862,-373.50488906807385,13.824126113606978,-93.99383798760657,-83.47827541828912
2.668725,-5.266255253345675,-373.49685766715413,13.77711875982877,-94.03557712531567,-83.47827541828912
2.6692249999999995,-4.960227578476611,-373.48846085651746,13.730090536481713,-94.07731626302478,-83.47827541828912
2.669725,-6.849850074976956,-373.48025795192126,13.683041443565717,-94.11905540073398,-83.47827541828912
2.6702249999999994,-9.85884091884348,-373.4720821466562,13.63597148108099,-94.16079453844307,-83.47827541828912
2.670725,-10.047622027727524,-373.4644225512016,13.58888064902728,-94.20253367615227,-83.47827541828912
2.671225,-8.92987890984238,-373.4562971142497,13.541768947404762,-94.24427281386143,-83.47827541828912
2.6717249999999995,-6.787077408464929,-373.44881364408565,13.494636376213473,-94.28601195157052,-83.47827541828912
2.672225,-4.181813723501597,-373.4414779254259,13.4474829354532,-94.32775108927972,-83.47827541828912
2.672725,-5.96855099976539,-373.4343188573889,13.400308625124163,-94.36949022698883,-83.47827541828912
2.6732249999999995,-7.674071476160672,-373.42651419111695,13.353113445226267,-94.41122936469796,-83.47827541828912
2.673725,-5.80502379903366,-373.41847225350955,13.305897395759434,-94.45296850240716,-83.47827541828912
2.6742249999999994,-4.37774979355158,-373.4108810688703,13.258660476723868,-94.49470764011622,-83.47827541828912
2.674725,-5.825012109198721,-373.402546920776,13.211402688119325,-94.53644677782543,-83.47827541828912
2.675225,-9.29689948574748,-373.3949685224015,13.164124029945972,-94.5781859155346,-83.47827541828912
2.6757249999999995,-11.265056074676602,-373.38689323511556,13.116824502203846,-94.61992505324366,-83.47827541828912
2.676225,-6.503866651034097,-373.37877904741003,13.069504104892737,-94.66166419095286,-83.47827541828912
2.676725,-2.372702169598748,-373.3700893294161,13.022162838012859,-94.703403328662,-83.47827541828912
2.6772249999999995,-4.336590654815085,-373.36159438864587,12.974800701564126,-94.7451424663711,-83.47827541828912
2.677725,-7.581816619144111,-373.3537792141591,12.927417695546458,-94.7868816040803,-83.47827541828912
2.678225,-10.15136074931176,-373.34611311261824,12.880013819960016,-94.82862074178941,-83.47827541828912
2.678725,-7.337087977222454,-373.33850958325735,12.832589074804677,-94.87035987949857,-83.47827541828912
2.679225,-2.0643767112694453,-373.33038681048,12.785143460080484,-94.91209901720775,-83.47827541828912
2.679725,-5.368053609814001,-373.3223332102135,12.73767697578748,-94.95383815491685,-83.47827541828912
2.680225,-10.32390697370709,-373.31425880837395,12.690189621925578,-94.99557729262602,-83.47827541828912
2.680725,-9.90820572405852,-373.3065114238725,12.642681398494865,-95.03731643033515,-83.47827541828912
2.681225,-7.1669650551686575,-373.2986568059589,12.59515230549525,-95.0790555680443,-83.47827541828912
2.681725,-3.999369097487361,-373.2908690930256,12.54760234292679,-95.12079470575347,-83.47827541828912
2.682225,-7.377812536638926,-373.28286249482414,12.50003151078951,-95.1625338434626,-83.47827541828912
2.682725,-11.489424991306503,-373.2752706850994,12.452439809083335,-95.20427298117174,-83.47827541828912
2.683225,-8.457100699140344,-373.26758982372127,12.40482723780835,-95.24601211888087,-83.47827541828912
2.683725,-4.660245483528683,-373.2598664298306,12.357193796964468,-95.28775125659003,-83.47827541828912
2.684225,-3.911512254735114,-373.2519197179969,12.309539486551731,-95.32949039429917,-83.47827541828912
2.684725,-6.284799013522495,-373.24385746264494,12.261864306570175,-95.37122953200831,-83.47827541828912
2.685225,-9.896608935536678,-373.23565232256203,12.214168257019729,-95.41296866971746,-83.47827541828912
2.685725,-10.647084705370531,-373.2276829171495,12.16645133790043,-95.45470780742662,-83.47827541828912
2.6862249999999994,-8.242127899452809,-373.2199257362953,12.118713549212357,-95.4964469451357,-83.47827541828912
2.686725,-6.249263166960114,-373.2116423308744,12.070954890955301,-95.53818608284487,-83.47827541828912
2.687225,-5.015312727055412,-373.2032598374996,12.023175363129479,-95.57992522055402,-83.47827541828912
2.6877249999999995,-6.479729890342509,-373.19453827559505,11.975374965734803,-95.62166435826315,-83.47827541828912
2.688225,-7.398396870240774,-373.1859440709927,11.927553698771185,-95.66340349597232,-83.47827541828912
2.688725,-5.061794628680665,-373.1767236448535,11.879711562238798,-95.70514263368145,-83.47827541828912
2.6892249999999995,-4.625089852254827,-373.16753876573813,11.831848556137555,-95.74688177139056,-83.47827541828912
2.689725,-6.336394789607705,-373.1584481413456,11.783964680467374,-95.78862090909976,-83.47827541828912
2.6902249999999994,-9.3341698932527,-373.14895921752606,11.736059935228468,-95.83036004680885,-83.47827541828912
2.690725,-10.997506725997622,-373.1400725192423,11.688134320420579,-95.87209918451805,-83.47827541828912
2.691225,-6.925720049710304,-373.1307354488684,11.640187836043875,-95.91383832222719,-83.47827541828912
2.6917249999999995,-3.793240234242205,-373.12112797230145,11.592220482098403,-95.9555774599363,-83.47827541828912
2.692225,-5.249356210977535,-373.1115263775549,11.544232258583948,-95.9973165976455,-83.47827541828912
2.692725,-7.269928557262733,-373.1022403604229,11.496223165500725,-96.03905573535462,-83.47827541828912
2.6932249999999995,-10.207387603594553,-373.09314002975816,11.448193202848646,-96.08079487306372,-83.47827541828912
2.693725,-8.053987750326325,-373.08423499239774,11.400142370627629,-96.12253401077291,-83.47827541828912
2.694225,-3.806621491089069,-373.07548748480605,11.352070668837841,-96.16427314848205,-83.47827541828912
2.694725,-5.78807762183898,-373.0675376639671,11.303978097479158,-96.20601228619121,-83.47827541828912
2.695225,-9.32485620957578,-373.0593829902392,11.255864656551621,-96.24775142390035,-83.47827541828912
2.695725,-9.48263016055904,-373.05121770977206,11.20773034605527,-96.2894905616095,-83.47827541828912
2.696225,-7.109542260923391,-373.04301233201153,11.159575165990022,-96.33122969931865,-83.47827541828912
2.696725,-3.9463765759398495,-373.03457149212323,11.11139911635596,-96.37296883702776,-83.47827541828912
2.6972249999999995,-5.978726910153144,-373.02678280230083,11.063202197153046,-96.4147079747369,-83.47827541828912
2.697725,-9.612547945396528,-373.0188455448949,11.01498440838119,-96.4564471124461,-83.47827541828912
2.698225,-6.907951074032968,-373.01146543262325,10.966745750040568,-96.4981862501552,-83.47827541828912
2.698725,-3.708291493677842,-373.00368250556073,10.918486222131046,-96.53992538786436,-83.47827541828912
2.699225,-3.5819815840303555,-372.9959884998993,10.870205824652672,-96.5816645255735,-83.47827541828912
2.699725,-4.977287936859772,-372.9878923907594,10.821904557605484,-96.62340366328264,-83.47827541828912
2.700225,-8.119180060276603,-372.97969975661556,10.773582420989397,-96.6651428009918,-83.47827541828912
2.700725,-9.762455406572656,-372.97160107042816,10.725239414804502,-96.7068819387009,-83.47827541828912
2.7012249999999995,-8.246843066069843,-372.9639522729483,10.676875539050751,-96.74862107641005,-83.47827541828912
2.701725,-6.857597684085694,-372.95615641936337,10.62849079372806,-96.79036021411925,-83.47827541828912
2.7022249999999994,-5.606646987020401,-372.9483991655626,10.580085178836644,-96.8320993518283,-83.47827541828912
2.702725,-6.15988461258618,-372.94053808766284,10.531658694376244,-96.87383848953755,-83.47827541828912
2.703225,-6.686349486618044,-372.9326920198089,10.483211340347031,-96.91557762724669,-83.47827541828912
2.7037249999999995,-4.229034968184776,-372.9252252807132,10.43474311674905,-96.95731676495575,-83.47827541828912
2.704225,-2.757235136403368,-372.9174635803612,10.386254023582085,-96.99905590266495,-83.47827541828912
2.7047249999999994,-3.663711290020297,-372.9103722762826,10.337744060846397,-97.04079504037404,-83.47827541828912
2.7052249999999995,-6.6693771718087405,-372.9035105452723,10.289213228541765,-97.08253417808321,-83.47827541828912
2.705725,-8.707085462643963,-372.89683876102663,10.240661526668237,-97.1242733157924,-83.47827541828912
2.7062249999999994,-6.004675699247343,-372.8902178792525,10.192088955225984,-97.16601245350148,-83.47827541828912
2.706725,-2.7329871255575013,-372.88388620426366,10.143495514214749,-97.2077515912107,-83.47827541828912
2.707225,-3.9947575407010447,-372.8781317731564,10.094881203634698,-97.24949072891984,-83.47827541828912
2.7077249999999995,-6.4704518519242935,-372.87204854052504,10.046246023485878,-97.29122986662894,-83.47827541828912
2.708225,-10.052822891369644,-372.86587888771663,9.997589973768081,-97.33296900433814,-83.47827541828912
2.708725,-8.895627749642156,-372.86051990154857,9.94891305448151,-97.37470814204724,-83.47827541828912
2.709225,-4.381384408137256,-372.8554769294739,9.900215265626041,-97.4164472797564,-83.47827541828912
2.709725,-5.168484740210439,-372.8517180385779,9.85149660720172,-97.45818641746555,-83.47827541828912
2.710225,-8.315329004839047,-372.8482457783199,9.802757079208586,-97.49992555517468,-83.47827541828912
2.710725,-9.070184644068558,-372.84494980419885,9.753996681646557,-97.54166469288383,-83.47827541828912
2.711225,-6.929352697656029,-372.8421955202079,9.70521541451567,-97.583403830593,-83.47827541828912
2.711725,-3.196972819109539,-372.8390924824227,9.656413277815977,-97.62514296830213,-83.47827541828912
2.712225,-5.062929006890861,-372.83671050106733,9.60759027154738,-97.66688210601129,-83.47827541828912
2.712725,-9.000988037149114,-372.834878141057,9.558746395709973,-97.70862124372039,-83.47827541828912
2.713225,-6.459235602897676,-372.8326860987065,9.50988165030367,-97.75036038142954,-83.47827541828912
2.713725,-4.161089506825456,-372.83042698544585,9.460996035328511,-97.79209951913873,-83.47827541828912
2.714225,-3.2771699657866185,-372.8285060917872,9.412089550784541,-97.83383865684783,-83.47827541828912
2.714725,-4.658179754568585,-372.8270792301111,9.363162196671674,-97.87557779455697,-83.47827541828912
2.715225,-8.719240880644088,-372.8253303882359,9.314213972989997,-97.91731693226613,-83.47827541828912
2.715725,-10.903239023739072,-372.8233766351763,9.26524487973942,-97.95905606997528,-83.47827541828912
2.716225,-9.533395759548284,-372.82139417146556,9.216254916919986,-98.00079520768442,-83.47827541828912
2.7167249999999994,-7.84588474974405,-372.8192785964558,9.167244084531788,-98.04253434539353,-83.47827541828912
2.717225,-5.2472052548018535,-372.81762980575866,9.118212382574605,-98.08427348310272,-83.47827541828912
2.717725,-5.65831379735542,-372.81590086757865,9.069159811048612,-98.12601262081186,-83.47827541828912
2.7182249999999994,-8.064923204366542,-372.81514658656124,9.020086369953846,-98.16775175852098,-83.47827541828912
2.718725,-5.9501112507366205,-372.8136208613243,8.9709920592901,-98.20949089623015,-83.47827541828912
2.719225,-2.924552724241257,-372.8123139032482,8.921876879057587,-98.2512300339393,-83.47827541828912
2.7197249999999995,-3.544012257552025,-372.8109223051384,8.872740829256216,-98.29296917164842,-83.47827541828912
2.720225,-7.923394710742949,-372.8093107394472,8.823583909885903,-98.33470830935758,-83.47827541828912
2.7207249999999994,-11.17528780648232,-372.8083387301203,8.77440612094687,-98.37644744706668,-83.47827541828912
2.721225,-8.992574997099872,-372.8073814174768,8.725207462438846,-98.41818658477587,-83.47827541828912
2.721725,-4.5857218889106175,-372.80688284214546,8.675987934362016,-98.45992572248502,-83.47827541828912
2.7222249999999995,-5.338548949921469,-372.80540048158184,8.626747536716419,-98.50166486019413,-83.47827541828912
2.722725,-8.657647412072665,-372.80448082721375,8.577486269501833,-98.5434039979033,-83.47827541828912
2.723225,-12.708862132868564,-372.8035340676937,8.528204132718482,-98.58514313561241,-83.47827541828912
2.7237249999999995,-11.107894441922186,-372.8029788015612,8.478901126366274,-98.62688227332154,-83.47827541828912
2.724225,-6.3929836076106765,-372.80194361943165,8.429577250445126,-98.66862141103074,-83.47827541828912
2.724725,-6.433850843864954,-372.8013188869856,8.38023250495521,-98.71036054873987,-83.47827541828912
2.725225,-9.978073950996276,-372.8007210643972,8.330866889896397,-98.752099686449,-83.47827541828912
2.725725,-12.024980065085758,-372.8002385057349,8.281480405268729,-98.79383882415819,-83.47827541828912
2.726225,-9.1606054981855,-372.799712430263,8.232073051072248,-98.8355779618673,-83.47827541828912
2.726725,-4.380322140215602,-372.7987195843045,8.182644827306872,-98.87731709957644,-83.47827541828912
2.727225,-6.247352419292448,-372.79794262257315,8.133195733972684,-98.91905623728557,-83.47827541828912
2.727725,-10.84308965598201,-372.7966344364816,8.083725771069597,-98.96079537499475,-83.47827541828912
2.728225,-9.420409698666628,-372.7955503129593,8.034234938597656,-99.00253451270389,-83.47827541828912
2.728725,-6.022757308143347,-372.7941418515953,7.9847232365569045,-99.04427365041302,-83.47827541828912
2.729225,-4.329700557674805,-372.7930964217687,7.935190664947255,-99.08601278812218,-83.47827541828912
2.729725,-6.1269858199811535,-372.79165147314427,7.885637223768749,-99.12775192583132,-83.47827541828912
2.730225,-10.18847397627438,-372.79002795717645,7.836062913021434,-99.16949106354045,-83.47827541828912
2.730725,-11.83296596967464,-372.78806093768594,7.786467732705222,-99.21123020124962,-83.47827541828912
2.731225,-9.78205151099638,-372.78571804845166,7.736851682820195,-99.25296933895874,-83.47827541828912
2.7317249999999995,-9.00769854560904,-372.78320920838394,7.687214763366316,-99.29470847666785,-83.47827541828912
2.732225,-7.55677192282945,-372.7802719127028,7.637556974343495,-99.33644761437706,-83.47827541828912
2.7327249999999994,-7.9762144242915936,-372.7776523039434,7.58787831575195,-99.37818675208614,-83.47827541828912
2.733225,-10.30845628993971,-372.77436382718145,7.53817878759142,-99.41992588979534,-83.47827541828912
2.733725,-9.02707534329311,-372.7711173175401,7.488458389862078,-99.46166502750448,-83.47827541828912
2.7342249999999995,-7.731185057572484,-372.7671275183136,7.438717122563971,-99.50340416521358,-83.47827541828912
2.734725,-9.59547113107632,-372.7633484444931,7.3889549856968735,-99.54514330292278,-83.47827541828912
2.735225,-11.635667616916637,-372.75929709597926,7.339171979261014,-99.58688244063188,-83.47827541828912
2.7357249999999995,-14.131181390345654,-372.7551060460951,7.289368103256298,-99.62862157834103,-83.47827541828912
2.736225,-12.981381720034218,-372.75128456955036,7.23954335768264,-99.67036071605023,-83.47827541828912
2.7367249999999994,-8.870885380694034,-372.7473291989587,7.18969774254026,-99.71209985375928,-83.47827541828912
2.737225,-9.146870126484904,-372.7435018445957,7.13983125782889,-99.75383899146848,-83.47827541828912
2.737725,-10.493590090465291,-372.73986962976153,7.089943903548713,-99.79557812917767,-83.47827541828912
2.7382249999999995,-13.140739473856566,-372.7359015145604,7.040035679699768,-99.83731726688673,-83.47827541828912
2.738725,-12.581075404473436,-372.7319309045449,6.990106586281837,-99.87905640459593,-83.47827541828912
2.739225,-8.856678462527904,-372.72813575378416,6.94015662329514,-99.92079554230507,-83.47827541828912
2.7397249999999995,-9.632114890855004,-372.72461807899884,6.890185790739588,-99.96253468001417,-83.47827541828912
2.740225,-12.414451117943292,-372.72057503368364,6.8401940886150925,-100.00427381772337,-83.47827541828912
2.740725,-15.040190444081729,-372.71683216264324,6.79018151692183,-100.04601295543247,-83.47827541828912
2.741225,-14.37443486720328,-372.7126757931716,6.740148075659671,-100.08775209314166,-83.47827541828912
2.741725,-9.875688453409664,-372.7087359046283,6.690093764828655,-100.12949123085082,-83.47827541828912
2.742225,-10.939076685507802,-372.7051590554095,6.640018584428831,-100.17123036855992,-83.47827541828912
2.742725,-15.381415894600234,-372.70126446909075,6.589922534460107,-100.2129695062691,-83.47827541828912
2.743225,-13.879643245074954,-372.6967547731853,6.539805614922573,-100.25470864397822,-83.47827541828912
2.743725,-11.005962869873994,-372.69278360133916,6.48966782581614,-100.29644778168736,-83.47827541828912
2.744225,-8.817500364118235,-372.6892849109546,6.4395091671408515,-100.33818691939653,-83.47827541828912
2.744725,-9.426727861634197,-372.6857623676873,6.389329638896753,-100.37992605710566,-83.47827541828912
2.745225,-13.421304675532866,-372.6824308561376,6.339129241083757,-100.4216651948148,-83.47827541828912
2.745725,-15.148175283904482,-372.6789751342824,6.28890797370195,-100.46340433252392,-83.47827541828912
2.746225,-13.45827138828911,-372.6749312477244,6.238665836751244,-100.50514347023307,-83.47827541828912
2.746725,-12.344453258524457,-372.67095380202505,6.188402830231684,-100.54688260794225,-83.47827541828912
2.747225,-10.9902263107305,-372.66664410855225,6.138118954143313,-100.58862174565137,-83.47827541828912
2.747725,-11.07129937792794,-372.66199371954946,6.0878142084860425,-100.63036088336052,-83.47827541828912
2.748225,-12.764892097648296,-372.65755351077036,6.037488593259919,-100.6721000210697,-83.47827541828912
2.7487249999999994,-10.94281460074133,-372.65223641778886,5.98714210846503,-100.71383915877877,-83.47827541828912
2.749225,-8.926461490879818,-372.64763749089843,5.936774754101153,-100.75557829648797,-83.47827541828912
2.749725,-11.255628335121049,-372.6433561571145,5.886386530168508,-100.79731743419711,-83.47827541828912
2.7502249999999995,-13.693078049755584,-372.6392098658676,5.835977436667009,-100.83905657190621,-83.47827541828912
2.750725,-14.324667748996893,-372.6343727976574,5.785547473596568,-100.8807957096154,-83.47827541828912
2.751225,-12.606635548741073,-372.62985511265737,5.735096640957361,-100.92253484732451,-83.47827541828912
2.7517249999999995,-8.417770116614012,-372.6254698330321,5.6846249387493,-100.96427398503366,-83.47827541828912
2.752225,-8.733465833582832,-372.62161943848974,5.634132366972294,-101.00601312274284,-83.47827541828912
2.7527249999999994,-10.266144199637582,-372.6180243069601,5.583618925626569,-101.04775226045192,-83.47827541828912
2.753225,-11.37598475749878,-372.6146558116708,5.5330846147118535,-101.08949139816114,-83.47827541828912
2.753725,-11.856370879914332,-372.61173967392864,5.482529434228328,-101.13123053587029,-83.47827541828912
2.7542249999999995,-9.529255982990383,-372.60821870063455,5.4319533841760395,-101.17296967357936,-83.47827541828912
2.754725,-8.260044863636832,-372.605319386006,5.381356464554759,-101.21470881128856,-83.47827541828912
2.755225,-10.080891564470368,-372.60231924975545,5.330738675364716,-101.25644794899769,-83.47827541828912
2.7557249999999995,-12.28040284884904,-372.59964517863466,5.280100016605818,-101.2981870867068,-83.47827541828912
2.756225,-11.3754116161975,-372.59705450432097,5.229440488277977,-101.33992622441599,-83.47827541828912
2.756725,-7.034242987191115,-372.59441967453955,5.178760090381369,-101.38166536212512,-83.47827541828912
2.757225,-6.848354319113662,-372.59229207382776,5.128058822915861,-101.42340449983429,-83.47827541828912
2.757725,-9.508861361186344,-372.5899174477319,5.077336685881501,-101.46514363754342,-83.47827541828912
2.758225,-8.316772311555017,-372.5875334377157,5.02659367927833,-101.50688277525256,-83.47827541828912
2.758725,-6.108739634097033,-372.5854834538557,4.975829803106259,-101.54862191296172,-83.47827541828912
2.759225,-3.657007099497244,-372.58329942255097,4.925045057365379,-101.59036105067084,-83.47827541828912
2.7597249999999995,-3.4505339441709424,-372.58100118989387,4.874239442055644,-101.63210018837997,-83.47827541828912
2.760225,-6.065342063800264,-372.579027337696,4.8234129571769655,-101.67383932608917,-83.47827541828912
2.760725,-8.916686796954378,-372.577206901711,4.7725656027295225,-101.71557846379827,-83.47827541828912
2.761225,-7.556720119989739,-372.57534165441996,4.721697378713177,-101.75731760150742,-83.47827541828912
2.761725,-5.749336694901008,-372.5736945085963,4.67080828512798,-101.7990567392166,-83.47827541828912
2.762225,-3.3673621703799848,-372.5718156217306,4.619898321973974,-101.84079587692572,-83.47827541828912
2.762725,-2.9741805156642966,-372.5704459313247,4.568967489251066,-101.88253501463487,-83.47827541828912
2.763225,-5.4287604094344815,-372.5684291803232,4.51801578695935,-101.92427415234398,-83.47827541828912
2.7637249999999995,-3.967675008454125,-372.5668920504977,4.467043215098778,-101.96601329005311,-83.47827541828912
2.764225,-0.8459505253430472,-372.56524064687494,4.416049773669261,-102.00775242776231,-83.47827541828912
2.7647249999999994,-1.8741202181453445,-372.5641987595767,4.3650354626710275,-102.04949156547139,1503.1605212750337
2.765225,-5.1114071401057375,-372.56317254722563,4.314198611953389,-101.29791130483295,1503.1605212750337
2.765725,-8.249496426173252,-372.5620955378393,4.263737551366114,-100.54633104419518,1503.1605212750337
2.7662249999999995,-7.595773906433119,-372.56151809110975,4.213652280909249,-99.79475078355875,1503.1605212750337
2.766725,-3.5316301791783835,-372.5609181876445,4.163942800582568,-99.04317052292032,1503.1605212750337
2.7672249999999994,-3.765707153986361,-372.56068926211327,4.114609110386338,-98.29159026228389,1503.1605212750337
2.7677249999999995,-6.028793901833758,-372.56059101976814,4.065651210320339,-97.5400100016461,1503.1605212750337
2.768225,-8.222413045278461,-372.5608273316184,4.017069100384617,-96.78842974100768,1503.1605212750337
2.7687249999999994,-7.0820879796036,-372.56121312772456,3.9688627805793413,-96.03684948037123,1503.1605212750337
2.769225,-3.350786520159841,-372.56209996696236,3.921032250904257,-95.28526921973283,1503.1605212750337
2.769725,-2.091818262094038,-372.56267986731444,3.873577511359534,-94.53368895909506,1503.1605212750337
2.7702249999999995,-5.021659153537856,-372.56384552908656,3.8264985619452134,-93.78210869845863,1503.1605212750337
2.770725,-8.18458503772813,-372.56457582755684,3.7797954026610876,-93.0305284378202,1503.1605212750337
2.771225,-6.593107157631506,-372.5651431878603,3.7334680335073624,-92.27894817718307,1503.1605212750337
2.771725,-3.6837728856016674,-372.56615263940887,3.6875164544839136,-91.5273679165453,1503.1605212750337
2.772225,-5.010121537794532,-372.56715344963794,3.6419406655907864,-90.77578765590755,1503.1605212750337
2.772725,-8.785616897590794,-372.5683344628052,3.5967406668280164,-90.02420739527044,1503.1605212750337
2.773225,-7.0846692515917855,-372.5687744531928,3.5519164581955263,-89.27262713463267,1503.1605212750337
2.773725,-3.382603278924326,-372.5692075447602,3.507468039693355,-88.5210468739949,1503.1605212750337
2.774225,-1.7167615830457368,-372.569416100296,3.46339541132154,-87.7694666133578,1503.1605212750337
2.774725,-2.33790840531908,-372.5699057418468,3.419698573080006,-87.01788635272003,1503.1605212750337
2.775225,-4.356616138149649,-372.5702260936247,3.37637752496883,-86.26630609208296,1503.1605212750337
2.775725,-5.8436462873035495,-372.5701385963513,3.333432266987933,-85.51472583144516,1503.1605212750337
2.776225,-4.660166724322576,-372.57021967073973,3.290862799137356,-84.7631455708074,1503.1605212750337
2.776725,-4.434045619634541,-372.57028295475715,3.248669121417134,-84.0115653101703,1503.1605212750337
2.777225,-3.327081547833086,-372.5706893477078,3.2068512338271957,-83.25998504953253,1503.1605212750337
2.777725,-3.792139673525979,-372.5706781154166,3.1654091363676113,-82.50840478889543,1503.1605212750337
2.778225,-6.023425668247231,-372.57074090027425,3.1243428290383095,-81.75682452825767,1503.1605212750337
2.778725,-4.907920177118995,-372.57081332613586,3.0836523118393258,-81.0052442676199,1503.1605212750337
2.7792249999999994,-3.148359777712851,-372.5711004501085,3.043337584770734,-80.25366400698347,1503.1605212750337
2.779725,-4.322544785584891,-372.5713437991328,3.0033986478323524,-79.50208374634502,1503.1605212750337
2.780225,-6.506748944687203,-372.5719149171674,2.963835501024326,-78.75050348570726,1503.1605212750337
2.7807249999999994,-7.812242742593744,-372.57187015536397,2.9246481443466883,-77.99892322507083,1503.1605212750337
2.781225,-6.596912868799758,-372.5720011984981,2.885836577799265,-77.24734296443239,1503.1605212750337
2.781725,-4.593396699242812,-372.57177410384907,2.8474008013822303,-76.4957627037953,1503.1605212750337
2.7822249999999995,-4.6517841573444425,-372.5716318875347,2.8093408150955126,-75.7441824431582,1503.1605212750337
2.782725,-5.589848461591943,-372.5718647623257,2.7716566189390472,-74.99260218251975,1503.1605212750337
2.7832249999999994,-7.924777372963471,-372.57201657094066,2.734348212913,-74.24102192188333,1503.1605212750337
2.783725,-8.377577041962013,-372.573046506987,2.697415597017173,-73.4894416612449,1503.1605212750337
2.784225,-6.286782595366796,-372.57375599966025,2.660858771251698,-72.73786140060713,1503.1605212750337
2.7847249999999995,-4.5972505845461775,-372.57532315158426,2.624677735616605,-71.98628113997067,1503.1605212750337
2.785225,-6.194428790878183,-372.57632505456945,2.5888724901117355,-71.23470087933225,1503.1605212750337
2.785725,-8.896122288493425,-372.57711669032557,2.5534430347372483,-70.48312061869515,1503.1605212750337
2.7862249999999995,-7.763321617335526,-372.57737703662633,2.5183893694930792,-69.73154035805804,1503.1605212750337
2.786725,-3.9572672459266274,-372.5776546373085,2.483711494379168,-68.9799600974196,1503.1605212750337
2.787225,-4.1172266985805095,-372.5774388158535,2.4494094093956367,-68.22837983678251,1503.1605212750337
2.787725,-8.00078477552793,-372.5779660657479,2.4154831145423934,-67.47679957614474,1503.1605212750337
2.788225,-7.598803967221917,-372.5788543419412,2.381932609819468,-66.72521931550696,1503.1605212750337
2.788725,-5.008200481949485,-372.5792140056845,2.3487578952268935,-65.97363905486988,1503.1605212750337
2.789225,-3.994446110428089,-372.58013770839045,2.315958970764606,-65.22205879423211,1503.1605212750337
2.789725,-4.254668724035397,-372.58021767593203,2.2835358364326677,-64.470478533595,1503.1605212750337
2.790225,-7.43467015809901,-372.5806764986097,2.251488492231019,-63.71889827295724,1503.1605212750337
2.790725,-9.695479827450304,-372.58052683356294,2.2198169381596893,-62.96731801231947,1503.1605212750337
2.791225,-8.35150293561087,-372.5805913864343,2.1885211742187067,-62.215737751682376,1503.1605212750337
2.791725,-7.841605400278785,-372.5806370666922,2.1576012004080143,-61.4641574910446,1503.1605212750337
2.792225,-6.172301976660868,-372.5806082577209,2.127057016727641,-60.712577230406836,1503.1605212750337
2.792725,-6.96682895870637,-372.58065971509507,2.096888623177613,-59.96099696976973,1503.1605212750337
2.793225,-8.536438001724324,-372.580617046305,2.0670960197578783,-59.209416709131965,1503.1605212750337
2.793725,-6.538938726931621,-372.5799680532633,2.0376792064684888,-58.45783644849487,1503.1605212750337
2.7942249999999995,-5.287828362893189,-372.5797454467624,2.008638183309416,-57.706256187857754,1503.1605212750337
2.794725,-6.620823827638968,-372.57910308880207,1.9799729502806114,-56.954675927219334,1503.1605212750337
2.7952249999999994,-9.075998331714883,-372.57865433472955,1.9516835073822019,-56.20309566658291,1503.1605212750337
2.795725,-9.945957167515427,-372.57800681953375,1.9237698546140358,-55.45151540594446,1503.1605212750337
2.796225,-7.736180891269077,-372.57746356105883,1.896231991976214,-54.69993514530668,1503.1605212750337
2.7967249999999995,-6.299998704213126,-372.57648315512307,1.869069919468759,-53.94835488467025,1503.1605212750337
2.797225,-7.141084820146456,-372.5751846624013,1.842283637091551,-53.196774624031825,1503.1605212750337
2.797725,-7.668340991216658,-372.57402692901474,1.8158731448447085,-52.445194363394734,1503.1605212750337
2.7982249999999995,-9.625077501846,-372.5724382850357,1.7898384427281853,-51.69361410275763,1503.1605212750337
2.798725,-9.524236911105907,-372.57071451825516,1.764179530741934,-50.94203384211918,1503.1605212750337
2.7992249999999994,-8.28502994510284,-372.56979442101306,1.73889640888607,-50.19045358148276,1503.1605212750337
2.799725,-7.268127827915737,-372.5692431300523,1.7139890771604582,-49.438873320844316,1503.1605212750337
2.800225,-8.302643595718262,-372.5686963025969,1.689457535565187,-48.687293060206564,1503.1605212750337
2.8007249999999995,-11.073506556265736,-372.5674595415033,1.665301784100278,-47.935712799570126,1503.1605212750337
2.801225,-10.729529550937988,-372.5660878566019,1.6415218227656232,-47.18413253893168,1503.1605212750337
2.801725,-7.676904125384484,-372.56433434149,1.61811765156133,-46.43255227829459,1503.1605212750337
2.8022249999999995,-6.866594591432587,-372.56230558955326,1.5950892704873547,-45.68097201765748,1503.1605212750337
2.802725,-9.367068654105696,-372.5605813299235,1.572436679543658,-44.92939175701904,1503.1605212750337
2.803225,-8.169815211452846,-372.55781544181565,1.5501598787303197,-44.17781149638195,1503.1605212750337
2.803725,-6.081763432207356,-372.5555198100744,1.5282588680472808,-43.426231235744176,1503.1605212750337
2.804225,-4.817468685959414,-372.5526896897375,1.5067336474945612,-42.6746509751064,1503.1605212750337
2.804725,-3.9188480633426224,-372.5498093136318,1.4855842170721787,-41.92307071446931,1503.1605212750337
2.805225,-6.5931578032352975,-372.5457025407652,1.4648105767800967,-41.17149045383153,1503.1605212750337
2.805725,-9.944344502488212,-372.54194819032705,1.4444127266183517,-40.41991019319444,1503.1605212750337
2.806225,-9.211698789770375,-372.53763581132165,1.424390666586907,-39.668329932556674,1503.1605212750337
2.806725,-7.512962204732783,-372.5334470713281,1.4047443966857818,-38.91674967191891,1503.1605212750337
2.807225,-4.268215001864833,-372.52987385861627,1.3854739169149923,-38.16516941128181,1503.1605212750337
2.807725,-4.183198084145248,-372.52585136826536,1.3665792272745045,-37.413589150644036,1503.1605212750337
2.808225,-6.241487814544259,-372.5217692502048,1.3480603277643521,-36.66200889000694,1503.1605212750337
2.808725,-3.527258801648484,-372.5167397298689,1.329917218384502,-35.910428629369164,1503.1605212750337
2.809225,-1.129828556108856,-372.51234274529673,1.3121498991349712,-35.1588483687314,1503.1605212750337
2.809725,-1.757617940451679,-372.50723311466913,1.2947583700157739,-34.4072681080943,1503.1605212750337
2.810225,-4.370358524264569,-372.5024320818966,1.277742631026881,-33.65568784745653,1503.1605212750337
2.810725,-7.2931634025517695,-372.49715507484643,1.2611026821683062,-32.90410758681876,1503.1605212750337
2.8112249999999994,-5.820968281906684,-372.4923182300652,1.2448385234400794,-32.15252732618233,1503.1605212750337
2.811725,-3.411406095201736,-372.48743719496633,1.2289501548421287,-31.400947065543885,1503.1605212750337
2.812225,-4.400930886156292,-372.48293931813265,1.213437576374524,-30.649366804906794,1503.1605212750337
2.8127249999999995,-5.40231568631464,-372.4781575441347,1.1983007880372387,-29.897786544269685,1503.1605212750337
2.813225,-7.505768436404262,-372.47369413981914,1.1835397898302455,-29.14620628363126,1503.1605212750337
2.813725,-5.671836952693303,-372.46943558411493,1.169154581753597,-28.39462602299416,1503.1605212750337
2.8142249999999995,-2.039561953805565,-372.46565118082833,1.155145163807267,-27.64304576235706,1503.1605212750337
2.814725,-1.3669541208053315,-372.46168063270005,1.1415115359912316,-26.891465501718617,1503.1605212750337
2.8152249999999994,-2.8092406077728374,-372.4578207486606,1.1282536983055504,-26.139885241082187,1503.1605212750337
2.815725,-4.874742293538948,-372.45426272991983,1.115371650750153,-25.388304980443753,1503.1605212750337
2.816225,-4.00882205715332,-372.45032193742423,1.1028653933250867,-24.63672471980599,1503.1605212750337
2.8167249999999995,-1.3178369949919702,-372.4467262946432,1.0907349260303603,-23.885144459169545,1503.1605212750337
2.817225,-2.0021337581557463,-372.44332883873835,1.0789802488659208,-23.13356419853112,1503.1605212750337
2.817725,-4.238974843238403,-372.43976595307157,1.0676013618318205,-22.381983937894024,1503.1605212750337
2.8182249999999995,-2.8802115616069672,-372.43679428727893,1.0565982649280388,-21.63040367725692,1503.1605212750337
2.818725,-1.1834699056141251,-372.43350225458676,1.045970958154557,-20.878823416618477,1503.1605212750337
2.819225,-0.1541022798451788,-372.4307731559879,1.0357194415114126,-20.127243155981382,1503.1605212750337
2.819725,0.391490217864578,-372.4280393691209,1.0258437149985784,-19.37566289534362,1503.1605212750337
2.820225,-1.6985254323835943,-372.42593401992514,1.016343778616063,-18.624082634705836,1503.1605212750337
2.820725,-4.277558209926084,-372.4233774961568,1.0072196323638742,-17.87250237406875,1503.1605212750337
2.821225,-3.92793540705395,-372.4207737280927,0.9984712762419966,-17.120922113430975,1503.1605212750337
2.821725,-2.5621113158580107,-372.41851713135196,0.990098710250445,-16.36934185279387,1503.1605212750337
2.8222249999999995,-0.3407122609865941,-372.41623957240444,0.9821019343892118,-15.617761592156773,1503.1605212750337
2.822725,-1.7573831630792551,-372.4146415927799,0.9744809486582835,-14.866181331518344,1503.1605212750337
2.823225,-5.7426332589139175,-372.41302931882376,0.9672357530576876,-14.114601070881243,1503.1605212750337
2.823725,-5.158624806656739,-372.41172437378947,0.9603663475874041,-13.363020810243473,1503.1605212750337
2.824225,-2.7058330923209057,-372.4102876907811,0.9538727322474398,-12.611440549605703,1503.1605212750337
2.824725,-3.4247894924043294,-372.40904985256805,0.9477549070377994,-11.859860288968603,1503.1605212750337
2.825225,-6.654197626790027,-372.40788066709223,0.9420128719584728,-11.108280028330832,1503.1605212750337
2.825725,-9.67393807345895,-372.40702151981276,0.9366466270094694,-10.356699767693728,1503.1605212750337
2.8262249999999995,-7.554595919720644,-372.40638448006393,0.9316561721907849,-9.605119507056633,1503.1605212750337
2.826725,-3.8746829533613103,-372.4060853349215,0.9270415075024104,-8.853539246418196,1503.1605212750337
2.8272249999999994,-4.108422099839343,-372.4068676065648,0.9228026329443668,-8.101958985781758,1503.1605212750337
2.827725,-6.163868181703161,-372.40747168487707,0.9189395485166304,-7.350378725143332,1503.1605212750337
2.828225,-8.982664972323015,-372.40857735060865,0.9154522542192172,-6.598798464505555,1503.1605212750337
2.8287249999999995,-7.254294164036475,-372.4098653509367,0.9123407500521281,-5.847218203869118,1503.1605212750337
2.829225,-4.435492002998278,-372.4104400989458,0.9096050360153497,-5.095637943230693,1503.1605212750337
2.8297249999999994,-4.526546052312163,-372.4114816491402,0.9072451121088968,-4.344057682594255,1503.1605212750337
2.8302249999999995,-6.926215410206574,-372.41267690237976,0.9052609783327584,-3.5924774219564926,1503.1605212750337
2.830725,-10.23285012397354,-372.4146373329136,0.9036526346869378,-2.840897161318054,1503.1605212750337
2.8312249999999994,-8.039302774913299,-372.4165750437671,0.9024200811714396,-2.0893169006816232,1503.1605212750337
2.831725,-4.633994797961313,-372.4182482744395,0.9015633177862572,-1.3377366400431843,1503.1605212750337
2.832225,-6.638265365354755,-372.42028843663024,0.9010823445313952,-0.5861563794054215,1503.1605212750337
2.8327249999999995,-9.004291004237276,-372.42251047922605,0.9009771614068519,0.16542388123101592,1503.1605212750337
2.833225,-7.066561402551268,-372.42493495306826,0.9012477684126272,0.9170041418694481,1503.1605212750337
2.833725,-4.283030814169523,-372.4272564777563,0.9018941655487211,1.6685844025065413,1503.1605212750337
2.834225,-3.200312760229136,-372.430530887106,0.9029163528151339,2.4201646631443245,1503.1605212750337
2.834725,-5.2365457294786895,-372.43389069340185,0.9043143302118659,3.171744923782087,1503.1605212750337
2.835225,-7.106544777998538,-372.43762180869504,0.9060880977389152,3.923325184419187,1503.1605212750337
2.835725,-7.910587174925942,-372.44122841325634,0.9082376553962851,4.674905445056957,1503.1605212750337
2.836225,-8.255866922793288,-372.44529755648927,0.910763003183974,5.42648570569472,1503.1605212750337
2.836725,-7.793519945252318,-372.4490814192197,0.9136641411019788,6.17806596633182,1503.1605212750337
2.837225,-6.603437924693267,-372.45265005440666,0.9169410691503053,6.929646226969596,1503.1605212750337
2.837725,-7.177278166836844,-372.4562561771493,0.9205937873289475,7.681226487606696,1503.1605212750337
2.838225,-7.405624877396488,-372.4595242953347,0.9246222956379118,8.43280674824446,1503.1605212750337
2.838725,-6.455265488056675,-372.4622574337552,0.9290265940771946,9.184387008882224,1503.1605212750337
2.839225,-5.974107507776949,-372.465611544905,0.9338066826467925,9.93596726951933,1503.1605212750337
2.839725,-5.3606854660322725,-372.46884379367265,0.9389625613467135,10.687547530157092,1503.1605212750337
2.840225,-6.062348227139361,-372.47210714220364,0.9444942301769481,11.439127790794196,1503.1605212750337
2.840725,-8.089047877968003,-372.47516470612993,0.9504016891375066,12.190708051431967,1503.1605212750337
2.841225,-6.968304063285122,-372.47844603540676,0.9566849382283841,12.942288312069733,1503.1605212750337
2.8417249999999994,-5.672484156797319,-372.48180681403085,0.9633439774495682,13.693868572706164,1503.1605212750337
2.842225,-5.44694201656196,-372.48506425805544,0.9703788068010896,14.445448833344598,1503.1605212750337
2.842725,-5.567355779642063,-372.4882100356098,0.9777894262829241,15.197029093982366,1503.1605212750337
2.8432249999999994,-9.480767430339789,-372.4912370664998,0.985575835895063,15.9486093546188,1503.1605212750337
2.843725,-8.949332373855679,-372.49410350653926,0.9937380356375416,16.70018961525724,1503.1605212750337
2.844225,-5.968821259090413,-372.4963982381694,1.0022760255103251,17.451769875894335,1503.1605212750337
2.8447249999999995,-4.629619713990952,-372.49896519412056,1.0111898055134265,18.20335013653144,1503.1605212750337
2.845225,-4.606232336454751,-372.5008656208502,1.0204793756468633,18.95493039716988,1503.1605212750337
2.8457249999999994,-8.153906091201687,-372.5026185434153,1.0301447359105933,19.706510657806312,1503.1605212750337
2.846225,-7.931033389329602,-372.50417162498763,1.0401858863046685,20.45809091844474,1503.1605212750337
2.846725,-2.5544577852480668,-372.5060218147662,1.050602826829054,21.209671179082513,1503.1605212750337
2.8472249999999995,-2.754092410599724,-372.50749790702895,1.0613955574837386,21.961251439718946,1503.1605212750337
2.847725,-5.1990032394910894,-372.5092013053096,1.0725640782687718,22.712831700357384,1503.1605212750337
2.848225,-5.180131887504091,-372.51012086957684,1.084108389184103,23.464411960994475,1503.1605212750337
2.8487249999999995,-3.888339537796901,-372.51080810013144,1.096028490229753,24.215992221631584,1503.1605212750337
2.849225,-0.1589736998863462,-372.5115961498018,1.108324381405743,24.967572482270015,1503.1605212750337
2.849725,-0.8657690253005242,-372.5122824113032,1.1209960627120303,25.71915274290711,1503.1605212750337
2.850225,-5.123689800675488,-372.51252904905454,1.134043534148648,26.470733003544883,1503.1605212750337
2.850725,-6.987224304512407,-372.5123414755117,1.1474667957155844,27.222313264182656,1503.1605212750337
2.851225,-6.653579318122318,-372.5130244000723,1.1612658474128272,27.973893524819754,1503.1605212750337
2.851725,-4.2679983481823145,-372.512454045998,1.1754406892404012,28.72547378545752,1503.1605212750337
2.852225,-1.9018074196596704,-372.5113304864445,1.189991321198281,29.47705404609462,1503.1605212750337
2.852725,-3.802617505783663,-372.50970842947737,1.2049177432864928,30.22863430673239,1503.1605212750337
2.853225,-6.507410743267556,-372.5075392802842,1.2202199555050237,30.980214567370155,1503.1605212750337
2.853725,-4.220401273430937,-372.505460129009,1.2358979578538594,31.731794828007253,1503.1605212750337
2.854225,-1.7254023837913066,-372.5034172652778,1.2519517503330282,32.48337508864503,1503.1605212750337
2.854725,-2.737464332252913,-372.5014416101988,1.2683813329425153,33.23495534928279,1503.1605212750337
2.855225,-5.5015409376583015,-372.4994233553437,1.2851867056823068,33.9865356099199,1503.1605212750337
2.855725,-6.932515784060446,-372.49706623468194,1.3023678685524316,34.738115870557664,1503.1605212750337
2.856225,-4.117434413597246,-372.4940773135014,1.31992482155286,35.48969613119476,1503.1605212750337
2.8567249999999995,-2.031757052648731,-372.4913863160968,1.3378575646836064,36.24127639183186,1503.1605212750337
2.857225,-3.052917983304514,-372.48849097959084,1.3561660979447052,36.9928566524703,1503.1605212750337
2.8577249999999994,-5.536318649834964,-372.48522215173307,1.3748504213360717,37.74443691310673,1503.1605212750337
2.858225,-8.904541479841203,-372.4821542112172,1.3939105348578082,38.496017173745166,1503.1605212750337
2.858725,-7.205964396635677,-372.47878227369415,1.4133464385098464,39.247597434382925,1503.1605212750337
2.8592249999999995,-4.834813453437052,-372.47550001592197,1.4331581322921687,39.99917769501936,1503.1605212750337
2.859725,-4.394638536191561,-372.4720426281816,1.4533456162048626,40.7507579556578,1503.1605212750337
2.860225,-4.621952139956752,-372.4683009249547,1.4739088902478399,41.5023382162949,1503.1605212750337
2.8607249999999995,-7.520717014181227,-372.4644004232485,1.4948479544211348,42.25391847693201,1503.1605212750337
2.861225,-6.407765287648317,-372.46031487098253,1.516162808724787,43.005498737570434,1503.1605212750337
2.8617249999999994,-2.0291730228458817,-372.4560548091518,1.5378534531586994,43.75707899820687,1503.1605212750337
2.862225,-2.8121908324249776,-372.45194096384535,1.5599198877229894,44.50865925884531,1503.1605212750337
2.862725,-4.9116061793344254,-372.44752772505586,1.582362112417579,45.26023951948308,1503.1605212750337
2.8632249999999995,-5.395615935797471,-372.44293374043644,1.6051801272424466,46.01181978011952,1503.1605212750337
2.863725,-5.096647002168838,-372.43847267387764,1.6283739321976947,46.76340004075795,1503.1605212750337
2.864225,-2.46840570956923,-372.4335211442045,1.65194352728322,47.51498030139504,1503.1605212750337
2.8647249999999995,-2.859113248362751,-372.4288736802501,1.6758889124990628,48.26656056203215,1503.1605212750337
2.865225,-6.040172130727433,-372.42476918227163,1.7002100878452686,49.01814082267058,1503.1605212750337
2.865725,-8.289880544073444,-372.4212936079634,1.7249070533217497,49.76972108330768,1503.1605212750337
2.866225,-9.180676092950602,-372.4179818515857,1.749979808928571,50.521301343945446,1503.1605212750337
2.866725,-6.0627565725932975,-372.41481665719164,1.775428354665712,51.27288160458322,1503.1605212750337
2.867225,-2.821324740201777,-372.4116604923413,1.801252690533149,52.02446186522032,1503.1605212750337
2.867725,-4.666336101573629,-372.4078449337937,1.8274528165309267,52.776042125858076,1503.1605212750337
2.868225,-7.082800755102129,-372.40413154533474,1.8540287326590006,53.52762238649519,1503.1605212750337
2.868725,-6.645928780713424,-372.400485037688,1.8809804389174163,54.279202647132955,1503.1605212750337
2.869225,-4.466631762890304,-372.3974801407179,1.9083079353061512,55.030782907770714,1503.1605212750337
2.869725,-4.234984767141892,-372.3941500891167,1.9360112218251804,55.78236316840783,1503.1605212750337
2.870225,-8.395428975268523,-372.39092327945633,1.9640902984745534,56.53394342904559,1503.1605212750337
2.870725,-10.81725603037484,-372.387642896642,1.9925451652542194,57.2855236896827,1503.1605212750337
2.871225,-8.457509393834,-372.3847802642015,2.02137582216423,58.037103950320464,1503.1605212750337
2.871725,-5.667552471630261,-372.3815767665964,2.0505822692045594,58.78868421095823,-2010.9126271152352
2.872225,-6.079436743330862,-372.37783289219834,2.0797252472316337,57.783227897401176,-2010.9126271152352
2.872725,-8.335115489726126,-372.37410309109157,2.1083654971019543,56.77777158384321,-2010.9126271152352
2.873225,-12.222006484233534,-372.37087878152363,2.136503018815495,55.772315270285254,-2010.9126271152352
2.8737249999999994,-9.817864788037664,-372.36759594673106,2.1641378123722093,54.766858956729095,-2010.9126271152352
2.874225,-6.606080865000351,-372.3647764780068,2.1912698777722177,53.76140264317024,-2010.9126271152352
2.874725,-6.976105414846723,-372.3623447788929,2.2178992150153984,52.75594632961319,-2010.9126271152352
2.8752249999999995,-8.363439146306863,-372.3599683403413,2.244025824101801,51.750490016056126,-2010.9126271152352
2.875725,-11.017100525689647,-372.3576709379794,2.2696497050314712,50.74503370249729,-2010.9126271152352
2.876225,-9.448243441631773,-372.35504885666904,2.2947708578043158,49.73957738894022,-2010.9126271152352
2.8767249999999995,-5.7460200518018985,-372.3530753117632,2.3193892824203832,48.734121075383165,-2010.9126271152352
2.877225,-8.671472189129478,-372.3516224579668,2.3435049788797153,47.72866476182432,-2010.9126271152352
2.8777249999999994,-10.294833499567511,-372.350288533435,2.367117947182204,46.723208448268146,-2010.9126271152352
2.878225,-8.598354935040197,-372.34901660622273,2.3902281873279767,45.717752134709315,-2010.9126271152352
2.878725,-7.803667795113427,-372.34800551185685,2.412835699316949,44.71229582115134,-2010.9126271152352
2.8792249999999995,-5.869621670897956,-372.34662083667246,2.434940483149104,43.706839507595184,-2010.9126271152352
2.879725,-7.422224121300074,-372.3451836486074,2.456542538824539,42.70138319403633,-2010.9126271152352
2.880225,-10.079849420073812,-372.34414090015355,2.4776418663431556,41.69592688047928,-2010.9126271152352
2.8807249999999995,-10.670665954290287,-372.34344389339765,2.4982384657049947,40.690470566922215,-2010.9126271152352
2.881225,-12.060100424864425,-372.3431994545855,2.5183323369100905,39.68501425336337,-2010.9126271152352
2.881725,-10.81890160373704,-372.3434616869648,2.537923479958372,38.6795579398063,-2010.9126271152352
2.882225,-8.153872227259614,-372.34385919327167,2.557011894849891,37.67410162624835,-2010.9126271152352
2.882725,-9.658244709806974,-372.3439415544522,2.575597581584633,36.6686453126904,-2010.9126271152352
2.883225,-11.762355697035382,-372.3434654185248,2.593680540162579,35.66318899913334,-2010.9126271152352
2.883725,-10.941101094198755,-372.3431678036552,2.6112607705837623,34.65773268557538,-2010.9126271152352
2.884225,-8.91020885486805,-372.3426802645956,2.628338272848151,33.65227637201833,-2010.9126271152352
2.8847249999999995,-8.286274840864504,-372.34255132507474,2.6449130469557613,32.64682005846127,-2010.9126271152352
2.885225,-12.335795496354876,-372.3422279420239,2.6609850929066217,31.64136374490242,-2010.9126271152352
2.885725,-15.333328735351438,-372.3422245966553,2.6765544107006756,30.635907431345363,-2010.9126271152352
2.886225,-12.552407463399827,-372.34228524551907,2.691621000337964,29.6304511177874,-2010.9126271152352
2.886725,-9.59727435350797,-372.34268529238034,2.7061848618184734,28.62499480422946,-2010.9126271152352
2.887225,-8.959164468945126,-372.34240786751354,2.720245995142191,27.619538490672387,-2010.9126271152352
2.887725,-10.633391623755966,-372.342436518781,2.733804400309141,26.614082177114437,-2010.9126271152352
2.888225,-14.26723890755692,-372.3424045790552,2.7468600773193024,25.60862586355737,-2010.9126271152352
2.8887249999999995,-11.909371028096576,-372.34342383557123,2.7594130261726844,24.603169550000317,-2010.9126271152352
2.889225,-7.0416198847379246,-372.3443843312859,2.7714632468693106,23.59771323644146,-2010.9126271152352
2.8897249999999994,-7.494932694976862,-372.3457386839069,2.7830107394091246,22.5922569228853,-2010.9126271152352
2.890225,-9.465947406126126,-372.3470972122261,2.7940555037921913,21.586800609326456,-2010.9126271152352
2.890725,-11.721650179409933,-372.3479450798951,2.804597540018469,20.581344295768503,-2010.9126271152352
2.8912249999999995,-10.131042560967847,-372.3491033740337,2.814636848087949,19.575887982212336,-2010.9126271152352
2.891725,-6.440422179695669,-372.34969076039937,2.8241734280006776,18.57043166865349,-2010.9126271152352
2.8922249999999994,-8.975266629809523,-372.35041715425297,2.8332072797566017,17.56497535509731,-2010.9126271152352
2.8927249999999995,-11.994015363499567,-372.3509828642984,2.841738403355764,16.559519041539367,-2010.9126271152352
2.893225,-9.971423732684736,-372.3510639492349,2.849766798798154,15.554062727980519,-2010.9126271152352
2.8937249999999994,-7.914652644176523,-372.3519598796062,2.857292466083745,14.548606414424361,-2010.9126271152352
2.894225,-5.725327997219033,-372.35265566049577,2.8643154052125754,13.543150100865502,-2010.9126271152352
2.894725,-6.545984701469339,-372.3535884193492,2.870835616184621,12.53769378730755,-2010.9126271152352
2.8952249999999995,-8.372772638416862,-372.3539854198204,2.8768530989998773,11.532237473751392,-2010.9126271152352
2.895725,-8.332981404574461,-372.3548256978423,2.8823678536583692,10.526781160192538,-2010.9126271152352
2.896225,-9.85810407813938,-372.3552918210631,2.887379880160074,9.521324846635478,-2010.9126271152352
2.896725,-8.820016561687288,-372.3561558838341,2.8918891785050036,8.515868533077526,-2010.9126271152352
2.897225,-6.289124949557279,-372.3569790636361,2.8958957486931545,7.510412219519574,-2010.9126271152352
2.897725,-7.219752253221765,-372.3574255695073,2.899399590724523,6.504955905962514,-2010.9126271152352
2.898225,-9.184749772653788,-372.3584033489148,2.902400704599115,5.499499592404562,-2010.9126271152352
2.898725,-9.495920211210237,-372.3585771991454,2.904899090316929,4.494043278846609,-2010.9126271152352
2.899225,-7.81771940863411,-372.35931284133045,2.9068947478779625,3.488586965289543,-2010.9126271152352
2.899725,-5.9187015178345845,-372.358920666659,2.908387677282218,2.4831306517315905,-2010.9126271152352
2.900225,-8.599715961537227,-372.35994191610234,2.909377878529694,1.477674338174524,-2010.9126271152352
2.900725,-12.131048507772348,-372.3599071054471,2.909865351620392,0.47221802461657875,-2010.9126271152352
2.901225,-10.52164803356841,-372.3596533028138,2.9098500965543113,-0.5332382889413805,-2010.9126271152352
2.901725,-6.510560068089586,-372.3590806872427,2.9093321133314514,-1.53869460249844,-2010.9126271152352
2.902225,-4.346837390497643,-372.3578977892006,2.908311401951812,-2.544150916056392,-2010.9126271152352
2.902725,-6.003082720067916,-372.35629011130345,2.906787962415396,-3.549607229613452,-2010.9126271152352
2.903225,-10.57484765237861,-372.3536456584988,2.904761794722199,-4.5550635431714115,-2010.9126271152352
2.903725,-9.477775203207692,-372.3521391825561,2.902232898872222,-5.560519856729356,-2010.9126271152352
2.9042249999999994,-5.128612810054434,-372.3503075278835,2.899201274865473,-6.5659761702855235,-2010.9126271152352
2.904725,-4.503033730600891,-372.34924369822505,2.895666922701936,-7.571432483844375,-2010.9126271152352
2.905225,-6.974528730682576,-372.34716270995904,2.891629842381623,-8.576888797402328,-2010.9126271152352
2.9057249999999994,-10.137011089700511,-372.3450717352067,2.8870900339045398,-9.582345110958492,-2010.9126271152352
2.906225,-8.366500605575188,-372.3427925182087,2.8820474972706647,-10.58780142451734,-2010.9126271152352
2.906725,-3.355993722717879,-372.3398744305987,2.87650223248002,-11.593257738074406,-2010.9126271152352
2.9072249999999995,-4.712458190406457,-372.3370729236934,2.870454239532597,-12.598714051631458,-2010.9126271152352
2.907725,-8.351549504797044,-372.33333796339343,2.863903518428384,-13.60417036519031,-2010.9126271152352
2.9082249999999994,-6.817927411265501,-372.33041312401275,2.8568500691674092,-14.609626678746478,-2010.9126271152352
2.908725,-4.375673747772362,-372.32705568484226,2.8492938917496358,-15.61508299230532,-2010.9126271152352
2.909225,-2.034514361514191,-372.3236998149767,2.8412349861750914,-16.620539305863268,-2010.9126271152352
2.9097249999999995,-2.3674760635743675,-372.3201744631321,2.8326733524437837,-17.62599561941944,-2010.9126271152352
2.910225,-6.011569741249747,-372.31686511340814,2.8236089905556736,-18.63145193297829,-2010.9126271152352
2.910725,-7.390286445677928,-372.3136155682382,2.8140419005107997,-19.636908246535345,-2010.9126271152352
2.9112249999999995,-5.930750864689281,-372.3098291551358,2.8039720823091487,-20.642364560092414,-2010.9126271152352
2.911725,-5.052345487855915,-372.30640222673,2.7933995359507,-21.64782087365126,-2010.9126271152352
2.912225,-5.114673095038011,-372.3027472738107,2.7823242614354915,-22.653277187208325,-2010.9126271152352
2.912725,-6.703573338673619,-372.29903187714336,2.7707462587634937,-23.658733500766274,-2010.9126271152352
2.913225,-7.1055372294774015,-372.2948340251719,2.7586655279347174,-24.66418981432422,-2010.9126271152352
2.913725,-6.094533225116857,-372.29049074402235,2.746082068949172,-25.669646127881286,-2010.9126271152352
2.914225,-5.741650115584794,-372.2860745590869,2.7329958818068385,-26.67510244143924,-2010.9126271152352
2.914725,-6.186489969574412,-372.2812661015484,2.7194069665077363,-27.6805587549963,-2010.9126271152352
2.915225,-8.560161000302122,-372.27673506222976,2.7053153230518445,-28.68601506855425,-2010.9126271152352
2.915725,-10.264880088150674,-372.2719222074895,2.690720951439173,-29.691471382112205,-2010.9126271152352
2.916225,-8.518604214694303,-372.26741799290437,2.675623851669736,-30.696927695669263,-2010.9126271152352
2.916725,-6.982599444382825,-372.2625255825462,2.660024023743507,-31.702384009227217,-2010.9126271152352
2.917225,-6.251544616908888,-372.2574765876721,2.6439214676604985,-32.70784032278518,-2010.9126271152352
2.917725,-6.61593248621173,-372.2518015224066,2.627316183420725,-33.713296636342236,-2010.9126271152352
2.918225,-10.184364796691863,-372.24656817717005,2.6102081710241585,-34.7187529499002,-2010.9126271152352
2.918725,-9.119038570816308,-372.24134591293506,2.5925974304708292,-35.72420926345725,-2010.9126271152352
2.9192249999999995,-5.707630259979785,-372.23659649305347,2.574483961760722,-36.729665577014295,-2010.9126271152352
2.919725,-6.57325471385295,-372.2320444736659,2.5558677648938017,-37.73512189057315,-2010.9126271152352
2.9202249999999994,-8.429667573279307,-372.22784800738617,2.536748839870153,-38.74057820412932,-2010.9126271152352
2.920725,-10.99675042969383,-372.2242438816425,2.517127186689676,-39.746034517688166,-2010.9126271152352
2.921225,-9.990350148338594,-372.220282100555,2.4970028053524347,-40.751490831246116,-2010.9126271152352
2.9217249999999995,-5.763426771860075,-372.21616672209296,2.476375695858453,-41.75694714480229,-2010.9126271152352
2.922225,-7.095019713536108,-372.212142451082,2.4552458582076357,-42.762403458361135,-2010.9126271152352
2.922725,-10.444258388190647,-372.2074102725548,2.4336132924000786,-43.7678597719182,-2010.9126271152352
2.9232249999999995,-8.830773244508332,-372.203162260893,2.411477998435742,-44.773316085475265,-2010.9126271152352
2.923725,-6.684846265477651,-372.19894624358915,2.3888399763145864,-45.7787723990341,-2010.9126271152352
2.9242249999999994,-5.552994223461358,-372.1956607628793,2.3656992260367153,-46.78422871259026,-2010.9126271152352
2.924725,-5.810139281725697,-372.19197566201495,2.342055747602001,-47.78968502614911,-2010.9126271152352
2.925225,-8.660833852616134,-372.1892867653806,2.317909541010529,-48.795141339707065,-2010.9126271152352
2.9257249999999995,-9.833869311152387,-372.1863005618461,2.2932606062623218,-49.800597653263225,-2010.9126271152352
2.926225,-8.857937698558828,-372.1833646831194,2.26810894335727,-50.80605396682208,-2010.9126271152352
2.926725,-8.00779767345939,-372.180926059366,2.2424545522954835,-51.81151028037914,-2010.9126271152352
2.9272249999999995,-7.113098545682929,-372.1782739063568,2.216297433076919,-52.8169665939362,-2010.9126271152352
2.927725,-8.107159486223448,-372.17611772531404,2.1896375857015293,-53.822422907495046,-2010.9126271152352
2.928225,-8.998600355792483,-372.1740911084276,2.1624750101694077,-54.8278792210521,-2010.9126271152352
2.928725,-7.104829383634692,-372.17183363325154,2.1348097064804827,-55.83333553461007,-2010.9126271152352
2.929225,-6.070553557754321,-372.1702524917475,2.1066416746347794,-56.838791848168015,-2010.9126271152352
2.929725,-7.664661251256834,-372.16805813372764,2.077970914632322,-57.84424816172508,-2010.9126271152352
2.930225,-10.02129113370901,-372.16622979680153,2.0487974264730595,-58.84970447528303,-2010.9126271152352
2.930725,-10.332072761227998,-372.164637274269,2.0191212101570453,-59.855160788840095,-2010.9126271152352
2.931225,-8.687062266387912,-372.163192156812,1.9889422656842257,-60.86061710239804,-2010.9126271152352
2.931725,-8.192763358569733,-372.1620800255843,1.9582605930546269,-61.86607341595601,-2010.9126271152352
2.932225,-7.740778964082958,-372.16073077856095,1.9270761922682762,-62.871529729513064,-2010.9126271152352
2.932725,-7.552117715753324,-372.1601135661972,1.8953890633251198,-63.876986043071014,-2010.9126271152352
2.933225,-9.550767789141428,-372.1588881192898,1.8631992062252134,-64.88244235662806,-2010.9126271152352
2.933725,-7.972239880278987,-372.15875458907277,1.8305066209684984,-65.88789867018603,-2010.9126271152352
2.934225,-6.294858165162189,-372.15811741413444,1.797311307555005,-66.89335498374399,-2010.9126271152352
2.934725,-6.273731091121126,-372.1580035377395,1.7636132659847623,-67.89881129730105,-2010.9126271152352
2.935225,-6.471677766674475,-372.1580471458391,1.7294124962577118,-68.90426761085898,-2010.9126271152352
2.935725,-8.039994552420227,-372.1580965394527,1.6947089983738806,-69.90972392441694,-2010.9126271152352
2.9362249999999994,-7.239838827869851,-372.15833838375204,1.6595027723333333,-70.9151802379731,-2010.9126271152352
2.936725,-3.3236466334324746,-372.15796104957377,1.6237938181359137,-71.92063655153196,-2010.9126271152352
2.937225,-4.169027316284302,-372.1582892668031,1.5875821357817779,-72.92609286508902,-2010.9126271152352
2.9377249999999995,-6.484083140458904,-372.1577062180456,1.5508677252708658,-73.93154917864607,-2010.9126271152352
2.938225,-4.945998416395488,-372.1577708038661,1.5136505866031074,-74.93700549220492,-2010.9126271152352
2.938725,-3.394139316617873,-372.1578073516336,1.4759307197786355,-75.942461805762,-2010.9126271152352
2.9392249999999995,-2.004921645572349,-372.1587199901487,1.4377081247973873,-76.94791811931906,-2010.9126271152352
2.939725,-2.612483650998993,-372.15937517989613,1.398982801659291,-77.95337443287791,-2010.9126271152352
2.9402249999999994,-5.031666627256138,-372.16042900465413,1.3597547503645189,-78.95883074643407,-2010.9126271152352
2.940725,-5.900446026685574,-372.16128458218833,1.3200239709128634,-79.96428705999293,-2010.9126271152352
2.941225,-4.351490519859534,-372.16208919065843,1.2797904633044646,-80.96974337355087,-2010.9126271152352
2.9417249999999995,-2.962401443137608,-372.16325522006724,1.2390542275393592,-81.97519968710704,-2010.9126271152352
2.942225,-2.650746245254323,-372.16357827429493,1.1978152636173656,-82.98065600066589,-2010.9126271152352
2.942725,-4.013592521933724,-372.1651131871737,1.1560735715386672,-83.98611231422295,-2010.9126271152352
2.9432249999999995,-4.5538557996157945,-372.16606785122195,1.1138291513031877,-84.99156862778,-2010.9126271152352
2.943725,-2.468274155672354,-372.1677797843399,1.0710820029108563,-85.99702494133885,-2010.9126271152352
2.944225,-1.073948670308828,-372.169018496166,1.0278321263618222,-87.00248125489588,-2010.9126271152352
2.944725,-3.606909299315677,-372.1704222138134,0.9840795216559705,-88.00793756845385,-2010.9126271152352
2.945225,-5.843100548335784,-372.17191692520055,0.9398241887933384,-89.01339388201181,-2010.9126271152352
2.945725,-5.9920233063895605,-372.17286195191684,0.8950661277739682,-90.01885019556887,-2010.9126271152352
2.946225,-3.887987233256661,-372.17434124047855,0.8498053385977798,-91.02430650912682,-2010.9126271152352
2.946725,-2.6799377060121943,-372.17498861629184,0.8040418212648512,-92.02976282268386,-2010.9126271152352
2.9472249999999995,-4.275779093004973,-372.17645882759604,0.7577755757751466,-93.03521913624095,-2010.9126271152352
2.947725,-4.828263631704334,-372.1773309760869,0.7110066021285789,-94.04067544979982,-2010.9126271152352
2.948225,-5.256690578527882,-372.1786801521736,0.6637349003253172,-95.04613176335685,-2010.9126271152352
2.948725,-3.458262158083931,-372.1802513628991,0.6159604703652324,-96.05158807691481,-2010.9126271152352
2.949225,-2.394619578506947,-372.18129466610304,0.5676833122483694,-97.05704439047275,-2010.9126271152352
2.949725,-3.4758628823068207,-372.18260697730057,0.5189034259747706,-98.06250070402982,-2010.9126271152352
2.950225,-4.231153460346708,-372.18359235273255,0.46962081154434954,-99.06795701758776,-2010.9126271152352
2.950725,-5.399142603289112,-372.1849457987835,0.419835468957194,-100.07341333114483,-2010.9126271152352
2.9512249999999995,-3.6999865709397968,-372.1862458673116,0.36954739821326027,-101.0788696447019,-2010.9126271152352
2.951725,-0.6437026529611953,-372.1881289969955,0.3187565993124577,-102.08432595826075,-2010.9126271152352
2.9522249999999994,-2.039806011336778,-372.18981635085976,0.2674630722550117,-103.08978227181693,-2010.9126271152352
2.952725,-3.2395403529841564,-372.19136770200913,0.2156668170406507,-104.09523858537578,-2010.9126271152352
2.953225,-1.6899816837346608,-372.1924981003787,0.16336783366955684,-105.10069489893371,-2010.9126271152352
2.9537249999999995,-0.721157833696083,-372.1936776491443,0.11056612214177682,-106.10615121248988,-2010.9126271152352
2.954225,0.2920705747658892,-372.195094216025,0.05726168245707647,-107.11160752604873,-2010.9126271152352
2.9547249999999994,-0.4009819626406006,-372.1959320035098,0.0034545146157405776,-108.11706383960487,-2010.9126271152352
2.9552249999999995,-4.012445298750561,-372.1970546934268,-0.05085538138247056,-109.12252015316282,-2010.9126271152352
2.955725,-5.041729322232328,-372.1979032338865,-0.10566800553750658,-110.12797646672168,-2010.9126271152352
2.9562249999999994,-4.612138113756818,-372.1987762648503,-0.16098335784917736,-111.13343278027787,-2010.9126271152352
2.956725,-3.299627071281505,-372.19927782020676,-0.21680143831777327,-112.13888909383672,-2010.9126271152352
2.957225,-2.450815537845385,-372.19999136326993,-0.27312224694310155,-113.14434540739467,-2010.9126271152352
2.9577249999999995,-3.5759504117285674,-372.2006088250664,-0.3299457837251054,-114.14980172095086,-2010.9126271152352
2.958225,-4.298905055748803,-372.2011323973316,-0.3872720486640406,-115.15525803450967,-2010.9126271152352
2.958725,-2.270777459243708,-372.20245505482313,-0.44510104175965315,-116.16071434806672,-2010.9126271152352
2.959225,0.0628214916118175,-372.2037384576331,-0.5034327630120944,-117.16617066162466,-2010.9126271152352
2.959725,-2.0793978284441814,-372.2047376243154,-0.562267212421316,-118.17162697518263,-2010.9126271152352
2.960225,-5.554206618892211,-372.20537890762415,-0.6216043899872647,-119.17708328873972,-2010.9126271152352
2.960725,-5.514697239420201,-372.205727228531,-0.6814442957100436,-120.18253960229764,-2010.9126271152352
2.961225,-3.593431096786027,-372.2056683720767,-0.741786929589601,-121.18799591585561,-2010.9126271152352
2.961725,-2.6753262254479986,-372.2052966587014,-0.802632291625885,-122.19345222941267,-2010.9126271152352
2.962225,-4.0189088731692,-372.20561117290225,-0.8639803818190018,-123.19890854297064,-2010.9126271152352
2.962725,-5.690870226088028,-372.2051495196512,-0.9258312001688419,-124.20436485652768,-2010.9126271152352
2.963225,-6.6023355518793805,-372.2050347443626,-0.9881847466755159,-125.20982117008565,-2010.9126271152352
2.963725,-3.604717649016571,-372.20516927840924,-1.0510410213389698,-126.2152774836436,-2010.9126271152352
2.964225,-2.3610173823411427,-372.20451086078975,-1.1144000241591443,-127.22073379720064,-2010.9126271152352
2.964725,-4.174496989836131,-372.2043997148687,-1.1782617551361565,-128.22619011075864,-2010.9126271152352
2.965225,-5.703099961025696,-372.20398069272164,-1.2426262142698878,-129.23164642431567,-2010.9126271152352
2.965725,-6.196483336865517,-372.2041444154189,-1.3074934015604578,-130.23710273787364,-2010.9126271152352
2.966225,-3.3072086880955416,-372.2038316199094,-1.3728633170078062,-131.24255905143156,-2010.9126271152352
2.9667249999999994,-1.5024217096959065,-372.2035643089761,-1.4387359606118169,-132.24801536498774,-2010.9126271152352
2.967225,-4.820376991812329,-372.20322825843476,-1.5051113323727805,-133.2534716785466,-2010.9126271152352
2.967725,-6.013065338762041,-372.2030568946162,-1.5719894322904653,-134.25892799210453,-2010.9126271152352
2.9682249999999994,-3.569060807487235,-372.20260166820157,-1.6393702603648097,-135.26438430566068,-2010.9126271152352
2.968725,-2.266309782188101,-372.20185399655657,-1.7072538165961126,-136.26984061921954,-2010.9126271152352
2.969225,-2.135882475438161,-372.2012341690623,-1.7756401009840734,-137.2752969327766,-2010.9126271152352
2.9697249999999995,-4.251698570185296,-372.2004423564573,-1.8445291135288142,-138.2807532463337,-2010.9126271152352
2.970225,-6.107192921564269,-372.1993538921469,-1.9139208542304547,-139.28620955989254,-2010.9126271152352
2.9707249999999994,-5.631408430033222,-372.1982494511296,-1.9838153230886897,-140.2916658734487,-2010.9126271152352
2.971225,-5.740234716384604,-372.19728023295016,-2.0542125201038903,-141.29712218700752,-2010.9126271152352
2.971725,-5.076911636191625,-372.1965716651017,-2.1251124452758074,-142.3025785005655,-2010.9126271152352
2.9722249999999995,-5.001302311693938,-372.19589154512465,-2.196515098604376,-143.30803481412167,-2010.9126271152352
2.972725,-6.6944441260736784,-372.19571998843486,-2.2684204800899144,-144.31349112768052,-2010.9126271152352
2.973225,-6.574297603123101,-372.19473458289116,-2.3408285897321033,-145.31894744123758,-2010.9126271152352
2.9737249999999995,-5.046726965885354,-372.1945331886652,-2.41373942753107,-146.32440375479462,-2010.9126271152352
2.974225,-4.49155946928322,-372.19461486997716,-2.4871529934869483,-147.32986006835347,-2010.9126271152352
2.974725,-6.642113337072229,-372.19486129770127,-2.5610692875994716,-148.33531638191053,-2010.9126271152352
2.975225,-9.62696718009996,-372.1957786706419,-2.635488309868842,-149.3407726954685,-2010.9126271152352
2.975725,-9.471555266028252,-372.19594556224223,-2.7104100602949894,-150.34622900902644,-2010.9126271152352
2.976225,-7.352486191968223,-372.1963421496608,-2.785834538877851,-151.35168532258348,-2010.9126271152352
2.976725,-7.173247609543845,-372.1960931886033,-2.8617617456175584,-152.35714163614145,-2010.9126271152352
2.977225,-8.546687221340317,-372.19572827419006,-2.9381916805139756,-153.36259794969848,-2010.9126271152352
2.977725,-9.88275637341676,-372.19522135780505,-3.01512434356724,-154.36805426325645,-2010.9126271152352
2.978225,-10.778184462645685,-372.1958275790638,-3.0925597347772844,-155.3735105768144,871.3851876810251
2.978725,-7.805052769082259,-372.1963410183267,-3.1701375669171874,-154.9378179829741,871.3851876810251
2.979225,-6.284160960825714,-372.1972637485504,-3.2474975527602408,-154.50212538913348,871.3851876810251
2.979725,-7.666476408235971,-372.1985682125554,-3.3246396923063735,-154.06643279529283,871.3851876810251
2.980225,-9.873249378342962,-372.199576168096,-3.4015639855555166,-153.63074020145254,871.3851876810251
2.980725,-11.894054418018245,-372.20043305669003,-3.478270432507808,-153.19504760761188,871.3851876810251
2.981225,-9.14104552730269,-372.20171101655853,-3.554759033163112,-152.7593550137716,871.3851876810251
2.9817249999999995,-6.648452070933976,-372.2032267162432,-3.6310297875214963,-152.32366241993137,871.3851876810251
2.982225,-10.342129218782611,-372.20482608577004,-3.707082695583094,-151.8879698260903,871.3851876810251
2.9827249999999994,-12.229147252975263,-372.20601411830825,-3.78291775734757,-151.45227723225042,871.3851876810251
2.983225,-9.895404499070876,-372.2072077195703,-3.8585349728153275,-151.0165846384094,871.3851876810251
2.983725,-6.202826519165331,-372.20836693781945,-3.933934341986097,-150.58089204456874,871.3851876810251
2.9842249999999995,-5.314246284194253,-372.209593014459,-4.009115864859813,-150.14519945072882,871.3851876810251
2.984725,-7.393551622896767,-372.21063528478516,-4.084079541436808,-149.7095068568878,871.3851876810251
2.985225,-9.3646795883534,-372.2121470130205,-4.15882537171675,-149.2738142630475,871.3851876810251
2.9857249999999995,-7.789143685882236,-372.2139435607195,-4.233353355699774,-148.83812166920725,871.3851876810251
2.986225,-6.139085349357272,-372.21657464471144,-4.307663493386008,-148.40242907536623,871.3851876810251
2.9867249999999994,-4.9102389338632015,-372.2197212462342,-4.381755784775124,-147.9667364815263,871.3851876810251
2.987225,-6.273414413959413,-372.22350722740487,-4.455630229867516,-147.53104388768529,871.3851876810251
2.987725,-8.172866400054156,-372.2264291155031,-4.529286828662925,-147.09535129384463,871.3851876810251
2.9882249999999995,-8.401235745004978,-372.2294677859897,-4.602725581161281,-146.6596587000047,871.3851876810251
2.988725,-6.44236814568505,-372.2328623745049,-4.675946487362912,-146.2239661061637,871.3851876810251
2.989225,-6.080395336445365,-372.2364757726939,-4.748949547267494,-145.78827351232343,871.3851876810251
2.9897249999999995,-8.058875843536338,-372.24094235252545,-4.821734760875154,-145.35258091848314,871.3851876810251
2.990225,-9.992028006924611,-372.2454732475833,-4.894302128186023,-144.91688832464212,871.3851876810251
2.990725,-8.54110670034161,-372.25009351232376,-4.966651649199846,-144.48119573080183,871.3851876810251
2.991225,-5.392004156748113,-372.2550608143914,-5.038783323916809,-144.0455031369612,871.3851876810251
2.991725,-5.077427819696043,-372.25998593552646,-5.110697152336856,-143.60981054312052,871.3851876810251
2.992225,-5.717980518460512,-372.2650218020756,-5.1823931344599155,-143.17411794928023,871.3851876810251
2.992725,-6.056049867457989,-372.2700434272859,-5.253871270286118,-142.7384253554396,871.3851876810251
2.993225,-7.140629515972681,-372.27529081176544,-5.32513155981534,-142.30273276159932,871.3851876810251
2.993725,-5.761651818020743,-372.28090984542763,-5.396174003047701,-141.86704016775866,871.3851876810251
2.994225,-4.417004682518326,-372.28674736104745,-5.466998599983145,-141.43134757391803,871.3851876810251
2.994725,-4.625970953720557,-372.2924308264273,-5.537605350621604,-140.99565498007775,871.3851876810251
2.995225,-6.408411861090788,-372.2985320947785,-5.607994254963207,-140.55996238623706,871.3851876810251
2.995725,-8.32649062218703,-372.3042179187169,-5.678165313007827,-140.1242697923968,871.3851876810251
2.996225,-5.246462818911708,-372.30988408518294,-5.748118524755589,-139.68857719855615,871.3851876810251
2.996725,-2.2981180538976025,-372.31574776495586,-5.817853890206428,-139.2528846047155,871.3851876810251
2.997225,-4.010023928734801,-372.32172188675634,-5.8873714093602905,-138.81719201087523,871.3851876810251
2.997725,-4.689878659898566,-372.32808165924837,-5.956671082217289,-138.38149941703455,871.3851876810251
2.998225,-3.749150906141228,-372.3337997881251,-6.025752908777369,-137.9458068231939,871.3851876810251
2.9987249999999994,-1.857376235567552,-372.33966361866294,-6.094616889040406,-137.51011422935403,871.3851876810251
2.999225,0.2268032554142232,-372.3456051575105,-6.163263023006708,-137.07442163551298,871.3851876810251
2.999725,-1.392440568069427,-372.3513504964231,-6.231691310675968,-136.6387290416727,871.3851876810251
3.0002249999999995,-4.60010639222376,-372.35700480190053,-6.299901752048305,-136.20303644783243,871.3851876810251
3.000725,-4.574695097065538,-372.3629381411243,-6.367894347123843,-135.76734385399138,871.3851876810251
3.001225,-3.319943162913186,-372.36859573763024,-6.435669095902343,-135.3316512601511,871.3851876810251
3.0017249999999995,-0.7802659769987301,-372.37368722997184,-6.503225998383919,-134.89595866631086,871.3851876810251
3.002225,-1.6541642155948513,-372.3792016944265,-6.570565054568695,-134.46026607246978,871.3851876810251
3.0027249999999994,-4.434164405880389,-372.38485083293284,-6.637686264456375,-134.02457347862992,871.3851876810251
3.003225,-4.391804565306128,-372.3902212225389,-6.704589628047312,-133.58888088478886,871.3851876810251
3.003725,-1.534060841925641,-372.395270666754,-6.771275145341269,-133.1531882909482,871.3851876810251
3.0042249999999995,-0.2440474757134071,-372.40029731776934,-6.837742816338188,-132.71749569710835,871.3851876810251
3.004725,-2.7879470946977007,-372.40521212794465,-6.90399264103836,-132.28180310326726,871.3851876810251
3.005225,-5.886089261096256,-372.4099804601546,-6.970024619441499,-131.846110509427,871.3851876810251
3.0057249999999995,-4.546128637772012,-372.41445363296646,-7.035838751547713,-131.41041791558672,871.3851876810251
3.006225,-1.567215243349415,-372.41852712751506,-7.101435037357127,-130.97472532174567,871.3851876810251
3.006725,-1.086965619781219,-372.4227763651331,-7.166813476869506,-130.5390327279054,871.3851876810251
3.007225,-2.7773294927752654,-372.4267415496014,-7.231974070085019,-130.10334013406475,871.3851876810251
3.007725,-5.212159854531763,-372.43024078511115,-7.296916817003614,-129.6676475402241,871.3851876810251
3.008225,-4.817644623981044,-372.4336713036114,-7.361641717625228,-129.2319549463838,871.3851876810251
3.008725,-3.0600894700807424,-372.4365975136715,-7.426148771949983,-128.79626235254318,871.3851876810251
3.009225,-2.181858349888735,-372.43972600639313,-7.49043797997776,-128.36056975870292,871.3851876810251
3.0097249999999995,-3.141050599802552,-372.442995010906,-7.554509341708613,-127.92487716486264,871.3851876810251
3.010225,-6.207159150430307,-372.44638135867285,-7.618362857142664,-127.4891845710216,871.3851876810251
3.010725,-7.40196492448896,-372.44967018069076,-7.681998526279678,-127.05349197718134,871.3851876810251
3.011225,-4.098679967381143,-372.4523144128832,-7.745416349119831,-126.61779938334065,871.3851876810251
3.011725,-2.380186570859408,-372.4549417641067,-7.8086163256630625,-126.1821067895,871.3851876810251
3.012225,-4.870869492084117,-372.4575905451004,-7.871598455909317,-125.74641419565974,871.3851876810251
3.012725,-5.302318031088975,-372.4595935723887,-7.9343627398587095,-125.31072160181908,871.3851876810251
3.013225,-3.826723076324472,-372.46248674618,-7.996909177511124,-124.87502900797881,871.3851876810251
3.0137249999999995,-1.63915264526717,-372.465016279044,-8.059237768866616,-124.43933641413852,871.3851876810251
3.014225,-0.463131610684891,-372.4675146352599,-8.121348513925302,-124.00364382029747,871.3851876810251
3.0147249999999994,-4.256435646478241,-372.4699025877332,-8.183241412686902,-123.56795122645761,871.3851876810251
3.015225,-6.4780742732334575,-372.47211473889064,-8.244916465151743,-123.13225863261655,871.3851876810251
3.015725,-6.067160429422318,-372.47323863116696,-8.306373671319614,-122.69656603877591,871.3851876810251
3.0162249999999995,-5.657764240269617,-372.4751296120224,-8.367613031190455,-122.26087344493601,871.3851876810251
3.016725,-2.6012689666279103,-372.4778769794486,-8.428634544764535,-121.82518085109497,871.3851876810251
3.0172249999999994,-3.823263015375552,-372.48018653010877,-8.489438212041536,-121.3894882572551,871.3851876810251
3.0177249999999995,-5.649197647328924,-372.48293337385127,-8.550024033021725,-120.95379566341441,871.3851876810251
3.018225,-4.297451121200121,-372.485475400636,-8.610392007705043,-120.5181030695734,871.3851876810251
3.0187249999999994,-2.716517447652099,-372.4884902680301,-8.670542136091285,-120.0824104757335,871.3851876810251
3.019225,-2.1284513635343707,-372.491805975185,-8.730474418180764,-119.64671788189246,871.3851876810251
3.019725,-5.300164209736502,-372.4952189644746,-8.79018885397327,-119.2110252880518,871.3851876810251
3.0202249999999995,-7.019381605663476,-372.49911950773634,-8.849685443468752,-118.7753326942119,871.3851876810251
3.020725,-4.829424878202119,-372.50332329121454,-8.908964186667468,-118.33964010037087,871.3851876810251
3.021225,-3.195957652652857,-372.50787867429756,-8.968025083569161,-117.9039475065306,871.3851876810251
3.021725,-3.6751345507988313,-372.51281367395194,-9.026868134173986,-117.46825491268991,871.3851876810251
3.022225,-5.6196907741748205,-372.5176636321957,-9.08549333848189,-117.03256231884929,871.3851876810251
3.022725,-7.473475722850854,-372.5229772175971,-9.14390069649282,-116.596869725009,871.3851876810251
3.023225,-6.406102486599633,-372.52715867739795,-9.202090208206885,-116.16117713116833,871.3851876810251
3.023725,-5.409915523920526,-372.532552800575,-9.26006187362403,-115.7254845373277,871.3851876810251
3.024225,-4.6927353705408255,-372.5384253150681,-9.317815692744201,-115.28979194348743,871.3851876810251
3.024725,-4.292564319449463,-372.54427692888663,-9.375351665567504,-114.85409934964677,871.3851876810251
3.025225,-6.245320408403605,-372.5507151337823,-9.432669792093835,-114.41840675580649,871.3851876810251
3.025725,-6.220227322045369,-372.55774166405024,-9.489770072323298,-113.98271416196583,871.3851876810251
3.026225,-3.4960326497093406,-372.5636730856588,-9.546652506255839,-113.54702156812517,871.3851876810251
3.026725,-3.124514410595685,-372.5701524483408,-9.60331709389141,-113.11132897428493,871.3851876810251
3.027225,-5.727203024137031,-372.5764431884569,-9.659763835230109,-112.67563638044425,871.3851876810251
3.027725,-5.220197484339961,-372.5825706752563,-9.715992730271843,-112.23994378660397,871.3851876810251
3.028225,-4.40509990056367,-372.58923783410717,-9.772003779016703,-111.80425119276332,871.3851876810251
3.028725,-3.909372476120816,-372.5958688708212,-9.82779698146464,-111.36855859892266,871.3851876810251
3.0292249999999994,-2.885858427295483,-372.6027102828121,-9.883372337615564,-110.93286600508277,871.3851876810251
3.029725,-5.498646462785279,-372.6098059546583,-9.938729847469714,-110.49717341124173,871.3851876810251
3.030225,-6.993721206514607,-372.61693228781576,-9.993869511026894,-110.06148081740109,871.3851876810251
3.0307249999999994,-6.302328644706951,-372.6245162000876,-10.048791328287052,-109.6257882235612,871.3851876810251
3.031225,-5.824581219575732,-372.63139379298093,-10.10349529925044,-109.19009562972016,871.3851876810251
3.031725,-3.0221451132551542,-372.63891773559493,-10.15798142391681,-108.75440303587986,871.3851876810251
3.0322249999999995,-3.645453971167852,-372.6471309288246,-10.212249702286261,-108.3187104420396,871.3851876810251
3.032725,-5.731385858792611,-372.6556244032053,-10.266300134358884,-107.88301784819856,871.3851876810251
3.0332249999999994,-4.9748935486978265,-372.66470022345027,-10.320132720134449,-107.44732525435866,871.3851876810251
3.033725,-4.205518900886802,-372.67349362426694,-10.37374745961323,-107.01163266051763,871.3851876810251
3.034225,-4.2693488835974325,-372.68195261429395,-10.42714435279505,-106.57594006667698,871.3851876810251
3.0347249999999995,-6.488401200634989,-372.6908517548354,-10.48032339967985,-106.14024747283707,871.3851876810251
3.035225,-8.457971383408522,-372.6996827214158,-10.533284600267876,-105.70455487899605,871.3851876810251
3.035725,-6.708533788586915,-372.7071420911722,-10.586027954558883,-105.26886228515576,871.3851876810251
3.0362249999999995,-5.293117907565187,-372.7154836616515,-10.638553462552974,-104.83316969131552,871.3851876810251
3.036725,-5.51431345461443,-372.72350117283986,-10.690861124250231,-104.39747709747445,871.3851876810251
3.037225,-5.836193787891589,-372.73165932099255,-10.742950939650484,-103.96178450363416,871.3851876810251
3.037725,-8.584883620739195,-372.7403523971078,-10.794822908753856,-103.52609190979354,871.3851876810251
3.038225,-7.990647340022457,-372.7486001392711,-10.846477031560312,-103.09039931595287,871.3851876810251
3.038725,-6.387562407092353,-372.7568007506509,-10.897913308069798,-102.6547067221126,871.3851876810251
3.039225,-6.222915721794498,-372.7645188466233,-10.94913173828241,-102.21901412827195,871.3851876810251
3.039725,-5.849398952861655,-372.772121356927,-11.000132322198057,-101.78332153443165,871.3851876810251
3.040225,-8.906787491544879,-372.7796047171278,-11.050915059816832,-101.34762894059101,871.3851876810251
3.040725,-9.265616757787258,-372.78682338469474,-11.101479951138684,-100.91193634675034,871.3851876810251
3.041225,-5.05606224581593,-372.7941902212376,-11.151826996163571,-100.47624375291005,871.3851876810251
3.041725,-5.003317750958821,-372.80181170805855,-11.20195619489158,-100.04055115906942,871.3851876810251
3.042225,-8.33267095921382,-372.809522234479,-11.251867547322673,-99.60485856522875,871.3851876810251
3.042725,-8.27982861337332,-372.8171291191978,-11.3015610534568,-99.16916597138848,871.3851876810251
3.043225,-7.608535710454687,-372.82426988282543,-11.351036713294048,-98.73347337754782,871.3851876810251
3.043725,-5.686802444195034,-372.83151243472287,-11.400294526834337,-98.29778078370757,871.3851876810251
3.0442249999999995,-5.40443169619106,-372.8381729815901,-11.449334494077704,-97.86208818986731,871.3851876810251
3.044725,-9.260949973377471,-372.8447762423113,-11.498156615024238,-97.42639559602628,871.3851876810251
3.0452249999999994,-10.794967831918784,-372.85120594474216,-11.54676088967372,-96.99070300218636,871.3851876810251
3.045725,-8.91159681297329,-372.8574422844455,-11.595147318026411,-96.55501040834532,871.3851876810251
3.046225,-7.885801230230122,-372.86332483770434,-11.643315900082138,-96.11931781450468,871.3851876810251
3.0467249999999995,-5.781571733159957,-372.8688569733455,-11.691266635840863,-95.6836252206648,871.3851876810251
3.047225,-5.98837063154622,-372.8742611154467,-11.738999525302795,-95.24793262682374,871.3851876810251
3.047725,-8.171012627583007,-372.8793689216536,-11.78651456846772,-94.81224003298347,871.3851876810251
3.0482249999999995,-7.040940998193081,-372.8846351625631,-11.83381176533573,-94.3765474391432,871.3851876810251
3.048725,-5.439445137839983,-372.8898293554184,-11.880891115906897,-93.94085484530213,871.3851876810251
3.0492249999999994,-6.461672378845583,-372.8945986192256,-11.927752620181018,-93.50516225146225,871.3851876810251
3.049725,-9.169382972424147,-372.89904302159357,-11.974396278158343,-93.06946965762121,871.3851876810251
3.050225,-11.450163523111897,-372.90337965498253,-12.020822089838713,-92.63377706378057,871.3851876810251
3.0507249999999995,-9.440836327515663,-372.90761706143456,-12.067030055222075,-92.19808446994065,871.3851876810251
3.051225,-6.953000562999234,-372.91135503836614,-12.113020174308637,-91.76239187609963,871.3851876810251
3.051725,-7.531130334384431,-372.9152912599102,-12.158792447098204,-91.32669928225936,871.3851876810251
3.0522249999999995,-8.17394544593015,-372.91964472298224,-12.204346873590847,-90.8910066884191,871.3851876810251
3.052725,-9.900214429288132,-372.92317897961476,-12.249683453786652,-90.45531409457801,871.3851876810251
3.053225,-8.593370428615978,-372.92688186375176,-12.294802187685457,-90.01962150073776,871.3851876810251
3.053725,-6.70075078244667,-372.92983329538987,-12.339703075287382,-89.58392890689711,871.3851876810251
3.054225,-7.663103144670572,-372.9331178251895,-12.384386116592385,-89.14823631305644,871.3851876810251
3.054725,-7.806337118664286,-372.9360727735285,-12.428851311600427,-88.71254371921619,871.3851876810251
3.055225,-8.821282545414672,-372.9390208951976,-12.473098660311589,-88.27685112537553,871.3851876810251
3.055725,-9.339251146272712,-372.94187267047744,-12.517128162725792,-87.84115853153526,871.3851876810251
3.056225,-6.160803936204454,-372.94471389839066,-12.560939818843119,-87.4054659376946,871.3851876810251
3.056725,-6.046121845151519,-372.9479555944344,-12.60453362866352,-86.96977334385396,871.3851876810251
3.057225,-8.743082338497523,-372.9510095733643,-12.647909592186963,-86.53408075001366,871.3851876810251
3.057725,-8.074333574945687,-372.9540064409261,-12.691067709413526,-86.098388156173,871.3851876810251
3.058225,-7.025282093398007,-372.95703709508473,-12.734007980343126,-85.66269556233273,871.3851876810251
3.058725,-5.7116924015920265,-372.9598458880486,-12.776730404975845,-85.22700296849206,871.3851876810251
3.059225,-5.4315349347671695,-372.9624765836891,-12.819234983311645,-84.79131037465143,871.3851876810251
3.059725,-8.1969501583948,-372.9650217477366,-12.861521715350486,-84.35561778081116,871.3851876810251
3.060225,-9.862962145715883,-372.9676140727856,-12.903590601092448,-83.9199251869705,871.3851876810251
3.060725,-8.841702597971585,-372.970375943792,-12.945441640537485,-83.48423259312985,871.3851876810251
3.0612249999999994,-7.6321547903949405,-372.97358356851583,-12.987074833685531,-83.04853999928994,871.3851876810251
3.061725,-6.494305219015109,-372.97631207427787,-13.028490180536766,-82.6128474054489,871.3851876810251
3.062225,-7.343253851011434,-372.97954986795986,-13.069687681091008,-82.17715481160863,871.3851876810251
3.0627249999999995,-8.310993694515858,-372.9830771327906,-13.11066733534833,-81.74146221776834,871.3851876810251
3.063225,-7.878074071713973,-372.98732965211224,-13.151429143308803,-81.30576962392732,871.3851876810251
3.063725,-6.787979772512422,-372.9915662799638,-13.191973104972282,-80.87007703008705,871.3851876810251
3.0642249999999995,-7.464418987352468,-372.99608961306734,-13.232299220338842,-80.43438443624677,871.3851876810251
3.064725,-9.435635390530772,-373.00087838805314,-13.272407489408552,-79.99869184240572,871.3851876810251
3.0652249999999994,-10.834783814539753,-373.0060868576957,-13.312297912181242,-79.56299924856583,871.3851876810251
3.065725,-8.79499652689453,-373.0115522243586,-13.351970488657113,-79.12730665472482,871.3851876810251
3.066225,-6.765496987855106,-373.01650536164436,-13.39142521883603,-78.69161406088415,871.3851876810251
3.0667249999999995,-8.0027374578848,-373.0220945779174,-13.430662102717955,-78.25592146704426,871.3851876810251
3.067225,-8.715048292948984,-373.02795546017944,-13.469681140303063,-77.8202288732032,871.3851876810251
3.067725,-10.25257033155786,-373.03398860115266,-13.508482331591184,-77.38453627936293,871.3851876810251
3.0682249999999995,-8.74679186695941,-373.0401158644154,-13.547065676582383,-76.94884368552266,871.3851876810251
3.068725,-6.9335787257984,-373.0461295053393,-13.585431175276733,-76.51315109168162,871.3851876810251
3.069225,-7.735917726926631,-373.0522037801148,-13.62357882767409,-76.07745849784135,871.3851876810251
3.069725,-7.935870153155991,-373.0571024459978,-13.661508633774568,-75.64176590400069,871.3851876810251
3.070225,-8.885490989909407,-373.06311064517604,-13.699220593578117,-75.20607331016004,871.3851876810251
3.070725,-8.64395840932038,-373.06920901192314,-13.736714707084719,-74.77038071631976,871.3851876810251
3.071225,-6.481272433482587,-373.07477953712896,-13.77399097429443,-74.33468812247912,871.3851876810251
3.071725,-7.29878095670566,-373.0817989909007,-13.81104939520719,-73.89899552863885,871.3851876810251
3.0722249999999995,-8.562791417014314,-373.08879601096106,-13.847889969823026,-73.46330293479858,871.3851876810251
3.072725,-7.1501628176793846,-373.09619184422274,-13.88451269814201,-73.02761034095754,871.3851876810251
3.073225,-6.936254806526854,-373.1036048955882,-13.92091758016401,-72.59191774711725,871.3851876810251
3.073725,-6.613504461308933,-373.11048686649474,-13.95710461588912,-72.1562251532766,871.3851876810251
3.074225,-6.6431627431494125,-373.11804360625297,-13.993073805317312,-71.72053255943595,871.3851876810251
3.074725,-8.228658467746113,-373.12527372864565,-14.02882514844855,-71.28483996559567,871.3851876810251
3.075225,-9.06209200985681,-373.1331151638031,-14.064358645282898,-70.84914737175501,871.3851876810251
3.075725,-8.802933691168533,-373.14056043594564,-14.099674295820297,-70.41345477791475,871.3851876810251
3.0762249999999995,-7.775891119535919,-373.14860737712763,-14.134772100060774,-69.97776218407446,871.3851876810251
3.076725,-6.023775341545141,-373.1567378886846,-14.169652058004395,-69.54206959023344,871.3851876810251
3.0772249999999994,-6.080410230841635,-373.16506681563845,-14.204314169650997,-69.10637699639352,871.3851876810251
3.077725,-7.998925601479188,-373.1724288689259,-14.23875843500078,-68.6706844025525,871.3851876810251
3.078225,-8.034046902141025,-373.1805161049971,-14.272984854053604,-68.23499180871184,871.3851876810251
3.0787249999999995,-6.265696688216961,-373.1884035894509,-14.30699342680945,-67.79929921487195,871.3851876810251
3.079225,-6.510757865966033,-373.1959870466671,-14.340784153268471,-67.3636066210309,871.3851876810251
3.0797249999999994,-8.791707810270628,-373.2039454719016,-14.374357033430474,-66.92791402719102,871.3851876810251
3.0802249999999995,-9.831017157060831,-373.2122391856369,-14.407712067295623,-66.49222143335037,871.3851876810251
3.080725,-7.924144656384682,-373.2207288838078,-14.44084925486388,-66.05652883950931,871.3851876810251
3.0812249999999994,-5.482197790357094,-373.2294001576132,-14.473768596135123,-65.62083624566945,871.3851876810251
3.081725,-5.970828159323553,-373.2387797317665,-14.506470091109538,-65.18514365182838,871.3851876810251
3.082225,-7.269274226322908,-373.24742872454,-14.538953739787006,-64.74945105798773,871.3851876810251
3.0827249999999995,-8.998884473631104,-373.2561913681562,-14.57121954216749,-64.31375846414784,871.3851876810251
3.083225,-7.762687249681659,-373.2646697081853,-14.603267498251148,-63.87806587030682,871.3851876810251
3.083725,-5.39455915805125,-373.2731797910342,-14.63509760803782,-63.442373276466526,871.3851876810251
3.084225,-5.576585971206248,-373.2821168499803,-14.666709871527607,-63.00668068262588,871.3851876810251
3.084725,-6.33885305751478,-373.2907549973315,-14.698104288720467,-62.570988088785214,871.3851876810251
3.085225,-7.225016627250301,-373.29969607512817,-14.729280859616381,-62.13529549494494,871.3851876810251
3.085725,-6.71837616343071,-373.3081960844402,-14.760239584215405,-61.69960290110429,871.3851876810251
3.086225,-3.952300609279214,-373.3170322541695,-14.790980462517506,-61.26391030726363,871.3851876810251
3.086725,-4.561216377897614,-373.32555357736396,-14.821503494522663,-60.82821771342336,871.3851876810251
3.087225,-5.838460004468733,-373.33423032335673,-14.851808680230926,-60.39252511958271,871.3851876810251
3.087725,-4.017349721459383,-373.34382087120196,-14.88189601964224,-59.956832525742435,871.3851876810251
3.088225,-3.101193238096658,-373.35268660925834,-14.91176551275666,-59.52113993190177,871.3851876810251
3.088725,-2.5298309951987377,-373.3616349232365,-14.941417159574163,-59.08544733806111,871.3851876810251
3.089225,-3.651114985168647,-373.37024260901444,-14.970850960094715,-58.64975474422084,871.3851876810251
3.089725,-6.022065289666511,-373.3792561055742,-15.00006691431838,-58.21406215038019,871.3851876810251
3.090225,-6.303592900356288,-373.3878239678915,-15.029065022245089,-57.7783695565399,871.3851876810251
3.090725,-6.310629409486332,-373.39637172345005,-15.05784528387491,-57.34267696269925,871.3851876810251
3.091225,-5.675405149498481,-373.40521789612853,-15.08640769920781,-56.9069843688586,871.3851876810251
3.0917249999999994,-4.055968854906845,-373.41441198135175,-15.11475226824374,-56.471291775018706,871.3851876810251
3.092225,-4.688153977407099,-373.4238524890673,-15.142878990982819,-56.035599181177666,871.3851876810251
3.092725,-5.615080915454664,-373.4333729916929,-15.170787867424961,-55.59990658733702,871.3851876810251
3.0932249999999994,-5.611281011031686,-373.44278637822293,-15.198478897570126,-55.16421399349712,871.3851876810251
3.093725,-5.473998099438439,-373.4522292840906,-15.225952081418447,-54.728521399656074,871.3851876810251
3.094225,-6.19525297022834,-373.46206976214313,-15.2532074189698,-54.2928288058158,871.3851876810251
3.0947249999999995,-8.565333380757066,-373.47124477354237,-15.280244910224233,-53.857136211975536,871.3851876810251
3.095225,-10.088453540739753,-373.4813213461641,-15.307064555181794,-53.4214436181345,871.3851876810251
3.0957249999999994,-8.201612027566881,-373.4914330540728,-15.333666353842363,-52.98575102429461,871.3851876810251
3.096225,-6.880381823377587,-373.5015140219629,-15.360050306206077,-52.55005843045357,871.3851876810251
3.096725,-7.448005099094644,-373.5118150334254,-15.386216412272855,-52.1143658366129,871.3851876810251
3.0972249999999995,-7.633951750779272,-373.5214458658423,-15.412164672042667,-51.67867324277303,871.3851876810251
3.097725,-9.102454505005031,-373.531191917001,-15.437895085515628,-51.242980648931976,871.3851876810251
3.098225,-7.8348712425235805,-373.54067457441533,-15.46340765269162,-50.807288055091696,871.3851876810251
3.0987249999999995,-6.39799547479984,-373.55051735832245,-15.488702373570689,-50.37159546125144,871.3851876810251
3.099225,-6.965773705915252,-373.5599073568195,-15.513779248152883,-49.93590286741039,871.3851876810251
3.099725,-7.625102415687964,-373.5694776971286,-15.538638276438112,-49.50021027357012,871.3851876810251
3.100225,-8.703147370273784,-373.5792411405555,-15.563279458426448,-49.06451767972947,871.3851876810251
3.100725,-8.62289532164667,-373.58873106961045,-15.587702794117861,-48.628825085888806,871.3851876810251
3.101225,-6.85657917312736,-373.5978853731686,-15.611908283512333,-48.193132492048534,871.3851876810251
3.101725,-8.195740064379986,-373.6064242108697,-15.635895926609907,-47.75743989820788,871.3851876810251
3.102225,-9.746181898001616,-373.6155221409415,-15.659665723410537,-47.32174730436761,871.3851876810251
3.102725,-7.81632418794611,-373.6242996043719,-15.683217673914267,-46.88605471052694,871.3851876810251
3.103225,-7.046731299326668,-373.63311648914157,-15.706551778121078,-46.45036211668629,871.3851876810251
3.103725,-7.396579314634623,-373.641740375844,-15.729668036030947,-46.01466952284601,871.3851876810251
3.104225,-7.892621996373569,-373.6503231507446,-15.752566447643918,-45.57897692900535,871.3851876810251
3.104725,-8.997937584604076,-373.6585022644408,-15.775247012959964,-45.14328433516471,871.3851876810251
3.105225,-9.95398854882529,-373.6659755097631,-15.797709731979078,-44.707591741324435,871.3851876810251
3.105725,-10.756784389631491,-373.6735371728695,-15.819954604701287,-44.271899147483765,871.3851876810251
3.106225,-10.22773683533897,-373.68101238337044,-15.841981631126558,-43.83620655364351,871.3851876810251
3.1067249999999995,-8.667751326785744,-373.68810788163483,-15.863790811254907,-43.400513959803234,871.3851876810251
3.107225,-8.32314077702881,-373.69538367120816,-15.885382145086378,-42.96482136596217,871.3851876810251
3.1077249999999994,-10.666800678245496,-373.70279728851,-15.906755632620865,-42.5291287721223,871.3851876810251
3.108225,-10.80168249920349,-373.70970137924326,-15.927911273858493,-42.09343617828125,871.3851876810251
3.108725,-9.464570696870693,-373.71645280965214,-15.948849068799179,-41.6577435844406,871.3851876810251
3.1092249999999995,-10.22149638379717,-373.72286435979925,-15.969569017442911,-41.222050990600714,871.3851876810251
3.109725,-12.074903560137344,-373.7297620622631,-15.990071119789777,-40.786358396759674,871.3851876810251
3.110225,-13.091534753014963,-373.7360403922513,-16.010355375839683,-40.350665802919394,871.3851876810251
3.1107249999999995,-11.316184078538225,-373.7427535857038,-16.030421785592676,-39.91497320907912,871.3851876810251
3.111225,-9.38187849470563,-373.74906737094744,-16.050270349048773,-39.479280615238075,871.3851876810251
3.1117249999999994,-10.159950132107491,-373.75574364245074,-16.069901066207905,-39.0435880213982,871.3851876810251
3.112225,-10.814125572145128,-373.7620219814572,-16.08931393707017,-38.60789542755716,871.3851876810251
3.112725,-12.33182918864659,-373.76799740773464,-16.108508961635494,-38.17220283371649,871.3851876810251
3.1132249999999995,-11.30581132407495,-373.774029431662,-16.127486139903866,-37.73651023987661,871.3851876810251
3.113725,-8.76013702345833,-373.7797236552074,-16.146245471875364,-37.30081764603556,871.3851876810251
3.114225,-8.694940649065982,-373.78557083709154,-16.16478695754991,-36.8651250521953,871.3851876810251
3.1147249999999995,-9.783838571058592,-373.79084333957695,-16.183110596927538,-36.42943245835502,871.3851876810251
3.115225,-10.81409148224405,-373.7966248294551,-16.20121639000828,-35.993739864513984,871.3851876810251
3.115725,-9.71202488679462,-373.8022299352714,-16.219104336792068,-35.558047270673704,871.3851876810251
3.116225,-7.688486338491835,-373.8078885211319,-16.23677443727895,-35.12235467683305,871.3851876810251
3.116725,-8.94681545157911,-373.8130381979265,-16.25422669146891,-34.68666208299239,871.3851876810251
3.117225,-10.224969249122736,-373.8179966522185,-16.271461099361936,-34.25096948915212,871.3851876810251
3.117725,-8.53974287250299,-373.8224941562042,-16.28847766095806,-33.81527689531146,871.3851876810251
3.118225,-7.615990903677191,-373.82704316540423,-16.305276376257243,-33.37958430147119,871.3851876810251
3.118725,-6.812912214451428,-373.83151496849933,-16.321857245259533,-32.94389170763053,871.3851876810251
3.119225,-7.381639939379108,-373.8358582488213,-16.338220267964893,-32.50819911378987,871.3851876810251
3.119725,-8.678087670173486,-373.8404103176784,-16.354365444373318,-32.07250651994961,871.3851876810251
3.120225,-9.076150287258978,-373.8442777051802,-16.37029277448483,-31.636813926108942,871.3851876810251
3.120725,-9.945001840498142,-373.84828139816193,-16.386002258299417,-31.20112133226867,871.3851876810251
3.121225,-9.116747700580378,-373.8522110641923,-16.4014938958171,-30.76542873842802,871.3851876810251
3.121725,-7.883830484271925,-373.8565588971279,-16.416767687037858,-30.32973614458736,871.3851876810251
3.122225,-7.653188139773873,-373.86105808907234,-16.43182363196168,-29.894043550747085,871.3851876810251
3.122725,-9.269710989378533,-373.865951969907,-16.446661730588602,-29.458350956906433,871.3851876810251
3.123225,-10.086573270511469,-373.8707055492787,-16.4612819829186,-29.022658363065776,871.3851876810251
3.1237249999999994,-8.775053255336072,-373.8758039603038,-16.475684388951645,-28.586965769225884,871.3851876810251
3.124225,-9.325683556187984,-373.8812261584619,-16.48986894868782,-28.15127317538484,871.3851876810251
3.124725,-11.477671246449844,-373.88718379251355,-16.50383566212705,-27.71558058154457,871.3851876810251
3.1252249999999995,-12.265068034851138,-373.89358500467614,-16.517584529269353,-27.279887987704306,871.3851876810251
3.125725,-11.287309594744247,-373.9002488807611,-16.53111555011476,-26.84419539386326,871.3851876810251
3.126225,-9.267414565324206,-373.90694934413915,-16.54442872466322,-26.408502800022983,871.3851876810251
3.1267249999999995,-9.421897542708914,-373.91469508089983,-16.557524052914765,-25.972810206182714,871.3851876810251
3.127225,-10.628732321870713,-373.9226285707955,-16.570401534869415,-25.537117612341667,871.3851876810251
3.1277249999999994,-11.981180079651098,-373.9300215143358,-16.58306117052711,-25.101425018501793,871.3851876810251
3.128225,-10.548058844080586,-373.93783600374945,-16.595502959887913,-24.665732424660742,871.3851876810251
3.128725,-8.502308996344777,-373.94540425885435,-16.60772690295179,-24.230039830820086,871.3851876810251
3.1292249999999995,-8.644457157428493,-373.953318971457,-16.61973299971872,-23.794347236980197,871.3851876810251
3.129725,-10.383785645436324,-373.96151812600544,-16.631521250188765,-23.358654643139154,871.3851876810251
3.130225,-10.809375570763928,-373.9696903754643,-16.64309165436187,-22.922962049298885,871.3851876810251
3.1307249999999995,-8.991564093618862,-373.97814809054154,-16.65444421223805,-22.48726945545862,871.3851876810251
3.131225,-7.236975387041165,-373.9866553899384,-16.665578923817332,-22.051576861617566,871.3851876810251
3.131725,-9.257387395649674,-373.9959442208729,-16.676495789099672,-21.615884267777293,871.3851876810251
3.132225,-9.912991010924788,-374.00535700653614,-16.687194808085106,-21.180191673936637,871.3851876810251
3.132725,-7.95601786651098,-374.0145924978247,-16.697675980773617,-20.74449908009598,871.3851876810251
3.133225,-7.5639263859882675,-374.02412776857216,-16.7079393071652,-20.308806486255715,871.3851876810251
3.133725,-7.339159742785805,-374.03397869230207,-16.717984787259876,-19.87311389241505,871.3851876810251
3.134225,-8.60832716688801,-374.04423737601456,-16.727812421057614,-19.43742129857477,871.3851876810251
3.1347249999999995,-9.44456198342689,-374.05472542444,-16.737422208558435,-19.001728704734504,871.3851876810251
3.135225,-9.590468455643933,-374.0649761538726,-16.74681414976235,-18.56603611089346,871.3851876810251
3.135725,-10.651317331901918,-374.0754137455543,-16.755988244669336,-18.13034351705319,871.3851876810251
3.136225,-10.58611636135667,-374.0857036122822,-16.76494449327941,-17.694650923212535,871.3851876810251
3.136725,-9.873904714931522,-374.0955936579216,-16.773682895592557,-17.25895832937187,871.3851876810251
3.137225,-9.455485703663529,-374.1060882290711,-16.782203451608776,-16.8232657355316,871.3851876810251
3.137725,-10.43295324699248,-374.11677405350844,-16.790506161328082,-16.387573141690947,871.3851876810251
3.138225,-11.461578442047465,-374.12832227429044,-16.79859102475047,-15.951880547850676,871.3851876810251
3.1387249999999995,-10.310612083116236,-374.13983304124747,-16.806458041875928,-15.516187954010405,871.3851876810251
3.139225,-10.6968962111787,-374.1511452863258,-16.81410721270448,-15.080495360169364,871.3851876810251
3.1397249999999994,-11.505480926047198,-374.1625374873777,-16.821538537236094,-14.644802766329477,871.3851876810251
3.140225,-11.751458195057529,-374.17379680812763,-16.828752015470805,-14.20911017248843,871.3851876810251
3.140725,-11.56608500429486,-374.18508932063133,-16.835747647408592,-13.773417578647773,871.3851876810251
3.1412249999999995,-10.440726884008765,-374.1965743298871,-16.84252543304945,-13.337724984807885,871.3851876810251
3.141725,-9.555548759410383,-374.2089449054252,-16.849085372393397,-12.902032390966841,871.3851876810251
3.1422249999999994,-10.04337377827861,-374.22128808200614,-16.855427465440414,-12.466339797126961,871.3851876810251
3.1427249999999995,-11.982808066279857,-374.2341917516275,-16.86155171219052,-12.030647203286302,871.3851876810251
3.143225,-10.764205586536743,-374.2470524609373,-16.86745811264371,-11.594954609445255,871.3851876810251
3.1437249999999994,-8.419771900231845,-374.2598221170437,-16.873146666799965,-11.159262015605373,871.3851876810251
3.144225,-7.278137016322629,-374.272056913731,-16.878617374659314,-10.72356942176433,871.3851876810251
3.144725,-8.444154637680105,-374.28418525939065,-16.88387023622174,-10.287876827923672,871.3851876810251
3.1452249999999995,-10.285312203958703,-374.29636643269356,-16.88890525148723,-9.85218423408379,871.3851876810251
3.145725,-8.747254953967332,-374.3082326232999,-16.89372242045582,-9.416491640242743,871.3851876810251
3.146225,-5.491939024378166,-374.32067018288024,-16.898321743127475,-8.980799046402467,871.3851876810251
3.146725,-6.2640979478344985,-374.33316446071075,-16.90270321950222,-8.545106452561814,871.3851876810251
3.147225,-7.409633615446493,-374.3455295451631,-16.90686684958004,-8.109413858721153,871.3851876810251
3.147725,-6.186461026086059,-374.3576164724955,-16.91081263336094,-7.673721264880884,871.3851876810251
3.148225,-5.46959789697837,-374.3699161741767,-16.914540570844924,-7.238028671040224,871.3851876810251
3.148725,-4.302123243953501,-374.3822168497095,-16.918050662031984,-6.8023360771995645,871.3851876810251
3.149225,-5.616649280122458,-374.39422722005935,-16.92134290692212,-6.366643483359291,871.3851876810251
3.149725,-7.9366977382508255,-374.4064926985667,-16.92441730551534,-5.9309508895186385,871.3851876810251
3.150225,-8.530656674469897,-374.41821505723397,-16.927273857811638,-5.495258295678369,871.3851876810251
3.150725,-8.280515969932452,-374.43042320284184,-16.92991256381102,-5.059565701837705,871.3851876810251
3.151225,-7.502047403858934,-374.4422611201363,-16.93233342351348,-4.623873107997049,871.3851876810251
3.151725,-7.034483870122744,-374.4536644014739,-16.934536436919018,-4.188180514156779,871.3851876810251
3.152225,-7.140196474306938,-374.4646656627677,-16.936521604027636,-3.7524879203161157,871.3851876810251
3.152725,-7.73338681886909,-374.47557508537966,-16.93828892483933,-3.3167953264758467,871.3851876810251
3.153225,-8.226929917739758,-374.4862768174912,-16.93983839935411,-2.88110273263519,871.3851876810251
3.153725,-7.794214286080288,-374.4967243114268,-16.941170027571964,-2.44541013879453,871.3851876810251
3.1542249999999994,-8.74384497724606,-374.50695621713066,-16.942283809492903,-2.009717544954655,871.3851876810251
3.154725,-10.34077390918034,-374.5172814235181,-16.94317974511692,-1.5740249511136044,871.3851876810251
3.155225,-10.230292550551804,-374.52764039299956,-16.94385783444402,-1.1383323572729442,871.3851876810251
3.1557249999999994,-9.876402897082505,-374.537944558147,-16.944318077474193,-0.7026397634330619,871.3851876810251
3.156225,-9.459650598619907,-374.54852726226864,-16.94456047420745,-0.26694716959201825,871.3851876810251
3.156725,-8.945635408253107,-374.55867366711436,-16.944585024643786,0.1687454242482511,871.3851876810251
3.1572249999999995,-9.495510834428377,-374.5686268740486,-16.9443917287832,0.604438018088524,871.3851876810251
3.157725,-10.859276345811418,-374.57824330363496,-16.943980586625695,1.040130611929571,871.3851876810251
3.1582249999999994,-9.846011800296823,-374.58783249830265,-16.943351598171276,1.475823205769457,871.3851876810251
3.158725,-8.004481308257624,-374.5963937077707,-16.94250476341993,1.9115157996104972,871.3851876810251
3.159225,-6.526471988386201,-374.6046377403414,-16.941440082371663,2.347208393451157,871.3851876810251
3.1597249999999995,-7.1969377081814345,-374.6121031018621,-16.940157555026477,2.782900987291043,871.3851876810251
3.160225,-8.898929304794223,-374.6190267813385,-16.938657181384368,3.2185935811320863,871.3851876810251
3.160725,-8.379779677795856,-374.62603072742627,-16.936938961445346,3.6542861749723556,871.3851876810251
3.1612249999999995,-6.399893400349398,-374.6318019657025,-16.9350028952094,4.089978768812629,871.3851876810251
3.161725,-6.295329147912449,-374.6379400457903,-16.93284898267653,4.525671362653672,871.3851876810251
3.162225,-7.090749741151202,-374.64336831589395,-16.930477223846744,4.961363956493942,871.3851876810251
3.162725,-6.961262588485485,-374.64861670896175,-16.92788761872004,5.3970565503346055,871.3851876810251
3.163225,-7.175023899593951,-374.65228797463794,-16.925080167296407,5.832749144175262,871.3851876810251
3.163725,-5.873900339413269,-374.6563998771463,-16.922054869575863,6.268441738015535,871.3851876810251
3.164225,-6.424106382457703,-374.65927186512306,-16.918811725558395,6.704134331856195,871.3851876810251
3.164725,-8.61371171266337,-374.662280108757,-16.915350735244008,7.139826925696464,871.3851876810251
3.165225,-10.129122839010131,-374.6647173876367,-16.9116718986327,7.575519519537117,871.3851876810251
3.165725,-10.926143296906057,-374.66651635508174,-16.907775215724467,8.011212113377773,871.3851876810251
3.166225,-9.461693632495404,-374.66838258932717,-16.903660686519324,8.44690470721805,871.3851876810251
3.166725,-8.359154909777471,-374.66939670181495,-16.89932831101725,8.882597301058706,871.3851876810251
3.167225,-8.874190922367871,-374.6703015674051,-16.894778089218256,9.318289894899362,871.3851876810251
3.167725,-9.902628762310378,-374.6701960538187,-16.89001002112235,9.753982488739627,871.3851876810251
3.168225,-10.756958286279874,-374.67042807180627,-16.88502410672952,10.18967508258029,871.3851876810251
3.168725,-9.338724415238769,-374.6698197672424,-16.87982034603977,10.625367676420561,871.3851876810251
3.1692249999999995,-9.40690164493348,-374.6698278005489,-16.874398739053106,11.061060270260835,871.3851876810251
3.169725,-12.187886697215008,-374.6702296542349,-16.868759285769514,11.496752864101882,871.3851876810251
3.1702249999999994,-12.648024612895888,-374.6706319611901,-16.86290198618901,11.932445457941766,871.3851876810251
3.170725,-12.112954398845506,-374.67088893771125,-16.85682684031157,12.368138051782806,871.3851876810251
3.171225,-11.8267833622904,-374.67097859844927,-16.850533848137214,12.803830645623467,871.3851876810251
3.1717249999999995,-11.600178458036918,-374.6715501178854,-16.84402300966595,13.239523239463347,871.3851876810251
3.172225,-12.7115615487014,-374.672246610318,-16.83729432489775,13.6752158333044,871.3851876810251
3.172725,-13.64772153837472,-374.67373364506307,-16.830347793832644,14.110908427144665,871.3851876810251
3.1732249999999995,-12.37597505453796,-374.67536015869064,-16.823183416470613,14.546601020984935,871.3851876810251
3.173725,-10.548366194469832,-374.67701928046597,-16.81580119281165,14.98229361482598,871.3851876810251
3.1742249999999994,-9.071496475479083,-374.6789880722091,-16.80820112285579,15.417986208665866,871.3851876810251
3.174725,-9.373766611972576,-374.6811509987244,-16.800383206602987,15.85367880250691,871.3851876810251
3.175225,-10.06404569892336,-374.6827426677793,-16.792347444053274,16.289371396347573,871.3851876810251
3.1757249999999995,-9.199425888563116,-374.68479879749407,-16.784093835206647,16.725063990187454,871.3851876810251
3.176225,-8.456867677073035,-374.68750477833413,-16.775622380063083,17.160756584028494,871.3851876810251
3.176725,-9.331472964231772,-374.6907900958862,-16.766933078622614,17.59644917786877,871.3851876810251
3.1772249999999995,-10.007945903744634,-374.6945711006939,-16.758025930885225,18.03214177170904,871.3851876810251
3.177725,-9.215110734514548,-374.6987127866265,-16.7489009368509,18.467834365550083,871.3851876810251
3.178225,-9.407465222510242,-374.703072267514,-16.739558096519673,18.903526959390355,871.3851876810251
3.178725,-9.554347028474291,-374.70738448150314,-16.729997409891514,19.33921955323102,871.3851876810251
3.179225,-9.79845401043466,-374.71254516945476,-16.720218876966435,19.77491214707167,871.3851876810251
3.179725,-10.120865467788372,-374.7176909406211,-16.710222497744443,20.210604740911947,871.3851876810251
3.180225,-10.44486572351016,-374.723753625553,-16.70000827222552,20.646297334752603,871.3851876810251
3.180725,-11.186399445353985,-374.7305628094555,-16.689576200409693,21.081989928592872,871.3851876810251
3.181225,-10.401756567019218,-374.7379034171861,-16.678926282296935,21.51768252243353,871.3851876810251
3.181725,-8.734478865839453,-374.745921314619,-16.668058517887253,21.95337511627419,871.3851876810251
3.182225,-8.967813344006009,-374.7545499663237,-16.656972907180663,22.389067710114457,871.3851876810251
3.182725,-10.553834063652184,-374.7637117133905,-16.645669450177138,22.824760303955117,871.3851876810251
3.183225,-12.287115956822038,-374.7724803486157,-16.634148146876708,23.26045289779539,871.3851876810251
3.183725,-12.709090722517011,-374.78213183352193,-16.622408997279347,23.69614549163605,871.3851876810251
3.184225,-12.143559947003489,-374.7921438361698,-16.61045200138507,24.131838085476705,871.3851876810251
3.184725,-13.896698719340824,-374.8028643263391,-16.598277159193874,24.567530679316974,871.3851876810251
3.185225,-14.19709591066076,-374.81424163649996,-16.585884470705754,25.003223273157634,871.3851876810251
3.185725,-13.638651470661568,-374.8257051090113,-16.573273935920707,25.438915866998293,871.3851876810251
3.1862249999999994,-13.15979249575808,-374.83786181260626,-16.56044555483876,25.87460846083817,871.3851876810251
3.186725,-12.222966122019672,-374.84967759807245,-16.54739932745987,26.31030105467922,871.3851876810251
3.187225,-12.991080579162604,-374.86194718810134,-16.53413525378408,26.74599364851949,871.3851876810251
3.1877249999999995,-14.24543921460108,-374.8742107779788,-16.520653333811367,27.181686242359767,871.3851876810251
3.188225,-14.08334554314402,-374.8870084759722,-16.506953567541707,27.617378836200807,871.3851876810251
3.188725,-13.25516378989683,-374.900096291139,-16.493035954975156,28.053071430041076,871.3851876810251
3.1892249999999995,-11.749713510501667,-374.91288001482366,-16.478900496111685,28.488764023881348,871.3851876810251
3.189725,-12.47847205032548,-374.9260472620594,-16.464547190951265,28.92445661772239,871.3851876810251
3.1902249999999994,-13.204059038527134,-374.9391497457,-16.449976039493965,29.36014921156228,871.3851876810251
3.190725,-11.898678827616637,-374.9523866143392,-16.435187041739706,29.795841805403327,871.3851876810251
3.191225,-11.412559061148349,-374.9651723777853,-16.420180197688538,30.23153439924398,-94.32936724262794
3.1917249999999995,-11.662658292861591,-374.97804636551655,-16.405076221659844,30.18436971562274,-94.32936724262794
3.192225,-12.163569494204005,-374.99031419329265,-16.38999582797292,30.137205032001365,-94.32936724262794
3.192725,-11.026014612212268,-375.00258526159575,-16.37493901662783,30.090040348380082,-94.32936724262794
3.1932249999999995,-10.7843315371646,-375.0148073463692,-16.35990578762456,30.042875664758792,-94.32936724262794
3.193725,-10.357677581437528,-375.02688053056517,-16.344896140963066,29.995710981137417,-94.32936724262794
3.194225,-10.690943166817592,-375.0388519700117,-16.329910076643408,29.948546297516128,-94.32936724262794
3.194725,-11.50455742436588,-375.05046107992865,-16.314947594665554,29.901381613894802,-94.32936724262794
3.195225,-12.071823537835211,-375.062797762519,-16.300008695029504,29.85421693027347,-94.32936724262794
3.195725,-13.283842244995451,-375.0747544145444,-16.28509337773528,29.807052246652184,-94.32936724262794
3.196225,-12.656778213097102,-375.0870634845613,-16.270201642782855,29.759887563030855,-94.32936724262794
3.196725,-11.467776188859204,-375.0980973246985,-16.25533349017226,29.71272287940957,-94.32936724262794
3.1972249999999995,-11.510959617164463,-375.10979065499305,-16.240488919903463,29.66555819578828,-94.32936724262794
3.197725,-12.59758705260382,-375.12038077103784,-16.225667931976457,29.618393512166907,-94.32936724262794
3.198225,-13.7238437609988,-375.1304825154176,-16.210870526391286,29.57122882854562,-94.32936724262794
3.198725,-13.368842880618775,-375.14011066347854,-16.196096703147916,29.52406414492429,-94.32936724262794
3.199225,-12.73481293017863,-375.14947953091564,-16.181346462246353,29.476899461302956,-94.32936724262794
3.199725,-14.485741115294442,-375.1596398792412,-16.16661980368661,29.42973477768167,-94.32936724262794
3.200225,-14.990289136778168,-375.16911465141925,-16.15191672746867,29.38257009406034,-94.32936724262794
3.200725,-14.27382630302743,-375.1791581486095,-16.137237233592554,29.335405410439055,-94.32936724262794
3.2012249999999995,-13.731970674370388,-375.1882837947574,-16.122581322058252,29.28824072681777,-94.32936724262794
3.201725,-12.545412400642066,-375.1979480182299,-16.10794899286573,29.241076043196394,-94.32936724262794
3.202225,-13.099515988531357,-375.2068383154885,-16.093340246015046,29.19391135957511,-94.32936724262794
3.202725,-14.304195858172292,-375.21546166228666,-16.07875508150616,29.146746675953775,-94.32936724262794
3.203225,-13.451748099099849,-375.22429249693243,-16.06419349933908,29.09958199233245,-94.32936724262794
3.203725,-12.264080863788644,-375.2329524916168,-16.04965549951383,29.05241730871116,-94.32936724262794
3.204225,-11.08538865002657,-375.24187004978273,-16.035141082030375,29.005252625089827,-94.32936724262794
3.204725,-11.573143679987975,-375.2506439042148,-16.020650246888746,28.95808794146854,-94.32936724262794
3.205225,-12.42552428828104,-375.25968141690356,-16.00618299408891,28.910923257847216,-94.32936724262794
3.205725,-11.287876588431075,-375.2681075781966,-15.991739323630885,28.863758574225884,-94.32936724262794
3.206225,-10.61066125832324,-375.2759123903505,-15.977319235514683,28.816593890604594,-94.32936724262794
3.206725,-10.928023348198806,-375.28354154555586,-15.962922729740283,28.769429206983265,-94.32936724262794
3.207225,-10.350052233831434,-375.29148505635277,-15.94854980630769,28.722264523361936,-94.32936724262794
3.207725,-9.000469017582482,-375.2994752891739,-15.934200465216925,28.675099839740646,-94.32936724262794
3.208225,-8.819840165471486,-375.30705852422506,-15.919874706467956,28.62793515611932,-94.32936724262794
3.208725,-8.597099007138816,-375.3142823430224,-15.905572530060805,28.58077047249803,-94.32936724262794
3.209224999999999,-8.710473419954088,-375.32201648795854,-15.891293935995488,28.53360578887678,-94.32936724262794
3.209725,-9.24533486992181,-375.32989113306866,-15.87703892427192,28.486441105255366,-94.32936724262794
3.210225,-9.737731851772365,-375.3371139088098,-15.862807494890207,28.43927642163408,-94.32936724262794
3.210724999999999,-11.405878848509936,-375.3436650216242,-15.848599647850314,28.392111738012836,-94.32936724262794
3.211225,-10.994383883204335,-375.3505780295425,-15.834415383152182,28.344947054391422,-94.32936724262794
3.211725,-9.83155462950337,-375.35758263548126,-15.820254700795905,28.297782370770136,-94.32936724262794
3.212224999999999,-9.552752266661514,-375.36468150127416,-15.806117600781443,28.25061768714889,-94.32936724262794
3.212725,-9.792563430012144,-375.37109215509645,-15.792004083108758,28.20345300352752,-94.32936724262794
3.213225,-10.90314342307236,-375.3777676043901,-15.777914147777894,28.156288319906185,-94.32936724262794
3.213725,-10.169522364225234,-375.38434898455637,-15.763847794788852,28.1091236362849,-94.32936724262794
3.214225,-8.931554700654399,-375.39084842331545,-15.749805024141615,28.061958952663574,-94.32936724262794
3.214725,-10.18829929143259,-375.39802977975023,-15.735785835836182,28.014794269042245,-94.32936724262794
3.215225,-9.9934509883031,-375.4048087197778,-15.721790229872575,27.96762958542095,-94.32936724262794
3.215725,-9.898434660651102,-375.4120514082419,-15.70781820625076,27.920464901799622,-94.32936724262794
3.216225,-10.307293641286158,-375.41913747195446,-15.693869764970765,27.873300218178294,-94.32936724262794
3.2167249999999994,-9.522380608368646,-375.42602231672873,-15.679944906032603,27.82613553455705,-94.32936724262794
3.217225,-10.985738428648402,-375.43288890841467,-15.66604362943621,27.77897085093567,-94.32936724262794
3.217725,-12.142315693903583,-375.439641182172,-15.652165935181655,27.73180616731439,-94.32936724262794
3.2182249999999994,-11.527253213824222,-375.4462647772412,-15.638311823268912,27.6846414836931,-94.32936724262794
3.218725,-10.796727383528085,-375.45234231096464,-15.624481293697952,27.63747680007173,-94.32936724262794
3.219225,-8.927534516201906,-375.4589538018372,-15.61067434646883,27.590312116450438,-94.32936724262794
3.2197249999999995,-8.806134476887422,-375.46549895598514,-15.596890981581518,27.54314743282915,-94.32936724262794
3.220225,-9.50506317900916,-375.47208240553243,-15.583131199035993,27.49598274920778,-94.32936724262794
3.2207249999999994,-7.86144480053247,-375.4782953238239,-15.569394998832314,27.448818065586536,-94.32936724262794
3.221225,-7.413157096798949,-375.4840728224093,-15.55568238097041,27.401653381965165,-94.32936724262794
3.221725,-8.028253051446784,-375.48992382040757,-15.541993345450338,27.35448869834388,-94.32936724262794
3.2222249999999995,-8.00185522962624,-375.49564105276187,-15.52832789227208,27.307324014722585,-94.32936724262794
3.222725,-7.701892163143114,-375.50126622935807,-15.514686021435608,27.260159331101217,-94.32936724262794
3.223225,-7.864441730633191,-375.5071274839596,-15.50106773294097,27.212994647479928,-94.32936724262794
3.2237249999999995,-8.286469258629356,-375.51289823855456,-15.487473026788143,27.165829963858645,-94.32936724262794
3.224225,-8.480886630017668,-375.5189240437612,-15.473901902977104,27.11866528023727,-94.32936724262794
3.2247249999999994,-8.506334958138593,-375.52481597658556,-15.460354361507909,27.071500596616023,-94.32936724262794
3.225225,-8.553464597083394,-375.53085429426125,-15.446830402380488,27.02433591299465,-94.32936724262794
3.225725,-9.345727277923835,-375.5365056699029,-15.43333002559489,26.97717122937332,-94.32936724262794
3.2262249999999995,-8.710460342152627,-375.5422197450927,-15.41985323115113,26.93000654575207,-94.32936724262794
3.226725,-7.881355330307548,-375.5477548391433,-15.40640001904914,26.882841862130704,-94.32936724262794
3.227225,-7.128222380291703,-375.5532871049929,-15.392970389288992,26.835677178509417,-94.32936724262794
3.2277249999999995,-6.926761887814398,-375.55940476480845,-15.37956434187065,26.788512494888128,-94.32936724262794
3.228225,-7.588644847358546,-375.5660455708191,-15.366181876794096,26.741347811266756,-94.32936724262794
3.2287249999999994,-8.528741733562677,-375.57281921256293,-15.352822994059386,26.69418312764551,-94.32936724262794
3.229225,-8.569120076740935,-375.5798541089651,-15.339487693666452,26.647018444024138,-94.32936724262794
3.229725,-9.831192918493391,-375.5867365834859,-15.326175975615337,26.59985376040281,-94.32936724262794
3.2302249999999995,-10.06983014700643,-375.5934480512252,-15.312887839906063,26.552689076781565,-94.32936724262794
3.230725,-10.068327640271685,-375.6008001460438,-15.299623286538562,26.505524393160194,-94.32936724262794
3.231225,-10.728324318656522,-375.60742756555965,-15.286382315512894,26.458359709538904,-94.32936724262794
3.2317249999999995,-9.835906496011232,-375.61443876375336,-15.273164926829036,26.411195025917614,-94.32936724262794
3.232225,-9.985314107658372,-375.6215253430546,-15.259971120486968,26.364030342296246,-94.32936724262794
3.232725,-10.272271474985164,-375.62894272202556,-15.24680089648673,26.316865658674956,-94.32936724262794
3.233225,-9.591480304763952,-375.6359999465487,-15.233654254828293,26.269700975053624,-94.32936724262794
3.233725,-9.259437797067914,-375.64347702207164,-15.220531195511668,26.2225362914323,-94.32936724262794
3.234225,-7.902356443951641,-375.65109109563866,-15.207431718536863,26.175371607811012,-94.32936724262794
3.234725,-7.707767801328413,-375.65905187920396,-15.194355823903864,26.12820692418968,-94.32936724262794
3.235225,-8.527567572291114,-375.66766053895054,-15.181303511612679,26.08104224056839,-94.32936724262794
3.2357249999999995,-7.711719685289394,-375.6759040790823,-15.168274781663305,26.0338775569471,-94.32936724262794
3.236225,-7.916023807533956,-375.6840545123588,-15.155269634055722,25.98671287332573,-94.32936724262794
3.236725,-8.404356930603788,-375.6921373848429,-15.142288068789973,25.939548189704446,-94.32936724262794
3.237225,-8.206657611925957,-375.70107129426435,-15.129330085866025,25.89238350608312,-94.32936724262794
3.237725,-8.022528183626443,-375.7089589343247,-15.11639568528388,25.845218822461785,-94.32936724262794
3.238225,-7.738561884158363,-375.71697608411023,-15.103484867043562,25.7980541388405,-94.32936724262794
3.238725,-8.2488070280689,-375.7255288821701,-15.090597631145044,25.75088945521917,-94.32936724262794
3.239225,-8.457170470337136,-375.7338301613939,-15.077733977588345,25.70372477159788,-94.32936724262794
3.239725,-7.920917161187781,-375.74298711866845,-15.064893906373447,25.656560087976548,-94.32936724262794
3.240225,-8.345261269992355,-375.7516907086095,-15.052077417500362,25.609395404355215,-94.32936724262794
3.240725,-9.45178325121001,-375.760423043974,-15.039284510969098,25.562230720733933,-94.32936724262794
3.241225,-9.547828873053325,-375.7695703113124,-15.026515186779633,25.515066037112607,-94.32936724262794
3.241725,-9.271925432938056,-375.7783380239532,-15.013769444931976,25.467901353491275,-94.32936724262794
3.242225,-8.143978031318257,-375.7873724198265,-15.001047285426143,25.42073666986998,-94.32936724262794
3.242724999999999,-8.448282908732462,-375.7968117839894,-14.98834870826213,25.373571986248738,-94.32936724262794
3.243225,-9.933202730871056,-375.80622000504167,-14.975673713439894,25.326407302627366,-94.32936724262794
3.243725,-11.26446417153372,-375.8158500249664,-14.963022300959482,25.279242619006038,-94.32936724262794
3.2442249999999992,-11.091918225310788,-375.82560560634937,-14.950394470820905,25.23207793538479,-94.32936724262794
3.244725,-11.30214906440369,-375.83544168727377,-14.9377902230241,25.184913251763422,-94.32936724262794
3.245225,-11.658327143686185,-375.8452706525975,-14.92520955756912,25.13774856814209,-94.32936724262794
3.245725,-12.221346422644816,-375.8546007902191,-14.912652474455959,25.0905838845208,-94.32936724262794
3.246225,-13.021938359374364,-375.8635098339526,-14.900118973684602,25.043419200899475,-94.32936724262794
3.246724999999999,-11.903399094452215,-375.87242876842237,-14.887609055255076,24.99625451727823,-94.32936724262794
3.247225,-11.433598975667095,-375.8815182520382,-14.875122719167328,24.949089833656853,-94.32936724262794
3.247725,-12.491788639093375,-375.890616566735,-14.862659965421399,24.901925150035527,-94.32936724262794
3.248225,-12.625103588057026,-375.899641313456,-14.850220794017293,24.854760466414238,-94.32936724262794
3.2487249999999994,-12.276775207265551,-375.9087358374326,-14.837805204955004,24.80759578279295,-94.32936724262794
3.249225,-10.567887784273532,-375.9175998177578,-14.825413198234491,24.760431099171576,-94.32936724262794
3.249725,-10.604307268363948,-375.9265728596124,-14.81304477385582,24.713266415550294,-94.32936724262794
3.2502249999999995,-12.30049963786035,-375.93560597302803,-14.800699931818956,24.666101731929,-94.32936724262794
3.250725,-11.19191425510842,-375.9440865553612,-14.788378672123883,24.61893704830763,-94.32936724262794
3.251225,-10.580559618664982,-375.95272241662326,-14.776080994770643,24.571772364686346,-94.32936724262794
3.2517249999999995,-10.804681943213325,-375.9605710917798,-14.763806899759208,24.524607681065053,-94.32936724262794
3.252225,-9.838079711805795,-375.96873048118215,-14.751556387089567,24.477442997443685,-94.32936724262794
3.2527249999999994,-10.14669742744844,-375.9763093222547,-14.73932945676177,24.430278313822438,-94.32936724262794
3.253225,-9.973773952083846,-375.9839970661192,-14.727126108775748,24.38311363020107,-94.32936724262794
3.253725,-9.54333642965501,-375.99084572202645,-14.714946343131553,24.335948946579737,-94.32936724262794
3.2542249999999995,-9.89609944241246,-375.99785401465084,-14.702790159829183,24.28878426295849,-94.32936724262794
3.254725,-10.522587053042493,-376.00510686293353,-14.69065755886859,24.241619579337122,-94.32936724262794
3.2552250000000003,-11.060748691538649,-376.0120586497237,-14.678548540249825,24.19445489571579,-94.32936724262794
3.2557249999999995,-11.380738205276668,-376.01903628033176,-14.666463103972891,24.147290212094546,-94.32936724262794
3.256225,-10.517548710355316,-376.02613258787574,-14.654401250037735,24.10012552847317,-94.32936724262794
3.2567249999999994,-10.450927476581278,-376.03284006900196,-14.642362978444423,24.052960844851928,-94.32936724262794
3.257225,-10.558650129170651,-376.0396423370311,-14.630348289192884,24.005796161230556,-94.32936724262794
3.257725,-10.38305564903628,-376.0464621561025,-14.61835718228318,23.958631477609266,-94.32936724262794
3.2582249999999995,-10.253965712846025,-376.0533159828625,-14.606389657715287,23.911466793987977,-94.32936724262794
3.258725,-10.433781376231057,-376.0600422555263,-14.594445715489186,23.864302110366605,-94.32936724262794
3.259225,-10.825069260600667,-376.06698954284025,-14.582525355604911,23.817137426745322,-94.32936724262794
3.2597249999999995,-11.126364803160778,-376.073440281308,-14.57062857806245,23.769972743124033,-94.32936724262794
3.260225,-10.164571834435568,-376.07996124825263,-14.558755382861781,23.72280805950266,-94.32936724262794
3.2607249999999994,-9.866847866326264,-376.08577163566355,-14.546905770002956,23.67564337588141,-94.32936724262794
3.261225,-10.992350569290796,-376.09105830688225,-14.535079739485907,23.628478692260042,-94.32936724262794
3.261725,-10.81572403900623,-376.09705469330606,-14.523277291310675,23.581314008638714,-94.32936724262794
3.2622249999999995,-10.519817629179508,-376.1031160128735,-14.511498425477278,23.53414932501747,-94.32936724262794
3.262725,-10.326785755738497,-376.10917554336936,-14.49974314198566,23.486984641396095,-94.32936724262794
3.263225,-10.155067648109885,-376.1156081640161,-14.488011440835873,23.439819957774805,-94.32936724262794
3.2637249999999995,-10.69027006711855,-376.1221432087762,-14.476303322027901,23.39265527415352,-94.32936724262794
3.264225,-10.248504697072516,-376.12836924966473,-14.464618785561711,23.34549059053215,-94.32936724262794
3.264725,-8.751695582781034,-376.1342522942364,-14.452957831437354,23.298325906910858,-94.32936724262794
3.265225,-8.558178504072057,-376.1397946732041,-14.441320459654802,23.251161223289525,-94.32936724262794
3.265725,-8.082097323348036,-376.14573912374175,-14.429706670214063,23.203996539668204,-94.32936724262794
3.266225,-7.775093334468751,-376.1520283867085,-14.41811646311514,23.156831856046917,-94.32936724262794
3.266725,-7.915288852071249,-376.15800945813055,-14.406549838358014,23.10966717242558,-94.32936724262794
3.267225,-5.974751113693291,-376.164643763993,-14.395006795942718,23.062502488804295,-94.32936724262794
3.267725,-5.110259112343966,-376.1714720509232,-14.383487335869214,23.01533780518297,-94.32936724262794
3.268225,-6.444387602282676,-376.178032900577,-14.371991458137522,22.968173121561634,-94.32936724262794
3.268725,-6.347595965510551,-376.18480907233425,-14.360519162747657,22.921008437940348,-94.32936724262794
3.269225,-6.178822081589409,-376.19202533537043,-14.349070449699584,22.873843754319015,-94.32936724262794
3.269725,-6.14202029868543,-376.19884640689247,-14.337645318993328,22.82667907069769,-94.32936724262794
3.270225,-6.545723033997402,-376.20620310728333,-14.326243770628892,22.779514387076407,-94.32936724262794
3.270725,-8.388490965991652,-376.2135772959741,-14.314865804606256,22.732349703455075,-94.32936724262794
3.271225,-8.290306690999454,-376.2212830128452,-14.303511420925439,22.68518501983378,-94.32936724262794
3.271724999999999,-7.347445979682367,-376.228507389042,-14.292180619586441,22.638020336212534,-94.32936724262794
3.272225,-6.509845791363487,-376.23582576193104,-14.280873400589218,22.590855652591127,-94.32936724262794
3.272725,-6.824399236150121,-376.24278173974244,-14.269589763933835,22.543690968969834,-94.32936724262794
3.273224999999999,-7.495370291581058,-376.24956842414974,-14.25832970962027,22.496526285348587,-94.32936724262794
3.273725,-6.852680024336628,-376.2568694187767,-14.247093237648482,22.449361601727176,-94.32936724262794
3.274225,-6.556078854499117,-376.2641843719066,-14.235880348018528,22.40219691810589,-94.32936724262794
3.274724999999999,-7.100412900423453,-376.2718767833628,-14.224691040730393,22.355032234484643,-94.32936724262794
3.275225,-7.189664488360958,-376.2799579744927,-14.213525315784043,22.30786755086327,-94.32936724262794
3.275725,-8.555786749849409,-376.2878735320744,-14.202383173179514,22.260702867241942,-94.32936724262794
3.276225,-9.05087010504984,-376.2952684037046,-14.191264612916804,22.213538183620653,-94.32936724262794
3.276725,-8.476470292029669,-376.3030119715303,-14.180169634995897,22.166373499999327,-94.32936724262794
3.277225,-8.956617412975874,-376.3104841187199,-14.169098239416801,22.11920881637799,-94.32936724262794
3.277725,-8.79510212324062,-376.3184866396757,-14.158050426179523,22.0720441327567,-94.32936724262794
3.278225,-8.254255724486757,-376.32669634028167,-14.147026195284045,22.02487944913538,-94.32936724262794
3.278725,-8.052795671148449,-376.33531624504235,-14.13602554673038,21.977714765514047,-94.32936724262794
3.2792249999999994,-6.893313679393508,-376.34433725876636,-14.125048480518545,21.930550081892804,-94.32936724262794
3.279725,-6.323535401056617,-376.3538408735892,-14.114094996648488,21.88338539827143,-94.32936724262794
3.280225,-6.712732419797058,-376.3633363588212,-14.103165095120264,21.83622071465014,-94.32936724262794
3.2807249999999994,-6.462879537321354,-376.37181152826463,-14.092258775933848,21.78905603102886,-94.32936724262794
3.281225,-6.472390303890608,-376.37928810013636,-14.081376039089227,21.741891347407474,-94.32936724262794
3.281725,-7.395717029883032,-376.3867127258314,-14.070516884586434,21.69472666378619,-94.32936724262794
3.2822249999999995,-5.692311811130271,-376.39348042851327,-14.059681312425456,21.64756198016491,-94.32936724262794
3.282725,-5.340591551343069,-376.40039772875474,-14.048869322606263,21.600397296543534,-94.32936724262794
3.2832249999999994,-6.746784914543059,-376.4064646014736,-14.038080915128912,21.553232612922287,-94.32936724262794
3.283725,-6.370962997111072,-376.4126462951041,-14.027316089993343,21.50606792930092,-94.32936724262794
3.284225,-6.243932522085161,-376.41844562301065,-14.016574847199603,21.45890324567963,-94.32936724262794
3.2847249999999995,-6.17019760305367,-376.4234070998982,-14.005857186747676,21.411738562058346,-94.32936724262794
3.285225,-6.244194175389583,-376.4286798740606,-13.995163108637538,21.36457387843697,-94.32936724262794
3.285725,-7.372066373079792,-376.4334646434164,-13.984492612869232,21.317409194815685,-94.32936724262794
3.2862249999999995,-7.005805005366455,-376.43841674967496,-13.973845699442736,21.270244511194395,-94.32936724262794
3.286725,-6.37078587841125,-376.4434316209697,-13.963222368358034,21.22307982757303,-94.32936724262794
3.2872249999999994,-6.114171102754588,-376.44803741706585,-13.952622619615164,21.175915143951777,-94.32936724262794
3.287725,-6.72545192623281,-376.45292699359055,-13.942046453214079,21.128750460330405,-94.32936724262794
3.288225,-7.90056643345366,-376.45724655960083,-13.931493869154817,21.08158577670907,-94.32936724262794
3.2887249999999995,-8.219334410746262,-376.4622369105373,-13.920964867437384,21.034421093087833,-94.32936724262794
3.289225,-8.376266464921125,-376.4672115845333,-13.910459448061728,20.987256409466458,-94.32936724262794
3.289725,-8.205297678134158,-376.4726778494012,-13.899977611027907,20.94009172584517,-94.32936724262794
3.2902249999999995,-8.272901450062559,-376.47883494356256,-13.889519356335898,20.89292704222388,-94.32936724262794
3.290725,-8.568724410068603,-376.4853241200446,-13.87908468398568,20.84576235860251,-94.32936724262794
3.2912249999999994,-8.842614399705313,-376.49214621899716,-13.868673593977297,20.798597674981263,-94.32936724262794
3.291725,-8.186850153499146,-376.49958335049627,-13.858286086310699,20.75143299135989,-94.32936724262794
3.292225,-8.572505971637716,-376.5065158632595,-13.84792216098592,20.704268307738566,-94.32936724262794
3.2927249999999995,-9.049641006311054,-376.5137361027465,-13.837581818002972,20.657103624117315,-94.32936724262794
3.293225,-8.49103669367737,-376.5208569835911,-13.827265057361807,20.609938940495947,-94.32936724262794
3.293725,-8.609654002646108,-376.5284515285609,-13.816971879062471,20.562774256874658,-94.32936724262794
3.2942249999999995,-7.850050129206575,-376.5354236709616,-13.806702283104945,20.515609573253368,-94.32936724262794
3.294725,-7.730944780432232,-376.5425569785881,-13.796456269489212,20.468444889632,-94.32936724262794
3.295225,-8.07542441375608,-376.5495386704288,-13.786233838215303,20.42128020601071,-94.32936724262794
3.295725,-6.890090090142318,-376.55631406419207,-13.776034989283204,20.37411552238938,-94.32936724262794
3.296225,-7.405074567142293,-376.56349259075006,-13.76585972269291,20.326950838768052,-94.32936724262794
3.296725,-8.689396184968649,-376.5702292727578,-13.755708038444435,20.27978615514676,-94.32936724262794
3.297225,-6.854126284890741,-376.57782610946714,-13.745579936537764,20.23262147152543,-94.32936724262794
3.297725,-6.352339911462718,-376.58560600135866,-13.735475416972909,20.185456787904144,-94.32936724262794
3.2982249999999995,-7.269562282929184,-376.59399670872705,-13.725394479749871,20.138292104282858,-94.32936724262794
3.298725,-7.61708659184208,-376.6035767289572,-13.715337124868618,20.091127420661486,-94.32936724262794
3.299225,-8.415856854655996,-376.6140663303514,-13.705303352329201,20.043962737040204,-94.32936724262794
3.299725,-8.904131914476611,-376.62479048143564,-13.695293162131588,19.99679805341887,-94.32936724262794
3.300225,-8.401485332885201,-376.63595939573906,-13.685306554275776,19.94963336979754,-94.32936724262794
3.300725,-9.685523751684489,-376.64830268069863,-13.675343528761791,19.902468686176245,-94.32936724262794
3.301225,-10.915741115828055,-376.6607242646531,-13.665404085589604,19.855304002554924,-94.32936724262794
3.301725,-10.288949340491572,-376.67421432071177,-13.655488224759237,19.808139318933637,-94.32936724262794
3.302225,-9.51863710534298,-376.68749621903794,-13.645595946270673,19.7609746353123,-94.32936724262794
3.302725,-9.13747983467261,-376.7005328553019,-13.635727250123916,19.713809951690976,-94.32936724262794
3.303225,-9.629741666205442,-376.71343662115453,-13.625882136318982,19.666645268069686,-94.32936724262794
3.303725,-11.12485162051436,-376.7256617682398,-13.61606060485585,19.619480584448354,-94.32936724262794
3.304225,-11.00218695210923,-376.73761591582337,-13.606262655734527,19.572315900827025,-94.32936724262794
3.304725,-10.6269794626275,-376.74945957122964,-13.596488288955024,19.525151217205735,-94.32936724262794
3.305224999999999,-11.020679679311565,-376.7618463444715,-13.586737504517343,19.47798653358449,-94.32936724262794
3.305725,-12.12468030609455,-376.77365698155955,-13.577010302421442,19.430821849963124,-94.32936724262794
3.306225,-13.699343148666172,-376.7850631388974,-13.567306682667363,19.383657166341788,-94.32936724262794
3.3067249999999992,-12.509947707069394,-376.79644159399885,-13.557626645255112,19.336492482720544,-94.32936724262794
3.307225,-12.00323668948194,-376.80711666061427,-13.547970190184644,19.289327799099176,-94.32936724262794
3.307725,-12.117113666578856,-376.8177001390552,-13.538337317455998,19.24216311547784,-94.32936724262794
3.308225,-11.72055111240811,-376.8278603509614,-13.528728027069171,19.194998431856558,-94.32936724262794
3.308725,-11.42910143324114,-376.8380944832072,-13.519142319024143,19.14783374823523,-94.32936724262794
3.309224999999999,-9.735762843259105,-376.8485278614394,-13.509580193320945,19.100669064613978,-94.32936724262794
3.309725,-10.060416577529438,-376.8585222531981,-13.500041649959531,19.05350438099261,-94.32936724262794
3.310225,-11.605774775216458,-376.86881969183383,-13.490526688939937,19.00633969737128,-94.32936724262794
3.310725,-10.850720112281405,-376.8784535562312,-13.48103531026216,18.95917501374999,-94.32936724262794
3.3112249999999994,-11.349836114721256,-376.8880447294221,-13.471567513926196,18.912010330128705,-94.32936724262794
3.311725,-12.34170957991812,-376.8965510892043,-13.46212329993203,18.864845646507334,-94.32936724262794
3.312225,-11.115206923130478,-376.9055588563119,-13.452702668279683,18.817680962886048,-94.32936724262794
3.3127249999999995,-11.156568500968907,-376.9143437724098,-13.443305618969152,18.770516279264754,-94.32936724262794
3.313225,-11.167235233393413,-376.92213965172147,-13.433932152000413,18.723351595643383,-94.32936724262794
3.313725,-10.402501668184126,-376.9301147636462,-13.424582267373498,18.676186912022096,-94.32936724262794
3.3142249999999995,-11.047198452186084,-376.9379802773583,-13.4152559650884,18.62902222840081,-94.32936724262794
3.314725,-11.06840341404455,-376.9448355578725,-13.405953245145092,18.581857544779435,-94.32936724262794
3.3152249999999994,-10.706111518993536,-376.95041372074155,-13.396674107543621,18.534692861158188,-94.32936724262794
3.315725,-11.857443749873326,-376.95459368327187,-13.387418552283938,18.48752817753682,-94.32936724262794
3.316225,-12.429289205476216,-376.9576891475826,-13.378186579366075,18.44036349391549,-94.32936724262794
3.3167249999999995,-12.109772015952624,-376.9603080928371,-13.368978188790036,18.39319881029424,-94.32936724262794
3.317225,-12.506621943318354,-376.96290612565826,-13.35979338055578,18.34603412667287,-94.32936724262794
3.3177250000000003,-11.77751456649102,-376.96516789957013,-13.350632154663344,18.298869443051544,-94.32936724262794
3.3182249999999995,-11.385741319059123,-376.9672724832455,-13.341494511112735,18.2517047594303,-94.32936724262794
3.318725,-11.842443167577253,-376.9694061910543,-13.33238044990392,18.204540075808925,-94.32936724262794
3.3192249999999994,-11.459263483127849,-376.9708631354532,-13.323289971036933,18.15737539218768,-94.32936724262794
3.319725,-10.907930536285305,-376.97217409833985,-13.314223074511734,18.110210708566314,-94.32936724262794
3.320225,-10.03346310437742,-376.97292947532736,-13.305179760328361,18.06304602494502,-94.32936724262794
3.3207249999999995,-10.717127012586715,-376.9746386899144,-13.296160028486797,18.01588134132373,-94.32936724262794
3.321225,-12.328314112071697,-376.97601766380313,-13.28716387898703,17.968716657702362,-94.32936724262794
3.321725,-11.518957482868458,-376.97802356976035,-13.27819131182909,17.921551974081073,-94.32936724262794
3.3222249999999995,-11.54755787154192,-376.97992791106986,-13.26924232701296,17.874387290459786,-94.32936724262794
3.322725,-11.250000848625302,-376.9817490300394,-13.260316924538623,17.82722260683841,-94.32936724262794
3.3232249999999994,-10.934367783558814,-376.98406113028597,-13.251415104406123,17.780057923217168,-94.32936724262794
3.323725,-11.407531104515805,-376.98666884422687,-13.242536866615408,17.732893239595796,-94.32936724262794
3.324225,-9.2149362216613,-376.9893455894338,-13.23368221116651,17.685728555974467,-94.32936724262794
3.3247249999999995,-8.52659739437879,-376.99213642675807,-13.224851138059442,17.63856387235322,-94.32936724262794
3.325225,-9.120655874618716,-376.9950800077908,-13.216043647294162,17.59139918873185,-94.32936724262794
3.325725,-7.819688304780398,-376.9978329338129,-13.207259738870707,17.54423450511056,-94.32936724262794
3.3262249999999995,-8.010101156617903,-377.0009471452831,-13.198499412789062,17.49706982148927,-94.32936724262794
3.326725,-7.869332133885687,-377.0034062065818,-13.189762669049212,17.4499051378679,-94.32936724262794
3.327225,-6.291443960765591,-377.0059180500492,-13.181049507651187,17.40274045424661,-94.32936724262794
3.327725,-7.265315540738468,-377.00857117475414,-13.172359928594966,17.355575770625283,-94.32936724262794
3.328225,-7.893833966247437,-377.011339943866,-13.163693931880557,17.308411087003954,-94.32936724262794
3.328725,-7.066685329145152,-377.01442302474646,-13.155051517507962,17.261246403382668,-94.32936724262794
3.329225,-7.5986996521107475,-377.01738394445573,-13.146432685477178,17.21408171976134,-94.32936724262794
3.329725,-7.539548344104372,-377.02079834073754,-13.137837435788207,17.166917036140045,-94.32936724262794
3.330225,-8.00024481929984,-377.02431727936727,-13.129265768441039,17.119752352518717,-94.32936724262794
3.330725,-8.22291127113682,-377.02836193636114,-13.120717683435679,17.072587668897388,-94.32936724262794
3.331225,-7.680308948153505,-377.0325128224646,-13.11219318077214,17.0254229852761,-94.32936724262794
3.331725,-7.231778894640516,-377.0376115616297,-13.103692260450407,16.978258301654773,-94.32936724262794
3.332225,-7.645442745803733,-377.04307993262915,-13.095214922470479,16.93109361803344,-94.32936724262794
3.332725,-7.577926584611264,-377.04945706724465,-13.086761166832376,16.883928934412154,-94.32936724262794
3.333225,-7.828163919816637,-377.0570468930207,-13.07833099353607,16.836764250790825,-94.32936724262794
3.333725,-8.777556625230444,-377.06545815884124,-13.069924402581586,16.78959956716954,-94.32936724262794
3.334224999999999,-8.670330615242282,-377.07391494801226,-13.061541393968916,16.742434883548288,-94.32936724262794
3.334725,-8.555285817216092,-377.08226504276735,-13.053181967698032,16.695270199926878,-94.32936724262794
3.335225,-7.7909283725212815,-377.0903140850807,-13.044846123768979,16.648105516305595,-94.32936724262794
3.335724999999999,-7.892724948172708,-377.09851432891384,-13.036533862181745,16.60094083268434,-94.32936724262794
3.336225,-8.510528740787619,-377.10701301563194,-13.028245182936288,16.553776149062926,-94.32936724262794
3.336725,-7.529452107686613,-377.114480716794,-13.019980086032668,16.506611465441637,-94.32936724262794
3.337224999999999,-7.481451392165818,-377.12192602619035,-13.011738571470861,16.459446781820397,-94.32936724262794
3.337725,-6.494674067265211,-377.12900782377824,-13.00352063925085,16.412282098199025,-94.32936724262794
3.338225,-5.703571849180752,-377.13593931596125,-12.99532628937265,16.365117414577693,-94.32936724262794
3.338725,-6.777221006784463,-377.1431637009487,-12.987155521836273,16.317952730956403,-94.32936724262794
3.339225,-6.255435550962512,-377.150184240374,-12.979008336641698,16.270788047335078,-94.32936724262794
3.339725,-6.370783467332183,-377.1574192957264,-12.97088473378893,16.223623363713745,-94.32936724262794
3.340225,-6.427560023862016,-377.16477977220944,-12.962784713277982,16.17645868009246,-94.32936724262794
3.340725,-4.887964323879176,-377.1726181084244,-12.954708275108842,16.12929399647113,-94.32936724262794
3.341225,-6.058326758159946,-377.1800347728949,-12.946655419281509,16.0821293128498,-94.32936724262794
3.3417249999999994,-5.923768603702285,-377.1877188202129,-12.938626145796,16.034964629228554,-94.32936724262794
3.342225,-2.9960742666929905,-377.1954954054854,-12.930620454652283,15.987799945607184,-94.32936724262794
3.342725,-2.890601017593794,-377.2036309623624,-12.922638345850386,15.940635261985893,-94.32936724262794
3.3432249999999994,-4.0940426338577804,-377.21109416053434,-12.914679819390303,15.89347057836461,-94.32936724262794
3.343725,-4.614351260468925,-377.2187845942975,-12.90674487527202,15.846305894743235,-94.32936724262794
3.344225,-5.652839770349324,-377.227101531074,-12.898833513495555,15.799141211121947,-94.32936724262794
3.3447249999999995,-5.27376571252131,-377.2355870324099,-12.890945734060907,15.751976527500661,-94.32936724262794
3.345225,-6.348103098151759,-377.24416419842146,-12.883081536968051,15.70481184387929,-94.32936724262794
3.3457249999999994,-7.898331946073158,-377.2527016654145,-12.87524092221703,15.657647160258044,-94.32936724262794
3.346225,-7.367334844231257,-377.26092668669867,-12.867423889807796,15.610482476636669,-94.32936724262794
3.346725,-6.455781472480245,-377.26914140560655,-12.859630439740386,15.563317793015383,-94.32936724262794
3.3472249999999995,-5.89715743578318,-377.2769678598783,-12.851860572014788,15.516153109394091,-94.32936724262794
3.347725,-4.849412901408143,-377.28535790156957,-12.844114286630985,15.468988425772725,-94.32936724262794
3.348225,-4.998689802757783,-377.2933702339789,-12.836391583589007,15.421823742151439,-94.32936724262794
3.3487249999999995,-5.398763476675239,-377.3011013271758,-12.828692462888842,15.374659058530145,-94.32936724262794
3.349225,-4.435965177222321,-377.30893401947714,-12.821016924530472,15.327494374908778,-94.32936724262794
3.3497249999999994,-4.321936953196729,-377.3169649645382,-12.813364968513936,15.280329691287529,-94.32936724262794
3.350225,-4.748229969483671,-377.3241669878527,-12.805736594839189,15.233165007666157,-94.32936724262794
3.350725,-6.333505567954939,-377.3314632378989,-12.79813180350626,15.186000324044826,-94.32936724262794
3.3512249999999995,-7.259382900799935,-377.3387673684413,-12.790550594515151,15.138835640423583,-94.32936724262794
3.351725,-6.159906861515655,-377.3462700764557,-12.782992967865836,15.091670956802213,-94.32936724262794
3.352225,-6.70109160511813,-377.3538409390459,-12.77545892355834,15.044506273180923,-94.32936724262794
3.3527249999999995,-6.398532590760548,-377.3613721979121,-12.767948461592667,14.997341589559635,-94.32936724262794
3.353225,-5.410155653591973,-377.3694291372914,-12.760461581968784,14.950176905938266,-94.32936724262794
3.3537249999999994,-4.924858573693668,-377.37686908301265,-12.752998284686731,14.90301222231702,-94.32936724262794
3.354225,-3.672520028945968,-377.3844498448271,-12.745558569746464,14.855847538695643,-94.32936724262794
3.354725,-4.965271952777009,-377.3913142113795,-12.738142437148019,14.808682855074315,-94.32936724262794
3.3552249999999995,-5.787244351887676,-377.3987880153734,-12.730749886891395,14.761518171453067,-94.32936724262794
3.355725,-4.663006562050716,-377.40615261144194,-12.723380918976565,14.714353487831698,-94.32936724262794
3.356225,-5.83657491455387,-377.4137928862073,-12.716035533403563,14.667188804210411,-94.32936724262794
3.3567249999999995,-6.219613527121084,-377.42176611318257,-12.708713730172363,14.62002412058912,-94.32936724262794
3.357225,-5.613647698288952,-377.42987842610336,-12.70141550928297,14.572859436967752,-94.32936724262794
3.357725,-6.006048184052566,-377.43766476938526,-12.694140870735396,14.525694753346464,-94.32936724262794
3.358225,-5.89917153119182,-377.4450800500825,-12.686889814529623,14.478530069725137,-94.32936724262794
3.358725,-5.147188657577024,-377.45293683348694,-12.679662340665665,14.431365386103806,-94.32936724262794
3.359225,-5.447912426639261,-377.4597866577123,-12.67245844914352,14.384200702482516,-94.32936724262794
3.359725,-5.076299120593695,-377.46689414185886,-12.665278139963181,14.337036018861186,-94.32936724262794
3.360225,-6.374705834508572,-377.47372700005275,-12.658121413124663,14.289871335239901,-94.32936724262794
3.3607249999999995,-7.19841835454897,-377.4810557304898,-12.65098826862795,14.242706651618613,-94.32936724262794
3.361225,-6.170197756940858,-377.4884183406175,-12.64387870647304,14.195541967997238,-94.32936724262794
3.361725,-6.900710457314344,-377.49564608628975,-12.636792726659946,14.14837728437595,-94.32936724262794
3.362225,-8.361700060165568,-377.5029500217656,-12.62973032918866,14.101212600754623,-94.32936724262794
3.362725,-8.629397128375036,-377.51035123410605,-12.622691514059188,14.054047917133293,-94.32936724262794
3.363225,-9.258080487079988,-377.51768593439726,-12.615676281271531,14.006883233512003,-94.32936724262794
3.363725,-8.59040623643382,-377.52447558984846,-12.608684630825678,13.959718549890678,-94.32936724262794
3.364225,-8.259380090308689,-377.5311644565381,-12.601716562721641,13.912553866269388,-94.32936724262794
3.364725,-9.23526374157098,-377.5377108259553,-12.594772076959412,13.865389182648057,-94.32936724262794
3.365225,-8.813078935182281,-377.5447940528631,-12.58785117353899,13.818224499026728,-94.32936724262794
3.365725,-9.472205073755417,-377.5513403682551,-12.580953852460384,13.771059815405442,-94.32936724262794
3.366225,-8.993926235859615,-377.55764332865743,-12.574080113723586,13.72389513178411,-94.32936724262794
3.366725,-8.6924557719257,-377.56363357031734,-12.5672299573286,13.676730448162779,-94.32936724262794
3.367225,-10.485877446910376,-377.57013814060815,-12.560403383275423,13.629565764541494,-94.32936724262794
3.367724999999999,-10.200469286715805,-377.5768183407821,-12.55360039156407,13.582401080920246,-94.32936724262794
3.368225,-9.28123646721698,-377.5838242737203,-12.546820982194506,13.535236397298874,-94.32936724262794
3.368725,-8.774513827729663,-377.59074678560813,-12.540065155166758,13.488071713677542,-94.32936724262794
3.3692249999999992,-8.430193730597768,-377.59822248687516,-12.533332910480834,13.440907030056296,-94.32936724262794
3.369725,-8.935890071585249,-377.60493276015524,-12.526624248136706,13.393742346434927,-94.32936724262794
3.370225,-8.271197641221253,-377.61148284015457,-12.51993916813439,13.346577662813596,-94.32936724262794
3.370725,-7.431580253780294,-377.61796820233184,-12.513277670473892,13.29941297919231,-94.32936724262794
3.371225,-8.752627030615852,-377.6246737669583,-12.5066397551552,13.25224829557098,-94.32936724262794
3.371724999999999,-8.100234531512259,-377.6310461166616,-12.50002542217833,13.205083611949732,-94.32936724262794
3.372225,-6.889720721440327,-377.6370933391621,-12.493434671543252,13.157918928328364,-94.32936724262794
3.372725,-7.707422473221749,-377.6439023388733,-12.48686750324999,13.110754244707035,-94.32936724262794
3.373225,-7.794650926984081,-377.6503133047202,-12.480323917298545,13.063589561085749,-94.32936724262794
3.3737249999999994,-7.314038816101261,-377.6566650204206,-12.473803913688913,13.016424877464457,-94.32936724262794
3.374225,-8.000433624149782,-377.6627765073305,-12.467307492421078,12.969260193843088,-94.32936724262794
3.374725,-7.265882584067482,-377.66896099573427,-12.460834653495064,12.9220955102218,-94.32936724262794
3.3752249999999995,-8.438495849455318,-377.6754132033679,-12.45438539691086,12.874930826600512,-94.32936724262794
3.375725,-9.011528547179354,-377.6817505272837,-12.447959722668458,12.827766142979137,-94.32936724262794
3.376225,-7.021429006780744,-377.6883610705594,-12.441557630767882,12.780601459357852,-94.32936724262794
3.3767249999999995,-7.551061677870145,-377.69473299573076,-12.43517912120911,12.733436775736564,-94.32936724262794
3.377225,-7.662049814812038,-377.701283174657,-12.428824193992137,12.68627209211519,-94.32936724262794
3.3777249999999994,-7.640571248915873,-377.70747288654906,-12.422492849116995,12.639107408493945,-94.32936724262794
3.378225,-9.187705007305636,-377.7138184458002,-12.416185086583646,12.591942724872574,-94.32936724262794
3.378725,-8.886246515405869,-377.7195782669243,-12.409900906392114,12.544778041251245,-94.32936724262794
3.3792249999999995,-7.861038981967636,-377.72576691288174,-12.4036403085424,12.497613357629996,-94.32936724262794
3.379725,-7.759223201550033,-377.7320799061421,-12.397403293034484,12.450448674008626,-94.32936724262794
3.3802250000000003,-8.26951202598753,-377.7382225882201,-12.391189859868382,12.403283990387294,-94.32936724262794
3.3807249999999995,-9.10797156155277,-377.7445601825027,-12.385000009044104,12.35611930676605,-94.32936724262794
3.381225,-8.119861680257273,-377.75032472344765,-12.378833740561618,12.30895462314468,-94.32936724262794
3.3817249999999994,-7.477255382430959,-377.75569314532373,-12.372691054420958,12.261789939523432,-94.32936724262794
3.382225,-7.861246200825725,-377.76120237466057,-12.366571950622095,12.21462525590206,-94.32936724262794
3.382725,-8.382053344434809,-377.76651334039366,-12.360476429165052,12.167460572280772,-94.32936724262794
3.3832249999999995,-7.933653046167416,-377.7723578828686,-12.354404490049822,12.120295888659486,-94.32936724262794
3.383725,-6.719950619410748,-377.7782148669549,-12.348356133276388,12.073131205038115,-94.32936724262794
3.384225,-6.69133496653849,-377.78363268749115,-12.34233135884478,12.025966521416825,-94.32936724262794
3.3847249999999995,-6.98515329472971,-377.7887771633294,-12.336330166754983,11.978801837795539,-94.32936724262794
3.385225,-7.293284647011468,-377.79439145054795,-12.330352557006979,11.93163715417417,-94.32936724262794
3.3857249999999994,-7.594568813391243,-377.7996606263314,-12.324398529600808,11.884472470552923,-94.32936724262794
3.386225,-7.887520625014805,-377.80499013779365,-12.31846808453643,11.837307786931547,-94.32936724262794
3.386725,-7.19694249941178,-377.8104137394113,-12.31256122181387,11.790143103310223,-94.32936724262794
3.3872249999999995,-6.76753371493092,-377.81619133601276,-12.306677941433126,11.742978419688972,-94.32936724262794
3.387725,-7.999095323596667,-377.8218986415046,-12.300818243394177,11.6958137360676,-94.32936724262794
3.388225,-7.9757105085330675,-377.82791447279516,-12.294982127697052,11.648649052446313,-94.32936724262794
3.3887249999999995,-7.042611325651,-377.83408251065777,-12.289169594341736,11.601484368825023,-94.32936724262794
3.389225,-6.8120760532755416,-377.8392848570375,-12.283380643328227,11.554319685203657,-94.32936724262794
3.389725,-6.992323271395181,-377.8449310810915,-12.27761527465653,11.507155001582367,-94.32936724262794
3.390225,-8.294645611305423,-377.85042543680333,-12.271873488326644,11.459990317961037,-94.32936724262794
3.390725,-8.636155213047115,-377.8555970592976,-12.266155284338566,11.412825634339706,-94.32936724262794
3.391225,-7.143973122938268,-377.86105588270334,-12.260460662692305,11.365660950718421,-94.32936724262794
3.391725,-7.261065429295296,-377.8667567344157,-12.254789623387849,11.318496267097089,-94.32936724262794
3.392225,-7.6662906855339585,-377.8728595102436,-12.249142166425207,11.271331583475805,-94.32936724262794
3.392725,-8.289816665869317,-377.8783508504803,-12.243518291804376,11.224166899854474,-94.32936724262794
3.393225,-8.863399850387443,-377.8840265350622,-12.23791799952535,11.177002216233143,-94.32936724262794
3.393725,-7.676926736048079,-377.88922388901966,-12.232341289588144,11.129837532611853,-94.32936724262794
3.394225,-6.492105724846961,-377.8950241662862,-12.22678816199274,11.082672848990523,-94.32936724262794
3.394725,-7.16213702295954,-377.9001736467803,-12.22125861673915,11.035508165369196,-94.32936724262794
3.395225,-8.792735302653485,-377.90535996921125,-12.215752653827373,10.988343481747906,-94.32936724262794
3.395725,-9.806983517705389,-377.9112761573858,-12.210270273257402,10.941178798126579,-94.32936724262794
3.396225,-8.885933818276417,-377.9165177022704,-12.204811475029247,10.89401411450529,-94.32936724262794
3.396724999999999,-8.581055005048144,-377.92207818766855,-12.199376259142909,10.846849430884044,-94.32936724262794
3.397225,-9.820684368963082,-377.9271080209862,-12.19396462559836,10.79968474726263,-94.32936724262794
3.397725,-10.739997205070512,-377.9317330732937,-12.188576574395634,10.752520063641343,-94.32936724262794
3.398224999999999,-9.519756361935212,-377.9368784128961,-12.183212105534729,10.705355380020098,-94.32936724262794
3.398725,-7.6662478568319985,-377.942219634548,-12.177871219015612,10.658190696398686,-94.32936724262794
3.399225,-7.524066191040054,-377.94727826830706,-12.172553914838321,10.611026012777398,-94.32936724262794
3.399724999999999,-7.946133213643263,-377.9526872703204,-12.167260193002848,10.563861329156152,-94.32936724262794
3.400225,-8.2881769841858,-377.958544215143,-12.16199005350917,10.516696645534777,-94.32936724262794
3.400725,-8.605132042446147,-377.9640475706346,-12.156743496357306,10.46953196191345,-94.32936724262794
3.401225,-8.165646450372531,-377.9692853845988,-12.151520521547251,10.42236727829216,-94.32936724262794
3.401725,-7.700802680613748,-377.9749951133406,-12.146321129079011,10.37520259467083,-94.32936724262794
3.402225,-8.537041491413566,-377.9804933077518,-12.141145318952582,10.328037911049499,-94.32936724262794
3.402725,-9.546549773879525,-377.98694998127957,-12.135993091167965,10.280873227428215,-94.32936724262794
3.403225,-8.653973843438786,-377.9935235460435,-12.130864445725152,10.233708543806884,-94.32936724262794
3.403725,-7.437910741397523,-377.9999921687192,-12.125759382624153,10.186543860185552,-94.32936724262794
3.4042249999999994,-6.459949262895234,-378.00647556201073,-12.120677901864973,10.139379176564308,-94.32936724262794
3.404725,-6.819710714256631,-378.0129927316357,-12.11562000344759,10.092214492942935,-94.32936724262794
3.405225,-7.619730979552216,-378.01894092256737,-12.110585687372026,10.045049809321647,-94.32936724262794
3.4057249999999994,-7.153517535790283,-378.0250881146657,-12.105574953638273,9.997885125700362,-94.32936724262794
3.406225,-5.722702341923425,-378.0311447814451,-12.100587802246324,9.950720442078987,-94.32936724262794
3.406725,-6.161509745713163,-378.03723797935754,-12.09562423319619,9.903555758457701,-94.32936724262794
3.4072249999999995,-5.896693244544961,-378.044011253575,-12.090684246487873,9.856391074836411,-94.32936724262794
3.407725,-5.8870912357342045,-378.05093629966206,-12.085767842121351,9.809226391215041,-94.32936724262794
3.4082249999999994,-6.514790971133219,-378.0579191328368,-12.080875020096657,9.762061707593796,-94.32936724262794
3.408725,-5.542368509604077,-378.0642194405862,-12.076005780413757,9.714897023972423,-94.32936724262794
3.409225,-4.346412371016758,-378.0708031417913,-12.071160123072682,9.667732340351135,-94.32936724262794
3.4097249999999995,-4.603222566116547,-378.0769798184455,-12.066338048073412,9.620567656729849,-94.32936724262794
3.410225,-5.230474850736111,-378.0835501932838,-12.06153955541595,9.573402973108477,-94.32936724262794
3.410725,-6.462565053779042,-378.0898892799705,-12.056764645100303,9.526238289487189,-94.32936724262794
3.4112249999999995,-6.022789733058419,-378.0960597226707,-12.052013317126463,9.479073605865903,-94.32936724262794
3.411725,-4.917615586928532,-378.10227825701236,-12.047285571494433,9.43190892224453,-94.32936724262794
3.4122249999999994,-5.306621615946373,-378.108521559187,-12.04258140820422,9.384744238623282,-94.32936724262794
3.412725,-6.199960996682945,-378.1150264644328,-12.037900827255813,9.337579555001913,-94.32936724262794
3.413225,-6.099864309255617,-378.121334468809,-12.033243828649214,9.290414871380582,-94.32936724262794
3.4137249999999995,-4.5231106637721465,-378.12808246942626,-12.028610412384433,9.243250187759337,-94.32936724262794
3.414225,-3.3710555848613737,-378.1351502168356,-12.024000578461456,9.196085504137962,-94.32936724262794
3.414725,-3.272798740772392,-378.1425070295538,-12.019414326880291,9.148920820516677,-94.32936724262794
3.4152249999999995,-4.422710660299868,-378.1501143846075,-12.014851657640945,9.101756136895387,-94.32936724262794
3.415725,-5.191993554024657,-378.1573571773734,-12.010312570743396,9.054591453274018,-94.32936724262794
3.4162249999999994,-4.063890295906923,-378.16468235534376,-12.005797066187672,9.007426769652774,-94.32936724262794
3.416725,-2.839795850626496,-378.1714955785222,-12.001305143973745,8.9602620860314,-94.32936724262794
3.417225,-3.700570404528381,-378.1787421891434,-11.996836804101632,8.91309740241007,-94.32936724262794
3.4177249999999995,-4.865087911810106,-378.185879625274,-11.992392046571336,8.865932718788823,-94.32936724262794
3.418225,-4.429021403182295,-378.1929035423192,-11.987970871382842,8.818768035167453,-94.32936724262794
3.418725,-3.2755320175859723,-378.20011129402496,-11.98357327853617,8.771603351546164,-94.32936724262794
3.4192249999999995,-2.414285906397385,-378.2071680701479,-11.979199268031303,8.724438667924877,-94.32936724262794
3.419725,-3.2753464445936125,-378.2137522876738,-11.974848839868242,8.677273984303506,-94.32936724262794
3.420225,-4.556977015382047,-378.21991616958474,-11.970521994046997,8.630109300682218,-94.32936724262794
3.420725,-4.406283490382815,-378.2269368203231,-11.96621873056756,8.582944617060885,-94.32936724262794
3.421225,-3.338743996233987,-378.2333866817149,-11.961939049429935,8.535779933439557,-94.32936724262794
3.421725,-3.2921778797698176,-378.24045816602774,-11.957682950634121,8.48861524981827,-94.32936724262794
3.422225,-3.3153455281971973,-378.2473464178053,-11.953450434180116,8.44145056619694,-94.32936724262794
3.422725,-4.553040395853229,-378.25411704659103,-11.949241500067924,8.394285882575653,-94.32936724262794
3.4232249999999995,-4.868376559477504,-378.2605857416705,-11.945056148297542,8.347121198954362,-94.32936724262794
3.423725,-3.311946791039704,-378.26666219363284,-11.940894378868968,8.299956515332994,-94.32936724262794
3.424225,-2.114526899409677,-378.2728461173805,-11.936756191782207,8.252791831711706,-94.32936724262794
3.424725,-2.894773981224664,-378.2777980056353,-11.932641587037256,8.205627148090375,-94.32936724262794
3.425225,-4.042069448086719,-378.2831710663248,-11.928550564634115,8.158462464469046,-94.32936724262794
3.425725,-4.873117588755494,-378.2886827423506,-11.924483124572788,8.111297780847758,-94.32936724262794
3.426225,-4.451941877015029,-378.294194068426,-11.920439266853268,8.06413309722643,-94.32936724262794
3.426725,-3.687998543006141,-378.3000550685442,-11.916418991475561,8.01696841360514,-94.32936724262794
3.427225,-4.627063334478475,-378.30584410642797,-11.912422298439665,7.96980372998381,-94.32936724262794
3.427725,-5.733454334584018,-378.31195429914726,-11.908449187745576,7.92263904636248,-94.32936724262794
3.428225,-5.388587126215906,-378.3177154363708,-11.904499659393302,7.875474362741193,-94.32936724262794
3.428725,-4.901501523505855,-378.3231380123564,-11.900573713382837,7.8283096791198625,-94.32936724262794
3.429225,-4.103452321683704,-378.32829987195305,-11.896671349714182,7.781144995498534,-94.32936724262794
3.429725,-3.918758319835598,-378.3330376991538,-11.892792568387339,7.733980311877246,-94.32936724262794
3.430224999999999,-5.2067475815499895,-378.3379815905024,-11.888937369402312,7.686815628256001,-94.32936724262794
3.430725,-6.365392942849306,-378.3428874440258,-11.885105752759081,7.639650944634628,-94.32936724262794
3.431225,-5.470168033004752,-378.3485063971493,-11.881297718457668,7.592486261013298,-94.32936724262794
3.4317249999999992,-4.359953783184578,-378.35309843055234,-11.877513266498076,7.545321577392052,-94.32936724262794
3.432225,-4.645465014663747,-378.35800351298275,-11.873752396880281,7.498156893770681,-94.32936724262794
3.432725,-5.946153052312375,-378.362787875449,-11.870015109604296,7.4509922101493515,-94.32936724262794
3.433225,-6.350858038350904,-378.36737303531305,-11.86630140467013,7.403827526528062,-94.32936724262794
3.433725,-5.675730096941406,-378.37265597858504,-11.86261128207777,7.356662842906735,-94.32936724262794
3.434224999999999,-5.060398744674711,-378.37738463806915,-11.858944741827228,7.3094981592854875,-94.32936724262794
3.434725,-5.844927138985949,-378.38213826972725,-11.855301783918486,7.262333475664116,-94.32936724262794
3.435225,-7.46394514128418,-378.38725374113346,-11.851682408351559,7.215168792042786,-94.32936724262794
3.435725,-7.793832011989942,-378.39233097788343,-11.848086615126446,7.1680041084215,-94.32936724262794
3.4362249999999994,-6.8590909283439485,-378.39716357948777,-11.844514404243139,7.120839424800212,-94.32936724262794
3.436725,-6.150091775450368,-378.4025510626503,-11.84096577570164,7.073674741178837,-94.32936724262794
3.437225,-5.570917431095126,-378.40776787588015,-11.83744072950196,7.02651005755755,-94.32936724262794
3.4377249999999995,-6.398921058828701,-378.4129083815685,-11.833939265644089,6.979345373936264,-94.32936724262794
3.438225,-6.848127589661684,-378.4184972085849,-11.830461384128022,6.932180690314891,-94.32936724262794
3.438725,-4.591994016618321,-378.4239132288511,-11.827007084953769,6.885016006693603,-94.32936724262794
3.4392249999999995,-3.092232752064072,-378.42918064754673,-11.823576368121332,6.837851323072315,-94.32936724262794
3.439725,-4.043665196197732,-378.4342288808845,-11.820169233630695,6.790686639450945,-94.32936724262794
3.4402249999999994,-5.793709142079294,-378.4396677856155,-11.81678568148188,6.743521955829698,-94.32936724262794
3.440725,-7.459860569898001,-378.444647307773,-11.81342571167487,6.696357272208327,-94.32936724262794
3.441225,-6.509466374622782,-378.44990701368556,-11.81008932420967,6.649192588586999,-94.32936724262794
3.4417249999999995,-5.215229719159739,-378.45530178447063,-11.806776519086283,6.602027904965751,-94.32936724262794
3.442225,-6.79482891840229,-378.4613813552501,-11.8034872963047,6.55486322134438,-94.32936724262794
3.4427250000000003,-7.366797013420694,-378.4672265519855,-11.80022165586493,6.507698537723049,-94.32936724262794
3.4432249999999995,-6.722908871277244,-378.47363770411806,-11.796979597766981,6.460533854101804,-94.32936724262794
3.443725,-5.863677470089749,-378.4789544000885,-11.793761122010833,6.413369170480433,-94.32936724262794
3.4442249999999994,-4.195900661084473,-378.4842842454161,-11.790566228596504,6.366204486859187,-94.32936724262794
3.444725,-4.830053361975803,-378.48978107497135,-11.787394917523976,6.319039803237813,-94.32936724262794
3.445225,-6.683925593833154,-378.49518554720066,-11.784247188793262,6.271875119616526,-94.32936724262794
3.4457249999999995,-7.045556296829815,-378.50090606005045,-11.781123042404362,6.224710435995239,-94.32936724262794
3.446225,-5.980333031051177,-378.506875139104,-11.778022478357263,6.177545752373867,-94.32936724262794
3.446725,-5.629602901556093,-378.51306780330657,-11.774945496651984,6.1303810687525795,-94.32936724262794
3.4472249999999995,-5.872128694950431,-378.51902703106884,-11.771892097288516,6.083216385131291,-94.32936724262794
3.447725,-7.293854574820218,-378.52513400664276,-11.768862280266852,6.036051701509921,-94.32936724262794
3.4482249999999994,-7.31230746904289,-378.53151009549003,-11.76585604558701,5.988887017888675,-94.32936724262794
3.448725,-6.314125265185935,-378.53760794642335,-11.762873393248965,5.941722334267302,-94.32936724262794
3.449225,-5.841354765698124,-378.54396280925414,-11.759914323252735,5.894557650645974,-94.32936724262794
3.4497249999999995,-6.569662657066038,-378.55046153909365,-11.756978835598321,5.847392967024728,-94.32936724262794
3.450225,-8.033177836111147,-378.55688506164597,-11.75406693028571,5.800228283403356,-94.32936724262794
3.450725,-8.401936695498861,-378.5630774374959,-11.751178607314918,5.753063599782068,-94.32936724262794
3.4512249999999995,-7.517959898806981,-378.5690000363902,-11.748313866685933,5.70589891616078,-94.32936724262794
3.451725,-6.172548194662892,-378.57525233278136,-11.745472708398754,5.658734232539408,-94.32936724262794
3.452225,-6.238074233140801,-378.5812105990458,-11.74265513245339,5.61156954891812,-94.32936724262794
3.452725,-7.922345863882811,-378.587048984995,-11.739861138849836,5.564404865296789,-94.32936724262794
3.453225,-7.609232326232338,-378.5932315266206,-11.737090727588093,5.5172401816754615,-94.32936724262794
3.453725,-5.719124946142316,-378.5990424430781,-11.734343898668161,5.4700754980541735,-94.32936724262794
3.454225,-4.2539378484243695,-378.60553511299804,-11.73162065209004,5.422910814432842,-94.32936724262794
3.454725,-4.9922710810423805,-378.61116833733905,-11.728920987853732,5.375746130811555,-94.32936724262794
3.455225,-7.242525963856716,-378.6168668825204,-11.726244905959229,5.328581447190227,-94.32936724262794
3.455725,-8.273000346840558,-378.6224422257023,-11.723592406406539,5.281416763568896,-94.32936724262794
3.456225,-6.747663560725461,-378.62820723861995,-11.720963489195658,5.234252079947609,-94.32936724262794
3.456725,-5.557729448092602,-378.6336497749875,-11.71835815432659,5.1870873963262785,-94.32936724262794
3.457225,-7.7184594077486866,-378.63910238526677,-11.715776401799333,5.13992271270495,-94.32936724262794
3.457725,-8.367847536380198,-378.64475330186605,-11.713218231613885,5.0927580290836625,-94.32936724262794
3.458225,-7.664565619819942,-378.6499906686158,-11.710683643770247,5.045593345462333,-94.32936724262794
3.458725,-6.667202263759857,-378.65611480283934,-11.708172638268426,4.998428661841044,-94.32936724262794
3.459224999999999,-4.813737699998307,-378.6618389729841,-11.705685215108414,4.951263978219797,-94.32936724262794
3.459725,-5.73664545812377,-378.6677130546726,-11.7032213742902,4.904099294598384,-94.32936724262794
3.460225,-7.908382822124127,-378.67311419199,-11.700781115813811,4.8569346109770954,-94.32936724262794
3.460724999999999,-7.379352750663418,-378.6787494451461,-11.698364439679231,4.809769927355851,-94.32936724262794
3.461225,-6.407665227835362,-378.6847901143363,-11.69597134588645,4.762605243734438,-94.32936724262794
3.461725,-5.7248202202790806,-378.69065260264574,-11.693601834435492,4.715440560113149,-94.32936724262794
3.462224999999999,-6.051727284453105,-378.69669711470624,-11.691255905326345,4.668275876491904,-94.32936724262794
3.462725,-7.669923509900173,-378.702544609024,-11.688933558558999,4.62111119287053,-94.32936724262794
3.463225,-6.6024238353128935,-378.70868548477125,-11.686634794133472,4.573946509249202,-94.32936724262794
3.463725,-4.774185542502404,-378.71433632974924,-11.684359612049752,4.526781825627914,-94.32936724262794
3.464225,-4.514596387798211,-378.7194556873432,-11.682108012307841,4.4796171420065845,-94.32936724262794
3.464725,-4.957290277171149,-378.725074972708,-11.679879994907743,4.432452458385254,-94.32936724262794
3.465225,-6.290615761001752,-378.73051792828863,-11.677675559849458,4.385287774763965,-94.32936724262794
3.465725,-6.056142864200249,-378.7366922369201,-11.675494707132978,4.338123091142638,-94.32936724262794
3.466225,-5.061732973095468,-378.74303117180017,-11.673337436758315,4.290958407521308,-94.32936724262794
3.4667249999999994,-4.528633150709197,-378.7491049520614,-11.67120374872546,4.243793723900062,-94.32936724262794
3.467225,-4.712805243390338,-378.75505456765535,-11.669093643034415,4.1966290402786885,-94.32936724262794
3.467725,-5.6537842880939895,-378.76033423261083,-11.66700711968518,4.149464356657402,-94.32936724262794
3.4682249999999994,-4.877371981830122,-378.7661272157166,-11.664944178677757,4.102299673036115,-94.32936724262794
3.468725,-2.9745169509404668,-378.7715949400967,-11.662904820012145,4.05513498941474,-94.32936724262794
3.469225,-1.9407170004104064,-378.7774184350485,-11.660889043688343,4.007970305793452,-94.32936724262794
3.4697249999999995,-2.3591425567676167,-378.78325240164963,-11.658896849706354,3.960805622172166,-94.32936724262794
3.470225,-3.4423143954422386,-378.78926621137225,-11.656928238066174,3.913640938550794,-94.32936724262794
3.4707249999999994,-4.289665247392212,-378.7951135675882,-11.654983208767804,3.8664762549295477,-94.32936724262794
3.471225,-2.77908046723715,-378.80052276385703,-11.65306176181124,3.8193115713081776,-94.32936724262794
3.471725,-1.7080536536136648,-378.80611527756713,-11.651163897196492,3.772146887686891,-94.32936724262794
3.4722249999999995,-3.380449089715582,-378.81190503361347,-11.649289614923559,3.7249822040656015,-94.32936724262794
3.472725,-3.621147327177357,-378.8174989837161,-11.647438914992424,3.6778175204442296,-94.32936724262794
3.473225,-3.2954538980416004,-378.82356613947957,-11.645611797403111,3.630652836822942,-94.32936724262794
3.4737249999999995,-2.364141545534601,-378.8300049588049,-11.643808262155602,3.583488153201655,-94.32936724262794
3.474225,-0.3577141377726466,-378.83618208445387,-11.642028309249907,3.5363234695802834,-94.32936724262794
3.4747249999999994,-1.7450455526495865,-378.84231058344784,-11.640271938686025,3.4891587859590367,-94.32936724262794
3.475225,-3.612495620450877,-378.84850067707686,-11.638539150463949,3.441994102337666,-94.32936724262794
3.475725,-2.8490087899060854,-378.8550698802347,-11.636829944583683,3.394829418716335,-94.32936724262794
3.4762249999999995,-2.1587214710546854,-378.8613981567939,-11.635144321045235,3.3476647350950905,-94.32936724262794
3.476725,-1.290833303320488,-378.86816297734924,-11.633482279848591,3.300500051473716,-94.32936724262794
3.477225,-1.441848093939749,-378.87476529233896,-11.63184382099376,3.2533353678524306,-94.32936724262794
3.4777249999999995,-3.3231783517431266,-378.8817776834648,-11.63022894448074,3.2061706842311426,-94.32936724262794
3.478225,-2.00741380698964,-378.88791607040685,-11.62863765030953,3.1590060006097698,-94.32936724262794
3.4787249999999994,0.1804939615330296,-378.89473568502495,-11.62706993848013,3.111841316988524,-94.32936724262794
3.479225,-0.4554189515112952,-378.90060032087183,-11.625525808992542,3.0646766333671542,-94.32936724262794
3.479725,-1.6515278636205224,-378.9070238656657,-11.62400526184676,3.017511949745823,-94.32936724262794
3.4802249999999995,-3.188414276522184,-378.91338703119203,-11.622508297042796,2.970347266124577,-94.32936724262794
3.480725,-3.254318403143452,-378.92034985088566,-11.621034914580635,2.923182582503206,-94.32936724262794
3.481225,-2.010382444286491,-378.9273184496674,-11.61958511446029,2.8760178988819187,-94.32936724262794
3.4817249999999995,-1.5375198416847091,-378.9341627552422,-11.618158896681756,2.8288532152606307,-94.32936724262794
3.482225,-2.688585389565047,-378.94134283789276,-11.616756261245031,2.781688531639259,-94.32936724262794
3.482725,-3.275740994322754,-378.9477099584805,-11.615377208150118,2.7345238480179703,-94.32936724262794
3.483225,-1.7596256619387325,-378.9548643585714,-11.614021737397012,2.6873591643966415,-94.32936724262794
3.483725,0.2832080149061755,-378.961360029662,-11.612689848985719,2.6401944807753113,-94.32936724262794
3.484225,0.4915200773857323,-378.9680859274119,-11.611381542916236,2.5930297971540224,-94.32936724262794
3.484725,-0.5820250820536764,-378.97467279967276,-11.610096819188565,2.545865113532692,-94.32936724262794
3.485225,-1.6997084925545465,-378.98180094369485,-11.608835677802706,2.4987004299114055,-94.32936724262794
3.4857249999999995,-2.4049465665740577,-378.98870248335686,-11.607598118758654,2.451535746290119,-94.32936724262794
3.486225,-1.178166087051408,-378.9950754944068,-11.606384142056415,2.404371062668746,-94.32936724262794
3.486725,-0.7072304958513296,-379.00142184337653,-11.605193747695985,2.357206379047458,-94.32936724262794
3.487225,-2.551478129778076,-379.0081289749297,-11.604026935677366,2.3100416954261296,-94.32936724262794
3.487725,-2.8642516538101326,-379.0144634710455,-11.602883706000556,2.2628770118047994,-94.32936724262794
3.488225,-2.4603995465964643,-379.02065788307203,-11.60176405866556,2.2157123281835114,-94.32936724262794
3.488725,-1.166386696035372,-379.0271347152853,-11.600667993672374,2.1685476445621816,-94.32936724262794
3.489225,0.2577110402783845,-379.0340626138834,-11.599595511021002,2.121382960940894,-94.32936724262794
3.489725,-1.885365165034909,-379.04066830338274,-11.598546610711434,2.074218277319565,-94.32936724262794
3.490225,-4.0056995854932165,-379.04695949203017,-11.597521292743679,2.027053593698235,-94.32936724262794
3.490725,-3.122652294894336,-379.05355520313975,-11.596519557117738,1.979888910076946,-94.32936724262794
3.491225,-2.739315612344936,-379.06006030412976,-11.595541403833602,1.9327242264556168,-94.32936724262794
3.491725,-2.325937473525892,-379.066457300008,-11.59458683289128,1.885559542834287,-94.32936724262794
3.492225,-3.252442324726077,-379.0727933601123,-11.593655844290769,1.838394859212998,-94.32936724262794
3.492724999999999,-5.258506233830838,-379.07944663233906,-11.59274843803207,1.791230175591753,-94.32936724262794
3.493225,-3.231399350383822,-379.08589230919165,-11.591864614115176,1.7440654919703815,-94.32936724262794
3.493725,-1.0987299936416293,-379.0927613344907,-11.591004372540098,1.6969008083490515,-94.32936724262794
3.4942249999999992,-1.8480644694400297,-379.09908691159967,-11.590167713306831,1.6497361247278068,-94.32936724262794
3.494725,-3.161033280535101,-379.10500213919966,-11.589354636415367,1.6025714411064331,-94.32936724262794
3.495225,-4.787111653663511,-379.1104855106415,-11.58856514186572,1.555406757485105,-94.32936724262794
3.495725,-3.6395745690516166,-379.1161514706067,-11.587799229657882,1.5082420738638178,-94.32936724262794
3.496225,-2.5389292284969587,-379.1223172359183,-11.587056899791854,1.461077390242487,-94.32936724262794
3.496724999999999,-3.102000602184491,-379.1281989214098,-11.586338152267642,1.4139127066212405,-94.32936724262794
3.497225,-3.88577242351967,-379.133860998611,-11.585642987085235,1.3667480229998714,-94.32936724262794
3.497725,-3.920837658508504,-379.1397116279251,-11.58497140424464,1.3195833393785406,-94.32936724262794
3.498225,-2.408868667502432,-379.14503085686505,-11.58432340374586,1.2724186557572523,-94.32936724262794
3.4987249999999994,-1.049880621904949,-379.15080957822306,-11.583698985588887,1.225253972135964,-94.32936724262794
3.499225,-1.4198803542018803,-379.15624330763853,-11.583098149773724,1.1780892885145924,-94.32936724262794
3.499725,-2.1880080731456606,-379.1613587993679,-11.582520896300371,1.130924604893306,-94.32936724262794
3.5002249999999995,-3.6940966810990696,-379.16675349746436,-11.58196722516883,1.0837599212720177,-94.32936724262794
3.500725,-3.866591018216567,-379.17191608958836,-11.581437136379098,1.036595237650645,-94.32936724262794
3.501225,-1.7564939173516898,-379.1773869469645,-11.58093062993118,0.9894305540293578,-94.32936724262794
3.5017249999999995,-1.812436492093616,-379.1827671450516,-11.580447705825065,0.9422658704080695,-94.32936724262794
3.502225,-3.2952660349463074,-379.18751068483783,-11.579988364060767,0.895101186786697,-94.32936724262794
3.5027249999999994,-2.966531170148099,-379.1915864151198,-11.579552604638282,0.8479365031654506,-94.32936724262794
3.503225,-2.326826070405025,-379.1957707875325,-11.579140427557608,0.8007718195440805,-94.32936724262794
3.503725,-0.9240583171562592,-379.20018215078187,-11.578751832818737,0.7536071359227505,-94.32936724262794
3.5042249999999995,-0.6313111233023088,-379.20457244189816,-11.578386820421683,0.7064424523015042,-94.32936724262794
3.504725,-3.251667982811535,-379.209019262369,-11.578045390366436,0.6592777686801341,-94.32936724262794
3.5052250000000003,-4.271491995917239,-379.2135611711649,-11.577727542653001,0.6121130850588041,-94.32936724262794
3.5057249999999995,-2.9548139004485026,-379.2178802611405,-11.57743327728138,0.5649484014375578,-94.32936724262794
3.506225,-2.326002371034781,-379.2217239579796,-11.577162594251563,0.5177837178161859,-94.32936724262794
3.5067249999999994,-1.8130600369559269,-379.225872371588,-11.576915493563561,0.47061903419493956,-94.32936724262794
3.507225,-2.545423202955866,-379.22987374638757,-11.57669197521737,0.42345435057356956,-94.32936724262794
3.507725,-4.0084534188757,-379.2345074572016,-11.576492039212987,0.37628966695228044,-94.32936724262794
3.5082249999999995,-2.1607682727490305,-379.23897395221053,-11.576315685550416,0.3291249833309924,-94.32936724262794
3.508725,-0.3469192305072509,-379.2427510721792,-11.57616291422966,0.28196029970962044,-94.32936724262794
3.509225,-1.708502153599154,-379.2469699722176,-11.576033725250708,0.23479561608833405,-94.32936724262794
3.5097249999999995,-3.869835642466575,-379.2510845372005,-11.575928118613568,0.18763093246704596,-94.32936724262794
3.510225,-4.934909263867782,-379.25502866061544,-11.57584609431824,0.14046624884567235,-94.32936724262794
3.5107249999999994,-3.347310107938399,-379.25934852652324,-11.575787652364724,0.09330156522442688,-94.32936724262794
3.511225,-2.1734588279908995,-379.2637818944059,-11.575752792753017,0.04613688160305674,-94.32936724262794
3.511725,-2.665886312646596,-379.2681649964924,-11.57574151548312,-0.0010278020182739498,-94.32936724262794
3.5122249999999995,-3.8374689763947294,-379.27288595676015,-11.575753820555033,-0.04819248563952032,-94.32936724262794
3.512725,-3.5301691481821664,-379.2772975659407,-11.575789707968758,-0.09535716926089126,-94.32936724262794
3.513225,-0.8825296807936533,-379.28184730958935,-11.575849177724294,-0.14252185288217856,-94.32936724262794
3.5137249999999995,0.4647457898839556,-379.2862153253062,-11.575932229821642,-0.18968653650346673,-94.32936724262794
3.514225,-1.1181625693097326,-379.2905542057376,-11.576038864260799,-0.23685122012483767,-94.32936724262794
3.514725,-2.3092770058981213,-379.29520110390007,-11.576169081041765,-0.28401590374612673,-94.32936724262794
3.515225,-3.215887841545798,-379.29994937605284,-11.576322880164545,-0.3311805873674549,-94.32936724262794
3.515725,-3.1013143712601234,-379.30480868207167,-11.576500261629134,-0.37834527098878495,-94.32936724262794
3.516225,-1.1353950248565066,-379.3091741248344,-11.576701225435533,-0.4255099546100732,-94.32936724262794
3.516725,-2.418799537789335,-379.31393844091104,-11.576925771583744,-0.47267463823140404,-94.32936724262794
3.517225,-3.945963937530205,-379.31882586382255,-11.577173900073763,-0.5198393218526913,-94.32936724262794
3.517725,-2.5613967627989256,-379.32365382270035,-11.577445610905597,-0.5670040054740213,-94.32936724262794
3.518225,-1.975556565370161,-379.32776146815286,-11.577740904079239,-0.6141686890953504,-94.32936724262794
3.518725,-0.9320992150609833,-379.33174943974905,-11.578059779594692,-0.6613333727166386,-94.32936724262794
3.519225,-1.417675286465896,-379.3355713994621,-11.578402237451957,-0.7084980563379677,-94.32936724262794
3.519725,-3.860139637085548,-379.33953606491247,-11.57876827765103,-0.7556627399592977,-94.32936724262794
3.520225,-3.814018561169381,-379.34375840665575,-11.579157900191914,-0.802827423580585,-94.32936724262794
3.520725,-2.6368475641963784,-379.3482067233406,-11.57957110507461,-0.8499921072019159,-94.32936724262794
3.521225,-2.5069989039348988,-379.3524565013482,-11.580007892299117,-0.897156790823203,-94.32936724262794
3.521724999999999,-2.143494808931899,-379.3563572903546,-11.580468261865436,-0.9443214744444495,-94.32936724262794
3.522225,-3.281631850593487,-379.36080230876627,-11.580952213773562,-0.9914861580658623,-94.32936724262794
3.522725,-4.093904775000716,-379.36585349026683,-11.5814597480235,-1.0386508416871514,-94.32936724262794
3.523224999999999,-2.4876608433513705,-379.3700703525019,-11.581990864615246,-1.0858155253083968,-94.32936724262794
3.523725,-1.6432944836220629,-379.3741358332395,-11.582545563548807,-1.1329802089298098,-94.32936724262794
3.524225,-3.28658158097993,-379.3790002566085,-11.58312384482418,-1.1801448925510978,-94.32936724262794
3.524724999999999,-5.370015584971606,-379.38355270135156,-11.58372570844136,-1.227309576172344,-94.32936724262794
3.525225,-5.7315442813516055,-379.3880262430479,-11.58435115440035,-1.2744742597937158,-94.32936724262794
3.525725,-4.068681241859794,-379.39182970555646,-11.585000182701151,-1.321638943415046,-94.32936724262794
3.526225,-2.988254215817844,-379.39603640350066,-11.585672793343765,-1.3688036270363322,-94.32936724262794
3.526725,-3.895922458772761,-379.3994809348835,-11.586368986328186,-1.4159683106576622,-94.32936724262794
3.527225,-4.917943828333649,-379.40360903270954,-11.587088761654424,-1.4631329942789923,-94.32936724262794
3.527725,-4.440206405745075,-379.4066224691637,-11.587832119322469,-1.5102976779002797,-94.32936724262794
3.528225,-1.8901042522399445,-379.4103804542244,-11.588599059332326,-1.5574623615216094,-94.32936724262794
3.528725,-0.932766799244886,-379.4139887495221,-11.589389581683989,-1.6046270451429396,-94.32936724262794
3.5292249999999994,-3.032441083357565,-379.41706096579446,-11.590203686377464,-1.651791728764186,-94.32936724262794
3.529725,-4.369601734387889,-379.4202742905907,-11.591041373412756,-1.6989564123855567,-94.32936724262794
3.530225,-5.001151505250844,-379.4226686636801,-11.591902642789853,-1.746121096006845,-94.32936724262794
3.5307249999999994,-3.797797613824927,-379.4258729630041,-11.59278749450876,-1.7932857796281314,-94.32936724262794
3.531225,-1.6922157560055648,-379.42902653620087,-11.59369592856948,-1.8404504632495038,-94.32936724262794
3.531725,-3.907377590262114,-379.4324417910232,-11.59462794497201,-1.8876151468707933,-94.32936724262794
3.5322249999999995,-4.601161484626869,-379.43558767359946,-11.59558354371635,-1.9347798304920807,-94.32936724262794
3.532725,-2.445561969215725,-379.4384620256091,-11.596562724802503,-1.9819445141134513,-94.32936724262794
3.5332249999999994,-1.9082808443869808,-379.4420022426658,-11.597565488230464,-2.0291091977346976,-94.32936724262794
3.533725,-0.9696264804677466,-379.44493398501004,-11.598591834000237,-2.0762738813560704,-94.32936724262794
3.534225,-2.2300882610557182,-379.4480585129676,-11.59964176211182,-2.1234385649773566,-94.32936724262794
3.5347249999999995,-4.5087816940293965,-379.451180414401,-11.600715272565214,-2.1706032485986455,-94.32936724262794
3.535225,-3.3281272405773827,-379.4543912590463,-11.60181236536042,-2.217767932220016,-94.32936724262794
3.535725,-2.5624299686283485,-379.45787583439824,-11.602933040497435,-2.264932615841305,-94.32936724262794
3.5362249999999995,-3.246475582931454,-379.46141700703106,-11.604077297976259,-2.312097299462592,-94.32936724262794
3.536725,-2.9343290475789625,-379.46570151255787,-11.605245137796897,-2.3592619830839654,-94.32936724262794
3.5372249999999994,-4.312007254126444,-379.4687602776232,-11.606436559959345,-2.40642666670521,-94.32936724262794
3.537725,-4.324751829403545,-379.47250294124916,-11.607651564463602,-2.4535913503265823,-94.32936724262794
3.538225,-2.255394197367546,-379.47576284526644,-11.608890151309673,-2.5007560339479107,-94.32936724262794
3.5387249999999995,-2.5255081819858782,-379.4798804156222,-11.610152320497548,-2.547920717569157,-94.32936724262794
3.539225,-3.6037277795035294,-379.4839567705492,-11.61143807202724,-2.595085401190527,-94.32936724262794
3.539725,-5.226136695267576,-379.48779513000295,-11.61274740589874,-2.642250084811817,-94.32936724262794
3.5402249999999995,-5.384668841190278,-379.49184735028444,-11.61408032211205,-2.689414768433104,-94.32936724262794
3.540725,-3.667101574614988,-379.4955214423944,-11.615436820667174,-2.736579452054477,-94.32936724262794
3.5412249999999994,-3.079424416882387,-379.49983871558936,-11.616816901564103,-2.783744135675723,-94.32936724262794
3.541725,-4.023553171722641,-379.50324732549115,-11.618220564802852,-2.830908819297094,-94.32936724262794
3.542225,-5.229557331793346,-379.5071705965561,-11.619647810383405,-2.878073502918424,-94.32936724262794
3.5427249999999995,-4.385789785435394,-379.5110112418973,-11.621098638305769,-2.925238186539669,-94.32936724262794
3.543225,-2.049796418139498,-379.5158264423354,-11.622573048569942,-2.972402870161041,-94.32936724262794
3.543725,-1.4398836464852922,-379.52091694867556,-11.624071041175926,-3.0195675537823288,-94.32936724262794
3.5442249999999995,-2.9313498226856884,-379.5248849884486,-11.625592616123726,-3.0667322374036177,-94.32936724262794
3.544725,-4.717441874312046,-379.5298062981695,-11.627137773413335,-3.1138969210249887,-94.32936724262794
3.545225,-4.762861848932711,-379.534635385968,-11.62870651304475,-3.161061604646274,-94.32936724262794
3.545725,-2.822631427924068,-379.53965178562277,-11.630298835017976,-3.208226288267606,-94.32936724262794
3.546225,-1.4202610629448151,-379.5446713367998,-11.63191473933302,-3.2553909718889362,-94.32936724262794
3.546725,-4.270919825962507,-379.5496475228047,-11.633554225989867,-3.3025556555102233,-94.32936724262794
3.547225,-4.845412653845225,-379.5551049949746,-11.635217294988529,-3.349720339131553,-94.32936724262794
3.547725,-2.647871126373701,-379.560227954021,-11.636903946328996,-3.3968850227528407,-94.32936724262794
3.5482249999999995,-1.777417245102536,-379.5654252266818,-11.63861418001128,-3.4440497063741295,-94.32936724262794
3.548725,-0.7291620999233921,-379.5705785478973,-11.640347996035374,-3.491214389995501,-94.32936724262794
3.549225,-3.172580537552431,-379.57568417327536,-11.642105394401277,-3.5383790736167877,-94.32936724262794
3.549725,-5.991141836799514,-379.5808908796959,-11.643886375108991,-3.5855437572381192,-94.32936724262794
3.550225,-3.532030505982389,-379.58638389632205,-11.645690938158516,-3.6327084408594477,-94.32936724262794
3.550725,-2.929624141032672,-379.59226092973194,-11.647519083549849,-3.6798731244807352,-94.32936724262794
3.551225,-4.151033543730278,-379.59773630074034,-11.649370811282996,-3.7270378081020654,-94.32936724262794
3.551725,-3.918781611266766,-379.60376791314354,-11.651246121357952,-3.774202491723352,-94.32936724262794
3.552225,-5.80475787894717,-379.60991071511273,-11.65314501377472,-3.8213671753446823,-94.32936724262794
3.552725,-4.648145665042572,-379.6161416525236,-11.6550674885333,-3.8685318589660116,-94.32936724262794
3.553225,-1.914415506286796,-379.62183304235793,-11.657013545633683,-3.9156965425873,-94.32936724262794
3.553725,-3.043693095910851,-379.627155200186,-11.658983185075884,-3.9628612262086302,-94.32936724262794
3.554225,-4.581793694822885,-379.6334305811592,-11.660976406859893,-4.0100259098299595,-94.32936724262794
3.554725,-5.45922396569037,-379.63973029333636,-11.662993210985714,-4.057190593451247,-94.32936724262794
3.555224999999999,-4.745472885852217,-379.64612305392166,-11.665033597453343,-4.104355277072493,-94.32936724262794
3.555725,-3.0756783154824,-379.65241677220325,-11.667097566262786,-4.151519960693866,-94.32936724262794
3.556225,-3.495320473055616,-379.6586183185064,-11.669185117414042,-4.198684644315195,-94.32936724262794
3.5567249999999992,-5.509202424070622,-379.66499087892544,-11.671296250907098,-4.24584932793644,-94.32936724262794
3.557225,-6.934152789448978,-379.6713245634614,-11.673430966741977,-4.293014011557811,-94.32936724262794
3.557725,-5.28334454123059,-379.6776528039146,-11.675589264918663,-4.3401786951791435,-94.32936724262794
3.558225,-3.4324805486290977,-379.68405975967005,-11.677771145437154,-4.387343378800429,-94.32936724262794
3.558725,-4.101371525661852,-379.6905577382081,-11.67997660829746,-4.43450806242176,-94.32936724262794
3.559224999999999,-5.209556909777612,-379.69713013304914,-11.682205653499572,-4.481672746043005,-94.32936724262794
3.5597250000000003,-6.001367508861916,-379.70427034377417,-11.684458281043504,-4.52883742966442,-94.32936724262794
3.560225,-5.345627025717176,-379.71130306126594,-11.68673449092924,-4.576002113285706,-94.32936724262794
3.560725,-3.4532528233538846,-379.71817862705547,-11.689034283156788,-4.623166796906995,-94.32936724262794
3.5612249999999994,-3.081241184565807,-379.725181831633,-11.691357657726144,-4.670331480528282,-94.32936724262794
3.561725,-5.707904755566372,-379.7321380744946,-11.693704614637316,-4.717496164149655,-94.32936724262794
3.562225,-6.210913975898231,-379.7387158968341,-11.696075153890295,-4.764660847770943,-94.32936724262794
3.5627249999999995,-4.599064983296869,-379.7461118136285,-11.698469275485085,-4.81182553139223,-94.32936724262794
3.563224999999999,-3.575415914249917,-379.75285825469547,-11.700886979421686,-4.8589902150135185,-94.32936724262794
3.563725,-2.6272754239493272,-379.76025852862756,-11.703328265700103,-4.906154898634889,-94.32936724262794
3.5642249999999995,-4.640867555659484,-379.7674518765036,-11.705793134320324,-4.953319582256176,-94.32936724262794
3.564725,-6.453152520407956,-379.774801625717,-11.708281585282355,-5.000484265877507,-94.32936724262794
3.5652249999999994,-3.4280448319154138,-379.7820383751859,-11.710793618586198,-5.047648949498794,-94.32936724262794
3.565725,-2.479704854149752,-379.7892245058839,-11.713329234231857,-5.094813633120166,-94.32936724262794
3.566225,-3.2428310257911286,-379.7976174072977,-11.715888432219321,-5.1419783167414534,-94.32936724262794
3.5667249999999995,-3.926348450675482,-379.80581301415555,-11.718471212548597,-5.1891430003627415,-94.32936724262794
3.567225,-6.455289575058299,-379.8137839630194,-11.721077575219686,-5.236307683984114,-94.32936724262794
3.567725,-5.104719724873364,-379.82240684535503,-11.723707520232582,-5.283472367605402,-94.32936724262794
3.5682249999999995,-3.080999901509529,-379.8307623527695,-11.726361047587288,-5.33063705122669,-94.32936724262794
3.568725,-4.765828117952234,-379.8387287389952,-11.72903815728381,-5.3778017348480605,-94.32936724262794
3.5692249999999994,-6.3636847252501605,-379.8466360714571,-11.731738849322136,-5.424966418469307,-94.32936724262794
3.569725,-7.127322634952398,-379.8548941399086,-11.734463123702279,-5.472131102090677,-94.32936724262794
3.570225,-5.567924512492757,-379.86364139476655,-11.73721098042423,-5.519295785711967,-94.32936724262794
3.5707249999999995,-3.181819046073742,-379.87253387906765,-11.739982419487987,-5.566460469333253,-94.32936724262794
3.571225,-3.849489730430295,-379.8814933660118,-11.742777440893562,-5.613625152954626,-94.32936724262794
3.571725,-6.321359132933247,-379.89044626451636,-11.745596044640944,-5.660789836575912,-94.32936724262794
3.5722249999999995,-6.838002994969818,-379.8992431914975,-11.748438230730134,-5.707954520197202,-94.32936724262794
3.572725,-4.51488082092903,-379.90754094705727,-11.751303999161145,-5.755119203818572,-94.32936724262794
3.5732249999999994,-3.1444824429737896,-379.916044022833,-11.754193349933955,-5.8022838874398195,-94.32936724262794
3.573725,-4.559231022906518,-379.9248415503169,-11.757106283048584,-5.849448571061191,-94.32936724262794
3.574225,-6.625026928568647,-379.93357795378074,-11.76004279850502,-5.896613254682521,-94.32936724262794
3.5747249999999995,-6.7904106468055545,-379.94233066059036,-11.763002896303261,-5.943777938303767,-94.32936724262794
3.575225,-5.0923731752972206,-379.9511397200246,-11.765986576443323,-5.990942621925138,-94.32936724262794
3.575725,-3.1885529326935944,-379.9601741373036,-11.768993838925185,-6.038107305546425,-94.32936724262794
3.5762249999999995,-3.7480587989457823,-379.9694846711153,-11.772024683748866,-6.085271989167713,-94.32936724262794
3.576725,-5.99668383080248,-379.9786042844039,-11.775079110914357,-6.132436672789086,-94.32936724262794
3.577225,-5.273129230757905,-379.98725747595824,-11.778157120421655,-6.179601356410372,-94.32936724262794
3.577725,-3.56902888849084,-379.99601680982624,-11.781258712270768,-6.226766040031701,-94.32936724262794
3.578225,-2.94270059201206,-380.00507102479975,-11.784383886461688,-6.273930723653033,-94.32936724262794
3.578725,-3.4531754490637048,-380.01447872673583,-11.78753264299442,-6.32109540727432,-94.32936724262794
3.579225,-6.426719967850152,-380.0235182647068,-11.790704981868965,-6.3682600908956495,-94.32936724262794
3.579725,-6.823827596683593,-380.0318656879187,-11.793900903085316,-6.4154247745169375,-94.32936724262794
3.580225,-4.084726740864578,-380.0403171419515,-11.797120406643483,-6.462589458138267,-94.32936724262794
3.580725,-3.828341526595296,-380.049346410873,-11.800363492543456,-6.509754141759596,-94.32936724262794
3.581225,-4.229794606420281,-380.05784407132114,-11.80363016078524,-6.556918825380885,-94.32936724262794
3.581725,-4.805716590135511,-380.0664770797367,-11.806920411368836,-6.604083509002216,-94.32936724262794
3.582225,-5.484225132289369,-380.07518027763547,-11.810234244294241,-6.651248192623544,-94.32936724262794
3.582725,-3.217777007828425,-380.08388671450797,-11.813571659561461,-6.6984128762448325,-94.32936724262794
3.583225,-2.176177614352844,-380.0923826137423,-11.816932657170488,-6.745577559866161,-94.32936724262794
3.583725,-4.08166312660683,-380.1009088557867,-11.820317237121325,-6.79274224348745,-94.32936724262794
3.584225,-5.698360238887358,-380.10955902564956,-11.823725399413975,-6.839906927108779,-94.32936724262794
3.584725,-6.517497053033701,-380.1177693739207,-11.827157144048437,-6.887071610730109,-94.32936724262794
3.585225,-4.855300294971849,-380.1262978461858,-11.830612471024704,-6.934236294351396,-94.32936724262794
3.585725,-2.9035782299242747,-380.1348426720722,-11.83409138034279,-6.981400977972727,-94.32936724262794
3.586225,-4.179394934174647,-380.1433871950802,-11.83759387200268,-7.028565661594056,-94.32936724262794
3.586725,-6.150182907105166,-380.15200878598256,-11.841119946004378,-7.075730345215345,-94.32936724262794
3.587225,-5.769340672241193,-380.1605592904837,-11.844669602347892,-7.122895028836672,-94.32936724262794
3.587725,-3.459245578683229,-380.16909106121676,-11.848242841033215,-7.17005971245796,-94.32936724262794
3.588225,-2.057787209372388,-380.17737574862343,-11.85183966206035,-7.217224396079292,-94.32936724262794
3.588725,-3.341410847303867,-380.1851845841071,-11.855460065429295,-7.26438907970058,-94.32936724262794
3.589225,-5.335520608171636,-380.1933876620492,-11.859104051140053,-7.3115537633219105,-94.32936724262794
3.589725,-5.252191729770583,-380.20171907325954,-11.862771619192618,-7.358718446943239,-94.32936724262794
3.590225,-3.5925316842161146,-380.2097953708681,-11.866462769586994,-7.4058831305645265,-94.32936724262794
3.590725,-2.1555290683190043,-380.2176098177197,-11.87017750232318,-7.453047814185855,-94.32936724262794
3.591225,-3.420628698853408,-380.2254537018786,-11.87391581740118,-7.500212497807187,-94.32936724262794
3.5917249999999994,-5.52672675521129,-380.2332968856441,-11.877677714820987,-7.547377181428432,-94.32936724262794
3.592224999999999,-4.647949087600624,-380.2411796756861,-11.881463194582604,-7.59454186504972,-94.32936724262794
3.592725,-3.0012145545044566,-380.2491690385121,-11.885272256686038,-7.6417065486711335,-94.32936724262794
3.5932249999999994,-1.515157252342788,-380.2570899240694,-11.889104901131276,-7.68887123229238,-94.32936724262794
3.593724999999999,-2.230686990225765,-380.2654419667615,-11.892961127918324,-7.736035915913667,-94.32936724262794
3.594225,-5.1657107687386885,-380.2733653361267,-11.896840937047195,-7.783200599535039,-94.32936724262794
3.5947249999999995,-4.36133844243072,-380.2817449890837,-11.900744328517863,-7.8303652831563255,-94.32936724262794
3.5952249999999992,-1.930509606560548,-380.2899868131134,-11.904671302330344,-7.877529966777614,-94.32936724262794
3.5957250000000003,-1.9529019335668991,-380.2978206714406,-11.90862185848465,-7.924694650399027,-94.32936724262794
3.596225,-2.6570748231609,-380.30537934870637,-11.912595996980746,-7.971859334020316,-94.32936724262794
3.596725,-3.9003942894318255,-380.3124992751774,-11.916593717818662,-8.019024017641604,-94.32936724262794
3.5972250000000003,-4.08162965228072,-380.31975508284455,-11.920615020998396,-8.066188701262975,-94.32936724262794
3.597725,-1.61375815155728,-380.3267688993717,-11.92465990651993,-8.113353384884265,-94.32936724262794
3.598225,-1.0001135650086124,-380.3342316300228,-11.928728374383276,-8.160518068505551,-94.32936724262794
3.5987250000000004,-2.450822768585053,-380.3410855434438,-11.932820424588439,-8.207682752126921,-94.32936724262794
3.599225,-3.7039459234605694,-380.3483195852748,-11.936936057135403,-8.25484743574821,-94.32936724262794
3.5997249999999994,-3.9250359650737736,-380.3556074314712,-11.941075272024174,-8.302012119369458,-94.32936724262794
3.6002250000000005,-3.9080363602608927,-380.3627811548116,-11.945238069254774,-8.34917680299087,-94.32936724262794
3.600725,-3.881698537480303,-380.36992930721095,-11.949424448827173,-8.396341486612158,-94.32936724262794
3.6012249999999995,-3.845728319644957,-380.3770537882335,-11.953634410741378,-8.443506170233404,-94.32936724262794
3.601725,-3.799831529669923,-380.38415649764823,-11.957867954997406,-8.490670853854775,-94.32936724262794
3.602225,-3.743713990470268,-380.3912393352242,-11.962125081595238,-8.537835537476063,-94.32936724262794
3.6027249999999995,-3.677081524961058,-380.3983042007302,-11.966405790534877,-8.585000221097351,-94.32936724262794
3.603225,-3.59963995605736,-380.4053529939352,-11.970710081816337,-8.63216490471872,-94.32936724262794
3.603725,-3.51109510667424,-380.4123876146081,-11.9750379554396,-8.67932958834001,-94.32936724262794
3.604225,-3.4111527997267643,-380.419409962518,-11.979389411404677,-8.72649427196134,-94.32936724262794
3.604725,-3.299518858130001,-380.4264219374336,-11.983764449711561,-8.77365895558267,-94.32936724262794
3.605225,-3.1758991047990164,-380.43342543912394,-11.988163070360256,-8.820823639203958,-94.32936724262794
3.605725,-3.039999362648877,-380.44042236735805,-11.992585273350768,-8.867988322825287,-94.32936724262794
3.606225,-2.8915254545946505,-380.4474146219048,-11.997031058683081,-8.915153006446573,-94.32936724262794
3.606725,-2.7301832035514018,-380.45440410253303,-12.001500426357213,-8.962317690067904,-94.32936724262794
3.607225,-2.5556784324341986,-380.4613927090118,-12.005993376373155,-9.009482373689236,-94.32936724262794
3.607725,-2.367716964158108,-380.46838234111,-12.010509908730901,-9.056647057310522,-94.32936724262794
3.608225,-2.166004621638195,-380.4753748985965,-12.015050023430462,-9.103811740931853,-94.32936724262794
3.608725,-1.950247227789529,-380.48237228124043,-12.019613720471835,-9.150976424553182,-94.32936724262794
3.609225,-1.720150605527175,-380.48937638881057,-12.024200999855013,-9.198141108174468,-94.32936724262794
3.609725,-1.4754205777661995,-380.4963891210758,-12.028811861580008,-9.245305791795799,-94.32936724262794
3.610225,-1.2157629674216706,-380.5034123778052,-12.03344630564681,-9.292470475417089,-94.32936724262794
3.610725,-0.9408835974086532,-380.51044805876774,-12.038104332055424,-9.339635159038417,-94.32936724262794
3.611225,-0.6504882906422156,-380.51749806373215,-12.042785940805851,-9.386799842659745,-94.32936724262794
3.611725,-0.3442828700374234,-380.52456429246746,-12.047491131898084,-9.433964526281034,-94.32936724262794
3.612225,-0.0219731585093441,-380.53164864474263,-12.052219905332128,-9.481129209902365,-94.32936724262794
3.612725,0.3167350210269557,-380.5387530203267,-12.056972261107989,-9.528293893523696,-94.32936724262794
3.613225,0.6721358456564099,-380.54587931898834,-12.061748199225654,-9.575458577144984,-94.32936724262794
3.613725,1.044523492463951,-380.5530294404968,-12.066547719685133,-9.62262326076631,-94.32936724262794
3.614224999999999,1.4341921385345129,-380.56020528462074,-12.071370822486408,-9.669787944387515,-94.32936724262794
3.614725,1.841435960953028,-380.56740875112916,-12.076217507629519,-9.71695262800893,-94.32936724262794
3.615225,2.266549136804432,-380.57464173979116,-12.081087775114431,-9.76411731163026,-94.32936724262794
3.615724999999999,2.709825843173654,-380.5819061503756,-12.085981624941137,-9.811281995251463,-94.32936724262794
3.616225,3.171560257145631,-380.5892038826514,-12.09089905710968,-9.858446678872875,-94.32936724262794
3.616725,3.652046555805294,-380.5965368363873,-12.095840071620025,-9.905611362494206,-94.32936724262794
3.617224999999999,4.151578916237578,-380.6039069113526,-12.100804668472165,-9.95277604611541,-94.32936724262794
3.617525,4.459782150010798,-380.60834595839117,-12.103794746107535,-9.9810748562883,-94.32936724262794
